{"type":"FeatureCollection","features":[{"type":"Feature","properties":{"k":"11.01"},"geometry":{"type":"MultiPolygon","coordinates":[[[[97.594,2.807],[97.592,2.81],[97.594,2.809],[97.594,2.807]]],[[[97.517,2.881],[97.52,2.883],[97.519,2.88],[97.517,2.881]]],[[[97.515,2.889],[97.515,2.886],[97.513,2.888],[97.515,2.889]]],[[[97.117,3.549],[97.247,3.66],[97.284,3.642],[97.293,3.598],[97.371,3.64],[97.401,3.618],[97.453,3.629],[97.483,3.546],[97.451,3.534],[97.401,3.45],[97.472,3.333],[97.48,3.221],[97.609,3.104],[97.627,3.055],[97.617,3.002],[97.636,2.98],[97.754,2.947],[97.787,2.962],[97.845,2.919],[97.804,2.838],[97.771,2.631],[97.661,2.416],[97.65,2.673],[97.597,2.874],[97.421,2.937],[97.315,3.057],[97.313,3.104],[97.254,3.227],[97.159,3.272],[97.05,3.456],[97.117,3.549]]]]}},{"type":"Feature","properties":{"k":"11.02"},"geometry":{"type":"Polygon","coordinates":[[[97.983,3.082],[97.931,3.063],[97.957,2.973],[97.95,2.921],[97.851,2.918],[97.787,2.962],[97.754,2.947],[97.636,2.98],[97.617,3.002],[97.627,3.055],[97.609,3.104],[97.48,3.221],[97.472,3.333],[97.401,3.45],[97.451,3.534],[97.483,3.546],[97.457,3.624],[97.436,3.635],[97.401,3.618],[97.371,3.64],[97.293,3.598],[97.284,3.642],[97.22,3.679],[97.448,3.681],[97.518,3.699],[97.578,3.74],[97.734,3.765],[97.829,3.757],[97.8,3.723],[97.869,3.612],[97.867,3.575],[97.904,3.557],[97.921,3.498],[97.956,3.481],[97.932,3.445],[97.948,3.394],[98.003,3.37],[98.027,3.331],[98.019,3.3],[97.985,3.276],[97.872,3.249],[97.927,3.225],[97.944,3.163],[97.98,3.125],[97.983,3.082]]]}},{"type":"Feature","properties":{"k":"11.03"},"geometry":{"type":"MultiPolygon","coordinates":[[[[98.02,4.595],[98.018,4.588],[98.019,4.601],[98.02,4.595]]],[[[97.978,4.542],[97.885,4.486],[97.852,4.521],[97.763,4.516],[97.785,4.42],[97.85,4.433],[97.919,4.407],[97.787,4.395],[97.72,4.256],[97.687,4.254],[97.644,4.216],[97.599,4.246],[97.501,4.154],[97.362,4.213],[97.358,4.348],[97.373,4.381],[97.347,4.507],[97.276,4.507],[97.328,4.549],[97.309,4.615],[97.263,4.62],[97.259,4.659],[97.313,4.665],[97.333,4.757],[97.347,4.777],[97.359,4.769],[97.414,4.854],[97.468,5.003],[97.508,5.031],[97.499,5.078],[97.457,5.113],[97.475,5.128],[97.465,5.156],[97.49,5.167],[97.488,5.211],[97.502,5.212],[97.486,5.247],[97.512,5.244],[97.554,5.212],[97.523,5.229],[97.571,5.182],[97.561,5.183],[97.555,5.179],[97.537,5.18],[97.556,5.178],[97.566,5.182],[97.572,5.154],[97.576,5.166],[97.591,5.15],[97.578,5.134],[97.626,5.13],[97.613,5.122],[97.613,5.109],[97.618,5.124],[97.651,5.118],[97.645,5.075],[97.794,4.945],[97.903,4.887],[97.945,4.776],[97.933,4.789],[97.927,4.778],[97.954,4.759],[97.942,4.744],[97.976,4.671],[97.96,4.704],[97.969,4.681],[97.956,4.697],[97.954,4.683],[97.996,4.638],[97.993,4.619],[97.988,4.619],[97.988,4.624],[97.978,4.629],[97.974,4.625],[98.001,4.61],[98.001,4.627],[98.019,4.609],[97.965,4.567],[97.982,4.574],[97.978,4.542]]]]}},{"type":"Feature","properties":{"k":"11.04"},"geometry":{"type":"Polygon","coordinates":[[[96.826,4.276],[96.762,4.286],[96.717,4.329],[96.717,4.398],[96.625,4.409],[96.651,4.465],[96.629,4.499],[96.653,4.521],[96.648,4.552],[96.566,4.582],[96.504,4.629],[96.446,4.624],[96.37,4.687],[96.279,4.694],[96.256,4.715],[96.266,4.769],[96.465,4.762],[96.465,4.888],[96.502,4.891],[96.557,4.941],[96.646,4.971],[96.643,4.869],[96.667,4.795],[96.656,4.722],[96.74,4.712],[96.792,4.665],[96.954,4.646],[97.042,4.587],[97.153,4.574],[97.319,4.588],[97.327,4.545],[97.275,4.509],[97.346,4.509],[97.372,4.391],[97.361,4.215],[97.338,4.199],[97.254,4.169],[97.201,4.255],[97.159,4.28],[96.976,4.163],[96.826,4.276]]]}},{"type":"Feature","properties":{"k":"11.05"},"geometry":{"type":"Polygon","coordinates":[[[96.571,4.579],[96.33,4.423],[96.319,4.36],[96.338,4.276],[96.288,4.272],[96.26,4.211],[96.326,4.108],[96.236,4.056],[96.14,4.152],[96.127,4.124],[96.06,4.204],[96.024,4.194],[95.84,4.404],[95.91,4.44],[96.003,4.691],[96.018,4.705],[96.032,4.66],[96.053,4.663],[96.089,4.7],[96.111,4.764],[96.137,4.75],[96.205,4.757],[96.267,4.794],[96.279,4.777],[96.256,4.715],[96.279,4.694],[96.373,4.686],[96.441,4.627],[96.504,4.629],[96.571,4.579]]]}},{"type":"Feature","properties":{"k":"11.06"},"geometry":{"type":"MultiPolygon","coordinates":[[[[95.178,5.559],[95.159,5.553],[95.15,5.551],[95.178,5.559]]],[[[95.058,5.608],[95.063,5.611],[95.058,5.607],[95.058,5.608]]],[[[95.166,5.652],[95.158,5.641],[95.192,5.604],[95.149,5.591],[95.118,5.602],[95.144,5.635],[95.136,5.656],[95.166,5.652]]],[[[95.069,5.627],[95.051,5.623],[95.087,5.64],[95.069,5.627]]],[[[95.039,5.673],[95.038,5.67],[95.035,5.671],[95.039,5.673]]],[[[95.053,5.651],[95.069,5.667],[95.044,5.671],[95.058,5.687],[95.038,5.707],[95.059,5.719],[95.046,5.736],[95.011,5.724],[95.031,5.752],[95.069,5.747],[95.074,5.723],[95.105,5.713],[95.143,5.667],[95.076,5.668],[95.053,5.651]]],[[[95.019,5.717],[95.014,5.713],[95.018,5.718],[95.019,5.717]]],[[[95.01,5.754],[95.011,5.756],[95.014,5.756],[95.01,5.754]]],[[[94.974,5.788],[94.972,5.793],[94.974,5.794],[94.974,5.788]]],[[[95.223,5.271],[95.223,5.272],[95.224,5.272],[95.223,5.271]]],[[[95.226,5.274],[95.227,5.274],[95.226,5.272],[95.226,5.274]]],[[[95.203,5.279],[95.207,5.274],[95.204,5.275],[95.203,5.279]]],[[[95.226,5.576],[95.289,5.533],[95.278,5.505],[95.314,5.483],[95.362,5.493],[95.374,5.525],[95.408,5.515],[95.417,5.556],[95.371,5.601],[95.432,5.657],[95.516,5.595],[95.531,5.614],[95.611,5.628],[95.734,5.574],[95.724,5.503],[95.782,5.458],[95.75,5.426],[95.741,5.333],[95.791,5.288],[95.769,5.255],[95.836,5.166],[95.83,5.097],[95.718,5.06],[95.651,5.07],[95.638,5.096],[95.648,5.156],[95.618,5.191],[95.524,5.218],[95.403,5.209],[95.37,5.251],[95.327,5.228],[95.338,5.192],[95.306,5.169],[95.241,5.223],[95.242,5.282],[95.212,5.276],[95.218,5.323],[95.238,5.325],[95.221,5.344],[95.229,5.362],[95.24,5.341],[95.252,5.394],[95.23,5.433],[95.244,5.457],[95.229,5.494],[95.194,5.527],[95.226,5.576]]],[[[95.216,5.581],[95.183,5.574],[95.204,5.583],[95.216,5.581]]],[[[95.221,5.579],[95.218,5.577],[95.217,5.58],[95.221,5.579]]],[[[95.37,5.606],[95.372,5.603],[95.369,5.603],[95.37,5.606]]],[[[95.17,5.642],[95.169,5.641],[95.169,5.643],[95.17,5.642]]]]}},{"type":"Feature","properties":{"k":"11.07"},"geometry":{"type":"MultiPolygon","coordinates":[[[[95.734,5.574],[95.889,5.503],[95.909,5.434],[95.89,5.452],[95.887,5.425],[95.924,5.385],[95.948,5.395],[95.939,5.407],[95.975,5.379],[95.955,5.378],[95.972,5.36],[96.113,5.284],[96.089,5.265],[96.122,5.281],[96.189,5.26],[96.257,5.263],[96.327,5.23],[96.352,5.075],[96.375,5.047],[96.324,4.971],[96.453,4.921],[96.474,4.846],[96.468,4.764],[96.294,4.772],[96.267,4.794],[96.205,4.757],[96.137,4.75],[96.111,4.764],[96.08,4.687],[96.035,4.658],[95.992,4.784],[95.902,4.865],[95.752,5.068],[95.83,5.097],[95.841,5.142],[95.829,5.18],[95.777,5.231],[95.769,5.261],[95.791,5.288],[95.742,5.329],[95.75,5.426],[95.782,5.458],[95.725,5.503],[95.734,5.574]]],[[[95.984,5.362],[95.98,5.362],[95.981,5.364],[95.984,5.362]]],[[[95.931,5.413],[95.929,5.408],[95.914,5.429],[95.931,5.413]]]]}},{"type":"Feature","properties":{"k":"11.08"},"geometry":{"type":"MultiPolygon","coordinates":[[[[97.199,5.142],[97.485,5.246],[97.502,5.212],[97.488,5.211],[97.49,5.167],[97.465,5.156],[97.475,5.128],[97.457,5.114],[97.499,5.078],[97.508,5.031],[97.468,5.003],[97.414,4.854],[97.314,4.732],[97.257,4.726],[97.255,4.765],[97.283,4.823],[97.255,4.865],[97.213,4.886],[97.144,4.91],[97.023,4.913],[96.991,4.862],[96.867,4.875],[96.782,4.951],[96.813,5.012],[96.808,5.043],[96.852,5.087],[96.835,5.129],[96.84,5.166],[96.855,5.147],[96.871,5.17],[96.855,5.254],[96.883,5.235],[96.978,5.263],[96.975,5.119],[97.009,5.102],[97.015,5.055],[97.051,4.997],[97.099,5.036],[97.16,5.147],[97.199,5.142]]],[[[96.88,5.247],[96.869,5.252],[96.873,5.253],[96.88,5.247]]],[[[96.859,5.26],[96.859,5.262],[96.864,5.256],[96.859,5.26]]],[[[96.851,5.276],[96.856,5.26],[96.864,5.252],[96.85,5.258],[96.851,5.276]]]]}},{"type":"Feature","properties":{"k":"11.09"},"geometry":{"type":"MultiPolygon","coordinates":[[[[95.962,2.523],[95.92,2.529],[95.919,2.532],[95.939,2.546],[95.962,2.523]]],[[[95.867,2.612],[95.869,2.606],[95.865,2.604],[95.867,2.612]]],[[[95.739,2.703],[95.715,2.712],[95.747,2.715],[95.739,2.703]]],[[[95.966,2.824],[95.962,2.827],[95.965,2.828],[95.966,2.824]]],[[[95.777,2.828],[95.778,2.831],[95.779,2.828],[95.777,2.828]]],[[[95.772,2.832],[95.766,2.828],[95.766,2.836],[95.772,2.832]]],[[[95.787,2.837],[95.785,2.838],[95.787,2.837],[95.787,2.837]]],[[[95.966,2.844],[95.962,2.845],[95.964,2.848],[95.966,2.844]]],[[[95.944,2.851],[95.942,2.855],[95.944,2.854],[95.944,2.851]]],[[[95.93,2.864],[95.928,2.864],[95.928,2.865],[95.93,2.864]]],[[[95.761,2.895],[95.761,2.89],[95.759,2.893],[95.761,2.895]]],[[[95.757,2.905],[95.757,2.902],[95.755,2.903],[95.757,2.905]]],[[[95.762,2.926],[95.757,2.928],[95.761,2.929],[95.762,2.926]]],[[[95.397,2.961],[95.385,2.982],[95.387,2.987],[95.403,2.973],[95.397,2.961]]],[[[95.401,3.009],[95.406,3.018],[95.409,3.014],[95.401,3.009]]],[[[96.169,2.383],[96.195,2.395],[96.222,2.375],[96.216,2.353],[96.227,2.337],[96.219,2.327],[96.169,2.326],[96.169,2.383]]],[[[96.236,2.344],[96.218,2.358],[96.256,2.373],[96.262,2.362],[96.236,2.344]]],[[[96.229,2.414],[96.232,2.416],[96.232,2.413],[96.229,2.414]]],[[[95.733,2.757],[95.705,2.747],[95.692,2.775],[95.719,2.825],[95.776,2.824],[95.791,2.831],[95.793,2.841],[95.763,2.857],[95.785,2.924],[95.803,2.93],[95.798,2.913],[95.826,2.908],[95.84,2.883],[95.835,2.914],[95.875,2.912],[95.918,2.868],[95.911,2.847],[95.874,2.87],[95.883,2.825],[95.916,2.845],[96.027,2.757],[96.102,2.754],[96.086,2.754],[96.082,2.732],[96.091,2.749],[96.131,2.731],[96.114,2.717],[96.128,2.701],[96.146,2.711],[96.152,2.689],[96.093,2.675],[96.108,2.636],[96.123,2.634],[96.142,2.654],[96.144,2.637],[96.154,2.648],[96.192,2.618],[96.181,2.656],[96.153,2.667],[96.172,2.675],[96.24,2.619],[96.253,2.586],[96.351,2.546],[96.345,2.544],[96.34,2.523],[96.371,2.513],[96.363,2.505],[96.369,2.489],[96.392,2.474],[96.386,2.456],[96.407,2.46],[96.409,2.511],[96.425,2.478],[96.432,2.49],[96.468,2.46],[96.498,2.362],[96.443,2.328],[96.322,2.351],[96.336,2.389],[96.314,2.385],[96.31,2.423],[96.229,2.442],[96.076,2.57],[96.01,2.59],[95.997,2.566],[95.98,2.588],[95.949,2.569],[95.885,2.604],[95.865,2.636],[95.839,2.622],[95.815,2.647],[95.797,2.63],[95.786,2.681],[95.755,2.699],[95.764,2.713],[95.722,2.741],[95.733,2.757]]],[[[96.122,2.641],[96.124,2.64],[96.118,2.641],[96.122,2.641]]],[[[96.117,2.644],[96.115,2.65],[96.12,2.646],[96.117,2.644]]],[[[96.216,2.649],[96.216,2.655],[96.22,2.653],[96.216,2.649]]],[[[96.117,2.656],[96.122,2.652],[96.121,2.651],[96.117,2.656]]],[[[96.132,2.658],[96.13,2.65],[96.13,2.654],[96.132,2.658]]],[[[96.124,2.658],[96.125,2.658],[96.124,2.656],[96.124,2.658]]],[[[96.144,2.674],[96.146,2.678],[96.147,2.672],[96.144,2.674]]],[[[96.134,2.713],[96.138,2.712],[96.138,2.708],[96.134,2.713]]],[[[96.138,2.719],[96.133,2.726],[96.14,2.72],[96.138,2.719]]],[[[96.112,2.752],[96.128,2.734],[96.099,2.748],[96.112,2.752]]],[[[96.015,2.782],[96.009,2.783],[96.013,2.785],[96.015,2.782]]],[[[96.688,2.086],[96.647,2.057],[96.615,2.078],[96.611,2.105],[96.665,2.123],[96.688,2.086]]],[[[96.662,2.163],[96.639,2.15],[96.609,2.183],[96.636,2.188],[96.662,2.163]]],[[[96.49,2.438],[96.517,2.423],[96.511,2.415],[96.48,2.425],[96.49,2.438]]],[[[96.381,2.502],[96.38,2.5],[96.379,2.501],[96.381,2.502]]],[[[96.393,2.504],[96.394,2.504],[96.395,2.502],[96.393,2.504]]],[[[96.382,2.505],[96.382,2.503],[96.381,2.504],[96.382,2.505]]],[[[96.374,2.509],[96.368,2.504],[96.367,2.509],[96.374,2.509]]],[[[96.379,2.527],[96.39,2.51],[96.363,2.52],[96.379,2.527]]],[[[96.348,2.528],[96.346,2.526],[96.346,2.528],[96.348,2.528]]],[[[96.349,2.534],[96.35,2.529],[96.344,2.534],[96.349,2.534]]],[[[96.358,2.539],[96.358,2.538],[96.356,2.539],[96.358,2.539]]],[[[96.349,2.541],[96.353,2.54],[96.347,2.542],[96.349,2.541]]],[[[96.305,2.631],[96.306,2.629],[96.304,2.629],[96.305,2.631]]],[[[96.397,2.646],[96.382,2.644],[96.352,2.656],[96.365,2.663],[96.397,2.646]]]]}},{"type":"Feature","properties":{"k":"11.10"},"geometry":{"type":"MultiPolygon","coordinates":[[[[97.115,2.115],[97.162,2.07],[97.121,2.041],[97.115,2.004],[97.079,2.086],[97.115,2.115]]],[[[97.196,2.184],[97.174,2.178],[97.113,2.218],[97.169,2.236],[97.193,2.204],[97.219,2.205],[97.235,2.236],[97.299,2.23],[97.293,2.202],[97.317,2.192],[97.305,2.182],[97.333,2.152],[97.34,2.164],[97.335,2.119],[97.361,2.093],[97.342,2.087],[97.345,2.039],[97.265,2.106],[97.235,2.167],[97.218,2.159],[97.196,2.184]]],[[[97.21,2.216],[97.21,2.212],[97.208,2.215],[97.21,2.216]]],[[[97.213,2.233],[97.226,2.228],[97.222,2.224],[97.213,2.233]]],[[[97.211,2.243],[97.211,2.242],[97.207,2.242],[97.211,2.243]]],[[[97.275,2.245],[97.277,2.243],[97.274,2.244],[97.275,2.245]]],[[[97.259,2.252],[97.258,2.249],[97.256,2.251],[97.259,2.252]]],[[[97.185,2.257],[97.186,2.254],[97.184,2.256],[97.185,2.257]]],[[[97.212,2.255],[97.202,2.262],[97.204,2.265],[97.212,2.255]]],[[[97.251,2.255],[97.243,2.253],[97.245,2.265],[97.251,2.255]]],[[[97.29,2.266],[97.293,2.258],[97.288,2.264],[97.29,2.266]]],[[[97.231,2.276],[97.232,2.28],[97.233,2.278],[97.231,2.276]]],[[[97.283,2.276],[97.255,2.278],[97.246,2.293],[97.283,2.276]]],[[[97.242,2.305],[97.247,2.301],[97.243,2.3],[97.242,2.305]]],[[[97.226,2.326],[97.228,2.319],[97.219,2.321],[97.226,2.326]]],[[[97.384,1.986],[97.385,1.977],[97.381,1.979],[97.384,1.986]]],[[[97.389,2.044],[97.391,2.036],[97.384,2.042],[97.389,2.044]]],[[[97.352,2.069],[97.358,2.071],[97.355,2.064],[97.352,2.069]]],[[[97.342,2.117],[97.346,2.115],[97.341,2.115],[97.342,2.117]]],[[[97.353,2.128],[97.35,2.134],[97.353,2.131],[97.353,2.128]]],[[[97.319,2.185],[97.317,2.186],[97.321,2.188],[97.319,2.185]]],[[[97.323,2.19],[97.33,2.184],[97.328,2.183],[97.323,2.19]]],[[[97.328,2.198],[97.319,2.198],[97.318,2.208],[97.328,2.198]]],[[[97.313,2.243],[97.311,2.24],[97.309,2.242],[97.313,2.243]]],[[[97.343,2.246],[97.343,2.249],[97.344,2.248],[97.343,2.246]]],[[[97.297,2.256],[97.3,2.256],[97.301,2.253],[97.297,2.256]]],[[[97.325,2.268],[97.33,2.263],[97.329,2.261],[97.325,2.268]]],[[[97.341,2.28],[97.339,2.281],[97.34,2.282],[97.341,2.28]]],[[[97.316,2.307],[97.306,2.299],[97.311,2.311],[97.316,2.307]]],[[[97.406,2.347],[97.421,2.304],[97.378,2.36],[97.406,2.347]]],[[[98.142,2.138],[98.144,2.141],[98.145,2.139],[98.142,2.138]]],[[[98.127,2.147],[98.122,2.148],[98.126,2.149],[98.127,2.147]]],[[[97.428,2.18],[97.438,2.18],[97.442,2.158],[97.428,2.18]]],[[[97.462,2.175],[97.462,2.186],[97.465,2.179],[97.462,2.175]]],[[[98.037,2.187],[98.038,2.191],[98.039,2.189],[98.037,2.187]]],[[[97.436,2.242],[97.433,2.244],[97.437,2.244],[97.436,2.242]]],[[[97.422,2.246],[97.432,2.247],[97.429,2.24],[97.422,2.246]]],[[[97.866,2.257],[97.871,2.252],[97.865,2.255],[97.866,2.257]]],[[[97.42,2.262],[97.41,2.273],[97.406,2.285],[97.408,2.285],[97.42,2.262]]],[[[97.426,2.292],[97.42,2.296],[97.421,2.302],[97.426,2.292]]],[[[97.405,2.29],[97.401,2.297],[97.406,2.291],[97.405,2.29]]],[[[97.407,2.311],[97.408,2.296],[97.404,2.314],[97.407,2.311]]],[[[97.76,2.606],[97.796,2.718],[97.804,2.838],[97.845,2.919],[97.948,2.923],[97.957,2.898],[98.014,2.883],[98.044,2.825],[98.092,2.821],[98.112,2.79],[98.087,2.735],[98.129,2.662],[98.084,2.632],[98.08,2.527],[98.112,2.424],[98.154,2.415],[98.188,2.323],[98.153,2.147],[98.101,2.193],[97.949,2.271],[97.913,2.271],[97.882,2.243],[97.868,2.251],[97.888,2.256],[97.897,2.28],[97.861,2.266],[97.866,2.249],[97.805,2.269],[97.777,2.241],[97.661,2.416],[97.76,2.606]]]]}},{"type":"Feature","properties":{"k":"11.11"},"geometry":{"type":"MultiPolygon","coordinates":[[[[96.844,5.276],[96.871,5.17],[96.853,5.148],[96.837,5.16],[96.852,5.087],[96.808,5.043],[96.813,5.012],[96.782,4.951],[96.626,4.969],[96.557,4.941],[96.502,4.891],[96.465,4.888],[96.44,4.93],[96.328,4.961],[96.375,5.047],[96.352,5.075],[96.327,5.23],[96.382,5.2],[96.417,5.199],[96.466,5.238],[96.485,5.209],[96.531,5.198],[96.726,5.248],[96.713,5.235],[96.75,5.224],[96.786,5.258],[96.842,5.255],[96.844,5.276]]],[[[96.405,5.207],[96.393,5.205],[96.38,5.207],[96.388,5.211],[96.405,5.207]]],[[[96.752,5.253],[96.755,5.25],[96.746,5.25],[96.752,5.253]]],[[[96.778,5.255],[96.769,5.256],[96.785,5.259],[96.778,5.255]]],[[[96.831,5.274],[96.795,5.264],[96.813,5.272],[96.831,5.274]]]]}},{"type":"Feature","properties":{"k":"11.12"},"geometry":{"type":"MultiPolygon","coordinates":[[[[96.737,3.746],[96.739,3.748],[96.738,3.746],[96.737,3.746]]],[[[96.614,3.749],[96.615,3.79],[96.582,3.845],[96.596,3.895],[96.629,3.963],[96.714,4.014],[96.723,4.096],[96.791,4.048],[96.806,3.984],[96.838,3.95],[97.104,3.939],[97.12,3.915],[97.108,3.839],[97.154,3.739],[97.247,3.66],[97.048,3.471],[97.002,3.547],[96.903,3.603],[96.861,3.697],[96.742,3.752],[96.614,3.749]]]]}},{"type":"Feature","properties":{"k":"11.13"},"geometry":{"type":"Polygon","coordinates":[[[97.907,3.912],[97.923,3.848],[97.829,3.757],[97.734,3.765],[97.578,3.74],[97.518,3.699],[97.448,3.681],[97.22,3.68],[97.154,3.739],[97.116,3.818],[97.12,3.915],[97.104,3.939],[96.838,3.95],[96.806,3.984],[96.791,4.048],[96.723,4.096],[96.745,4.161],[96.801,4.222],[96.792,4.282],[96.826,4.276],[96.976,4.163],[97.159,4.28],[97.201,4.255],[97.254,4.169],[97.361,4.215],[97.501,4.154],[97.599,4.246],[97.644,4.216],[97.708,4.26],[97.734,4.242],[97.724,4.194],[97.741,4.137],[97.796,4.098],[97.816,4.02],[97.907,3.912]]]}},{"type":"Feature","properties":{"k":"11.14"},"geometry":{"type":"MultiPolygon","coordinates":[[[[95.483,4.722],[95.481,4.72],[95.48,4.722],[95.483,4.722]]],[[[95.487,4.722],[95.488,4.725],[95.489,4.721],[95.487,4.722]]],[[[95.486,4.723],[95.484,4.722],[95.484,4.724],[95.486,4.723]]],[[[95.444,4.773],[95.45,4.776],[95.452,4.769],[95.444,4.773]]],[[[95.387,4.877],[95.371,4.863],[95.363,4.876],[95.387,4.877]]],[[[95.293,5.129],[95.291,5.126],[95.29,5.129],[95.293,5.129]]],[[[95.519,4.639],[95.521,4.636],[95.519,4.637],[95.519,4.639]]],[[[95.563,4.643],[95.566,4.643],[95.565,4.641],[95.563,4.643]]],[[[95.557,4.642],[95.559,4.648],[95.56,4.642],[95.557,4.642]]],[[[95.509,4.686],[95.508,4.687],[95.511,4.688],[95.509,4.686]]],[[[95.503,4.723],[95.503,4.724],[95.504,4.722],[95.503,4.723]]],[[[95.84,4.404],[95.8,4.441],[95.816,4.432],[95.847,4.434],[95.849,4.441],[95.797,4.445],[95.608,4.621],[95.567,4.627],[95.583,4.656],[95.539,4.653],[95.494,4.748],[95.412,4.82],[95.425,4.839],[95.367,4.947],[95.38,4.965],[95.355,5.005],[95.364,5.031],[95.306,5.081],[95.304,5.115],[95.282,5.115],[95.308,5.129],[95.306,5.168],[95.338,5.19],[95.326,5.226],[95.353,5.248],[95.374,5.25],[95.403,5.209],[95.524,5.218],[95.618,5.191],[95.648,5.156],[95.646,5.073],[95.763,5.062],[95.897,4.871],[95.992,4.784],[96.018,4.705],[95.978,4.603],[95.91,4.44],[95.84,4.404]]]]}},{"type":"Feature","properties":{"k":"11.15"},"geometry":{"type":"MultiPolygon","coordinates":[[[[96.238,4.059],[96.238,4.055],[96.236,4.056],[96.238,4.059]]],[[[96.621,3.739],[96.531,3.732],[96.457,3.781],[96.38,3.856],[96.239,4.059],[96.283,4.069],[96.326,4.108],[96.26,4.211],[96.288,4.272],[96.338,4.276],[96.319,4.36],[96.33,4.423],[96.571,4.579],[96.652,4.548],[96.652,4.519],[96.629,4.503],[96.651,4.465],[96.625,4.409],[96.717,4.398],[96.715,4.331],[96.762,4.286],[96.792,4.282],[96.802,4.226],[96.745,4.161],[96.714,4.014],[96.629,3.963],[96.601,3.907],[96.582,3.837],[96.615,3.79],[96.604,3.772],[96.621,3.739]]]]}},{"type":"Feature","properties":{"k":"11.16"},"geometry":{"type":"MultiPolygon","coordinates":[[[[98.255,4.29],[98.201,4.304],[98.147,4.29],[98.144,4.264],[98.067,4.253],[98.095,4.217],[98.091,4.197],[98.059,4.191],[98.074,4.15],[98.054,4.143],[98.041,4.104],[98.03,3.986],[97.958,3.929],[97.949,3.891],[97.907,3.912],[97.821,4.012],[97.8,4.092],[97.746,4.13],[97.724,4.194],[97.735,4.228],[97.721,4.265],[97.787,4.395],[97.911,4.404],[98.001,4.433],[98.061,4.504],[98.059,4.478],[98.07,4.475],[98.066,4.511],[98.086,4.49],[98.083,4.486],[98.086,4.479],[98.082,4.474],[98.084,4.47],[98.079,4.465],[98.083,4.459],[98.09,4.481],[98.085,4.486],[98.093,4.484],[98.092,4.476],[98.102,4.488],[98.081,4.502],[98.095,4.505],[98.088,4.524],[98.11,4.522],[98.118,4.498],[98.115,4.524],[98.171,4.502],[98.156,4.494],[98.187,4.484],[98.181,4.468],[98.18,4.471],[98.176,4.474],[98.172,4.468],[98.186,4.448],[98.194,4.482],[98.237,4.46],[98.204,4.434],[98.247,4.44],[98.249,4.43],[98.262,4.42],[98.249,4.405],[98.266,4.41],[98.28,4.421],[98.286,4.419],[98.28,4.397],[98.271,4.406],[98.258,4.368],[98.279,4.389],[98.28,4.33],[98.266,4.314],[98.246,4.329],[98.268,4.312],[98.255,4.29]]],[[[98.283,4.391],[98.284,4.405],[98.287,4.394],[98.283,4.391]]],[[[98.277,4.424],[98.26,4.413],[98.263,4.42],[98.261,4.425],[98.248,4.446],[98.277,4.424]]],[[[98.178,4.469],[98.175,4.473],[98.179,4.471],[98.178,4.469]]]]}},{"type":"Feature","properties":{"k":"11.17"},"geometry":{"type":"Polygon","coordinates":[[[97.325,4.74],[97.313,4.665],[97.259,4.659],[97.263,4.62],[97.3,4.625],[97.319,4.588],[97.153,4.574],[97.042,4.587],[96.954,4.646],[96.792,4.665],[96.74,4.712],[96.656,4.722],[96.667,4.795],[96.643,4.869],[96.648,4.948],[96.683,4.971],[96.753,4.962],[96.859,4.878],[96.956,4.862],[96.996,4.865],[97.023,4.913],[97.151,4.909],[97.255,4.865],[97.283,4.823],[97.255,4.765],[97.257,4.726],[97.325,4.74]]]}},{"type":"Feature","properties":{"k":"11.18"},"geometry":{"type":"Polygon","coordinates":[[[96.057,5.307],[96.193,5.267],[96.257,5.271],[96.351,5.233],[96.344,5.169],[96.369,5.051],[96.326,4.969],[96.344,4.949],[96.324,4.922],[96.261,4.921],[96.211,4.965],[96.19,5.002],[96.206,5.045],[96.193,5.083],[96.167,5.075],[96.09,5.098],[96.022,5.152],[96.052,5.187],[96.04,5.247],[96.057,5.307]]]}},{"type":"Feature","properties":{"k":"11.71"},"geometry":{"type":"MultiPolygon","coordinates":[[[[95.371,5.601],[95.423,5.537],[95.41,5.545],[95.408,5.515],[95.374,5.525],[95.363,5.495],[95.326,5.481],[95.278,5.505],[95.289,5.533],[95.263,5.551],[95.346,5.605],[95.318,5.584],[95.324,5.578],[95.342,5.593],[95.34,5.571],[95.346,5.586],[95.359,5.573],[95.371,5.601]]],[[[95.346,5.593],[95.349,5.594],[95.351,5.587],[95.346,5.593]]],[[[95.355,5.596],[95.353,5.592],[95.351,5.6],[95.355,5.596]]],[[[95.374,5.614],[95.355,5.603],[95.35,5.603],[95.374,5.614]]]]}},{"type":"Feature","properties":{"k":"11.72"},"geometry":{"type":"MultiPolygon","coordinates":[[[[95.263,5.856],[95.304,5.84],[95.301,5.871],[95.316,5.867],[95.324,5.885],[95.31,5.893],[95.328,5.9],[95.374,5.847],[95.375,5.805],[95.348,5.827],[95.331,5.772],[95.284,5.78],[95.216,5.907],[95.25,5.875],[95.268,5.87],[95.263,5.856]]],[[[95.307,5.875],[95.31,5.877],[95.313,5.873],[95.307,5.875]]],[[[95.259,5.875],[95.254,5.888],[95.26,5.883],[95.259,5.875]]],[[[95.119,6.072],[95.118,6.078],[95.122,6.076],[95.119,6.072]]]]}},{"type":"Feature","properties":{"k":"11.73"},"geometry":{"type":"Polygon","coordinates":[[[97.16,5.147],[97.099,5.036],[97.051,4.997],[97.015,5.055],[97.009,5.102],[96.975,5.119],[96.978,5.263],[97.116,5.218],[97.148,5.194],[97.152,5.169],[97.137,5.17],[97.16,5.147]]]}},{"type":"Feature","properties":{"k":"11.74","approx":1},"geometry":{"type":"Polygon","coordinates":[[[98.043,4.469],[98.02,4.416],[97.966,4.393],[97.913,4.416],[97.89,4.469],[97.913,4.523],[97.966,4.546],[98.02,4.523],[98.043,4.469]]]}},{"type":"Feature","properties":{"k":"11.75"},"geometry":{"type":"Polygon","coordinates":[[[97.834,3.003],[97.902,3.009],[97.952,2.988],[97.965,2.975],[97.949,2.897],[98.014,2.868],[98.056,2.82],[98.099,2.824],[98.117,2.785],[98.07,2.765],[98.104,2.683],[98.11,2.605],[98.055,2.586],[98.054,2.563],[98.033,2.56],[97.988,2.611],[97.881,2.549],[97.854,2.565],[97.84,2.506],[97.792,2.51],[97.825,2.638],[97.766,2.788],[97.86,2.847],[97.858,2.882],[97.904,2.912],[97.908,2.944],[97.9,2.966],[97.814,2.984],[97.834,3.003]]]}},{"type":"Feature","properties":{"k":"12.01"},"geometry":{"type":"Polygon","coordinates":[[[98.153,2.147],[98.187,2.315],[98.21,2.279],[98.251,2.284],[98.286,2.243],[98.293,2.189],[98.351,2.166],[98.398,2.112],[98.591,2.078],[98.613,2.021],[98.675,2.021],[98.679,1.99],[98.723,1.96],[98.807,1.956],[98.81,1.897],[98.787,1.893],[98.783,1.871],[98.816,1.869],[98.875,1.799],[98.867,1.756],[98.985,1.757],[98.968,1.684],[99.0,1.653],[99.024,1.698],[99.052,1.714],[99.066,1.695],[99.063,1.647],[99.002,1.537],[99.055,1.472],[98.939,1.435],[98.852,1.463],[98.828,1.45],[98.836,1.433],[98.783,1.426],[98.77,1.485],[98.713,1.56],[98.73,1.568],[98.766,1.528],[98.783,1.578],[98.808,1.568],[98.8,1.596],[98.84,1.629],[98.803,1.764],[98.707,1.785],[98.671,1.769],[98.717,1.754],[98.732,1.767],[98.737,1.722],[98.689,1.732],[98.484,1.973],[98.428,2.008],[98.374,2.016],[98.359,2.003],[98.368,2.022],[98.343,2.047],[98.264,2.027],[98.261,2.064],[98.153,2.147]]]}},{"type":"Feature","properties":{"k":"12.02"},"geometry":{"type":"Polygon","coordinates":[[[98.886,2.339],[98.901,2.329],[98.936,2.352],[98.947,2.33],[98.981,2.327],[99.001,2.255],[99.1,2.265],[99.138,2.246],[99.159,2.257],[99.2,2.219],[99.219,2.229],[99.277,2.1],[99.389,2.164],[99.408,2.115],[99.437,2.104],[99.425,2.052],[99.45,2.035],[99.469,1.969],[99.329,1.931],[99.353,1.859],[99.279,1.855],[99.297,1.779],[99.219,1.694],[99.121,1.659],[99.052,1.714],[99.0,1.653],[98.981,1.66],[98.967,1.693],[98.987,1.756],[98.867,1.756],[98.875,1.799],[98.816,1.869],[98.783,1.87],[98.787,1.893],[98.81,1.897],[98.807,1.956],[98.725,1.959],[98.676,1.994],[98.737,2.174],[98.866,2.164],[98.915,2.181],[98.925,2.202],[98.886,2.339]]]}},{"type":"Feature","properties":{"k":"12.03"},"geometry":{"type":"Polygon","coordinates":[[[98.873,1.2],[98.841,1.281],[98.843,1.341],[98.783,1.426],[98.836,1.433],[98.828,1.45],[98.852,1.463],[98.939,1.435],[99.055,1.472],[99.002,1.537],[99.063,1.647],[99.061,1.7],[99.137,1.659],[99.235,1.703],[99.297,1.779],[99.279,1.855],[99.353,1.859],[99.329,1.931],[99.469,1.969],[99.45,2.035],[99.425,2.052],[99.439,2.105],[99.538,2.089],[99.561,2.04],[99.608,2.003],[99.622,2.004],[99.613,2.044],[99.672,2.038],[99.705,1.947],[99.729,1.946],[99.763,2.006],[99.813,2.024],[99.842,2.015],[99.869,1.981],[99.859,1.921],[99.832,1.907],[99.844,1.8],[99.747,1.827],[99.709,1.812],[99.705,1.773],[99.737,1.726],[99.823,1.671],[99.852,1.633],[99.89,1.715],[99.916,1.71],[99.968,1.631],[100.005,1.643],[100.077,1.718],[100.16,1.649],[100.178,1.596],[100.311,1.505],[100.319,1.478],[100.284,1.464],[100.338,1.431],[100.269,1.42],[100.243,1.393],[100.081,1.388],[100.054,1.365],[100.095,1.327],[100.13,1.175],[100.183,1.125],[100.102,1.092],[100.111,1.069],[100.138,1.065],[100.126,1.04],[100.161,0.999],[100.141,0.951],[100.081,0.942],[100.104,0.905],[100.131,0.903],[100.137,0.84],[100.119,0.828],[100.179,0.761],[100.075,0.796],[99.97,0.851],[99.952,0.88],[99.877,0.908],[99.83,0.874],[99.786,0.882],[99.74,0.918],[99.606,0.925],[99.598,1.037],[99.496,1.132],[99.441,1.088],[99.39,0.95],[99.355,0.943],[99.327,0.956],[99.274,1.079],[99.222,1.044],[99.2,1.05],[99.161,1.151],[99.128,1.175],[98.873,1.2]]]}},{"type":"Feature","properties":{"k":"12.04","approx":1},"geometry":{"type":"Polygon","coordinates":[[[97.803,1.242],[97.758,1.134],[97.65,1.089],[97.542,1.134],[97.497,1.242],[97.542,1.35],[97.65,1.394],[97.758,1.35],[97.803,1.242]]]}},{"type":"Feature","properties":{"k":"12.05"},"geometry":{"type":"MultiPolygon","coordinates":[[[[98.201,4.304],[98.253,4.281],[98.243,4.27],[98.224,4.265],[98.21,4.253],[98.206,4.241],[98.211,4.225],[98.197,4.231],[98.212,4.224],[98.209,4.248],[98.241,4.267],[98.254,4.203],[98.246,4.187],[98.165,4.171],[98.185,4.173],[98.161,4.154],[98.144,4.192],[98.152,4.158],[98.178,4.144],[98.161,4.084],[98.121,4.123],[98.153,4.086],[98.131,4.072],[98.159,4.072],[98.148,4.066],[98.14,4.059],[98.14,4.053],[98.16,4.069],[98.16,4.079],[98.182,4.066],[98.163,4.081],[98.184,4.11],[98.249,4.131],[98.299,4.106],[98.31,4.073],[98.306,4.043],[98.28,4.062],[98.254,4.038],[98.252,4.029],[98.274,4.051],[98.297,4.04],[98.263,4.033],[98.269,4.018],[98.247,4.009],[98.271,4.018],[98.264,4.031],[98.308,4.041],[98.317,4.073],[98.37,4.074],[98.37,4.057],[98.389,4.078],[98.431,4.038],[98.404,4.049],[98.399,4.047],[98.399,4.037],[98.389,4.04],[98.381,4.029],[98.4,4.036],[98.407,4.047],[98.43,4.027],[98.404,4.018],[98.406,3.999],[98.4,4.013],[98.387,4.006],[98.401,4.011],[98.401,3.995],[98.386,3.999],[98.377,3.97],[98.409,4.0],[98.406,4.018],[98.434,4.026],[98.436,4.041],[98.457,4.02],[98.451,4.008],[98.442,4.02],[98.433,4.017],[98.431,4.008],[98.441,4.0],[98.435,4.017],[98.451,4.006],[98.459,4.019],[98.448,4.04],[98.469,4.039],[98.492,4.029],[98.489,3.98],[98.498,3.991],[98.495,4.016],[98.543,4.008],[98.544,3.977],[98.52,3.975],[98.505,3.952],[98.522,3.974],[98.532,3.947],[98.511,3.949],[98.506,3.946],[98.502,3.937],[98.506,3.933],[98.511,3.932],[98.511,3.947],[98.534,3.934],[98.52,3.933],[98.498,3.922],[98.506,3.921],[98.525,3.931],[98.522,3.914],[98.537,3.93],[98.534,3.912],[98.536,3.897],[98.532,3.884],[98.554,3.945],[98.566,3.934],[98.553,3.929],[98.543,3.915],[98.565,3.931],[98.567,3.938],[98.583,3.929],[98.575,3.93],[98.561,3.925],[98.547,3.891],[98.575,3.929],[98.574,3.909],[98.602,3.919],[98.592,3.89],[98.603,3.916],[98.612,3.898],[98.627,3.912],[98.601,3.838],[98.511,3.762],[98.495,3.681],[98.451,3.652],[98.461,3.572],[98.484,3.563],[98.494,3.585],[98.513,3.515],[98.495,3.373],[98.51,3.313],[98.478,3.28],[98.463,3.228],[98.344,3.282],[98.331,3.257],[98.293,3.246],[98.212,3.277],[98.123,3.267],[98.09,3.312],[98.027,3.331],[98.003,3.37],[97.95,3.392],[97.932,3.445],[97.956,3.481],[97.921,3.498],[97.904,3.557],[97.867,3.575],[97.869,3.612],[97.8,3.723],[97.91,3.823],[97.923,3.848],[97.904,3.912],[97.949,3.891],[97.958,3.929],[98.023,3.97],[98.046,4.037],[98.041,4.104],[98.054,4.143],[98.074,4.15],[98.059,4.191],[98.091,4.197],[98.095,4.217],[98.067,4.253],[98.144,4.264],[98.147,4.29],[98.201,4.304]]],[[[98.202,4.116],[98.198,4.115],[98.201,4.118],[98.202,4.116]]],[[[98.189,4.128],[98.187,4.126],[98.189,4.127],[98.189,4.128]]],[[[98.203,4.13],[98.184,4.117],[98.203,4.141],[98.205,4.137],[98.203,4.13]]],[[[98.19,4.128],[98.189,4.131],[98.192,4.135],[98.19,4.128]]],[[[98.204,4.132],[98.205,4.133],[98.206,4.132],[98.204,4.132]]],[[[98.186,4.136],[98.183,4.13],[98.182,4.134],[98.186,4.136]]],[[[98.176,4.136],[98.184,4.138],[98.178,4.129],[98.176,4.136]]],[[[98.275,4.166],[98.271,4.14],[98.233,4.147],[98.244,4.176],[98.275,4.166]]],[[[98.622,3.886],[98.633,3.917],[98.663,3.909],[98.622,3.886]]],[[[98.508,3.923],[98.502,3.923],[98.507,3.923],[98.508,3.923]]],[[[98.538,3.936],[98.544,3.934],[98.539,3.932],[98.538,3.936]]],[[[98.504,3.936],[98.504,3.94],[98.507,3.934],[98.504,3.936]]],[[[98.534,3.944],[98.535,3.946],[98.536,3.943],[98.534,3.944]]],[[[98.566,3.944],[98.572,3.94],[98.561,3.94],[98.566,3.944]]],[[[98.536,3.957],[98.534,3.955],[98.534,3.963],[98.536,3.957]]],[[[98.558,3.949],[98.536,3.947],[98.55,3.983],[98.549,3.967],[98.558,3.949]]],[[[98.493,4.008],[98.493,4.003],[98.49,4.008],[98.493,4.008]]]]}},{"type":"Feature","properties":{"k":"12.06"},"geometry":{"type":"Polygon","coordinates":[[[98.63,3.11],[98.591,3.089],[98.558,3.022],[98.535,2.919],[98.557,2.875],[98.514,2.862],[98.286,2.994],[98.207,2.985],[98.169,3.077],[98.116,3.056],[98.042,3.114],[98.011,3.075],[97.985,3.08],[97.98,3.125],[97.944,3.162],[97.927,3.225],[97.872,3.249],[97.985,3.276],[98.019,3.299],[98.027,3.331],[98.09,3.312],[98.123,3.267],[98.212,3.277],[98.293,3.246],[98.331,3.257],[98.343,3.282],[98.468,3.226],[98.541,3.241],[98.562,3.208],[98.615,3.231],[98.6,3.177],[98.63,3.11]]]}},{"type":"Feature","properties":{"k":"12.07"},"geometry":{"type":"MultiPolygon","coordinates":[[[[98.717,3.764],[98.754,3.765],[98.781,3.725],[98.874,3.688],[98.956,3.676],[98.917,3.6],[98.945,3.501],[98.922,3.478],[98.856,3.501],[98.813,3.478],[98.755,3.341],[98.758,3.306],[98.786,3.3],[98.792,3.264],[98.778,3.22],[98.73,3.209],[98.712,3.059],[98.632,3.059],[98.629,3.123],[98.6,3.171],[98.615,3.231],[98.562,3.208],[98.54,3.242],[98.463,3.228],[98.478,3.28],[98.51,3.313],[98.495,3.373],[98.513,3.515],[98.494,3.585],[98.496,3.606],[98.524,3.61],[98.487,3.67],[98.511,3.762],[98.601,3.838],[98.603,3.871],[98.652,3.9],[98.654,3.884],[98.672,3.909],[98.697,3.879],[98.702,3.818],[98.644,3.776],[98.626,3.781],[98.614,3.712],[98.646,3.696],[98.652,3.662],[98.602,3.631],[98.615,3.596],[98.59,3.542],[98.606,3.517],[98.62,3.537],[98.736,3.544],[98.752,3.563],[98.725,3.572],[98.724,3.622],[98.694,3.639],[98.717,3.764]]],[[[98.631,3.757],[98.635,3.775],[98.644,3.774],[98.631,3.757]]],[[[99.501,3.778],[99.496,3.771],[99.497,3.776],[99.501,3.778]]],[[[98.665,3.901],[98.653,3.9],[98.656,3.905],[98.665,3.901]]]]}},{"type":"Feature","properties":{"k":"12.08"},"geometry":{"type":"Polygon","coordinates":[[[98.93,2.66],[98.924,2.699],[98.895,2.704],[98.68,2.874],[98.641,2.86],[98.627,2.88],[98.606,2.869],[98.597,2.886],[98.546,2.891],[98.535,2.913],[98.558,3.022],[98.602,3.1],[98.619,3.103],[98.632,3.059],[98.711,3.059],[98.735,3.215],[98.838,3.227],[98.868,3.263],[98.969,3.288],[98.941,3.213],[98.997,3.202],[98.967,3.148],[98.988,3.123],[98.976,3.07],[98.927,3.018],[99.002,3.022],[99.031,3.113],[99.11,3.143],[99.128,3.179],[99.163,3.165],[99.242,3.266],[99.261,3.259],[99.311,3.302],[99.343,3.289],[99.35,3.252],[99.406,3.251],[99.37,3.155],[99.574,3.082],[99.548,3.031],[99.438,2.925],[99.371,2.88],[99.326,2.889],[99.263,2.856],[99.213,2.784],[99.082,2.666],[99.064,2.605],[99.038,2.619],[98.976,2.608],[98.958,2.651],[98.93,2.66]]]}},{"type":"Feature","properties":{"k":"12.09"},"geometry":{"type":"MultiPolygon","coordinates":[[[[99.832,2.957],[99.827,2.956],[99.825,2.957],[99.832,2.957]]],[[[99.805,2.968],[99.837,2.942],[99.835,2.956],[99.812,2.968],[99.809,2.989],[99.863,2.981],[99.868,3.03],[99.89,3.04],[99.935,2.973],[99.978,2.944],[99.992,2.956],[99.989,2.85],[99.653,2.568],[99.574,2.587],[99.554,2.608],[99.465,2.543],[99.455,2.594],[99.419,2.562],[99.425,2.591],[99.384,2.56],[99.304,2.551],[99.296,2.567],[99.199,2.521],[99.152,2.561],[99.093,2.573],[99.064,2.605],[99.082,2.666],[99.213,2.784],[99.263,2.856],[99.326,2.889],[99.371,2.88],[99.438,2.925],[99.575,3.075],[99.517,3.114],[99.37,3.155],[99.406,3.251],[99.35,3.252],[99.336,3.292],[99.306,3.301],[99.213,3.231],[99.315,3.448],[99.324,3.413],[99.341,3.424],[99.486,3.346],[99.486,3.319],[99.552,3.242],[99.687,3.208],[99.758,3.168],[99.859,3.037],[99.854,2.987],[99.814,2.999],[99.802,2.988],[99.781,3.017],[99.758,3.012],[99.746,2.943],[99.789,2.867],[99.815,2.904],[99.802,2.982],[99.805,2.968]]],[[[99.804,2.988],[99.803,2.986],[99.803,2.988],[99.804,2.988]]],[[[99.722,3.345],[99.724,3.339],[99.721,3.343],[99.722,3.345]]],[[[99.757,3.421],[99.759,3.423],[99.755,3.418],[99.757,3.421]]]]}},{"type":"Feature","properties":{"k":"12.10"},"geometry":{"type":"MultiPolygon","coordinates":[[[[100.302,2.414],[100.31,2.341],[100.361,2.202],[100.326,2.04],[100.32,1.903],[100.285,1.813],[100.419,1.771],[100.428,1.731],[100.411,1.698],[100.446,1.672],[100.455,1.629],[100.416,1.537],[100.434,1.516],[100.426,1.492],[100.381,1.45],[100.323,1.444],[100.332,1.48],[100.311,1.504],[100.178,1.596],[100.16,1.649],[100.077,1.718],[100.005,1.643],[99.968,1.631],[99.916,1.71],[99.89,1.715],[99.852,1.633],[99.823,1.671],[99.737,1.726],[99.705,1.773],[99.709,1.812],[99.747,1.827],[99.844,1.799],[99.832,1.907],[99.859,1.921],[99.869,1.981],[99.842,2.015],[99.813,2.024],[99.763,2.006],[99.729,1.946],[99.705,1.947],[99.672,2.038],[99.613,2.044],[99.622,2.004],[99.604,2.005],[99.561,2.04],[99.538,2.089],[99.413,2.11],[99.388,2.167],[99.41,2.217],[99.529,2.257],[99.543,2.304],[99.582,2.317],[99.521,2.364],[99.523,2.456],[99.509,2.4],[99.422,2.466],[99.465,2.543],[99.552,2.608],[99.614,2.573],[99.672,2.577],[99.989,2.85],[99.993,2.781],[99.949,2.698],[99.968,2.676],[100.015,2.672],[99.99,2.644],[100.031,2.617],[100.007,2.603],[100.003,2.58],[99.976,2.591],[99.964,2.587],[99.975,2.553],[99.948,2.537],[99.944,2.525],[99.946,2.508],[99.928,2.51],[99.92,2.502],[99.924,2.517],[99.912,2.527],[99.917,2.502],[99.921,2.5],[99.925,2.501],[99.928,2.509],[99.947,2.507],[99.95,2.536],[99.974,2.546],[99.977,2.553],[99.977,2.562],[99.966,2.587],[99.974,2.589],[99.992,2.571],[100.001,2.572],[100.036,2.609],[100.034,2.63],[99.996,2.647],[100.027,2.663],[100.025,2.683],[99.971,2.707],[100.035,2.743],[100.086,2.712],[100.093,2.614],[100.109,2.552],[100.138,2.509],[100.123,2.661],[100.163,2.707],[100.216,2.709],[100.237,2.641],[100.329,2.53],[100.302,2.414]]],[[[99.978,2.587],[99.991,2.581],[99.996,2.572],[99.978,2.587]]],[[[100.01,2.585],[100.008,2.584],[100.009,2.588],[100.01,2.585]]],[[[100.125,2.549],[100.103,2.621],[100.107,2.632],[100.125,2.549]]],[[[100.021,2.604],[100.019,2.602],[100.018,2.604],[100.021,2.604]]],[[[100.55,2.88],[100.549,2.883],[100.551,2.878],[100.55,2.88]]],[[[100.643,2.805],[100.641,2.802],[100.641,2.807],[100.643,2.805]]],[[[100.557,2.868],[100.552,2.866],[100.555,2.871],[100.557,2.868]]],[[[100.553,2.879],[100.555,2.874],[100.552,2.868],[100.553,2.879]]],[[[100.566,2.876],[100.563,2.883],[100.569,2.881],[100.566,2.876]]],[[[100.571,2.887],[100.571,2.881],[100.568,2.885],[100.571,2.887]]]]}},{"type":"Feature","properties":{"k":"12.11"},"geometry":{"type":"Polygon","coordinates":[[[98.518,2.863],[98.567,2.761],[98.564,2.674],[98.454,2.655],[98.403,2.721],[98.348,2.718],[98.305,2.753],[98.227,2.746],[98.103,2.686],[98.087,2.753],[98.112,2.79],[98.092,2.821],[98.044,2.825],[98.007,2.89],[97.957,2.898],[97.931,3.063],[98.011,3.075],[98.042,3.114],[98.116,3.056],[98.169,3.077],[98.207,2.985],[98.286,2.994],[98.475,2.871],[98.518,2.863]]]}},{"type":"Feature","properties":{"k":"12.12"},"geometry":{"type":"Polygon","coordinates":[[[98.934,2.662],[98.975,2.603],[99.048,2.633],[99.092,2.577],[99.171,2.56],[99.191,2.532],[99.255,2.542],[99.305,2.575],[99.305,2.551],[99.386,2.565],[99.425,2.6],[99.416,2.564],[99.457,2.605],[99.46,2.552],[99.419,2.548],[99.39,2.47],[99.448,2.427],[99.471,2.43],[99.508,2.386],[99.523,2.459],[99.518,2.367],[99.581,2.336],[99.586,2.315],[99.55,2.308],[99.537,2.25],[99.473,2.232],[99.453,2.247],[99.409,2.213],[99.4,2.171],[99.37,2.144],[99.281,2.106],[99.264,2.138],[99.24,2.135],[99.203,2.175],[99.217,2.179],[99.212,2.22],[99.158,2.238],[99.134,2.279],[99.107,2.275],[99.088,2.295],[98.992,2.28],[98.987,2.34],[99.001,2.323],[99.028,2.365],[99.056,2.335],[99.084,2.346],[99.145,2.389],[99.153,2.422],[99.13,2.438],[99.099,2.407],[99.047,2.398],[99.062,2.447],[99.034,2.525],[98.915,2.599],[98.909,2.63],[98.934,2.662]]]}},{"type":"Feature","properties":{"k":"12.13"},"geometry":{"type":"MultiPolygon","coordinates":[[[[99.106,0.363],[99.09,0.365],[99.105,0.373],[99.106,0.363]]],[[[99.059,0.61],[99.058,0.61],[99.059,0.611],[99.059,0.61]]],[[[99.049,0.713],[99.05,0.709],[99.047,0.71],[99.049,0.713]]],[[[98.873,1.2],[99.089,1.191],[99.128,1.175],[99.161,1.151],[99.2,1.05],[99.222,1.044],[99.274,1.079],[99.327,0.956],[99.355,0.943],[99.396,0.961],[99.453,1.102],[99.496,1.132],[99.546,1.1],[99.606,1.018],[99.606,0.925],[99.74,0.918],[99.786,0.882],[99.835,0.874],[99.846,0.818],[99.825,0.744],[99.832,0.7],[99.918,0.679],[99.919,0.606],[99.964,0.56],[99.96,0.517],[99.899,0.472],[99.823,0.462],[99.774,0.484],[99.717,0.454],[99.675,0.475],[99.64,0.547],[99.588,0.517],[99.503,0.54],[99.404,0.492],[99.332,0.363],[99.301,0.338],[99.236,0.328],[99.166,0.234],[99.14,0.251],[99.16,0.294],[99.146,0.333],[99.109,0.346],[99.141,0.398],[99.129,0.477],[99.089,0.529],[99.108,0.535],[99.107,0.579],[99.076,0.629],[99.049,0.625],[99.066,0.661],[99.047,0.67],[99.058,0.743],[99.012,0.825],[98.971,0.847],[98.986,0.854],[98.97,0.936],[98.873,1.2]]],[[[99.024,0.734],[99.026,0.735],[99.026,0.733],[99.024,0.734]]],[[[99.04,0.761],[99.039,0.763],[99.041,0.762],[99.04,0.761]]],[[[99.038,0.764],[99.036,0.766],[99.039,0.765],[99.038,0.764]]],[[[99.008,0.776],[99.003,0.78],[99.01,0.78],[99.008,0.776]]],[[[98.951,0.862],[98.944,0.86],[98.945,0.862],[98.951,0.862]]],[[[98.922,0.877],[98.921,0.874],[98.92,0.877],[98.922,0.877]]]]}},{"type":"Feature","properties":{"k":"12.14"},"geometry":{"type":"MultiPolygon","coordinates":[[[[98.208,-0.119],[98.186,-0.142],[98.182,-0.12],[98.208,-0.119]]],[[[98.326,-0.092],[98.346,-0.143],[98.32,-0.126],[98.326,-0.092]]],[[[98.321,-0.112],[98.301,-0.102],[98.308,-0.095],[98.321,-0.112]]],[[[98.222,-0.111],[98.226,-0.101],[98.229,-0.109],[98.222,-0.111]]],[[[98.289,-0.098],[98.285,-0.111],[98.281,-0.1],[98.289,-0.098]]],[[[98.264,-0.094],[98.259,-0.099],[98.263,-0.092],[98.264,-0.094]]],[[[98.307,-0.088],[98.304,-0.095],[98.304,-0.091],[98.307,-0.088]]],[[[98.312,-0.048],[98.357,-0.09],[98.346,-0.097],[98.296,-0.07],[98.322,-0.063],[98.312,-0.048]]],[[[98.283,-0.094],[98.263,-0.059],[98.27,-0.033],[98.284,-0.049],[98.283,-0.094]]],[[[98.26,-0.039],[98.254,-0.037],[98.259,-0.036],[98.26,-0.039]]],[[[98.255,-0.029],[98.259,-0.027],[98.259,-0.029],[98.255,-0.029]]],[[[98.246,-0.01],[98.244,-0.007],[98.245,-0.007],[98.246,-0.01]]],[[[98.22,0.006],[98.233,0.002],[98.217,-0.009],[98.22,0.006]]],[[[98.249,-0.001],[98.254,0.012],[98.266,0.011],[98.249,-0.001]]],[[[98.213,0.024],[98.217,0.019],[98.212,0.021],[98.213,0.024]]],[[[98.297,0.053],[98.299,0.048],[98.294,0.05],[98.297,0.053]]],[[[98.216,0.053],[98.212,0.054],[98.214,0.055],[98.216,0.053]]],[[[98.237,0.061],[98.232,0.052],[98.228,0.063],[98.237,0.061]]],[[[97.902,0.874],[97.912,0.802],[97.887,0.744],[97.9,0.625],[97.837,0.559],[97.82,0.567],[97.826,0.544],[97.782,0.553],[97.78,0.58],[97.755,0.554],[97.739,0.581],[97.702,0.564],[97.683,0.586],[97.695,0.619],[97.662,0.676],[97.633,0.799],[97.557,0.871],[97.565,0.983],[97.612,1.016],[97.7,0.988],[97.721,0.93],[97.763,0.945],[97.771,0.918],[97.825,0.905],[97.833,0.871],[97.902,0.874]]],[[[97.548,0.859],[97.544,0.859],[97.547,0.861],[97.548,0.859]]],[[[98.521,-0.636],[98.491,-0.623],[98.498,-0.598],[98.511,-0.601],[98.521,-0.636]]],[[[98.505,-0.531],[98.499,-0.531],[98.501,-0.53],[98.505,-0.531]]],[[[98.384,-0.343],[98.441,-0.299],[98.413,-0.244],[98.447,-0.247],[98.448,-0.259],[98.49,-0.3],[98.493,-0.315],[98.5,-0.323],[98.501,-0.338],[98.522,-0.362],[98.513,-0.383],[98.523,-0.379],[98.501,-0.392],[98.507,-0.491],[98.482,-0.516],[98.507,-0.555],[98.492,-0.574],[98.487,-0.552],[98.468,-0.576],[98.476,-0.535],[98.43,-0.541],[98.418,-0.599],[98.392,-0.562],[98.287,-0.523],[98.348,-0.517],[98.355,-0.47],[98.376,-0.459],[98.384,-0.343]]],[[[98.509,-0.34],[98.514,-0.336],[98.514,-0.34],[98.509,-0.34]]],[[[98.494,-0.314],[98.497,-0.313],[98.496,-0.315],[98.494,-0.314]]],[[[98.41,-0.306],[98.408,-0.313],[98.407,-0.307],[98.41,-0.306]]],[[[98.492,-0.287],[98.488,-0.287],[98.487,-0.284],[98.492,-0.287]]],[[[98.469,-0.279],[98.467,-0.277],[98.468,-0.276],[98.469,-0.279]]],[[[98.382,-0.272],[98.384,-0.26],[98.389,-0.278],[98.382,-0.272]]],[[[98.399,-0.231],[98.406,-0.237],[98.398,-0.232],[98.399,-0.231]]],[[[98.387,-0.212],[98.387,-0.219],[98.383,-0.216],[98.387,-0.212]]],[[[98.374,-0.197],[98.371,-0.198],[98.373,-0.196],[98.374,-0.197]]],[[[98.381,-0.104],[98.341,-0.034],[98.294,-0.019],[98.353,0.006],[98.391,0.005],[98.397,-0.013],[98.418,-0.003],[98.419,-0.037],[98.489,-0.137],[98.478,-0.154],[98.494,-0.209],[98.574,-0.281],[98.567,-0.332],[98.541,-0.331],[98.558,-0.391],[98.506,-0.298],[98.432,-0.206],[98.433,-0.187],[98.367,-0.108],[98.381,-0.104]]],[[[98.41,-0.173],[98.408,-0.171],[98.412,-0.17],[98.41,-0.173]]],[[[98.47,-0.109],[98.476,-0.099],[98.484,-0.123],[98.47,-0.109]]],[[[98.498,-0.114],[98.487,-0.108],[98.488,-0.099],[98.498,-0.114]]],[[[98.359,-0.076],[98.361,-0.073],[98.362,-0.076],[98.359,-0.076]]],[[[98.506,-0.052],[98.501,-0.071],[98.493,-0.028],[98.506,-0.052]]],[[[98.452,-0.023],[98.451,-0.019],[98.452,-0.021],[98.452,-0.023]]],[[[98.46,0.036],[98.461,0.027],[98.454,0.041],[98.46,0.036]]],[[[98.524,-0.493],[98.518,-0.503],[98.516,-0.501],[98.524,-0.493]]],[[[98.517,-0.479],[98.52,-0.477],[98.519,-0.48],[98.517,-0.479]]],[[[98.514,-0.457],[98.517,-0.456],[98.516,-0.458],[98.514,-0.457]]],[[[98.537,-0.394],[98.533,-0.396],[98.534,-0.392],[98.537,-0.394]]],[[[98.521,-0.374],[98.519,-0.374],[98.519,-0.373],[98.521,-0.374]]],[[[98.57,-0.334],[98.58,-0.33],[98.577,-0.336],[98.57,-0.334]]],[[[98.512,-0.326],[98.521,-0.327],[98.52,-0.33],[98.512,-0.326]]],[[[98.533,-0.225],[98.535,-0.231],[98.531,-0.229],[98.533,-0.225]]],[[[98.517,-0.141],[98.528,-0.143],[98.526,-0.149],[98.517,-0.141]]],[[[98.511,-0.111],[98.514,-0.109],[98.514,-0.116],[98.511,-0.111]]],[[[98.524,-0.033],[98.544,-0.071],[98.526,-0.056],[98.524,-0.033]]],[[[98.611,0.012],[98.61,0.013],[98.612,0.013],[98.611,0.012]]],[[[98.643,0.018],[98.641,0.019],[98.642,0.021],[98.643,0.018]]],[[[98.929,0.03],[98.929,0.032],[98.93,0.031],[98.929,0.03]]],[[[98.623,0.033],[98.621,0.036],[98.623,0.035],[98.623,0.033]]],[[[98.928,0.048],[98.931,0.051],[98.931,0.046],[98.928,0.048]]],[[[98.632,0.071],[98.638,0.068],[98.628,0.065],[98.632,0.071]]],[[[98.898,0.088],[98.894,0.09],[98.897,0.092],[98.898,0.088]]],[[[98.749,0.071],[98.536,0.102],[98.526,0.144],[98.612,0.181],[98.71,0.178],[98.722,0.158],[98.776,0.174],[98.789,0.167],[98.799,0.171],[98.855,0.117],[98.853,0.08],[98.788,0.099],[98.749,0.071]]],[[[98.787,0.171],[98.789,0.173],[98.789,0.169],[98.787,0.171]]]]}},{"type":"Feature","properties":{"k":"12.15"},"geometry":{"type":"Polygon","coordinates":[[[98.426,2.438],[98.388,2.463],[98.358,2.448],[98.29,2.47],[98.248,2.414],[98.266,2.359],[98.188,2.319],[98.154,2.415],[98.112,2.424],[98.08,2.527],[98.084,2.631],[98.129,2.662],[98.103,2.686],[98.227,2.746],[98.305,2.753],[98.348,2.718],[98.403,2.721],[98.454,2.655],[98.567,2.672],[98.45,2.507],[98.426,2.438]]]}},{"type":"Feature","properties":{"k":"12.16"},"geometry":{"type":"Polygon","coordinates":[[[98.886,2.339],[98.925,2.202],[98.915,2.181],[98.866,2.164],[98.737,2.174],[98.703,2.055],[98.675,2.02],[98.64,2.012],[98.609,2.024],[98.591,2.078],[98.398,2.112],[98.351,2.166],[98.293,2.189],[98.286,2.243],[98.251,2.284],[98.21,2.279],[98.187,2.315],[98.265,2.359],[98.248,2.414],[98.301,2.474],[98.358,2.448],[98.394,2.46],[98.481,2.364],[98.524,2.347],[98.729,2.356],[98.772,2.389],[98.84,2.361],[98.816,2.342],[98.829,2.316],[98.858,2.345],[98.886,2.339]]]}},{"type":"Feature","properties":{"k":"12.17"},"geometry":{"type":"MultiPolygon","coordinates":[[[[98.827,2.372],[98.799,2.386],[98.782,2.373],[98.772,2.389],[98.729,2.356],[98.527,2.346],[98.481,2.364],[98.426,2.438],[98.45,2.507],[98.558,2.667],[98.626,2.671],[98.618,2.641],[98.682,2.614],[98.673,2.572],[98.69,2.564],[98.667,2.548],[98.693,2.531],[98.716,2.545],[98.827,2.372]]],[[[98.723,2.755],[98.793,2.731],[98.831,2.679],[98.862,2.668],[98.852,2.661],[98.907,2.563],[98.973,2.504],[98.986,2.456],[98.872,2.427],[98.733,2.523],[98.683,2.638],[98.689,2.705],[98.723,2.755]]],[[[98.643,2.64],[98.642,2.644],[98.645,2.642],[98.643,2.64]]]]}},{"type":"Feature","properties":{"k":"12.18","approx":1},"geometry":{"type":"Polygon","coordinates":[[[99.35,3.491],[99.333,3.405],[99.285,3.333],[99.212,3.284],[99.126,3.267],[99.04,3.284],[98.967,3.333],[98.919,3.405],[98.901,3.491],[98.919,3.577],[98.967,3.65],[99.04,3.699],[99.126,3.716],[99.212,3.699],[99.285,3.65],[99.333,3.577],[99.35,3.491]]]}},{"type":"Feature","properties":{"k":"12.19"},"geometry":{"type":"Polygon","coordinates":[[[99.315,3.445],[99.484,3.35],[99.486,3.32],[99.558,3.238],[99.685,3.21],[99.748,3.162],[99.694,3.107],[99.608,3.128],[99.589,3.112],[99.611,3.104],[99.595,3.046],[99.554,3.018],[99.572,3.071],[99.547,3.099],[99.422,3.148],[99.363,3.153],[99.407,3.253],[99.373,3.248],[99.358,3.215],[99.344,3.289],[99.309,3.301],[99.294,3.275],[99.269,3.279],[99.24,3.254],[99.23,3.201],[99.208,3.225],[99.315,3.445]],[[99.348,3.276],[99.349,3.277],[99.348,3.276],[99.348,3.276]]]}},{"type":"Feature","properties":{"k":"12.20"},"geometry":{"type":"Polygon","coordinates":[[[99.616,2.041],[99.683,2.037],[99.677,1.938],[99.705,1.93],[99.747,2.004],[99.791,2.025],[99.847,2.017],[99.828,1.994],[99.842,1.98],[99.835,1.915],[99.809,1.904],[99.839,1.8],[99.746,1.83],[99.706,1.819],[99.702,1.763],[99.734,1.724],[99.846,1.637],[99.913,1.716],[99.954,1.625],[100.003,1.64],[100.049,1.721],[100.077,1.722],[100.173,1.595],[100.312,1.51],[100.317,1.476],[100.279,1.466],[100.345,1.437],[100.201,1.399],[100.051,1.395],[100.025,1.357],[99.993,1.382],[99.954,1.368],[99.919,1.526],[99.897,1.549],[99.849,1.525],[99.744,1.42],[99.716,1.415],[99.703,1.379],[99.626,1.315],[99.421,1.231],[99.419,1.278],[99.346,1.429],[99.4,1.414],[99.404,1.484],[99.438,1.518],[99.391,1.572],[99.45,1.586],[99.439,1.664],[99.511,1.726],[99.55,1.717],[99.566,1.757],[99.57,1.815],[99.548,1.863],[99.576,1.911],[99.545,1.952],[99.557,2.017],[99.572,2.03],[99.623,1.997],[99.616,2.041]]]}},{"type":"Feature","properties":{"k":"12.21"},"geometry":{"type":"Polygon","coordinates":[[[99.899,1.547],[99.919,1.526],[99.954,1.368],[99.993,1.382],[100.025,1.357],[100.029,1.326],[100.074,1.276],[100.12,1.255],[100.135,1.168],[100.184,1.125],[100.135,1.112],[100.121,1.074],[100.167,0.999],[100.139,0.984],[100.148,0.966],[100.128,0.937],[100.143,0.884],[100.12,0.826],[100.179,0.764],[99.873,0.907],[99.831,0.88],[99.84,0.818],[99.8,0.857],[99.745,0.865],[99.69,0.933],[99.64,0.92],[99.586,0.97],[99.597,1.006],[99.568,1.066],[99.547,1.071],[99.51,1.133],[99.431,1.187],[99.421,1.231],[99.626,1.315],[99.703,1.379],[99.716,1.415],[99.744,1.42],[99.849,1.525],[99.899,1.547]]]}},{"type":"Feature","properties":{"k":"12.22"},"geometry":{"type":"Polygon","coordinates":[[[100.365,2.211],[100.316,2.053],[100.314,1.91],[100.281,1.865],[100.278,1.814],[100.296,1.792],[100.354,1.782],[100.352,1.738],[100.32,1.681],[100.412,1.661],[100.404,1.586],[100.426,1.505],[100.413,1.465],[100.324,1.46],[100.311,1.511],[100.173,1.595],[100.071,1.724],[100.049,1.721],[100.003,1.64],[99.953,1.625],[99.913,1.716],[99.846,1.637],[99.702,1.763],[99.695,1.807],[99.728,1.829],[99.83,1.798],[99.856,1.806],[99.856,1.906],[99.904,1.958],[99.979,1.962],[100.001,1.983],[100.002,1.936],[100.033,1.937],[100.059,1.986],[100.015,2.0],[100.045,2.031],[100.044,2.086],[100.095,2.109],[100.135,2.192],[100.21,2.194],[100.213,2.21],[100.365,2.211]]]}},{"type":"Feature","properties":{"k":"12.23"},"geometry":{"type":"Polygon","coordinates":[[[99.985,2.854],[99.991,2.756],[99.951,2.698],[99.989,2.676],[100.006,2.723],[100.049,2.737],[100.075,2.546],[99.933,2.263],[99.964,2.204],[99.899,2.182],[99.774,2.182],[99.766,2.138],[99.718,2.087],[99.671,2.069],[99.656,2.03],[99.617,2.042],[99.627,2.001],[99.606,1.998],[99.556,2.042],[99.551,2.079],[99.523,2.092],[99.512,2.123],[99.436,2.124],[99.394,2.167],[99.417,2.214],[99.537,2.249],[99.549,2.308],[99.585,2.315],[99.52,2.352],[99.524,2.461],[99.52,2.4],[99.503,2.396],[99.419,2.461],[99.45,2.501],[99.453,2.541],[99.546,2.605],[99.609,2.576],[99.703,2.591],[99.985,2.854]]]}},{"type":"Feature","properties":{"k":"12.24"},"geometry":{"type":"MultiPolygon","coordinates":[[[[97.098,1.215],[97.104,1.197],[97.099,1.191],[97.094,1.199],[97.098,1.215]]],[[[97.082,1.231],[97.086,1.209],[97.082,1.209],[97.082,1.231]]],[[[97.111,1.361],[97.102,1.353],[97.1,1.359],[97.111,1.361]]],[[[97.222,1.415],[97.222,1.413],[97.222,1.414],[97.222,1.415]]],[[[97.225,1.414],[97.225,1.415],[97.225,1.414],[97.225,1.414]]],[[[97.214,1.424],[97.222,1.421],[97.216,1.421],[97.214,1.424]]],[[[97.352,1.542],[97.395,1.5],[97.422,1.518],[97.442,1.473],[97.483,1.479],[97.521,1.424],[97.471,1.347],[97.51,1.275],[97.484,1.214],[97.49,1.156],[97.47,1.137],[97.489,1.093],[97.478,1.087],[97.446,1.119],[97.45,1.097],[97.37,1.079],[97.285,1.204],[97.257,1.216],[97.25,1.259],[97.207,1.268],[97.151,1.366],[97.1,1.406],[97.074,1.39],[97.06,1.409],[97.135,1.432],[97.171,1.396],[97.189,1.418],[97.207,1.401],[97.275,1.419],[97.29,1.449],[97.345,1.481],[97.335,1.524],[97.352,1.542]]],[[[97.228,1.416],[97.225,1.419],[97.228,1.42],[97.228,1.416]]],[[[97.243,1.427],[97.244,1.43],[97.245,1.428],[97.243,1.427]]],[[[97.232,1.441],[97.229,1.442],[97.232,1.442],[97.232,1.441]]],[[[97.254,1.455],[97.255,1.455],[97.254,1.454],[97.254,1.455]]],[[[97.26,1.464],[97.234,1.451],[97.231,1.453],[97.237,1.462],[97.26,1.464]]]]}},{"type":"Feature","properties":{"k":"12.25"},"geometry":{"type":"MultiPolygon","coordinates":[[[[97.35,0.842],[97.362,0.821],[97.358,0.811],[97.332,0.829],[97.35,0.842]]],[[[97.308,0.854],[97.333,0.851],[97.329,0.845],[97.308,0.854]]],[[[97.355,0.868],[97.336,0.857],[97.329,0.86],[97.342,0.874],[97.355,0.868]]],[[[97.283,0.871],[97.289,0.863],[97.282,0.87],[97.283,0.871]]],[[[97.349,0.874],[97.357,0.873],[97.356,0.869],[97.349,0.874]]],[[[97.265,0.91],[97.284,0.901],[97.283,0.896],[97.265,0.91]]],[[[97.376,0.84],[97.384,0.836],[97.381,0.835],[97.376,0.84]]],[[[97.364,0.852],[97.385,0.857],[97.381,0.847],[97.364,0.852]]],[[[97.373,0.878],[97.371,0.882],[97.375,0.878],[97.373,0.878]]],[[[97.433,0.918],[97.428,0.92],[97.431,0.922],[97.433,0.918]]],[[[97.427,0.937],[97.429,0.93],[97.425,0.931],[97.427,0.937]]],[[[97.489,1.153],[97.647,1.101],[97.611,1.08],[97.612,1.055],[97.651,1.061],[97.613,1.03],[97.59,1.035],[97.581,1.007],[97.537,1.008],[97.541,0.938],[97.567,0.925],[97.552,0.893],[97.51,0.907],[97.484,0.939],[97.406,0.94],[97.37,1.079],[97.45,1.097],[97.446,1.119],[97.489,1.093],[97.469,1.125],[97.489,1.153]]]]}},{"type":"Feature","properties":{"k":"12.71"},"geometry":{"type":"MultiPolygon","coordinates":[[[[98.651,3.781],[98.68,3.768],[98.682,3.788],[98.72,3.795],[98.703,3.768],[98.701,3.751],[98.704,3.741],[98.715,3.739],[98.714,3.701],[98.694,3.639],[98.725,3.619],[98.725,3.572],[98.752,3.563],[98.683,3.533],[98.618,3.537],[98.606,3.517],[98.59,3.542],[98.615,3.596],[98.602,3.631],[98.652,3.662],[98.647,3.696],[98.614,3.719],[98.651,3.781]]],[[[98.716,3.74],[98.703,3.752],[98.709,3.771],[98.716,3.74]]],[[[98.702,3.818],[98.707,3.796],[98.651,3.783],[98.659,3.796],[98.702,3.818]]]]}},{"type":"Feature","properties":{"k":"12.72"},"geometry":{"type":"Polygon","coordinates":[[[99.091,3.014],[99.074,2.959],[99.085,2.942],[99.04,2.922],[99.013,2.97],[99.052,3.008],[99.091,3.014]]]}},{"type":"Feature","properties":{"k":"12.73","approx":1},"geometry":{"type":"Polygon","coordinates":[[[98.794,1.746],[98.776,1.728],[98.758,1.746],[98.776,1.764],[98.794,1.746]]]}},{"type":"Feature","properties":{"k":"12.74"},"geometry":{"type":"Polygon","coordinates":[[[99.781,3.017],[99.815,2.904],[99.79,2.867],[99.742,2.964],[99.761,2.965],[99.758,3.012],[99.781,3.017]]]}},{"type":"Feature","properties":{"k":"12.75"},"geometry":{"type":"Polygon","coordinates":[[[98.489,3.675],[98.524,3.61],[98.496,3.606],[98.486,3.564],[98.469,3.56],[98.446,3.622],[98.467,3.673],[98.489,3.675]]]}},{"type":"Feature","properties":{"k":"12.76"},"geometry":{"type":"Polygon","coordinates":[[[99.142,3.347],[99.155,3.375],[99.171,3.31],[99.118,3.288],[99.113,3.344],[99.142,3.347]]]}},{"type":"Feature","properties":{"k":"12.77"},"geometry":{"type":"Polygon","coordinates":[[[99.417,1.379],[99.359,1.27],[99.137,1.2],[99.143,1.248],[99.165,1.235],[99.169,1.26],[99.131,1.298],[99.177,1.363],[99.123,1.301],[99.097,1.313],[99.126,1.328],[99.167,1.458],[99.214,1.476],[99.197,1.385],[99.281,1.397],[99.305,1.316],[99.323,1.341],[99.375,1.357],[99.363,1.39],[99.377,1.417],[99.39,1.366],[99.404,1.396],[99.417,1.379]]]}},{"type":"Feature","properties":{"k":"12.78"},"geometry":{"type":"MultiPolygon","coordinates":[[[[97.632,1.096],[97.655,1.083],[97.632,1.082],[97.632,1.096]]],[[[97.521,1.424],[97.54,1.42],[97.541,1.388],[97.678,1.217],[97.69,1.179],[97.644,1.12],[97.647,1.107],[97.685,1.117],[97.671,1.109],[97.646,1.1],[97.63,1.117],[97.591,1.112],[97.626,1.174],[97.621,1.195],[97.581,1.194],[97.56,1.221],[97.58,1.269],[97.547,1.284],[97.51,1.275],[97.471,1.347],[97.521,1.424]]]]}},{"type":"Feature","properties":{"k":"13.01"},"geometry":{"type":"Polygon","coordinates":[[[100.383,-1.148],[100.493,-1.14],[100.5,-1.01],[100.547,-1.026],[100.578,-1.071],[100.616,-1.057],[100.637,-1.119],[100.704,-1.092],[100.726,-1.1],[100.748,-1.155],[100.768,-1.157],[100.786,-1.19],[100.794,-1.273],[100.889,-1.333],[100.892,-1.392],[100.934,-1.433],[100.935,-1.468],[100.975,-1.49],[101.012,-1.563],[101.011,-1.603],[101.067,-1.659],[101.126,-1.679],[101.139,-1.905],[101.26,-2.052],[101.306,-2.239],[101.245,-2.345],[101.026,-2.485],[100.89,-2.326],[100.873,-2.242],[100.823,-2.173],[100.822,-2.145],[100.862,-2.102],[100.879,-2.051],[100.856,-1.907],[100.644,-1.621],[100.625,-1.505],[100.561,-1.442],[100.584,-1.421],[100.558,-1.407],[100.593,-1.394],[100.578,-1.369],[100.561,-1.372],[100.574,-1.359],[100.565,-1.33],[100.49,-1.299],[100.453,-1.259],[100.401,-1.271],[100.406,-1.238],[100.43,-1.256],[100.436,-1.232],[100.421,-1.225],[100.429,-1.197],[100.38,-1.177],[100.383,-1.148]]]}},{"type":"Feature","properties":{"k":"13.02"},"geometry":{"type":"Polygon","coordinates":[[[100.547,-1.026],[100.536,-0.949],[100.561,-0.893],[100.523,-0.855],[100.543,-0.826],[100.522,-0.8],[100.603,-0.786],[100.669,-0.814],[100.693,-0.743],[100.665,-0.704],[100.552,-0.776],[100.528,-0.767],[100.505,-0.784],[100.5,-0.75],[100.445,-0.708],[100.449,-0.668],[100.568,-0.622],[100.585,-0.565],[100.642,-0.537],[100.689,-0.553],[100.692,-0.627],[100.762,-0.652],[100.731,-0.722],[101.045,-0.89],[101.069,-0.947],[101.053,-0.971],[101.07,-0.985],[101.132,-0.971],[101.188,-1.0],[101.18,-1.024],[101.145,-1.03],[101.183,-1.152],[101.241,-1.219],[101.226,-1.247],[101.164,-1.23],[101.148,-1.193],[101.094,-1.152],[101.008,-1.134],[101.02,-1.219],[101.0,-1.288],[100.906,-1.292],[100.87,-1.323],[100.794,-1.273],[100.788,-1.194],[100.768,-1.157],[100.748,-1.155],[100.73,-1.104],[100.704,-1.092],[100.637,-1.119],[100.616,-1.058],[100.578,-1.071],[100.547,-1.026]]]}},{"type":"Feature","properties":{"k":"13.03"},"geometry":{"type":"Polygon","coordinates":[[[101.503,-0.811],[101.427,-0.872],[101.409,-0.943],[101.275,-0.954],[101.194,-0.911],[101.169,-0.987],[101.132,-0.971],[101.07,-0.985],[101.053,-0.971],[101.069,-0.947],[101.045,-0.89],[100.727,-0.718],[100.756,-0.672],[100.806,-0.663],[100.811,-0.626],[100.847,-0.582],[100.808,-0.55],[100.847,-0.424],[100.797,-0.339],[100.861,-0.332],[100.907,-0.372],[100.925,-0.343],[100.915,-0.326],[100.996,-0.314],[101.036,-0.349],[101.043,-0.384],[101.025,-0.398],[101.069,-0.501],[101.106,-0.502],[101.162,-0.536],[101.254,-0.625],[101.308,-0.627],[101.358,-0.658],[101.355,-0.687],[101.408,-0.721],[101.396,-0.739],[101.482,-0.78],[101.503,-0.811]]]}},{"type":"Feature","properties":{"k":"13.04"},"geometry":{"type":"Polygon","coordinates":[[[100.808,-0.55],[100.715,-0.565],[100.637,-0.537],[100.585,-0.565],[100.568,-0.622],[100.447,-0.658],[100.404,-0.627],[100.421,-0.58],[100.396,-0.549],[100.396,-0.493],[100.336,-0.49],[100.318,-0.433],[100.338,-0.389],[100.47,-0.386],[100.526,-0.283],[100.58,-0.306],[100.614,-0.356],[100.742,-0.29],[100.731,-0.344],[100.797,-0.339],[100.847,-0.424],[100.808,-0.55]]]}},{"type":"Feature","properties":{"k":"13.05"},"geometry":{"type":"Polygon","coordinates":[[[100.165,-0.681],[100.205,-0.644],[100.176,-0.62],[100.176,-0.594],[100.153,-0.577],[100.114,-0.61],[100.081,-0.548],[99.972,-0.443],[100.008,-0.402],[100.001,-0.369],[100.051,-0.362],[100.074,-0.331],[100.136,-0.304],[100.155,-0.315],[100.161,-0.395],[100.186,-0.415],[100.228,-0.409],[100.257,-0.481],[100.394,-0.49],[100.396,-0.549],[100.421,-0.578],[100.405,-0.628],[100.452,-0.659],[100.445,-0.708],[100.5,-0.75],[100.507,-0.793],[100.54,-0.809],[100.541,-0.831],[100.342,-0.882],[100.293,-0.82],[100.301,-0.806],[100.29,-0.815],[100.165,-0.681]]]}},{"type":"Feature","properties":{"k":"13.06"},"geometry":{"type":"Polygon","coordinates":[[[99.971,-0.442],[99.914,-0.403],[99.888,-0.344],[99.817,-0.3],[99.795,-0.212],[99.747,-0.146],[99.814,-0.174],[99.914,-0.158],[99.997,-0.139],[100.021,-0.093],[100.057,-0.079],[100.217,-0.109],[100.285,-0.086],[100.275,-0.039],[100.33,-0.042],[100.377,-0.078],[100.4,-0.163],[100.55,-0.266],[100.502,-0.304],[100.5,-0.344],[100.464,-0.39],[100.333,-0.39],[100.318,-0.437],[100.328,-0.479],[100.305,-0.494],[100.255,-0.48],[100.225,-0.407],[100.165,-0.4],[100.145,-0.304],[100.074,-0.331],[100.051,-0.362],[100.004,-0.367],[100.008,-0.402],[99.971,-0.442]]]}},{"type":"Feature","properties":{"k":"13.07"},"geometry":{"type":"Polygon","coordinates":[[[100.841,-0.329],[100.741,-0.354],[100.742,-0.29],[100.61,-0.355],[100.582,-0.307],[100.537,-0.281],[100.55,-0.266],[100.4,-0.163],[100.377,-0.078],[100.351,-0.05],[100.275,-0.039],[100.289,0.001],[100.355,0.043],[100.318,0.097],[100.325,0.146],[100.352,0.183],[100.309,0.305],[100.331,0.343],[100.362,0.354],[100.395,0.34],[100.456,0.226],[100.606,0.183],[100.669,0.181],[100.745,0.25],[100.812,0.269],[100.842,0.19],[100.824,0.118],[100.85,0.055],[100.845,0.015],[100.809,-0.041],[100.777,-0.012],[100.734,-0.043],[100.781,-0.23],[100.839,-0.291],[100.841,-0.329]]]}},{"type":"Feature","properties":{"k":"13.08"},"geometry":{"type":"Polygon","coordinates":[[[100.319,0.333],[100.309,0.305],[100.352,0.183],[100.325,0.146],[100.319,0.091],[100.355,0.043],[100.289,0.001],[100.274,-0.043],[100.285,-0.086],[100.217,-0.109],[100.142,-0.084],[100.035,-0.087],[100.034,-0.035],[99.955,0.05],[100.007,0.115],[100.03,0.234],[100.013,0.356],[100.049,0.424],[100.003,0.455],[99.909,0.475],[99.96,0.517],[99.965,0.554],[99.919,0.606],[99.918,0.679],[99.832,0.7],[99.825,0.744],[99.846,0.818],[99.835,0.89],[99.874,0.908],[99.945,0.884],[99.976,0.847],[100.246,0.726],[100.258,0.692],[100.207,0.607],[100.21,0.554],[100.277,0.427],[100.282,0.333],[100.319,0.333]]]}},{"type":"Feature","properties":{"k":"13.09"},"geometry":{"type":"Polygon","coordinates":[[[99.115,-1.442],[99.185,-1.521],[99.197,-1.508],[99.194,-1.544],[99.209,-1.554],[99.194,-1.568],[99.221,-1.605],[99.26,-1.592],[99.293,-1.637],[99.27,-1.646],[99.293,-1.653],[99.274,-1.663],[99.282,-1.689],[99.286,-1.663],[99.304,-1.685],[99.281,-1.752],[99.222,-1.629],[99.201,-1.641],[99.241,-1.676],[99.222,-1.664],[99.263,-1.774],[99.243,-1.796],[99.166,-1.78],[99.107,-1.812],[98.875,-1.677],[98.824,-1.616],[98.835,-1.582],[98.803,-1.518],[98.653,-1.313],[98.597,-1.206],[98.652,-1.103],[98.663,-0.98],[98.686,-0.958],[98.72,-0.944],[98.796,-0.958],[98.911,-0.91],[98.898,-0.941],[98.93,-0.934],[98.952,-1.013],[98.919,-0.991],[98.936,-1.061],[99.002,-1.114],[99.008,-1.164],[99.041,-1.206],[99.026,-1.222],[99.054,-1.23],[99.074,-1.27],[99.051,-1.295],[99.081,-1.293],[99.117,-1.378],[99.105,-1.388],[99.129,-1.386],[99.128,-1.408],[99.141,-1.397],[99.169,-1.439],[99.172,-1.47],[99.115,-1.442]]]}},{"type":"Feature","properties":{"k":"13.10"},"geometry":{"type":"Polygon","coordinates":[[[101.415,-1.671],[101.46,-1.594],[101.506,-1.565],[101.535,-1.505],[101.525,-1.482],[101.561,-1.439],[101.607,-1.433],[101.661,-1.376],[101.608,-1.366],[101.585,-1.329],[101.519,-1.329],[101.533,-1.301],[101.448,-1.27],[101.439,-1.208],[101.397,-1.152],[101.453,-1.085],[101.474,-1.006],[101.401,-1.016],[101.35,-1.067],[101.349,-1.135],[101.311,-1.147],[101.225,-1.148],[101.191,-1.106],[101.169,-1.104],[101.145,-1.03],[101.186,-1.017],[101.169,-0.987],[101.186,-0.912],[101.275,-0.954],[101.39,-0.949],[101.409,-0.943],[101.427,-0.872],[101.521,-0.811],[101.603,-0.858],[101.65,-0.934],[101.819,-0.974],[101.825,-1.094],[101.86,-1.113],[101.886,-1.1],[101.814,-1.215],[101.722,-1.234],[101.687,-1.278],[101.717,-1.354],[101.689,-1.399],[101.719,-1.423],[101.693,-1.484],[101.562,-1.576],[101.492,-1.677],[101.43,-1.69],[101.415,-1.671]]]}},{"type":"Feature","properties":{"k":"13.11"},"geometry":{"type":"Polygon","coordinates":[[[101.162,-1.698],[101.067,-1.659],[101.011,-1.603],[101.012,-1.563],[100.975,-1.49],[100.935,-1.468],[100.934,-1.433],[100.892,-1.392],[100.899,-1.364],[100.873,-1.316],[100.933,-1.285],[100.948,-1.301],[101.0,-1.288],[101.02,-1.219],[101.008,-1.134],[101.094,-1.152],[101.148,-1.193],[101.164,-1.23],[101.232,-1.246],[101.242,-1.215],[101.183,-1.152],[101.169,-1.104],[101.191,-1.106],[101.232,-1.151],[101.344,-1.137],[101.353,-1.062],[101.415,-1.006],[101.471,-1.004],[101.453,-1.085],[101.397,-1.152],[101.439,-1.208],[101.448,-1.27],[101.533,-1.301],[101.519,-1.329],[101.585,-1.329],[101.608,-1.366],[101.652,-1.37],[101.663,-1.387],[101.607,-1.433],[101.561,-1.439],[101.523,-1.484],[101.535,-1.505],[101.506,-1.565],[101.46,-1.594],[101.415,-1.671],[101.263,-1.692],[101.222,-1.715],[101.188,-1.677],[101.162,-1.698]]]}},{"type":"Feature","properties":{"k":"13.12"},"geometry":{"type":"Polygon","coordinates":[[[99.166,0.234],[99.236,0.328],[99.327,0.356],[99.404,0.492],[99.507,0.541],[99.533,0.52],[99.588,0.517],[99.64,0.547],[99.675,0.475],[99.717,0.454],[99.781,0.484],[99.823,0.462],[99.908,0.475],[100.003,0.455],[100.049,0.424],[100.013,0.356],[100.03,0.234],[100.007,0.115],[99.955,0.05],[100.034,-0.035],[100.035,-0.087],[99.997,-0.139],[99.811,-0.173],[99.744,-0.142],[99.768,-0.103],[99.752,-0.044],[99.625,0.07],[99.398,0.152],[99.392,0.186],[99.371,0.195],[99.386,0.202],[99.352,0.232],[99.28,0.236],[99.264,0.202],[99.21,0.216],[99.191,0.253],[99.166,0.234]]]}},{"type":"Feature","properties":{"k":"13.71"},"geometry":{"type":"MultiPolygon","coordinates":[[[[100.327,-1.147],[100.335,-1.145],[100.326,-1.153],[100.327,-1.147]]],[[[100.339,-1.123],[100.343,-1.124],[100.341,-1.125],[100.339,-1.123]]],[[[100.296,-1.077],[100.297,-1.074],[100.298,-1.077],[100.296,-1.077]]],[[[100.174,-1.041],[100.173,-1.035],[100.176,-1.04],[100.174,-1.041]]],[[[100.342,-0.994],[100.337,-0.991],[100.341,-0.992],[100.342,-0.994]]],[[[100.211,-0.984],[100.206,-0.983],[100.207,-0.981],[100.211,-0.984]]],[[[100.23,-0.955],[100.231,-0.956],[100.231,-0.957],[100.23,-0.955]]],[[[100.138,-0.949],[100.142,-0.949],[100.139,-0.952],[100.138,-0.949]]],[[[100.347,-1.16],[100.352,-1.158],[100.346,-1.163],[100.347,-1.16]]],[[[100.357,-1.143],[100.36,-1.145],[100.358,-1.145],[100.357,-1.143]]],[[[100.351,-1.125],[100.355,-1.128],[100.35,-1.133],[100.351,-1.125]]],[[[100.38,-1.12],[100.382,-1.118],[100.383,-1.12],[100.38,-1.12]]],[[[100.364,-1.117],[100.37,-1.118],[100.369,-1.12],[100.364,-1.117]]],[[[100.506,-1.012],[100.49,-1.044],[100.493,-1.14],[100.39,-1.141],[100.35,-1.172],[100.362,-1.154],[100.363,-1.125],[100.388,-1.125],[100.364,-1.076],[100.409,-1.074],[100.414,-1.06],[100.398,-1.029],[100.379,-1.042],[100.386,-0.998],[100.365,-1.006],[100.347,-0.968],[100.338,-0.875],[100.477,-0.836],[100.527,-0.845],[100.561,-0.893],[100.536,-0.949],[100.552,-0.996],[100.538,-1.03],[100.506,-1.012]]],[[[100.352,-0.991],[100.354,-0.99],[100.353,-0.992],[100.352,-0.991]]]]}},{"type":"Feature","properties":{"k":"13.72"},"geometry":{"type":"Polygon","coordinates":[[[100.522,-0.8],[100.505,-0.784],[100.52,-0.772],[100.552,-0.776],[100.665,-0.704],[100.693,-0.743],[100.669,-0.814],[100.603,-0.786],[100.522,-0.8]]]}},{"type":"Feature","properties":{"k":"13.73"},"geometry":{"type":"Polygon","coordinates":[[[100.756,-0.672],[100.756,-0.644],[100.687,-0.622],[100.689,-0.553],[100.715,-0.565],[100.808,-0.55],[100.817,-0.572],[100.847,-0.574],[100.798,-0.672],[100.756,-0.672]]]}},{"type":"Feature","properties":{"k":"13.74"},"geometry":{"type":"Polygon","coordinates":[[[100.434,-0.423],[100.469,-0.447],[100.458,-0.483],[100.377,-0.468],[100.434,-0.423]]]}},{"type":"Feature","properties":{"k":"13.75"},"geometry":{"type":"Polygon","coordinates":[[[100.363,-0.303],[100.325,-0.268],[100.324,-0.232],[100.41,-0.253],[100.423,-0.306],[100.363,-0.303]]]}},{"type":"Feature","properties":{"k":"13.76"},"geometry":{"type":"Polygon","coordinates":[[[100.645,-0.189],[100.692,-0.217],[100.686,-0.254],[100.65,-0.268],[100.641,-0.289],[100.6,-0.283],[100.593,-0.199],[100.645,-0.189]]]}},{"type":"Feature","properties":{"k":"13.77"},"geometry":{"type":"Polygon","coordinates":[[[100.165,-0.681],[100.115,-0.624],[100.121,-0.59],[100.153,-0.577],[100.204,-0.633],[100.165,-0.681]]]}},{"type":"Feature","properties":{"k":"14.01"},"geometry":{"type":"Polygon","coordinates":[[[100.849,-0.341],[100.839,-0.291],[100.781,-0.23],[100.734,-0.043],[100.777,-0.012],[100.809,-0.041],[100.845,0.015],[100.85,0.055],[100.824,0.118],[100.842,0.19],[100.815,0.266],[100.745,0.25],[100.659,0.178],[100.499,0.213],[100.508,0.272],[100.596,0.403],[100.632,0.412],[100.677,0.381],[100.701,0.411],[100.726,0.39],[100.741,0.402],[100.745,0.424],[100.708,0.449],[100.722,0.462],[100.65,0.547],[100.658,0.573],[100.63,0.579],[100.655,0.675],[100.735,0.82],[100.915,0.906],[101.114,0.921],[101.426,0.744],[101.304,0.635],[101.296,0.605],[101.342,0.542],[101.316,0.469],[101.36,0.407],[101.468,0.371],[101.505,0.378],[101.623,0.462],[101.67,0.422],[101.68,0.389],[101.626,0.324],[101.531,0.289],[101.573,0.192],[101.539,0.136],[101.579,0.073],[101.594,0.003],[101.565,-0.054],[101.504,-0.108],[101.485,-0.098],[101.477,-0.12],[101.448,-0.128],[101.47,-0.253],[101.438,-0.308],[101.418,-0.308],[101.36,-0.221],[101.326,-0.14],[101.338,-0.11],[101.264,-0.001],[101.191,-0.11],[101.196,-0.177],[101.105,-0.38],[101.043,-0.381],[101.033,-0.343],[100.993,-0.313],[100.915,-0.326],[100.925,-0.343],[100.907,-0.372],[100.861,-0.332],[100.849,-0.341]]]}},{"type":"Feature","properties":{"k":"14.02"},"geometry":{"type":"Polygon","coordinates":[[[102.741,0.052],[102.695,0.007],[102.696,-0.65],[102.644,-0.696],[102.638,-0.759],[102.564,-0.844],[102.558,-0.999],[102.597,-1.02],[102.617,-1.095],[102.491,-1.084],[102.442,-1.025],[102.382,-1.027],[102.386,-0.993],[102.326,-0.963],[102.307,-0.917],[102.204,-0.949],[102.165,-0.899],[102.117,-0.921],[102.008,-0.879],[101.914,-0.921],[101.779,-0.863],[101.746,-0.798],[101.782,-0.705],[101.842,-0.661],[101.874,-0.608],[101.877,-0.394],[101.978,-0.398],[102.095,-0.284],[102.159,-0.268],[102.186,-0.196],[102.215,-0.172],[102.337,-0.189],[102.405,-0.167],[102.454,-0.114],[102.498,0.014],[102.741,0.052]]]}},{"type":"Feature","properties":{"k":"14.03"},"geometry":{"type":"MultiPolygon","coordinates":[[[[102.166,1.185],[102.059,1.041],[101.952,0.966],[101.902,1.07],[101.749,1.133],[101.721,1.172],[101.607,1.044],[101.618,1.012],[101.464,0.904],[101.24,1.017],[100.886,1.027],[100.911,1.043],[100.946,1.297],[101.392,1.38],[101.276,1.611],[101.159,1.746],[101.13,1.811],[101.098,1.989],[101.11,2.079],[101.141,2.146],[101.269,2.08],[101.323,1.998],[101.328,1.911],[101.363,1.832],[101.357,1.779],[101.397,1.711],[101.347,1.643],[101.352,1.583],[101.373,1.555],[101.464,1.586],[101.502,1.665],[101.572,1.637],[101.666,1.666],[101.752,1.665],[102.006,1.459],[102.151,1.375],[102.166,1.185]]],[[[101.43,1.75],[101.432,1.754],[101.431,1.746],[101.43,1.75]]],[[[101.409,1.754],[101.412,1.756],[101.411,1.752],[101.409,1.754]]],[[[101.416,1.766],[101.42,1.752],[101.419,1.745],[101.416,1.766]]],[[[101.381,1.79],[101.381,1.763],[101.372,1.784],[101.381,1.79]]],[[[101.411,1.766],[101.398,1.774],[101.398,1.827],[101.41,1.808],[101.411,1.766]]],[[[101.374,1.802],[101.381,1.794],[101.374,1.788],[101.374,1.802]]],[[[101.404,1.842],[101.405,1.843],[101.407,1.836],[101.404,1.842]]],[[[101.366,1.871],[101.354,1.882],[101.355,1.888],[101.364,1.887],[101.366,1.871]]],[[[101.579,2.078],[101.572,2.07],[101.571,2.07],[101.579,2.078]]],[[[101.577,2.077],[101.573,2.077],[101.577,2.079],[101.577,2.077]]],[[[101.553,2.09],[101.543,2.094],[101.556,2.098],[101.553,2.09]]],[[[103.108,0.797],[103.114,0.733],[103.089,0.717],[103.08,0.776],[103.108,0.797]]],[[[102.893,0.769],[102.886,0.774],[102.908,0.764],[102.893,0.769]]],[[[102.824,0.774],[102.842,0.775],[102.846,0.774],[102.824,0.774]]],[[[103.107,0.817],[103.083,0.796],[103.075,0.821],[103.107,0.817]]],[[[102.691,0.792],[102.59,0.767],[102.519,0.783],[102.437,0.826],[102.409,0.887],[102.441,0.935],[102.485,0.93],[102.559,0.971],[102.589,1.002],[102.638,0.98],[102.737,1.022],[102.743,0.996],[102.702,0.959],[102.683,0.96],[102.646,0.951],[102.626,0.904],[102.647,0.95],[102.685,0.958],[102.697,0.927],[102.747,0.905],[102.76,0.917],[102.782,0.905],[102.781,0.927],[102.775,0.913],[102.758,0.919],[102.747,0.908],[102.696,0.937],[102.758,1.009],[102.775,1.006],[102.798,0.979],[102.879,0.952],[102.942,0.889],[103.031,0.837],[103.057,0.78],[103.049,0.719],[103.02,0.685],[102.994,0.69],[102.923,0.772],[102.865,0.792],[102.691,0.792]]],[[[102.694,1.124],[102.736,1.155],[102.782,1.158],[102.984,1.089],[103.155,0.895],[103.153,0.847],[103.072,0.832],[102.895,0.961],[102.806,0.993],[102.79,1.023],[102.816,1.033],[102.822,1.049],[102.88,1.042],[102.855,1.085],[102.823,1.068],[102.812,1.08],[102.812,1.037],[102.78,1.02],[102.732,1.04],[102.625,1.01],[102.658,1.038],[102.694,1.124]]],[[[102.537,1.127],[102.615,1.048],[102.608,1.005],[102.588,1.002],[102.501,0.945],[102.461,1.082],[102.484,1.13],[102.537,1.127]]],[[[102.864,1.056],[102.824,1.054],[102.85,1.073],[102.864,1.056]]],[[[102.439,1.075],[102.48,0.942],[102.44,0.949],[102.418,0.921],[102.384,0.914],[102.277,1.003],[102.236,1.101],[102.246,1.193],[102.206,1.277],[102.229,1.338],[102.213,1.414],[102.291,1.413],[102.485,1.239],[102.485,1.198],[102.48,1.217],[102.443,1.242],[102.484,1.195],[102.439,1.075]]],[[[102.038,1.609],[102.462,1.518],[102.497,1.47],[102.472,1.442],[102.495,1.433],[102.505,1.251],[102.398,1.323],[102.295,1.429],[102.182,1.438],[102.107,1.466],[101.999,1.584],[102.004,1.604],[102.038,1.609]]],[[[101.383,1.911],[101.397,2.006],[101.431,2.048],[101.477,2.066],[101.516,2.027],[101.564,2.046],[101.58,2.074],[101.592,2.057],[101.586,2.086],[101.618,2.106],[101.621,2.106],[101.612,2.102],[101.612,2.1],[101.625,2.096],[101.615,2.089],[101.617,2.086],[101.625,2.085],[101.615,2.078],[101.621,2.064],[101.627,2.085],[101.616,2.088],[101.627,2.096],[101.613,2.101],[101.627,2.107],[101.656,2.125],[101.709,2.092],[101.722,2.044],[101.778,1.987],[101.785,1.938],[101.729,1.941],[101.778,1.927],[101.754,1.891],[101.733,1.765],[101.616,1.688],[101.454,1.726],[101.383,1.911]]],[[[101.63,2.113],[101.637,2.125],[101.642,2.121],[101.63,2.113]]]]}},{"type":"Feature","properties":{"k":"14.04"},"geometry":{"type":"MultiPolygon","coordinates":[[[[103.44,-0.769],[103.36,-0.803],[103.346,-0.786],[103.126,-0.746],[103.008,-0.756],[102.913,-0.886],[102.79,-0.977],[102.77,-1.008],[102.779,-1.027],[102.755,-1.024],[102.73,-1.072],[102.685,-1.079],[102.645,-1.12],[102.617,-1.095],[102.597,-1.02],[102.558,-0.999],[102.566,-0.836],[102.638,-0.759],[102.644,-0.696],[102.696,-0.65],[102.698,0.019],[102.741,0.052],[103.019,0.102],[103.072,0.129],[103.226,0.286],[103.348,0.539],[103.415,0.521],[103.585,0.394],[103.604,0.354],[103.601,0.294],[103.615,0.346],[103.713,0.299],[103.759,0.214],[103.775,0.101],[103.814,-0.001],[103.689,-0.024],[103.615,-0.007],[103.567,-0.026],[103.596,-0.037],[103.584,-0.061],[103.563,-0.055],[103.566,-0.07],[103.535,-0.08],[103.522,-0.075],[103.505,-0.08],[103.479,-0.049],[103.462,-0.039],[103.457,-0.044],[103.464,-0.06],[103.479,-0.058],[103.48,-0.078],[103.488,-0.09],[103.454,-0.112],[103.501,-0.148],[103.424,-0.207],[103.434,-0.223],[103.521,-0.211],[103.442,-0.353],[103.549,-0.216],[103.637,-0.224],[103.642,-0.237],[103.668,-0.253],[103.708,-0.255],[103.786,-0.343],[103.694,-0.356],[103.605,-0.396],[103.553,-0.385],[103.604,-0.426],[103.553,-0.496],[103.508,-0.517],[103.468,-0.504],[103.4,-0.517],[103.436,-0.542],[103.427,-0.591],[103.405,-0.604],[103.431,-0.616],[103.373,-0.651],[103.401,-0.647],[103.421,-0.668],[103.399,-0.693],[103.363,-0.697],[103.434,-0.71],[103.412,-0.731],[103.46,-0.735],[103.485,-0.771],[103.44,-0.769]]],[[[103.648,-0.238],[103.647,-0.238],[103.648,-0.236],[103.648,-0.238]]],[[[103.562,-0.177],[103.566,-0.196],[103.478,-0.202],[103.51,-0.183],[103.562,-0.177]]],[[[103.591,-0.12],[103.598,-0.12],[103.59,-0.12],[103.591,-0.12]]],[[[103.591,-0.098],[103.531,-0.123],[103.474,-0.109],[103.499,-0.086],[103.514,-0.095],[103.578,-0.074],[103.591,-0.098]]],[[[103.48,-0.054],[103.508,-0.084],[103.528,-0.083],[103.491,-0.086],[103.482,-0.059],[103.464,-0.046],[103.48,-0.054]]],[[[103.642,-0.025],[103.663,-0.022],[103.681,-0.041],[103.658,-0.052],[103.642,-0.025]]],[[[103.646,-0.05],[103.623,-0.045],[103.602,-0.018],[103.635,-0.018],[103.646,-0.05]]],[[[103.592,0.412],[103.567,0.418],[103.541,0.448],[103.579,0.432],[103.592,0.412]]]]}},{"type":"Feature","properties":{"k":"14.05"},"geometry":{"type":"MultiPolygon","coordinates":[[[[102.961,0.655],[103.096,0.495],[103.108,0.455],[102.888,0.331],[102.723,0.285],[102.612,0.231],[102.574,0.169],[102.522,0.203],[102.511,0.237],[102.496,0.25],[102.461,0.239],[102.444,0.257],[102.431,0.261],[102.406,0.212],[102.413,0.211],[102.424,0.223],[102.432,0.244],[102.468,0.228],[102.485,0.24],[102.515,0.193],[102.548,0.173],[102.538,0.175],[102.528,0.168],[102.583,0.154],[102.595,0.173],[102.599,0.202],[102.662,0.237],[102.769,0.263],[102.855,0.248],[103.056,0.369],[103.147,0.397],[103.175,0.426],[103.202,0.479],[103.296,0.512],[103.326,0.545],[103.347,0.539],[103.226,0.286],[103.061,0.12],[102.839,0.063],[102.498,0.014],[102.46,-0.103],[102.418,-0.157],[102.343,-0.189],[102.208,-0.175],[102.159,-0.268],[102.095,-0.284],[102.051,-0.343],[101.973,-0.401],[101.852,-0.399],[101.768,-0.36],[101.762,-0.322],[101.707,-0.256],[101.613,-0.228],[101.543,-0.127],[101.504,-0.108],[101.576,-0.041],[101.595,0.013],[101.541,0.127],[101.541,0.159],[101.569,0.165],[101.573,0.192],[101.531,0.288],[101.626,0.324],[101.68,0.389],[101.688,0.289],[101.793,0.334],[102.085,0.588],[102.389,0.614],[102.74,0.589],[102.859,0.602],[102.961,0.655]]],[[[102.588,0.166],[102.586,0.169],[102.592,0.173],[102.588,0.166]]],[[[102.569,0.169],[102.569,0.17],[102.57,0.169],[102.569,0.169]]],[[[102.516,0.199],[102.519,0.195],[102.513,0.206],[102.516,0.199]]],[[[102.606,0.213],[102.605,0.215],[102.607,0.214],[102.606,0.213]]],[[[102.423,0.225],[102.409,0.213],[102.425,0.238],[102.423,0.225]]],[[[102.505,0.241],[102.507,0.228],[102.494,0.245],[102.505,0.241]]],[[[102.447,0.25],[102.449,0.247],[102.441,0.252],[102.447,0.25]]],[[[102.719,0.279],[102.717,0.282],[102.722,0.281],[102.719,0.279]]],[[[102.937,0.308],[102.853,0.26],[102.82,0.267],[102.933,0.324],[102.937,0.308]]],[[[102.987,0.337],[102.945,0.312],[102.933,0.336],[102.96,0.356],[102.987,0.337]]],[[[102.985,0.341],[102.987,0.338],[102.985,0.339],[102.985,0.341]]],[[[103.168,0.421],[103.148,0.403],[103.173,0.43],[103.168,0.421]]],[[[103.295,0.627],[103.3,0.551],[103.284,0.529],[103.162,0.502],[103.138,0.576],[103.158,0.683],[103.227,0.7],[103.295,0.627]]],[[[103.028,0.644],[103.036,0.66],[103.054,0.653],[103.079,0.604],[103.068,0.563],[103.028,0.644]]],[[[103.093,0.652],[103.109,0.667],[103.103,0.63],[103.093,0.652]]],[[[102.964,0.662],[102.968,0.659],[102.969,0.655],[102.964,0.662]]],[[[103.287,0.711],[103.288,0.708],[103.286,0.71],[103.287,0.711]]],[[[103.278,0.723],[103.273,0.724],[103.274,0.726],[103.278,0.723]]]]}},{"type":"Feature","properties":{"k":"14.06"},"geometry":{"type":"Polygon","coordinates":[[[100.352,0.353],[100.302,0.324],[100.282,0.333],[100.277,0.427],[100.21,0.554],[100.207,0.607],[100.256,0.709],[100.13,0.809],[100.131,0.903],[100.104,0.905],[100.082,0.938],[100.141,0.951],[100.161,0.999],[100.126,1.04],[100.138,1.065],[100.111,1.069],[100.102,1.092],[100.183,1.121],[100.13,1.175],[100.124,1.255],[100.092,1.333],[100.056,1.351],[100.058,1.374],[100.243,1.393],[100.269,1.42],[100.337,1.429],[100.457,1.345],[100.505,1.338],[100.631,1.239],[100.681,1.306],[100.721,1.25],[100.806,1.254],[100.86,1.342],[100.945,1.395],[100.959,1.375],[100.91,1.041],[100.837,1.0],[100.701,0.778],[100.63,0.579],[100.658,0.573],[100.65,0.547],[100.722,0.462],[100.708,0.449],[100.745,0.424],[100.735,0.392],[100.701,0.411],[100.677,0.381],[100.632,0.412],[100.596,0.403],[100.515,0.299],[100.499,0.213],[100.448,0.234],[100.41,0.318],[100.352,0.353]]]}},{"type":"Feature","properties":{"k":"14.07"},"geometry":{"type":"MultiPolygon","coordinates":[[[[100.329,2.53],[100.361,2.393],[100.431,2.271],[100.561,2.161],[100.648,2.127],[100.645,2.111],[100.673,2.124],[100.773,2.081],[100.795,2.112],[100.781,2.184],[100.766,2.211],[100.761,2.255],[100.789,2.287],[100.914,2.302],[101.057,2.28],[101.073,2.22],[101.15,2.155],[101.099,2.023],[101.13,1.811],[101.159,1.746],[101.276,1.611],[101.392,1.38],[100.946,1.297],[100.959,1.378],[100.929,1.393],[100.86,1.342],[100.806,1.254],[100.721,1.25],[100.681,1.306],[100.631,1.239],[100.505,1.338],[100.457,1.345],[100.284,1.464],[100.331,1.48],[100.323,1.444],[100.409,1.47],[100.432,1.504],[100.416,1.537],[100.455,1.629],[100.446,1.672],[100.411,1.698],[100.428,1.731],[100.419,1.771],[100.285,1.813],[100.32,1.903],[100.326,2.04],[100.361,2.201],[100.307,2.363],[100.302,2.427],[100.329,2.53]]],[[[100.638,2.219],[100.67,2.197],[100.684,2.162],[100.633,2.195],[100.638,2.219]]],[[[100.713,2.199],[100.739,2.262],[100.778,2.185],[100.785,2.121],[100.736,2.149],[100.713,2.199]]],[[[101.034,2.305],[101.023,2.299],[100.986,2.301],[101.004,2.308],[101.034,2.305]]]]}},{"type":"Feature","properties":{"k":"14.08"},"geometry":{"type":"MultiPolygon","coordinates":[[[[102.968,0.671],[102.973,0.673],[102.975,0.669],[102.968,0.671]]],[[[102.965,0.682],[102.966,0.679],[102.962,0.682],[102.965,0.682]]],[[[102.961,0.655],[102.859,0.602],[102.74,0.589],[102.389,0.614],[102.085,0.588],[101.812,0.347],[101.688,0.289],[101.674,0.411],[101.623,0.462],[101.613,0.593],[101.523,0.677],[101.234,0.866],[101.081,0.924],[100.877,0.896],[100.772,0.849],[100.746,0.819],[100.733,0.829],[100.837,1.0],[100.889,1.029],[101.24,1.017],[101.464,0.904],[101.618,1.012],[101.607,1.044],[101.721,1.172],[101.749,1.133],[101.902,1.07],[101.952,0.966],[102.059,1.041],[102.132,1.125],[102.166,1.132],[102.179,1.231],[102.209,1.187],[102.191,1.094],[102.229,0.996],[102.416,0.805],[102.505,0.751],[102.57,0.739],[102.675,0.756],[102.894,0.729],[102.961,0.655]]],[[[102.157,1.141],[102.166,1.144],[102.161,1.136],[102.157,1.141]]],[[[102.153,1.133],[102.136,1.131],[102.151,1.16],[102.153,1.133]]]]}},{"type":"Feature","properties":{"k":"14.09"},"geometry":{"type":"Polygon","coordinates":[[[101.914,-0.921],[101.907,-0.951],[101.845,-0.983],[101.65,-0.934],[101.596,-0.851],[101.396,-0.739],[101.408,-0.721],[101.355,-0.687],[101.36,-0.659],[101.308,-0.627],[101.254,-0.625],[101.162,-0.536],[101.106,-0.502],[101.069,-0.501],[101.026,-0.396],[101.052,-0.375],[101.109,-0.376],[101.196,-0.177],[101.191,-0.11],[101.262,-0.002],[101.337,-0.107],[101.331,-0.154],[101.421,-0.311],[101.468,-0.263],[101.448,-0.128],[101.488,-0.098],[101.543,-0.127],[101.613,-0.228],[101.707,-0.256],[101.762,-0.322],[101.768,-0.36],[101.852,-0.399],[101.877,-0.394],[101.874,-0.608],[101.842,-0.661],[101.782,-0.704],[101.746,-0.809],[101.794,-0.876],[101.914,-0.921]]]}},{"type":"Feature","properties":{"k":"14.10"},"geometry":{"type":"MultiPolygon","coordinates":[[[[104.584,0.748],[104.587,0.749],[104.588,0.745],[104.584,0.748]]],[[[104.483,0.76],[104.485,0.756],[104.481,0.752],[104.483,0.76]]],[[[104.588,0.778],[104.522,0.761],[104.509,0.744],[104.511,0.776],[104.545,0.797],[104.588,0.778]]],[[[104.637,0.784],[104.586,0.752],[104.58,0.757],[104.589,0.777],[104.587,0.792],[104.637,0.784]]],[[[104.433,0.775],[104.435,0.775],[104.433,0.774],[104.433,0.775]]],[[[104.514,0.784],[104.514,0.78],[104.512,0.781],[104.514,0.784]]],[[[104.519,0.786],[104.517,0.785],[104.517,0.788],[104.519,0.786]]],[[[104.576,0.793],[104.584,0.795],[104.584,0.791],[104.576,0.793]]],[[[104.503,0.797],[104.507,0.795],[104.505,0.794],[104.503,0.797]]],[[[104.616,0.8],[104.608,0.795],[104.606,0.799],[104.616,0.8]]],[[[104.554,0.801],[104.566,0.799],[104.555,0.795],[104.554,0.801]]],[[[104.609,0.803],[104.609,0.805],[104.611,0.805],[104.609,0.803]]],[[[104.528,0.805],[104.53,0.805],[104.53,0.804],[104.528,0.805]]],[[[104.365,0.82],[104.353,0.845],[104.359,0.848],[104.365,0.82]]],[[[104.457,0.856],[104.451,0.855],[104.456,0.858],[104.457,0.856]]],[[[104.386,0.859],[104.388,0.856],[104.386,0.857],[104.386,0.859]]],[[[104.617,0.859],[104.615,0.854],[104.613,0.859],[104.617,0.859]]],[[[104.425,0.858],[104.426,0.861],[104.427,0.858],[104.425,0.858]]],[[[104.485,0.871],[104.462,0.858],[104.417,0.876],[104.454,0.888],[104.485,0.871]]],[[[104.419,0.924],[104.411,0.931],[104.427,0.928],[104.419,0.924]]],[[[104.338,0.956],[104.346,0.952],[104.339,0.95],[104.338,0.956]]],[[[104.41,0.96],[104.403,0.955],[104.402,0.957],[104.41,0.96]]],[[[104.528,0.975],[104.505,1.123],[104.424,1.101],[104.36,1.019],[104.343,1.02],[104.339,1.028],[104.322,1.043],[104.317,1.04],[104.321,1.025],[104.339,1.025],[104.332,0.995],[104.229,1.017],[104.236,1.038],[104.217,1.089],[104.239,1.124],[104.329,1.139],[104.312,1.183],[104.372,1.179],[104.394,1.204],[104.5,1.17],[104.543,1.198],[104.562,1.19],[104.546,1.218],[104.584,1.228],[104.577,1.157],[104.632,1.109],[104.653,1.061],[104.634,0.986],[104.641,0.947],[104.66,0.941],[104.66,0.914],[104.625,0.904],[104.616,0.892],[104.593,0.81],[104.477,0.85],[104.491,0.875],[104.439,0.906],[104.438,0.932],[104.476,0.919],[104.499,0.935],[104.483,0.926],[104.481,0.95],[104.448,0.936],[104.409,0.964],[104.416,0.979],[104.528,0.975]]],[[[104.33,1.029],[104.326,1.03],[104.328,1.034],[104.33,1.029]]],[[[104.327,1.036],[104.327,1.034],[104.323,1.034],[104.327,1.036]]],[[[104.223,1.038],[104.225,1.041],[104.224,1.038],[104.223,1.038]]],[[[104.332,1.185],[104.333,1.186],[104.334,1.184],[104.332,1.185]]],[[[104.376,1.193],[104.374,1.194],[104.377,1.195],[104.376,1.193]]],[[[104.528,1.194],[104.524,1.195],[104.526,1.198],[104.528,1.194]]],[[[104.627,0.716],[104.63,0.719],[104.63,0.718],[104.627,0.716]]],[[[104.661,0.752],[104.624,0.714],[104.62,0.698],[104.602,0.699],[104.616,0.738],[104.661,0.752]]],[[[104.738,0.791],[104.754,0.774],[104.746,0.751],[104.685,0.778],[104.738,0.791]]],[[[104.643,0.79],[104.643,0.793],[104.647,0.792],[104.643,0.79]]],[[[104.624,0.79],[104.621,0.799],[104.63,0.797],[104.624,0.79]]],[[[104.698,0.8],[104.7,0.8],[104.699,0.797],[104.698,0.8]]],[[[104.671,0.802],[104.675,0.803],[104.672,0.799],[104.671,0.802]]],[[[104.645,0.802],[104.638,0.806],[104.646,0.809],[104.645,0.802]]],[[[104.675,0.828],[104.676,0.822],[104.671,0.826],[104.675,0.828]]],[[[104.618,0.837],[104.624,0.82],[104.609,0.815],[104.618,0.837]]],[[[104.632,0.83],[104.629,0.835],[104.63,0.836],[104.632,0.83]]],[[[104.668,0.834],[104.667,0.828],[104.664,0.831],[104.668,0.834]]],[[[104.648,0.869],[104.666,0.819],[104.621,0.807],[104.636,0.825],[104.648,0.869]]],[[[104.621,0.846],[104.616,0.838],[104.612,0.842],[104.621,0.846]]],[[[104.703,0.847],[104.704,0.842],[104.702,0.844],[104.703,0.847]]],[[[104.621,0.861],[104.616,0.844],[104.614,0.847],[104.621,0.861]]],[[[104.636,0.859],[104.636,0.861],[104.637,0.859],[104.636,0.859]]],[[[104.655,0.867],[104.657,0.872],[104.659,0.867],[104.655,0.867]]],[[[104.677,0.896],[104.696,0.85],[104.677,0.846],[104.66,0.863],[104.677,0.896]]],[[[104.65,0.872],[104.655,0.875],[104.653,0.869],[104.65,0.872]]],[[[104.708,0.874],[104.71,0.876],[104.709,0.874],[104.708,0.874]]],[[[104.657,0.894],[104.628,0.855],[104.619,0.864],[104.624,0.896],[104.657,0.894]]],[[[104.668,0.893],[104.666,0.885],[104.662,0.892],[104.668,0.893]]],[[[104.629,0.899],[104.635,0.899],[104.637,0.897],[104.634,0.896],[104.629,0.899]]],[[[104.672,0.912],[104.669,0.91],[104.671,0.916],[104.672,0.912]]],[[[104.716,0.925],[104.718,0.924],[104.718,0.92],[104.716,0.925]]],[[[104.677,1.055],[104.677,1.049],[104.676,1.056],[104.677,1.055]]],[[[104.707,1.051],[104.71,1.054],[104.711,1.051],[104.707,1.051]]],[[[104.672,1.066],[104.677,1.067],[104.675,1.061],[104.672,1.066]]],[[[107.248,0.146],[107.233,0.102],[107.219,0.1],[107.204,0.127],[107.248,0.146]]],[[[107.148,0.515],[107.151,0.514],[107.149,0.514],[107.148,0.515]]],[[[106.974,0.556],[106.979,0.556],[106.978,0.552],[106.974,0.556]]],[[[107.182,0.57],[107.184,0.565],[107.179,0.565],[107.182,0.57]]],[[[107.191,0.565],[107.189,0.569],[107.192,0.568],[107.191,0.565]]],[[[107.17,0.578],[107.173,0.584],[107.172,0.575],[107.17,0.578]]],[[[107.107,0.583],[107.108,0.581],[107.104,0.581],[107.107,0.583]]],[[[107.135,0.579],[107.133,0.59],[107.136,0.587],[107.135,0.579]]],[[[107.089,0.595],[107.093,0.607],[107.097,0.603],[107.089,0.595]]],[[[106.974,0.604],[106.983,0.609],[106.987,0.601],[106.974,0.604]]],[[[107.036,0.62],[107.032,0.617],[107.035,0.621],[107.036,0.62]]],[[[107.024,0.634],[107.011,0.626],[107.015,0.65],[107.024,0.634]]],[[[104.779,0.724],[104.78,0.724],[104.782,0.722],[104.779,0.724]]],[[[104.758,0.747],[104.734,0.718],[104.689,0.761],[104.711,0.761],[104.758,0.747]]],[[[107.325,0.747],[107.321,0.746],[107.324,0.748],[107.325,0.747]]],[[[104.816,0.792],[104.812,0.785],[104.81,0.788],[104.816,0.792]]],[[[104.748,0.797],[104.745,0.802],[104.747,0.802],[104.748,0.797]]],[[[104.766,0.812],[104.767,0.811],[104.765,0.811],[104.766,0.812]]],[[[106.734,0.926],[106.744,0.921],[106.743,0.918],[106.734,0.926]]],[[[104.734,0.931],[104.747,0.938],[104.755,0.919],[104.734,0.931]]],[[[104.918,0.935],[104.928,0.928],[104.927,0.927],[104.918,0.935]]],[[[104.812,0.971],[104.808,0.974],[104.819,0.972],[104.812,0.971]]],[[[104.856,0.987],[104.858,0.985],[104.856,0.983],[104.856,0.987]]],[[[104.829,0.975],[104.79,1.004],[104.786,1.029],[104.849,1.013],[104.854,0.983],[104.837,0.96],[104.814,0.963],[104.829,0.975]]],[[[104.819,1.029],[104.82,1.029],[104.819,1.027],[104.819,1.029]]],[[[104.831,1.048],[104.829,1.046],[104.829,1.048],[104.831,1.048]]],[[[106.891,1.194],[106.891,1.186],[106.886,1.191],[106.891,1.194]]],[[[107.042,1.316],[107.044,1.313],[107.043,1.313],[107.042,1.316]]],[[[106.323,1.581],[106.32,1.584],[106.324,1.584],[106.323,1.581]]],[[[108.028,0.24],[108.027,0.246],[108.032,0.241],[108.028,0.24]]],[[[108.045,0.248],[108.036,0.247],[108.045,0.25],[108.045,0.248]]],[[[107.521,0.884],[107.52,0.875],[107.518,0.875],[107.521,0.884]]],[[[107.543,0.896],[107.549,0.884],[107.544,0.868],[107.539,0.88],[107.543,0.896]]],[[[107.469,0.906],[107.47,0.906],[107.469,0.903],[107.469,0.906]]],[[[107.498,0.925],[107.5,0.928],[107.5,0.923],[107.498,0.925]]],[[[107.502,0.929],[107.499,0.951],[107.509,0.941],[107.502,0.929]]],[[[107.519,0.943],[107.52,0.948],[107.522,0.947],[107.519,0.943]]],[[[107.426,0.978],[107.471,0.969],[107.469,0.923],[107.439,0.932],[107.426,0.978]]],[[[107.482,0.944],[107.48,0.961],[107.481,0.966],[107.482,0.944]]],[[[107.411,0.958],[107.422,0.963],[107.421,0.948],[107.411,0.958]]],[[[107.494,0.962],[107.487,0.959],[107.489,0.971],[107.494,0.962]]],[[[107.397,0.975],[107.393,0.971],[107.394,0.974],[107.397,0.975]]],[[[107.398,0.98],[107.395,0.982],[107.397,0.983],[107.398,0.98]]],[[[107.418,0.987],[107.4,0.987],[107.416,0.991],[107.418,0.987]]],[[[107.537,1.027],[107.602,0.999],[107.554,0.947],[107.574,1.007],[107.543,0.973],[107.554,0.992],[107.529,0.993],[107.537,1.027]]],[[[107.528,0.991],[107.527,0.995],[107.529,0.993],[107.528,0.991]]],[[[107.387,0.996],[107.395,1.01],[107.393,0.989],[107.387,0.996]]],[[[107.406,1.004],[107.41,1.0],[107.406,0.999],[107.406,1.004]]],[[[107.38,1.012],[107.386,1.008],[107.378,1.005],[107.38,1.012]]],[[[107.367,1.006],[107.362,1.023],[107.372,1.022],[107.367,1.006]]],[[[107.509,1.024],[107.511,1.022],[107.508,1.023],[107.509,1.024]]],[[[107.38,1.035],[107.383,1.027],[107.377,1.033],[107.38,1.035]]],[[[107.504,1.036],[107.502,1.05],[107.519,1.046],[107.504,1.036]]],[[[107.486,1.056],[107.494,1.045],[107.484,1.052],[107.486,1.056]]],[[[107.446,1.087],[107.44,1.086],[107.442,1.09],[107.446,1.087]]],[[[107.438,1.091],[107.43,1.089],[107.434,1.093],[107.438,1.091]]],[[[107.393,1.088],[107.404,1.113],[107.418,1.101],[107.393,1.088]]]]}},{"type":"Feature","properties":{"k":"14.71"},"geometry":{"type":"Polygon","coordinates":[[[101.426,0.744],[101.613,0.593],[101.628,0.494],[101.623,0.462],[101.549,0.4],[101.468,0.371],[101.376,0.394],[101.326,0.447],[101.316,0.469],[101.342,0.542],[101.296,0.605],[101.304,0.635],[101.426,0.744]]]}},{"type":"Feature","properties":{"k":"14.72","approx":1},"geometry":{"type":"Polygon","coordinates":[[[101.622,1.605],[101.605,1.517],[101.555,1.442],[101.48,1.392],[101.392,1.375],[101.303,1.392],[101.228,1.442],[101.178,1.517],[101.161,1.605],[101.178,1.694],[101.228,1.769],[101.303,1.819],[101.392,1.836],[101.48,1.819],[101.555,1.769],[101.605,1.694],[101.622,1.605]]]}},{"type":"Feature","properties":{"k":"15.01"},"geometry":{"type":"Polygon","coordinates":[[[101.126,-1.679],[101.162,-1.698],[101.188,-1.677],[101.222,-1.715],[101.263,-1.692],[101.424,-1.676],[101.637,-1.894],[101.657,-1.963],[101.726,-2.006],[101.833,-2.176],[101.781,-2.192],[101.708,-2.308],[101.644,-2.34],[101.599,-2.336],[101.579,-2.358],[101.549,-2.349],[101.557,-2.449],[101.294,-2.28],[101.305,-2.202],[101.269,-2.075],[101.24,-2.017],[101.19,-1.985],[101.139,-1.905],[101.126,-1.679]]]}},{"type":"Feature","properties":{"k":"15.02"},"geometry":{"type":"Polygon","coordinates":[[[102.434,-1.835],[102.474,-2.01],[102.565,-2.124],[102.563,-2.147],[102.453,-2.199],[102.454,-2.236],[102.415,-2.254],[102.329,-2.25],[102.27,-2.335],[102.232,-2.319],[102.081,-2.42],[102.061,-2.534],[102.071,-2.561],[102.031,-2.615],[102.087,-2.768],[102.034,-2.76],[101.99,-2.723],[101.924,-2.741],[101.868,-2.728],[101.67,-2.529],[101.569,-2.545],[101.548,-2.569],[101.549,-2.349],[101.579,-2.358],[101.599,-2.336],[101.644,-2.34],[101.708,-2.308],[101.781,-2.192],[101.834,-2.176],[101.726,-2.006],[101.657,-1.963],[101.643,-1.884],[101.736,-1.868],[101.822,-1.81],[101.953,-1.854],[102.002,-1.919],[102.063,-1.866],[102.107,-1.867],[102.136,-1.826],[102.136,-1.781],[102.206,-1.776],[102.309,-1.688],[102.356,-1.678],[102.407,-1.694],[102.53,-1.639],[102.507,-1.715],[102.455,-1.754],[102.434,-1.835]]]}},{"type":"Feature","properties":{"k":"15.03"},"geometry":{"type":"Polygon","coordinates":[[[103.022,-2.349],[102.874,-2.311],[102.84,-2.371],[102.877,-2.418],[102.813,-2.483],[102.793,-2.539],[102.735,-2.582],[102.722,-2.558],[102.702,-2.59],[102.623,-2.624],[102.615,-2.662],[102.586,-2.685],[102.534,-2.678],[102.501,-2.702],[102.462,-2.703],[102.262,-2.622],[102.236,-2.64],[102.228,-2.692],[102.124,-2.727],[102.087,-2.768],[102.039,-2.668],[102.031,-2.615],[102.071,-2.561],[102.061,-2.534],[102.081,-2.42],[102.232,-2.319],[102.27,-2.335],[102.329,-2.25],[102.415,-2.254],[102.454,-2.236],[102.45,-2.202],[102.497,-2.169],[102.559,-2.155],[102.565,-2.124],[102.474,-2.01],[102.445,-1.909],[102.464,-1.895],[102.545,-1.92],[102.597,-1.909],[102.704,-1.952],[102.793,-1.939],[102.788,-1.976],[102.803,-1.987],[102.886,-1.982],[102.898,-1.963],[102.925,-1.973],[102.977,-1.946],[103.043,-1.964],[103.24,-1.949],[103.267,-2.0],[103.244,-2.13],[103.161,-2.234],[103.201,-2.27],[103.207,-2.319],[103.122,-2.357],[103.039,-2.316],[103.022,-2.349]]]}},{"type":"Feature","properties":{"k":"15.04"},"geometry":{"type":"Polygon","coordinates":[[[103.241,-2.14],[103.267,-2.0],[103.23,-1.943],[103.076,-1.963],[102.977,-1.946],[102.926,-1.973],[102.898,-1.963],[102.886,-1.982],[102.803,-1.987],[102.788,-1.976],[102.793,-1.939],[102.704,-1.952],[102.597,-1.909],[102.545,-1.92],[102.473,-1.892],[102.492,-1.83],[102.547,-1.889],[102.582,-1.885],[102.678,-1.768],[102.701,-1.705],[102.742,-1.683],[102.8,-1.581],[102.787,-1.529],[102.819,-1.46],[102.808,-1.411],[102.86,-1.373],[102.985,-1.428],[103.045,-1.495],[103.083,-1.431],[103.184,-1.392],[103.3,-1.411],[103.33,-1.356],[103.386,-1.392],[103.452,-1.502],[103.538,-1.52],[103.48,-1.73],[103.432,-1.786],[103.389,-1.889],[103.405,-2.03],[103.457,-2.061],[103.521,-2.068],[103.518,-2.105],[103.558,-2.14],[103.501,-2.175],[103.453,-2.178],[103.449,-2.358],[103.331,-2.269],[103.296,-2.227],[103.273,-2.148],[103.241,-2.14]]]}},{"type":"Feature","properties":{"k":"15.05"},"geometry":{"type":"Polygon","coordinates":[[[104.37,-1.645],[104.345,-1.738],[104.229,-1.741],[104.093,-1.786],[103.952,-1.774],[103.916,-1.745],[103.878,-1.743],[103.822,-1.796],[103.72,-1.801],[103.621,-1.835],[103.537,-1.904],[103.521,-2.068],[103.469,-2.063],[103.42,-2.047],[103.394,-2.007],[103.389,-1.889],[103.432,-1.786],[103.48,-1.73],[103.538,-1.52],[103.452,-1.502],[103.386,-1.392],[103.33,-1.356],[103.3,-1.411],[103.184,-1.392],[103.122,-1.422],[103.183,-1.338],[103.268,-1.306],[103.274,-1.225],[103.363,-1.228],[103.479,-1.383],[103.51,-1.381],[103.597,-1.443],[103.675,-1.414],[103.72,-1.433],[103.746,-1.407],[103.804,-1.406],[103.881,-1.364],[103.932,-1.36],[103.955,-1.385],[103.988,-1.384],[104.085,-1.279],[104.2,-1.456],[104.327,-1.572],[104.37,-1.645]]]}},{"type":"Feature","properties":{"k":"15.06"},"geometry":{"type":"Polygon","coordinates":[[[103.446,-1.332],[103.363,-1.228],[103.274,-1.225],[103.268,-1.306],[103.183,-1.338],[103.122,-1.422],[103.061,-1.447],[103.045,-1.495],[102.989,-1.431],[102.877,-1.374],[102.828,-1.392],[102.806,-1.428],[102.79,-1.419],[102.764,-1.306],[102.686,-1.237],[102.639,-1.121],[102.685,-1.079],[102.73,-1.072],[102.755,-1.024],[102.779,-1.027],[102.77,-1.008],[102.79,-0.977],[102.913,-0.886],[103.008,-0.756],[103.126,-0.746],[103.346,-0.786],[103.36,-0.803],[103.41,-0.773],[103.485,-0.771],[103.476,-0.808],[103.547,-0.81],[103.549,-0.857],[103.646,-0.923],[103.552,-1.046],[103.446,-1.332]]]}},{"type":"Feature","properties":{"k":"15.07"},"geometry":{"type":"Polygon","coordinates":[[[103.646,-0.922],[103.671,-0.955],[103.724,-0.957],[103.747,-1.002],[103.804,-0.994],[103.81,-1.06],[103.836,-1.01],[103.908,-0.982],[104.104,-1.031],[104.13,-1.044],[104.121,-1.052],[104.115,-1.064],[104.12,-1.077],[104.133,-1.079],[104.129,-1.089],[104.134,-1.079],[104.117,-1.064],[104.125,-1.05],[104.176,-1.05],[104.206,-1.072],[104.266,-1.041],[104.333,-1.049],[104.365,-1.018],[104.405,-1.123],[104.393,-1.216],[104.457,-1.335],[104.439,-1.508],[104.489,-1.661],[104.428,-1.631],[104.36,-1.636],[104.327,-1.572],[104.183,-1.435],[104.087,-1.279],[103.988,-1.384],[103.955,-1.385],[103.932,-1.36],[103.881,-1.364],[103.804,-1.406],[103.746,-1.407],[103.72,-1.433],[103.675,-1.414],[103.584,-1.44],[103.51,-1.381],[103.479,-1.383],[103.446,-1.332],[103.552,-1.046],[103.646,-0.922]]]}},{"type":"Feature","properties":{"k":"15.08"},"geometry":{"type":"Polygon","coordinates":[[[101.635,-1.892],[101.43,-1.69],[101.496,-1.674],[101.562,-1.576],[101.693,-1.484],[101.719,-1.423],[101.689,-1.399],[101.717,-1.354],[101.687,-1.278],[101.722,-1.234],[101.814,-1.215],[101.886,-1.1],[101.961,-1.126],[101.944,-1.174],[101.953,-1.218],[101.852,-1.274],[101.817,-1.326],[101.83,-1.347],[102.105,-1.401],[102.241,-1.476],[102.311,-1.461],[102.32,-1.572],[102.48,-1.57],[102.487,-1.649],[102.474,-1.663],[102.407,-1.694],[102.318,-1.685],[102.206,-1.776],[102.136,-1.781],[102.136,-1.826],[102.107,-1.867],[102.063,-1.866],[102.002,-1.919],[101.953,-1.854],[101.822,-1.81],[101.736,-1.868],[101.66,-1.872],[101.635,-1.892]]]}},{"type":"Feature","properties":{"k":"15.09"},"geometry":{"type":"Polygon","coordinates":[[[102.785,-1.411],[102.819,-1.46],[102.787,-1.525],[102.796,-1.592],[102.738,-1.688],[102.701,-1.705],[102.678,-1.768],[102.577,-1.888],[102.547,-1.889],[102.489,-1.831],[102.473,-1.892],[102.445,-1.909],[102.434,-1.835],[102.455,-1.754],[102.507,-1.715],[102.53,-1.639],[102.486,-1.653],[102.469,-1.565],[102.314,-1.569],[102.325,-1.494],[102.311,-1.461],[102.241,-1.476],[102.105,-1.401],[101.83,-1.347],[101.817,-1.326],[101.852,-1.274],[101.95,-1.224],[101.961,-1.126],[101.873,-1.095],[101.86,-1.113],[101.83,-1.102],[101.822,-0.977],[101.845,-0.983],[101.907,-0.951],[101.921,-0.911],[101.963,-0.912],[101.984,-0.88],[102.042,-0.9],[102.062,-0.889],[102.117,-0.921],[102.165,-0.899],[102.204,-0.949],[102.307,-0.917],[102.326,-0.963],[102.386,-0.993],[102.382,-1.027],[102.442,-1.025],[102.491,-1.084],[102.623,-1.098],[102.686,-1.237],[102.764,-1.306],[102.785,-1.411]]]}},{"type":"Feature","properties":{"k":"15.71"},"geometry":{"type":"Polygon","coordinates":[[[103.648,-1.56],[103.692,-1.571],[103.71,-1.644],[103.681,-1.673],[103.65,-1.662],[103.64,-1.685],[103.591,-1.675],[103.572,-1.649],[103.591,-1.574],[103.648,-1.56]]]}},{"type":"Feature","properties":{"k":"15.72"},"geometry":{"type":"Polygon","coordinates":[[[101.429,-2.03],[101.457,-2.09],[101.409,-2.119],[101.412,-2.167],[101.368,-2.176],[101.37,-2.192],[101.282,-2.251],[101.265,-2.102],[101.241,-2.065],[101.29,-2.028],[101.429,-2.03]]]}},{"type":"Feature","properties":{"k":"16.01"},"geometry":{"type":"Polygon","coordinates":[[[104.484,-4.29],[104.37,-4.353],[104.33,-4.428],[104.327,-4.496],[104.213,-4.429],[104.138,-4.418],[104.115,-4.388],[104.046,-4.452],[103.981,-4.455],[103.941,-4.402],[103.944,-4.356],[103.853,-4.274],[103.834,-4.222],[103.768,-4.24],[103.733,-4.27],[103.748,-4.105],[103.767,-4.06],[103.89,-3.973],[103.905,-3.93],[103.967,-3.89],[103.989,-3.888],[103.991,-3.909],[104.083,-3.912],[104.258,-3.844],[104.297,-3.799],[104.374,-3.763],[104.402,-3.783],[104.46,-3.771],[104.561,-3.795],[104.558,-3.843],[104.497,-3.882],[104.49,-3.945],[104.433,-3.964],[104.353,-4.027],[104.302,-4.094],[104.352,-4.174],[104.484,-4.29]]]}},{"type":"Feature","properties":{"k":"16.02"},"geometry":{"type":"MultiPolygon","coordinates":[[[[105.844,-4.16],[105.775,-4.112],[105.756,-4.139],[105.7,-4.135],[105.707,-4.099],[105.684,-4.096],[105.679,-4.074],[105.65,-4.084],[105.661,-4.047],[105.604,-4.051],[105.628,-4.005],[105.587,-3.954],[105.608,-3.94],[105.561,-3.929],[105.57,-3.901],[105.545,-3.882],[105.521,-3.893],[105.523,-3.84],[105.43,-3.825],[105.431,-3.788],[105.411,-3.778],[105.357,-3.8],[105.329,-3.727],[105.302,-3.795],[105.283,-3.801],[105.294,-3.844],[105.278,-3.877],[105.242,-3.909],[105.201,-3.892],[105.164,-3.94],[105.141,-3.937],[105.134,-3.991],[105.105,-4.019],[105.119,-4.046],[105.094,-4.051],[105.063,-4.121],[105.017,-4.169],[104.968,-4.172],[104.792,-4.262],[104.704,-4.248],[104.728,-4.161],[104.835,-4.104],[104.828,-4.068],[104.916,-4.006],[104.932,-3.954],[104.917,-3.932],[104.809,-3.937],[104.787,-3.918],[104.813,-3.837],[104.849,-3.796],[104.843,-3.715],[104.736,-3.676],[104.719,-3.645],[104.648,-3.652],[104.63,-3.63],[104.631,-3.587],[104.688,-3.488],[104.713,-3.468],[104.829,-3.454],[104.8,-3.41],[104.819,-3.304],[104.788,-3.252],[104.806,-3.068],[104.855,-3.104],[104.884,-3.104],[104.913,-3.135],[104.902,-3.175],[104.946,-3.188],[105.013,-3.128],[105.034,-2.985],[105.067,-2.954],[105.107,-2.978],[105.166,-3.075],[105.216,-3.082],[105.263,-2.988],[105.307,-2.99],[105.293,-2.963],[105.309,-2.921],[105.293,-2.889],[105.275,-2.903],[105.265,-2.882],[105.263,-2.858],[105.286,-2.851],[105.282,-2.824],[105.257,-2.807],[105.26,-2.754],[105.223,-2.741],[105.219,-2.686],[105.18,-2.65],[105.214,-2.634],[105.207,-2.59],[105.233,-2.549],[105.254,-2.558],[105.318,-2.503],[105.342,-2.451],[105.473,-2.461],[105.58,-2.418],[105.616,-2.391],[105.633,-2.435],[105.604,-2.553],[105.633,-2.644],[105.692,-2.683],[105.78,-2.683],[105.787,-2.868],[105.85,-2.952],[105.888,-2.965],[105.958,-2.943],[106.044,-2.987],[106.051,-3.129],[106.096,-3.225],[106.084,-3.259],[105.94,-3.356],[105.921,-3.347],[105.929,-3.367],[105.896,-3.421],[105.88,-3.414],[105.823,-3.594],[105.82,-3.669],[105.853,-3.747],[105.927,-3.775],[105.961,-3.826],[105.867,-4.022],[105.844,-4.16]]],[[[105.494,-2.451],[105.487,-2.449],[105.495,-2.449],[105.494,-2.451]]]]}},{"type":"Feature","properties":{"k":"16.03"},"geometry":{"type":"Polygon","coordinates":[[[104.258,-3.657],[104.432,-3.546],[104.463,-3.538],[104.477,-3.558],[104.473,-3.612],[104.417,-3.659],[104.362,-3.774],[104.297,-3.799],[104.258,-3.844],[104.083,-3.912],[103.96,-3.893],[103.905,-3.93],[103.89,-3.973],[103.767,-4.06],[103.744,-4.13],[103.728,-4.325],[103.51,-4.374],[103.5,-4.361],[103.608,-4.041],[103.684,-3.967],[103.718,-3.822],[103.774,-3.749],[103.748,-3.698],[103.764,-3.592],[103.639,-3.516],[103.563,-3.566],[103.54,-3.556],[103.565,-3.487],[103.596,-3.463],[103.62,-3.324],[103.654,-3.26],[103.729,-3.237],[103.757,-3.197],[103.847,-3.175],[103.864,-3.124],[103.911,-3.099],[103.918,-3.049],[104.028,-3.06],[104.096,-3.11],[104.249,-3.091],[104.34,-3.059],[104.425,-3.087],[104.587,-3.089],[104.561,-3.168],[104.507,-3.188],[104.525,-3.229],[104.495,-3.268],[104.55,-3.265],[104.564,-3.329],[104.585,-3.347],[104.543,-3.409],[104.477,-3.423],[104.423,-3.487],[104.312,-3.556],[104.284,-3.523],[104.294,-3.468],[104.347,-3.454],[104.346,-3.373],[104.298,-3.346],[104.271,-3.399],[104.249,-3.349],[104.189,-3.338],[104.171,-3.386],[104.147,-3.384],[104.147,-3.44],[104.091,-3.557],[104.109,-3.583],[104.142,-3.591],[104.124,-3.546],[104.185,-3.57],[104.204,-3.552],[104.232,-3.559],[104.229,-3.597],[104.249,-3.604],[104.258,-3.657]]]}},{"type":"Feature","properties":{"k":"16.04"},"geometry":{"type":"Polygon","coordinates":[[[103.309,-4.268],[103.319,-4.205],[103.36,-4.161],[103.369,-4.077],[103.412,-4.013],[103.406,-3.984],[103.362,-3.989],[103.326,-4.043],[103.303,-4.047],[103.228,-4.042],[103.219,-4.02],[103.241,-4.001],[103.228,-3.986],[103.144,-4.002],[103.135,-4.056],[103.178,-4.146],[103.177,-4.242],[103.084,-4.259],[103.063,-4.241],[103.076,-4.2],[102.931,-4.094],[102.927,-4.054],[102.983,-4.047],[103.001,-4.015],[102.956,-4.013],[102.907,-3.966],[102.877,-3.985],[102.822,-3.97],[102.684,-3.855],[102.663,-3.816],[102.618,-3.798],[102.734,-3.742],[102.746,-3.67],[102.806,-3.617],[102.814,-3.526],[102.914,-3.61],[102.993,-3.522],[103.01,-3.419],[103.034,-3.42],[103.099,-3.475],[103.171,-3.457],[103.202,-3.498],[103.284,-3.504],[103.293,-3.523],[103.41,-3.53],[103.479,-3.507],[103.522,-3.607],[103.542,-3.602],[103.545,-3.568],[103.639,-3.516],[103.767,-3.597],[103.748,-3.698],[103.773,-3.755],[103.718,-3.822],[103.684,-3.967],[103.608,-4.041],[103.517,-4.337],[103.5,-4.361],[103.479,-4.356],[103.46,-4.32],[103.365,-4.315],[103.309,-4.268]]]}},{"type":"Feature","properties":{"k":"16.05"},"geometry":{"type":"Polygon","coordinates":[[[103.003,-3.422],[102.979,-3.105],[102.933,-3.188],[102.884,-3.177],[102.843,-3.138],[102.824,-3.106],[102.841,-3.071],[102.799,-3.076],[102.773,-3.133],[102.805,-3.151],[102.68,-3.322],[102.631,-3.35],[102.492,-3.245],[102.492,-3.132],[102.462,-3.073],[102.39,-3.044],[102.323,-3.068],[102.253,-3.033],[102.218,-2.929],[102.133,-2.876],[102.125,-2.833],[102.077,-2.799],[102.064,-2.767],[102.228,-2.692],[102.256,-2.623],[102.319,-2.654],[102.367,-2.653],[102.402,-2.687],[102.462,-2.703],[102.501,-2.702],[102.534,-2.678],[102.591,-2.683],[102.623,-2.624],[102.702,-2.59],[102.722,-2.558],[102.735,-2.582],[102.793,-2.539],[102.813,-2.483],[102.877,-2.418],[102.84,-2.371],[102.877,-2.31],[103.012,-2.344],[103.048,-2.389],[103.119,-2.399],[103.119,-2.471],[103.191,-2.479],[103.2,-2.525],[103.258,-2.507],[103.358,-2.554],[103.37,-2.626],[103.354,-2.726],[103.283,-2.773],[103.348,-2.83],[103.425,-2.841],[103.408,-2.927],[103.457,-2.986],[103.474,-3.046],[103.516,-3.091],[103.568,-3.105],[103.602,-3.171],[103.646,-3.188],[103.636,-3.227],[103.658,-3.258],[103.62,-3.324],[103.596,-3.463],[103.543,-3.534],[103.542,-3.602],[103.515,-3.603],[103.479,-3.507],[103.41,-3.53],[103.293,-3.523],[103.284,-3.504],[103.202,-3.498],[103.171,-3.457],[103.099,-3.475],[103.034,-3.42],[103.003,-3.422]]]}},{"type":"Feature","properties":{"k":"16.06"},"geometry":{"type":"Polygon","coordinates":[[[104.16,-3.107],[104.08,-3.108],[104.028,-3.06],[103.918,-3.049],[103.911,-3.099],[103.864,-3.124],[103.847,-3.175],[103.757,-3.197],[103.729,-3.237],[103.658,-3.258],[103.636,-3.227],[103.643,-3.181],[103.603,-3.171],[103.568,-3.105],[103.516,-3.091],[103.474,-3.046],[103.457,-2.986],[103.408,-2.927],[103.425,-2.841],[103.348,-2.83],[103.283,-2.773],[103.354,-2.726],[103.362,-2.559],[103.258,-2.507],[103.2,-2.525],[103.191,-2.479],[103.119,-2.471],[103.123,-2.401],[103.04,-2.385],[103.022,-2.349],[103.039,-2.316],[103.122,-2.357],[103.205,-2.321],[103.201,-2.27],[103.161,-2.234],[103.184,-2.19],[103.219,-2.172],[103.224,-2.137],[103.255,-2.137],[103.284,-2.17],[103.302,-2.237],[103.449,-2.358],[103.453,-2.178],[103.501,-2.175],[103.558,-2.14],[103.518,-2.102],[103.543,-1.894],[103.621,-1.835],[103.719,-1.802],[103.822,-1.796],[103.878,-1.743],[103.916,-1.745],[103.952,-1.774],[104.093,-1.786],[104.261,-1.744],[104.252,-1.831],[104.203,-1.859],[104.248,-1.941],[104.521,-2.239],[104.558,-2.265],[104.629,-2.257],[104.662,-2.326],[104.582,-2.388],[104.465,-2.443],[104.365,-2.46],[104.281,-2.523],[104.228,-2.515],[104.116,-2.431],[104.01,-2.506],[104.103,-2.556],[104.188,-2.633],[104.296,-2.678],[104.13,-2.868],[104.189,-2.907],[104.155,-3.018],[104.16,-3.107]]]}},{"type":"Feature","properties":{"k":"16.07"},"geometry":{"type":"MultiPolygon","coordinates":[[[[105.497,-2.449],[105.495,-2.441],[105.518,-2.431],[105.497,-2.449]]],[[[105.52,-2.43],[105.53,-2.422],[105.557,-2.418],[105.541,-2.421],[105.52,-2.43]]],[[[105.495,-2.449],[105.469,-2.461],[105.342,-2.451],[105.318,-2.503],[105.254,-2.558],[105.233,-2.549],[105.207,-2.59],[105.214,-2.634],[105.181,-2.646],[105.219,-2.686],[105.223,-2.741],[105.26,-2.754],[105.257,-2.806],[105.282,-2.823],[105.286,-2.851],[105.263,-2.858],[105.267,-2.889],[105.275,-2.903],[105.292,-2.888],[105.309,-2.917],[105.293,-2.963],[105.307,-2.99],[105.263,-2.988],[105.216,-3.082],[105.166,-3.075],[105.107,-2.978],[105.061,-2.955],[105.034,-2.985],[105.013,-3.128],[104.953,-3.184],[104.916,-3.189],[104.899,-3.169],[104.913,-3.135],[104.884,-3.104],[104.855,-3.104],[104.826,-3.071],[104.773,-3.068],[104.78,-3.037],[104.819,-3.026],[104.829,-2.973],[104.814,-2.949],[104.711,-2.949],[104.656,-2.926],[104.659,-2.973],[104.632,-2.967],[104.628,-2.985],[104.656,-3.062],[104.593,-3.088],[104.425,-3.087],[104.34,-3.059],[104.16,-3.107],[104.155,-3.018],[104.189,-2.907],[104.13,-2.868],[104.296,-2.678],[104.188,-2.633],[104.103,-2.556],[104.01,-2.506],[104.116,-2.431],[104.228,-2.515],[104.281,-2.523],[104.365,-2.46],[104.465,-2.443],[104.582,-2.388],[104.662,-2.327],[104.629,-2.257],[104.558,-2.265],[104.521,-2.239],[104.324,-2.033],[104.206,-1.871],[104.252,-1.831],[104.261,-1.744],[104.353,-1.735],[104.374,-1.64],[104.428,-1.631],[104.476,-1.65],[104.523,-1.705],[104.544,-1.773],[104.512,-1.807],[104.484,-1.786],[104.429,-1.805],[104.484,-1.787],[104.504,-1.805],[104.479,-1.852],[104.464,-1.843],[104.456,-1.846],[104.472,-1.858],[104.442,-1.886],[104.47,-1.865],[104.479,-1.892],[104.454,-1.918],[104.423,-1.914],[104.396,-1.924],[104.351,-1.913],[104.397,-1.925],[104.453,-1.92],[104.465,-1.91],[104.462,-1.935],[104.415,-1.937],[104.384,-1.952],[104.464,-1.936],[104.469,-1.969],[104.4,-1.971],[104.42,-1.974],[104.47,-1.971],[104.471,-1.912],[104.494,-1.923],[104.501,-1.965],[104.477,-1.993],[104.428,-2.004],[104.412,-2.032],[104.431,-2.004],[104.474,-1.997],[104.504,-1.969],[104.512,-1.991],[104.46,-2.007],[104.457,-2.009],[104.455,-2.017],[104.487,-2.008],[104.515,-1.99],[104.518,-1.978],[104.56,-1.999],[104.487,-2.03],[104.566,-2.0],[104.564,-2.008],[104.556,-2.008],[104.549,-2.019],[104.551,-2.031],[104.57,-2.002],[104.569,-2.035],[104.576,-2.017],[104.579,-2.023],[104.593,-2.027],[104.603,-2.042],[104.581,-2.007],[104.611,-2.006],[104.629,-1.983],[104.639,-1.988],[104.629,-1.996],[104.626,-2.006],[104.626,-2.016],[104.633,-2.019],[104.64,-1.988],[104.629,-1.98],[104.656,-1.964],[104.688,-1.993],[104.673,-2.015],[104.684,-2.053],[104.694,-2.011],[104.721,-1.994],[104.829,-2.004],[104.88,-2.054],[104.903,-2.194],[104.787,-2.282],[104.744,-2.359],[104.695,-2.343],[104.641,-2.379],[104.699,-2.352],[104.73,-2.384],[104.772,-2.392],[104.838,-2.34],[104.848,-2.285],[104.91,-2.28],[104.903,-2.366],[104.923,-2.408],[104.932,-2.395],[104.926,-2.34],[104.953,-2.33],[105.033,-2.348],[105.045,-2.376],[105.028,-2.395],[105.068,-2.361],[105.107,-2.369],[105.108,-2.387],[105.21,-2.326],[105.297,-2.373],[105.569,-2.409],[105.526,-2.422],[105.494,-2.44],[105.495,-2.449]]],[[[104.926,-2.4],[104.912,-2.371],[104.921,-2.355],[104.926,-2.361],[104.926,-2.4]]],[[[104.501,-1.947],[104.514,-1.924],[104.536,-1.941],[104.52,-1.922],[104.549,-1.854],[104.644,-1.922],[104.604,-1.963],[104.601,-1.948],[104.568,-1.9],[104.616,-1.985],[104.555,-1.942],[104.612,-1.989],[104.603,-2.001],[104.525,-1.98],[104.501,-1.947]]]]}},{"type":"Feature","properties":{"k":"16.08"},"geometry":{"type":"Polygon","coordinates":[[[104.489,-4.295],[104.352,-4.174],[104.307,-4.114],[104.307,-4.067],[104.433,-3.964],[104.49,-3.945],[104.497,-3.882],[104.558,-3.843],[104.561,-3.796],[104.636,-3.662],[104.719,-3.645],[104.736,-3.676],[104.843,-3.715],[104.849,-3.796],[104.813,-3.837],[104.787,-3.918],[104.809,-3.937],[104.923,-3.933],[104.918,-4.003],[104.828,-4.068],[104.835,-4.104],[104.728,-4.161],[104.704,-4.248],[104.643,-4.246],[104.622,-4.217],[104.489,-4.295]]]}},{"type":"Feature","properties":{"k":"16.09"},"geometry":{"type":"Polygon","coordinates":[[[103.779,-4.795],[103.763,-4.741],[103.682,-4.728],[103.706,-4.699],[103.686,-4.634],[103.641,-4.595],[103.598,-4.592],[103.636,-4.554],[103.619,-4.533],[103.571,-4.533],[103.531,-4.576],[103.496,-4.577],[103.407,-4.515],[103.467,-4.361],[103.513,-4.376],[103.711,-4.336],[103.754,-4.251],[103.834,-4.222],[103.853,-4.274],[103.944,-4.356],[103.941,-4.402],[103.981,-4.455],[104.046,-4.452],[104.115,-4.388],[104.138,-4.418],[104.213,-4.429],[104.327,-4.496],[104.342,-4.601],[104.3,-4.642],[104.288,-4.683],[104.319,-4.699],[104.321,-4.752],[104.368,-4.798],[104.332,-4.872],[104.233,-4.879],[104.195,-4.861],[104.153,-4.915],[104.112,-4.92],[104.06,-4.886],[103.962,-4.91],[103.935,-4.885],[103.912,-4.96],[103.843,-4.913],[103.866,-4.846],[103.824,-4.821],[103.815,-4.788],[103.779,-4.795]]]}},{"type":"Feature","properties":{"k":"16.10"},"geometry":{"type":"MultiPolygon","coordinates":[[[[104.648,-3.652],[104.56,-3.797],[104.46,-3.771],[104.392,-3.781],[104.374,-3.763],[104.377,-3.727],[104.417,-3.659],[104.473,-3.612],[104.477,-3.558],[104.463,-3.538],[104.432,-3.546],[104.328,-3.62],[104.311,-3.558],[104.423,-3.487],[104.477,-3.423],[104.543,-3.409],[104.582,-3.36],[104.55,-3.265],[104.495,-3.268],[104.525,-3.229],[104.507,-3.188],[104.561,-3.168],[104.587,-3.089],[104.645,-3.062],[104.737,-3.081],[104.806,-3.068],[104.788,-3.252],[104.819,-3.304],[104.8,-3.41],[104.829,-3.454],[104.713,-3.468],[104.669,-3.505],[104.631,-3.587],[104.63,-3.63],[104.648,-3.652]]],[[[106.215,-3.215],[106.219,-3.222],[106.214,-3.217],[106.215,-3.215]]]]}},{"type":"Feature","properties":{"k":"16.11"},"geometry":{"type":"Polygon","coordinates":[[[102.992,-3.414],[103.048,-3.429],[103.112,-3.49],[103.176,-3.466],[103.195,-3.492],[103.169,-3.508],[103.164,-3.551],[103.126,-3.605],[103.128,-3.655],[103.158,-3.677],[103.146,-3.753],[103.172,-3.803],[103.108,-3.885],[103.108,-3.923],[103.143,-3.947],[103.114,-4.025],[103.087,-4.011],[102.963,-4.024],[102.911,-3.974],[102.86,-3.996],[102.816,-3.985],[102.776,-3.919],[102.618,-3.804],[102.739,-3.75],[102.752,-3.669],[102.808,-3.612],[102.794,-3.588],[102.81,-3.532],[102.86,-3.55],[102.903,-3.619],[102.947,-3.538],[102.991,-3.519],[102.992,-3.414]]]}},{"type":"Feature","properties":{"k":"16.12"},"geometry":{"type":"Polygon","coordinates":[[[104.082,-3.005],[104.128,-3.009],[104.141,-3.048],[104.168,-3.052],[104.154,-3.104],[104.248,-3.086],[104.23,-3.214],[104.207,-3.247],[104.238,-3.268],[104.213,-3.37],[104.13,-3.339],[104.137,-3.359],[104.117,-3.371],[104.094,-3.355],[104.025,-3.364],[104.019,-3.416],[103.933,-3.398],[103.886,-3.332],[103.859,-3.341],[103.85,-3.322],[103.804,-3.318],[103.724,-3.353],[103.681,-3.339],[103.672,-3.377],[103.618,-3.332],[103.611,-3.281],[103.649,-3.247],[103.679,-3.259],[103.706,-3.24],[103.716,-3.264],[103.741,-3.269],[103.774,-3.256],[103.793,-3.143],[103.844,-3.09],[103.886,-3.081],[103.912,-3.026],[103.949,-3.007],[104.023,-3.032],[104.082,-3.005]]]}},{"type":"Feature","properties":{"k":"16.13"},"geometry":{"type":"Polygon","coordinates":[[[102.877,-2.305],[103.005,-2.337],[103.019,-2.404],[103.053,-2.403],[103.068,-2.442],[103.115,-2.468],[103.155,-2.469],[103.161,-2.509],[103.185,-2.505],[103.216,-2.539],[103.249,-2.48],[103.278,-2.469],[103.276,-2.499],[103.334,-2.533],[103.367,-2.587],[103.342,-2.696],[103.263,-2.758],[103.174,-2.759],[103.147,-2.781],[103.101,-2.783],[103.098,-2.848],[102.904,-2.885],[102.915,-2.934],[102.876,-2.925],[102.881,-2.982],[102.69,-3.011],[102.549,-3.091],[102.485,-3.109],[102.436,-3.057],[102.39,-3.046],[102.32,-3.071],[102.257,-3.038],[102.225,-2.93],[102.133,-2.877],[102.13,-2.838],[102.072,-2.795],[102.069,-2.766],[102.091,-2.771],[102.126,-2.73],[102.234,-2.692],[102.251,-2.632],[102.276,-2.615],[102.328,-2.656],[102.387,-2.648],[102.406,-2.69],[102.468,-2.704],[102.519,-2.678],[102.602,-2.676],[102.641,-2.612],[102.716,-2.571],[102.728,-2.587],[102.796,-2.534],[102.793,-2.506],[102.875,-2.41],[102.84,-2.36],[102.877,-2.305]]]}},{"type":"Feature","properties":{"k":"16.71"},"geometry":{"type":"Polygon","coordinates":[[[104.773,-3.068],[104.737,-3.081],[104.656,-3.062],[104.628,-2.985],[104.632,-2.967],[104.663,-2.966],[104.653,-2.927],[104.821,-2.957],[104.819,-3.026],[104.78,-3.037],[104.773,-3.068]]]}},{"type":"Feature","properties":{"k":"16.72"},"geometry":{"type":"Polygon","coordinates":[[[103.309,-4.268],[103.177,-4.242],[103.178,-4.146],[103.135,-4.056],[103.144,-4.002],[103.228,-3.986],[103.241,-4.001],[103.219,-4.02],[103.228,-4.042],[103.303,-4.047],[103.326,-4.043],[103.362,-3.989],[103.413,-3.991],[103.362,-4.096],[103.36,-4.161],[103.319,-4.205],[103.309,-4.268]]]}},{"type":"Feature","properties":{"k":"16.73"},"geometry":{"type":"Polygon","coordinates":[[[102.997,-3.369],[102.901,-3.38],[102.898,-3.333],[102.813,-3.337],[102.79,-3.285],[102.68,-3.322],[102.805,-3.151],[102.773,-3.133],[102.799,-3.076],[102.841,-3.071],[102.824,-3.106],[102.843,-3.138],[102.884,-3.177],[102.933,-3.188],[102.981,-3.108],[102.997,-3.369]]]}},{"type":"Feature","properties":{"k":"16.74"},"geometry":{"type":"MultiPolygon","coordinates":[[[[104.046,-3.639],[104.072,-3.667],[104.034,-3.671],[104.046,-3.639]]],[[[104.284,-3.533],[104.322,-3.618],[104.258,-3.657],[104.249,-3.604],[104.229,-3.597],[104.232,-3.559],[104.204,-3.552],[104.186,-3.569],[104.124,-3.546],[104.138,-3.597],[104.091,-3.557],[104.145,-3.445],[104.147,-3.384],[104.171,-3.386],[104.189,-3.338],[104.249,-3.349],[104.271,-3.399],[104.298,-3.346],[104.346,-3.373],[104.347,-3.454],[104.294,-3.468],[104.284,-3.533]]]]}},{"type":"Feature","properties":{"k":"17.01"},"geometry":{"type":"Polygon","coordinates":[[[102.802,-4.362],[102.852,-4.333],[102.92,-4.179],[102.967,-4.165],[103.02,-4.165],[103.076,-4.2],[103.063,-4.241],[103.084,-4.259],[103.184,-4.239],[103.292,-4.257],[103.288,-4.296],[103.21,-4.309],[103.205,-4.399],[103.138,-4.439],[103.126,-4.482],[103.082,-4.505],[103.087,-4.552],[103.07,-4.559],[102.898,-4.488],[102.883,-4.44],[102.802,-4.362]]]}},{"type":"Feature","properties":{"k":"17.02"},"geometry":{"type":"Polygon","coordinates":[[[102.437,-3.501],[102.395,-3.415],[102.364,-3.391],[102.39,-3.36],[102.441,-3.357],[102.445,-3.331],[102.507,-3.32],[102.498,-3.253],[102.631,-3.35],[102.79,-3.285],[102.813,-3.337],[102.868,-3.346],[102.896,-3.332],[102.897,-3.378],[102.994,-3.367],[103.01,-3.396],[102.993,-3.522],[102.909,-3.615],[102.819,-3.525],[102.782,-3.55],[102.748,-3.537],[102.724,-3.553],[102.679,-3.546],[102.61,-3.503],[102.437,-3.501]]]}},{"type":"Feature","properties":{"k":"17.03"},"geometry":{"type":"MultiPolygon","coordinates":[[[[102.387,-5.471],[102.384,-5.472],[102.386,-5.471],[102.387,-5.471]]],[[[102.393,-5.446],[102.391,-5.44],[102.396,-5.444],[102.393,-5.446]]],[[[102.284,-5.356],[102.389,-5.402],[102.368,-5.457],[102.339,-5.456],[102.375,-5.488],[102.357,-5.506],[102.312,-5.476],[102.28,-5.477],[102.272,-5.514],[102.203,-5.417],[102.168,-5.41],[102.088,-5.358],[102.086,-5.34],[102.136,-5.312],[102.153,-5.281],[102.284,-5.356]]],[[[102.641,-3.791],[102.41,-3.861],[102.364,-3.845],[102.332,-3.732],[102.257,-3.75],[102.217,-3.654],[102.048,-3.529],[101.923,-3.476],[101.907,-3.435],[101.621,-3.245],[101.521,-3.117],[101.669,-3.068],[101.789,-2.994],[101.808,-2.884],[101.866,-2.809],[101.865,-2.726],[101.924,-2.741],[101.969,-2.822],[102.008,-2.853],[102.041,-2.974],[102.138,-3.069],[102.126,-3.173],[102.153,-3.219],[102.206,-3.221],[102.289,-3.28],[102.298,-3.322],[102.274,-3.36],[102.374,-3.38],[102.365,-3.397],[102.395,-3.415],[102.472,-3.547],[102.532,-3.6],[102.641,-3.791]]]]}},{"type":"Feature","properties":{"k":"17.04"},"geometry":{"type":"Polygon","coordinates":[[[103.07,-4.559],[103.087,-4.552],[103.082,-4.505],[103.126,-4.482],[103.138,-4.439],[103.205,-4.399],[103.21,-4.309],[103.288,-4.296],[103.292,-4.257],[103.305,-4.259],[103.365,-4.315],[103.468,-4.329],[103.476,-4.354],[103.438,-4.406],[103.407,-4.515],[103.496,-4.577],[103.531,-4.576],[103.571,-4.533],[103.619,-4.533],[103.636,-4.554],[103.598,-4.592],[103.641,-4.595],[103.686,-4.634],[103.706,-4.699],[103.682,-4.728],[103.763,-4.741],[103.779,-4.795],[103.72,-4.801],[103.708,-4.831],[103.605,-4.891],[103.596,-4.923],[103.533,-4.916],[103.499,-4.871],[103.412,-4.864],[103.415,-4.84],[103.383,-4.802],[103.329,-4.809],[103.31,-4.782],[103.318,-4.757],[103.287,-4.729],[103.29,-4.705],[103.256,-4.696],[103.252,-4.662],[103.241,-4.673],[103.07,-4.559]]]}},{"type":"Feature","properties":{"k":"17.05"},"geometry":{"type":"Polygon","coordinates":[[[102.299,-3.981],[102.31,-3.925],[102.354,-3.854],[102.41,-3.861],[102.618,-3.798],[102.663,-3.816],[102.684,-3.855],[102.822,-3.97],[102.877,-3.985],[102.907,-3.966],[102.956,-4.013],[103.001,-4.015],[102.983,-4.047],[102.927,-4.054],[102.927,-4.076],[102.941,-4.106],[103.02,-4.165],[102.92,-4.179],[102.852,-4.333],[102.802,-4.362],[102.689,-4.26],[102.299,-3.981]]]}},{"type":"Feature","properties":{"k":"17.06"},"geometry":{"type":"Polygon","coordinates":[[[101.026,-2.485],[101.245,-2.345],[101.293,-2.277],[101.557,-2.449],[101.548,-2.569],[101.569,-2.545],[101.67,-2.529],[101.865,-2.726],[101.866,-2.809],[101.808,-2.884],[101.789,-2.994],[101.669,-3.068],[101.52,-3.116],[101.488,-3.052],[101.495,-3.022],[101.406,-2.93],[101.331,-2.749],[101.241,-2.675],[101.142,-2.629],[101.079,-2.531],[101.026,-2.485]]]}},{"type":"Feature","properties":{"k":"17.07"},"geometry":{"type":"Polygon","coordinates":[[[102.492,-3.132],[102.507,-3.32],[102.445,-3.331],[102.432,-3.362],[102.39,-3.36],[102.371,-3.379],[102.274,-3.36],[102.298,-3.322],[102.291,-3.284],[102.206,-3.221],[102.153,-3.219],[102.126,-3.173],[102.139,-3.072],[102.041,-2.974],[102.008,-2.853],[101.969,-2.822],[101.922,-2.737],[101.99,-2.723],[102.06,-2.763],[102.077,-2.799],[102.125,-2.833],[102.133,-2.876],[102.218,-2.929],[102.253,-3.033],[102.323,-3.068],[102.39,-3.044],[102.462,-3.073],[102.492,-3.132]]]}},{"type":"Feature","properties":{"k":"17.08"},"geometry":{"type":"Polygon","coordinates":[[[102.641,-3.791],[102.532,-3.6],[102.437,-3.501],[102.61,-3.503],[102.69,-3.55],[102.809,-3.537],[102.806,-3.617],[102.746,-3.67],[102.734,-3.742],[102.641,-3.791]]]}},{"type":"Feature","properties":{"k":"17.09","approx":1},"geometry":{"type":"Polygon","coordinates":[[[102.561,-3.773],[102.548,-3.838],[102.511,-3.894],[102.455,-3.931],[102.39,-3.944],[102.325,-3.931],[102.269,-3.894],[102.232,-3.838],[102.219,-3.773],[102.232,-3.707],[102.269,-3.652],[102.325,-3.615],[102.39,-3.602],[102.455,-3.615],[102.511,-3.652],[102.548,-3.707],[102.561,-3.773]]]}},{"type":"Feature","properties":{"k":"17.71"},"geometry":{"type":"Polygon","coordinates":[[[102.275,-3.73],[102.291,-3.744],[102.332,-3.735],[102.359,-3.844],[102.406,-3.864],[102.316,-3.915],[102.303,-3.948],[102.265,-3.919],[102.303,-3.877],[102.247,-3.791],[102.263,-3.778],[102.25,-3.741],[102.275,-3.73]]]}},{"type":"Feature","properties":{"k":"18.01"},"geometry":{"type":"MultiPolygon","coordinates":[[[[105.277,-5.815],[105.291,-5.788],[105.308,-5.815],[105.28,-5.84],[105.228,-5.831],[105.277,-5.815]]],[[[105.249,-5.792],[105.243,-5.797],[105.243,-5.795],[105.249,-5.792]]],[[[105.276,-5.793],[105.279,-5.791],[105.278,-5.794],[105.276,-5.793]]],[[[105.313,-5.782],[105.311,-5.781],[105.312,-5.781],[105.313,-5.782]]],[[[105.181,-5.752],[105.182,-5.757],[105.177,-5.755],[105.181,-5.752]]],[[[105.173,-5.747],[105.173,-5.745],[105.176,-5.747],[105.173,-5.747]]],[[[105.221,-5.733],[105.207,-5.73],[105.222,-5.728],[105.221,-5.733]]],[[[105.233,-5.732],[105.227,-5.732],[105.231,-5.729],[105.233,-5.732]]],[[[105.244,-5.717],[105.243,-5.72],[105.242,-5.718],[105.244,-5.717]]],[[[105.241,-5.668],[105.207,-5.686],[105.211,-5.664],[105.241,-5.668]]],[[[105.244,-5.673],[105.24,-5.675],[105.241,-5.672],[105.244,-5.673]]],[[[105.213,-5.638],[105.224,-5.617],[105.242,-5.641],[105.213,-5.638]]],[[[105.253,-5.598],[105.244,-5.596],[105.243,-5.591],[105.253,-5.598]]],[[[105.282,-5.563],[105.27,-5.572],[105.271,-5.562],[105.282,-5.563]]],[[[105.264,-5.545],[105.263,-5.544],[105.263,-5.543],[105.264,-5.545]]],[[[105.465,-6.15],[105.451,-6.169],[105.419,-6.154],[105.445,-6.133],[105.465,-6.15]]],[[[105.435,-6.103],[105.416,-6.095],[105.422,-6.089],[105.435,-6.103]]],[[[105.451,-6.08],[105.465,-6.087],[105.453,-6.109],[105.451,-6.104],[105.451,-6.08]]],[[[105.401,-6.084],[105.365,-6.113],[105.358,-6.109],[105.382,-6.079],[105.401,-6.084]]],[[[105.517,-5.946],[105.487,-5.972],[105.462,-5.954],[105.493,-5.921],[105.517,-5.946]]],[[[105.539,-5.884],[105.542,-5.883],[105.542,-5.885],[105.539,-5.884]]],[[[105.533,-5.846],[105.544,-5.866],[105.53,-5.893],[105.505,-5.903],[105.49,-5.883],[105.501,-5.862],[105.533,-5.846]]],[[[105.32,-5.824],[105.312,-5.83],[105.311,-5.826],[105.32,-5.824]]],[[[105.341,-5.823],[105.348,-5.823],[105.346,-5.827],[105.341,-5.823]]],[[[105.542,-5.813],[105.542,-5.816],[105.541,-5.815],[105.542,-5.813]]],[[[105.33,-5.807],[105.324,-5.823],[105.31,-5.786],[105.33,-5.807]]],[[[105.345,-5.566],[105.341,-5.562],[105.342,-5.554],[105.345,-5.566]]],[[[105.348,-5.555],[105.352,-5.554],[105.351,-5.558],[105.348,-5.555]]],[[[105.345,-5.549],[105.343,-5.545],[105.345,-5.546],[105.345,-5.549]]],[[[105.829,-5.58],[105.792,-5.717],[105.799,-5.794],[105.718,-5.908],[105.705,-5.849],[105.615,-5.835],[105.585,-5.806],[105.59,-5.736],[105.554,-5.699],[105.56,-5.669],[105.535,-5.671],[105.524,-5.695],[105.39,-5.599],[105.346,-5.52],[105.35,-5.423],[105.292,-5.351],[105.297,-5.331],[105.257,-5.345],[105.234,-5.323],[105.144,-5.431],[105.207,-5.482],[105.212,-5.52],[105.246,-5.521],[105.262,-5.545],[105.239,-5.566],[105.245,-5.588],[105.17,-5.587],[105.19,-5.65],[105.21,-5.648],[105.175,-5.668],[105.219,-5.718],[105.18,-5.722],[105.155,-5.75],[105.175,-5.778],[105.207,-5.766],[105.221,-5.78],[105.181,-5.782],[105.158,-5.772],[105.114,-5.726],[105.118,-5.691],[105.057,-5.627],[105.01,-5.588],[104.945,-5.569],[104.933,-5.5],[104.961,-5.43],[105.076,-5.376],[105.071,-5.316],[105.045,-5.325],[105.051,-5.257],[105.078,-5.242],[105.05,-5.185],[105.086,-5.125],[105.109,-5.148],[105.104,-5.17],[105.151,-5.166],[105.151,-5.15],[105.2,-5.133],[105.309,-5.229],[105.401,-5.26],[105.422,-5.312],[105.518,-5.336],[105.545,-5.406],[105.519,-5.413],[105.509,-5.469],[105.561,-5.465],[105.622,-5.495],[105.634,-5.557],[105.752,-5.589],[105.762,-5.613],[105.829,-5.58]]],[[[105.756,-5.899],[105.757,-5.884],[105.768,-5.883],[105.756,-5.899]]],[[[105.737,-5.888],[105.74,-5.887],[105.739,-5.89],[105.737,-5.888]]],[[[105.787,-5.882],[105.788,-5.891],[105.775,-5.885],[105.787,-5.882]]],[[[105.774,-5.879],[105.769,-5.883],[105.769,-5.878],[105.774,-5.879]]],[[[105.772,-5.875],[105.771,-5.873],[105.772,-5.872],[105.772,-5.875]]],[[[105.769,-5.873],[105.767,-5.872],[105.77,-5.871],[105.769,-5.873]]],[[[105.773,-5.86],[105.787,-5.845],[105.793,-5.85],[105.787,-5.868],[105.773,-5.86]]],[[[105.683,-5.853],[105.683,-5.849],[105.684,-5.85],[105.683,-5.853]]],[[[105.795,-5.846],[105.793,-5.845],[105.795,-5.844],[105.795,-5.846]]],[[[105.774,-5.846],[105.777,-5.843],[105.776,-5.847],[105.774,-5.846]]],[[[105.547,-5.818],[105.549,-5.82],[105.547,-5.82],[105.547,-5.818]]],[[[105.545,-5.817],[105.544,-5.817],[105.545,-5.815],[105.545,-5.817]]],[[[105.807,-5.751],[105.807,-5.753],[105.804,-5.751],[105.807,-5.751]]],[[[105.808,-5.741],[105.812,-5.74],[105.81,-5.742],[105.808,-5.741]]],[[[105.836,-5.681],[105.839,-5.679],[105.838,-5.684],[105.836,-5.681]]]]}},{"type":"Feature","properties":{"k":"18.02"},"geometry":{"type":"Polygon","coordinates":[[[105.267,-5.078],[105.268,-5.185],[105.197,-5.133],[105.149,-5.151],[105.151,-5.166],[105.105,-5.17],[105.088,-5.124],[105.05,-5.182],[105.064,-5.196],[104.944,-5.253],[104.874,-5.236],[104.858,-5.197],[104.797,-5.168],[104.778,-5.129],[104.728,-5.123],[104.698,-5.154],[104.666,-5.158],[104.579,-5.133],[104.543,-5.093],[104.566,-5.063],[104.626,-5.095],[104.693,-5.085],[104.73,-5.048],[104.784,-5.042],[104.899,-4.987],[104.927,-4.925],[105.08,-4.896],[105.231,-4.646],[105.294,-4.607],[105.371,-4.519],[105.488,-4.482],[105.576,-4.537],[105.59,-4.515],[105.619,-4.519],[105.639,-4.481],[105.643,-4.512],[105.679,-4.486],[105.707,-4.532],[105.771,-4.532],[105.769,-4.551],[105.789,-4.553],[105.803,-4.584],[105.778,-4.603],[105.808,-4.681],[105.789,-4.772],[105.77,-4.785],[105.677,-4.762],[105.567,-4.906],[105.408,-4.89],[105.393,-4.955],[105.323,-4.974],[105.316,-5.003],[105.348,-4.999],[105.359,-5.021],[105.267,-5.078]]]}},{"type":"Feature","properties":{"k":"18.03"},"geometry":{"type":"Polygon","coordinates":[[[104.571,-5.063],[104.498,-4.956],[104.57,-4.883],[104.589,-4.817],[104.655,-4.812],[104.646,-4.729],[104.725,-4.583],[104.935,-4.568],[105.129,-4.823],[105.08,-4.896],[104.927,-4.925],[104.899,-4.987],[104.784,-5.042],[104.733,-5.046],[104.661,-5.096],[104.571,-5.063]]]}},{"type":"Feature","properties":{"k":"18.04"},"geometry":{"type":"Polygon","coordinates":[[[103.596,-4.923],[103.605,-4.891],[103.708,-4.831],[103.72,-4.801],[103.815,-4.788],[103.824,-4.821],[103.866,-4.846],[103.844,-4.916],[103.912,-4.96],[103.935,-4.885],[103.962,-4.91],[104.06,-4.886],[104.112,-4.92],[104.153,-4.915],[104.19,-4.863],[104.236,-4.879],[104.278,-4.865],[104.303,-4.884],[104.348,-4.849],[104.365,-4.975],[104.506,-4.96],[104.571,-5.063],[104.537,-5.114],[104.524,-5.105],[104.374,-5.191],[104.377,-5.258],[104.3,-5.325],[104.417,-5.452],[104.439,-5.517],[104.537,-5.593],[104.53,-5.615],[104.569,-5.622],[104.63,-5.689],[104.61,-5.747],[104.587,-5.755],[104.616,-5.802],[104.652,-5.82],[104.633,-5.84],[104.656,-5.937],[104.585,-5.943],[104.556,-5.925],[104.576,-5.903],[104.565,-5.866],[104.452,-5.764],[104.416,-5.707],[104.299,-5.64],[104.32,-5.615],[104.299,-5.575],[104.069,-5.408],[104.026,-5.358],[104.028,-5.335],[103.995,-5.319],[104.004,-5.27],[103.906,-5.232],[103.903,-5.212],[103.936,-5.179],[103.913,-5.13],[103.866,-5.11],[103.838,-5.066],[103.784,-5.032],[103.747,-5.042],[103.748,-4.995],[103.71,-4.963],[103.656,-4.991],[103.641,-4.935],[103.596,-4.923]]]}},{"type":"Feature","properties":{"k":"18.05"},"geometry":{"type":"Polygon","coordinates":[[[105.777,-4.116],[105.816,-4.138],[105.827,-4.191],[105.826,-4.35],[105.859,-4.382],[105.853,-4.411],[105.892,-4.445],[105.913,-4.441],[105.905,-4.555],[105.885,-4.595],[105.917,-4.649],[105.898,-4.69],[105.853,-4.681],[105.858,-4.64],[105.839,-4.626],[105.811,-4.658],[105.782,-4.639],[105.779,-4.61],[105.805,-4.59],[105.793,-4.556],[105.771,-4.557],[105.771,-4.534],[105.713,-4.536],[105.681,-4.49],[105.646,-4.514],[105.643,-4.486],[105.621,-4.522],[105.589,-4.519],[105.581,-4.54],[105.492,-4.487],[105.379,-4.521],[105.287,-4.627],[105.209,-4.64],[105.161,-4.501],[105.196,-4.491],[105.187,-4.479],[105.219,-4.453],[105.248,-4.477],[105.267,-4.449],[105.24,-4.417],[105.244,-4.394],[105.2,-4.376],[105.233,-4.35],[105.204,-4.353],[105.2,-4.306],[105.159,-4.301],[105.159,-4.278],[105.19,-4.274],[105.19,-4.238],[105.214,-4.232],[105.227,-4.187],[105.278,-4.193],[105.312,-4.163],[105.365,-4.166],[105.366,-4.133],[105.425,-4.123],[105.424,-4.165],[105.468,-4.164],[105.468,-4.138],[105.504,-4.135],[105.504,-4.165],[105.602,-4.197],[105.607,-4.223],[105.654,-4.221],[105.655,-4.2],[105.758,-4.198],[105.753,-4.151],[105.777,-4.116]]]}},{"type":"Feature","properties":{"k":"18.06"},"geometry":{"type":"Polygon","coordinates":[[[104.656,-5.937],[104.633,-5.84],[104.652,-5.82],[104.616,-5.802],[104.587,-5.755],[104.61,-5.747],[104.63,-5.689],[104.569,-5.622],[104.53,-5.615],[104.537,-5.593],[104.439,-5.517],[104.417,-5.452],[104.3,-5.325],[104.377,-5.258],[104.374,-5.191],[104.524,-5.105],[104.533,-5.117],[104.543,-5.096],[104.579,-5.133],[104.666,-5.158],[104.698,-5.154],[104.728,-5.123],[104.778,-5.129],[104.797,-5.168],[104.858,-5.197],[104.873,-5.236],[104.934,-5.251],[105.069,-5.2],[105.078,-5.242],[105.051,-5.257],[105.045,-5.325],[105.071,-5.316],[105.076,-5.376],[104.961,-5.43],[104.933,-5.5],[104.945,-5.569],[105.01,-5.588],[105.057,-5.627],[105.118,-5.691],[105.114,-5.726],[105.158,-5.772],[105.222,-5.779],[105.152,-5.81],[105.119,-5.775],[105.088,-5.796],[105.109,-5.773],[105.088,-5.776],[105.087,-5.756],[105.062,-5.768],[105.054,-5.749],[105.026,-5.751],[105.03,-5.728],[104.966,-5.715],[104.964,-5.693],[104.958,-5.712],[104.926,-5.698],[104.903,-5.657],[104.886,-5.664],[104.777,-5.605],[104.707,-5.522],[104.603,-5.496],[104.527,-5.544],[104.643,-5.691],[104.645,-5.744],[104.711,-5.831],[104.698,-5.878],[104.732,-5.93],[104.656,-5.937]]]}},{"type":"Feature","properties":{"k":"18.07"},"geometry":{"type":"Polygon","coordinates":[[[105.823,-5.572],[105.763,-5.613],[105.752,-5.589],[105.633,-5.556],[105.622,-5.495],[105.561,-5.465],[105.509,-5.469],[105.519,-5.413],[105.545,-5.406],[105.518,-5.336],[105.422,-5.312],[105.402,-5.261],[105.312,-5.231],[105.269,-5.186],[105.272,-5.171],[105.339,-5.157],[105.326,-5.117],[105.352,-5.102],[105.341,-5.063],[105.304,-5.053],[105.359,-5.021],[105.348,-4.999],[105.316,-4.994],[105.341,-4.958],[105.393,-4.955],[105.408,-4.89],[105.567,-4.906],[105.677,-4.762],[105.777,-4.785],[105.803,-4.736],[105.806,-4.653],[105.835,-4.62],[105.857,-4.631],[105.851,-4.673],[105.882,-4.698],[105.862,-4.823],[105.903,-4.936],[105.876,-4.959],[105.862,-5.011],[105.864,-5.257],[105.82,-5.326],[105.823,-5.572]]]}},{"type":"Feature","properties":{"k":"18.08"},"geometry":{"type":"Polygon","coordinates":[[[104.348,-4.849],[104.368,-4.798],[104.321,-4.752],[104.319,-4.699],[104.288,-4.683],[104.3,-4.642],[104.342,-4.601],[104.323,-4.456],[104.37,-4.353],[104.622,-4.216],[104.643,-4.246],[104.756,-4.245],[104.79,-4.262],[104.968,-4.172],[105.003,-4.177],[104.994,-4.401],[104.935,-4.568],[104.725,-4.583],[104.646,-4.729],[104.655,-4.812],[104.589,-4.817],[104.576,-4.875],[104.516,-4.949],[104.369,-4.977],[104.348,-4.849]]]}},{"type":"Feature","properties":{"k":"18.09"},"geometry":{"type":"MultiPolygon","coordinates":[[[[105.249,-5.804],[105.243,-5.804],[105.249,-5.802],[105.249,-5.804]]],[[[105.181,-5.762],[105.178,-5.766],[105.176,-5.763],[105.181,-5.762]]],[[[105.175,-5.754],[105.173,-5.757],[105.172,-5.754],[105.175,-5.754]]],[[[105.174,-5.749],[105.173,-5.75],[105.173,-5.749],[105.174,-5.749]]],[[[105.198,-5.744],[105.199,-5.744],[105.198,-5.744],[105.198,-5.744]]],[[[105.197,-5.742],[105.198,-5.742],[105.197,-5.742],[105.197,-5.742]]],[[[105.207,-5.739],[105.21,-5.745],[105.204,-5.744],[105.207,-5.739]]],[[[105.232,-5.742],[105.23,-5.738],[105.233,-5.74],[105.232,-5.742]]],[[[105.197,-5.74],[105.197,-5.739],[105.198,-5.739],[105.197,-5.74]]],[[[105.22,-5.737],[105.22,-5.742],[105.217,-5.737],[105.22,-5.737]]],[[[105.202,-5.739],[105.202,-5.739],[105.202,-5.739],[105.202,-5.739]]],[[[105.201,-5.738],[105.201,-5.738],[105.201,-5.738],[105.201,-5.738]]],[[[105.212,-5.672],[105.24,-5.677],[105.216,-5.699],[105.212,-5.672]]],[[[105.243,-5.682],[105.24,-5.684],[105.24,-5.682],[105.243,-5.682]]],[[[105.242,-5.643],[105.213,-5.647],[105.212,-5.633],[105.224,-5.626],[105.242,-5.643]]],[[[105.246,-5.602],[105.253,-5.608],[105.242,-5.6],[105.246,-5.602]]],[[[105.263,-5.553],[105.263,-5.551],[105.264,-5.553],[105.263,-5.553]]],[[[105.258,-5.535],[105.259,-5.536],[105.258,-5.535],[105.258,-5.535]]],[[[105.267,-5.527],[105.266,-5.528],[105.266,-5.527],[105.267,-5.527]]],[[[105.18,-5.128],[105.24,-5.178],[105.162,-5.218],[105.177,-5.285],[105.141,-5.266],[105.109,-5.312],[105.218,-5.368],[105.176,-5.416],[105.205,-5.429],[105.228,-5.503],[105.25,-5.493],[105.265,-5.528],[105.255,-5.534],[105.249,-5.522],[105.243,-5.525],[105.245,-5.556],[105.261,-5.553],[105.239,-5.574],[105.244,-5.597],[105.204,-5.585],[105.166,-5.613],[105.188,-5.657],[105.209,-5.655],[105.178,-5.679],[105.219,-5.728],[105.18,-5.731],[105.154,-5.756],[105.173,-5.788],[105.222,-5.788],[105.186,-5.814],[105.172,-5.791],[105.118,-5.782],[105.083,-5.736],[105.094,-5.683],[104.946,-5.58],[104.925,-5.51],[104.95,-5.436],[104.999,-5.418],[104.973,-5.407],[105.063,-5.4],[105.074,-5.379],[105.054,-5.332],[105.034,-5.331],[105.032,-5.295],[105.066,-5.24],[105.066,-5.223],[105.038,-5.216],[105.083,-5.131],[105.086,-5.151],[105.1,-5.144],[105.095,-5.172],[105.148,-5.163],[105.18,-5.128]]],[[[105.291,-5.854],[105.291,-5.852],[105.292,-5.852],[105.291,-5.854]]],[[[105.333,-5.845],[105.332,-5.843],[105.334,-5.843],[105.333,-5.845]]],[[[105.318,-5.833],[105.314,-5.84],[105.311,-5.839],[105.318,-5.833]]],[[[105.352,-5.835],[105.352,-5.837],[105.351,-5.836],[105.352,-5.835]]],[[[105.322,-5.831],[105.321,-5.83],[105.322,-5.83],[105.322,-5.831]]],[[[105.317,-5.829],[105.317,-5.83],[105.316,-5.83],[105.317,-5.829]]],[[[105.347,-5.829],[105.341,-5.832],[105.341,-5.821],[105.347,-5.829]]],[[[105.291,-5.797],[105.307,-5.829],[105.285,-5.848],[105.228,-5.84],[105.279,-5.823],[105.291,-5.797]]],[[[105.314,-5.824],[105.313,-5.823],[105.314,-5.823],[105.314,-5.824]]],[[[105.277,-5.817],[105.277,-5.817],[105.277,-5.817],[105.277,-5.817]]],[[[105.332,-5.817],[105.333,-5.816],[105.332,-5.818],[105.332,-5.817]]],[[[105.307,-5.817],[105.308,-5.816],[105.308,-5.817],[105.307,-5.817]]],[[[105.278,-5.816],[105.278,-5.816],[105.278,-5.816],[105.278,-5.816]]],[[[105.312,-5.793],[105.331,-5.816],[105.332,-5.831],[105.306,-5.803],[105.312,-5.793]]],[[[105.277,-5.8],[105.279,-5.803],[105.277,-5.803],[105.277,-5.8]]],[[[105.321,-5.796],[105.321,-5.794],[105.322,-5.796],[105.321,-5.796]]],[[[105.311,-5.792],[105.312,-5.791],[105.312,-5.791],[105.311,-5.792]]],[[[105.27,-5.571],[105.282,-5.58],[105.27,-5.581],[105.27,-5.571]]],[[[105.271,-5.523],[105.272,-5.519],[105.272,-5.524],[105.271,-5.523]]]]}},{"type":"Feature","properties":{"k":"18.10"},"geometry":{"type":"Polygon","coordinates":[[[104.779,-5.171],[104.913,-5.274],[105.01,-5.245],[105.038,-5.216],[105.066,-5.223],[105.032,-5.301],[105.034,-5.331],[105.054,-5.332],[105.074,-5.379],[105.063,-5.4],[104.973,-5.407],[104.999,-5.418],[104.95,-5.436],[104.925,-5.51],[104.945,-5.583],[104.895,-5.559],[104.879,-5.523],[104.906,-5.465],[104.889,-5.435],[104.904,-5.419],[104.864,-5.393],[104.858,-5.351],[104.81,-5.326],[104.761,-5.26],[104.763,-5.189],[104.779,-5.171]]]}},{"type":"Feature","properties":{"k":"18.11"},"geometry":{"type":"Polygon","coordinates":[[[105.355,-3.796],[105.421,-3.782],[105.436,-3.79],[105.432,-3.829],[105.524,-3.843],[105.523,-3.896],[105.548,-3.885],[105.573,-3.904],[105.563,-3.932],[105.611,-3.944],[105.59,-3.957],[105.631,-4.009],[105.607,-4.062],[105.66,-4.052],[105.651,-4.09],[105.684,-4.083],[105.687,-4.105],[105.711,-4.112],[105.702,-4.144],[105.753,-4.151],[105.758,-4.198],[105.683,-4.195],[105.655,-4.2],[105.654,-4.221],[105.607,-4.223],[105.602,-4.197],[105.504,-4.165],[105.504,-4.135],[105.468,-4.138],[105.468,-4.164],[105.424,-4.165],[105.415,-4.123],[105.366,-4.133],[105.365,-4.166],[105.312,-4.163],[105.278,-4.193],[105.237,-4.196],[105.204,-4.174],[105.144,-4.205],[105.144,-4.226],[105.131,-4.215],[105.108,-4.228],[105.111,-4.207],[105.067,-4.22],[105.073,-4.179],[105.05,-4.143],[105.095,-4.05],[105.12,-4.052],[105.106,-4.021],[105.142,-3.976],[105.139,-3.937],[105.165,-3.941],[105.205,-3.894],[105.244,-3.909],[105.275,-3.882],[105.293,-3.849],[105.284,-3.801],[105.305,-3.794],[105.324,-3.729],[105.342,-3.733],[105.355,-3.796]]]}},{"type":"Feature","properties":{"k":"18.12","approx":1},"geometry":{"type":"Polygon","coordinates":[[[105.3,-4.499],[105.286,-4.568],[105.247,-4.627],[105.189,-4.666],[105.12,-4.68],[105.051,-4.666],[104.992,-4.627],[104.953,-4.568],[104.94,-4.499],[104.953,-4.43],[104.992,-4.372],[105.051,-4.333],[105.12,-4.319],[105.189,-4.333],[105.247,-4.372],[105.286,-4.43],[105.3,-4.499]]]}},{"type":"Feature","properties":{"k":"18.13"},"geometry":{"type":"MultiPolygon","coordinates":[[[[103.818,-4.881],[103.873,-4.971],[103.941,-4.984],[104.01,-5.029],[104.017,-5.1],[104.058,-5.099],[104.13,-5.188],[104.223,-5.226],[104.409,-5.462],[104.441,-5.532],[104.488,-5.555],[104.54,-5.611],[104.533,-5.629],[104.57,-5.635],[104.623,-5.694],[104.613,-5.758],[104.587,-5.765],[104.615,-5.809],[104.654,-5.83],[104.634,-5.851],[104.659,-5.947],[104.584,-5.954],[104.555,-5.937],[104.555,-5.919],[104.575,-5.916],[104.569,-5.881],[104.453,-5.774],[104.416,-5.715],[104.301,-5.65],[104.32,-5.628],[104.312,-5.597],[104.069,-5.416],[104.027,-5.367],[104.028,-5.342],[103.995,-5.326],[104.01,-5.3],[103.987,-5.264],[103.906,-5.238],[103.937,-5.18],[103.912,-5.135],[103.867,-5.117],[103.787,-5.039],[103.748,-5.051],[103.746,-4.995],[103.71,-4.968],[103.653,-4.993],[103.642,-4.943],[103.701,-4.909],[103.752,-4.924],[103.772,-4.951],[103.793,-4.941],[103.793,-4.907],[103.818,-4.881]]],[[[103.851,-5.122],[103.85,-5.133],[103.839,-5.129],[103.851,-5.122]]]]}},{"type":"Feature","properties":{"k":"18.71"},"geometry":{"type":"Polygon","coordinates":[[[105.344,-5.516],[105.29,-5.446],[105.251,-5.47],[105.266,-5.521],[105.212,-5.52],[105.207,-5.482],[105.145,-5.437],[105.234,-5.323],[105.257,-5.345],[105.299,-5.333],[105.292,-5.351],[105.351,-5.424],[105.34,-5.478],[105.359,-5.498],[105.344,-5.516]]]}},{"type":"Feature","properties":{"k":"18.72"},"geometry":{"type":"Polygon","coordinates":[[[105.304,-5.053],[105.341,-5.063],[105.352,-5.102],[105.326,-5.117],[105.339,-5.157],[105.272,-5.171],[105.281,-5.097],[105.267,-5.078],[105.304,-5.053]]]}},{"type":"Feature","properties":{"k":"19.01"},"geometry":{"type":"MultiPolygon","coordinates":[[[[105.756,-2.235],[105.756,-2.237],[105.754,-2.236],[105.756,-2.235]]],[[[105.762,-2.233],[105.759,-2.233],[105.761,-2.231],[105.762,-2.233]]],[[[105.773,-2.213],[105.771,-2.212],[105.773,-2.212],[105.773,-2.213]]],[[[105.763,-1.738],[105.771,-1.741],[105.769,-1.743],[105.763,-1.738]]],[[[105.738,-1.682],[105.735,-1.683],[105.736,-1.681],[105.738,-1.682]]],[[[105.689,-1.53],[105.688,-1.529],[105.689,-1.528],[105.689,-1.53]]],[[[106.089,-2.127],[106.04,-2.217],[105.966,-2.292],[105.802,-2.367],[105.827,-2.309],[105.788,-2.251],[105.79,-2.174],[105.76,-2.151],[105.764,-2.136],[105.741,-2.132],[105.783,-2.055],[105.738,-2.01],[105.736,-1.919],[105.788,-1.807],[105.811,-1.813],[105.871,-1.798],[105.828,-1.804],[105.796,-1.781],[105.788,-1.756],[105.755,-1.728],[105.741,-1.687],[105.767,-1.651],[105.735,-1.635],[105.742,-1.612],[105.704,-1.527],[105.815,-1.531],[105.916,-1.501],[105.923,-1.547],[105.981,-1.55],[106.049,-1.6],[106.055,-1.62],[106.024,-1.627],[106.026,-1.676],[106.104,-1.79],[106.131,-1.804],[106.12,-1.822],[106.135,-1.855],[106.187,-1.896],[106.15,-1.98],[106.162,-2.095],[106.089,-2.127]]],[[[105.807,-1.806],[105.811,-1.794],[105.819,-1.804],[105.807,-1.806]]],[[[105.807,-1.794],[105.811,-1.792],[105.811,-1.794],[105.807,-1.794]]],[[[106.076,-1.701],[106.077,-1.699],[106.077,-1.701],[106.076,-1.701]]],[[[106.048,-1.598],[106.05,-1.598],[106.049,-1.6],[106.048,-1.598]]]]}},{"type":"Feature","properties":{"k":"19.02"},"geometry":{"type":"MultiPolygon","coordinates":[[[[107.214,-3.319],[107.209,-3.317],[107.211,-3.315],[107.214,-3.319]]],[[[107.368,-3.062],[107.367,-3.058],[107.368,-3.06],[107.368,-3.062]]],[[[107.359,-3.059],[107.358,-3.054],[107.36,-3.055],[107.359,-3.059]]],[[[107.395,-3.051],[107.393,-3.056],[107.391,-3.051],[107.395,-3.051]]],[[[107.386,-3.046],[107.384,-3.054],[107.384,-3.043],[107.386,-3.046]]],[[[107.491,-3.027],[107.504,-3.037],[107.493,-3.053],[107.487,-3.046],[107.491,-3.027]]],[[[107.508,-3.022],[107.498,-2.999],[107.506,-3.003],[107.508,-3.022]]],[[[107.466,-2.923],[107.454,-2.981],[107.436,-2.984],[107.437,-2.934],[107.466,-2.923]]],[[[107.431,-2.939],[107.43,-2.937],[107.433,-2.936],[107.431,-2.939]]],[[[107.479,-2.933],[107.489,-2.924],[107.483,-2.944],[107.479,-2.933]]],[[[107.433,-2.926],[107.432,-2.926],[107.433,-2.923],[107.433,-2.926]]],[[[107.479,-2.845],[107.466,-2.851],[107.486,-2.85],[107.471,-2.905],[107.434,-2.922],[107.43,-2.926],[107.431,-2.93],[107.412,-2.919],[107.412,-2.946],[107.339,-2.884],[107.375,-2.884],[107.381,-2.849],[107.423,-2.827],[107.468,-2.822],[107.479,-2.845]]],[[[107.491,-2.877],[107.484,-2.862],[107.505,-2.843],[107.507,-2.846],[107.491,-2.877]]],[[[107.34,-2.859],[107.341,-2.861],[107.339,-2.86],[107.34,-2.859]]],[[[107.476,-2.834],[107.474,-2.833],[107.475,-2.832],[107.476,-2.834]]],[[[107.506,-2.826],[107.487,-2.844],[107.478,-2.826],[107.506,-2.826]]],[[[107.401,-2.793],[107.432,-2.821],[107.401,-2.834],[107.371,-2.823],[107.399,-2.817],[107.382,-2.801],[107.401,-2.793]]],[[[107.371,-2.807],[107.366,-2.805],[107.372,-2.803],[107.371,-2.807]]],[[[107.608,-3.248],[107.606,-3.245],[107.608,-3.246],[107.608,-3.248]]],[[[107.562,-3.244],[107.569,-3.239],[107.566,-3.247],[107.562,-3.244]]],[[[107.552,-3.203],[107.539,-3.239],[107.516,-3.252],[107.517,-3.199],[107.552,-3.203]]],[[[107.567,-3.051],[107.564,-3.053],[107.565,-3.05],[107.567,-3.051]]],[[[107.558,-3.039],[107.558,-3.054],[107.556,-3.039],[107.558,-3.039]]],[[[107.541,-3.033],[107.551,-3.035],[107.549,-3.041],[107.541,-3.033]]],[[[107.526,-3.005],[107.516,-2.973],[107.531,-2.967],[107.534,-2.987],[107.526,-3.005]]],[[[107.508,-2.987],[107.502,-2.997],[107.502,-2.971],[107.508,-2.987]]],[[[107.517,-2.971],[107.514,-2.96],[107.53,-2.966],[107.517,-2.971]]],[[[107.531,-2.959],[107.538,-2.964],[107.528,-2.961],[107.531,-2.959]]],[[[107.515,-2.944],[107.516,-2.933],[107.529,-2.951],[107.515,-2.944]]],[[[107.588,-2.827],[107.587,-2.829],[107.586,-2.827],[107.588,-2.827]]],[[[107.596,-2.781],[107.595,-2.785],[107.593,-2.784],[107.596,-2.781]]],[[[107.53,-2.783],[107.534,-2.778],[107.54,-2.782],[107.53,-2.783]]],[[[107.598,-2.77],[107.604,-2.771],[107.603,-2.773],[107.598,-2.77]]],[[[107.599,-2.768],[107.597,-2.766],[107.601,-2.767],[107.599,-2.768]]],[[[107.624,-2.566],[107.628,-2.57],[107.626,-2.57],[107.624,-2.566]]],[[[107.621,-2.538],[107.619,-2.538],[107.622,-2.536],[107.621,-2.538]]],[[[107.731,-3.352],[107.724,-3.352],[107.729,-3.35],[107.731,-3.352]]],[[[107.7,-3.34],[107.704,-3.339],[107.702,-3.341],[107.7,-3.34]]],[[[107.732,-3.273],[107.731,-3.272],[107.732,-3.271],[107.732,-3.273]]],[[[107.763,-3.249],[107.765,-3.251],[107.759,-3.251],[107.763,-3.249]]],[[[107.756,-3.249],[107.753,-3.248],[107.754,-3.247],[107.756,-3.249]]],[[[107.676,-3.243],[107.674,-3.242],[107.675,-3.241],[107.676,-3.243]]],[[[107.863,-3.106],[107.855,-3.127],[107.842,-3.102],[107.863,-3.106]]],[[[107.898,-2.623],[107.894,-2.711],[107.943,-2.713],[107.98,-2.779],[107.868,-2.804],[107.857,-2.855],[107.879,-2.886],[107.817,-2.892],[107.769,-2.869],[107.751,-2.913],[107.848,-2.994],[107.849,-3.06],[107.81,-3.086],[107.849,-3.119],[107.837,-3.159],[107.607,-3.242],[107.585,-3.196],[107.629,-3.142],[107.582,-3.087],[107.561,-2.999],[107.615,-2.911],[107.531,-2.937],[107.529,-2.921],[107.598,-2.857],[107.582,-2.796],[107.614,-2.781],[107.6,-2.782],[107.612,-2.767],[107.605,-2.763],[107.639,-2.749],[107.639,-2.79],[107.643,-2.749],[107.622,-2.746],[107.628,-2.715],[107.611,-2.706],[107.646,-2.628],[107.628,-2.596],[107.669,-2.554],[107.768,-2.558],[107.816,-2.526],[107.838,-2.555],[107.945,-2.571],[107.937,-2.618],[107.898,-2.623]]],[[[107.646,-2.561],[107.647,-2.562],[107.644,-2.564],[107.646,-2.561]]],[[[107.648,-2.547],[107.653,-2.551],[107.651,-2.551],[107.648,-2.547]]],[[[107.865,-2.549],[107.859,-2.538],[107.871,-2.539],[107.865,-2.549]]],[[[107.924,-2.543],[107.921,-2.544],[107.922,-2.542],[107.924,-2.543]]],[[[107.918,-2.54],[107.919,-2.543],[107.917,-2.54],[107.918,-2.54]]],[[[107.649,-2.542],[107.647,-2.541],[107.649,-2.54],[107.649,-2.542]]],[[[107.846,-2.536],[107.846,-2.534],[107.847,-2.535],[107.846,-2.536]]],[[[107.843,-2.533],[107.837,-2.534],[107.838,-2.532],[107.843,-2.533]]]]}},{"type":"Feature","properties":{"k":"19.03"},"geometry":{"type":"Polygon","coordinates":[[[105.935,-2.486],[106.004,-2.468],[106.048,-2.503],[106.206,-2.507],[106.442,-2.566],[106.436,-2.638],[106.49,-2.634],[106.644,-2.762],[106.601,-2.869],[106.593,-2.943],[106.636,-2.974],[106.675,-2.975],[106.694,-3.003],[106.74,-3.006],[106.74,-3.085],[106.659,-3.102],[106.645,-3.083],[106.585,-3.077],[106.553,-3.109],[106.513,-3.115],[106.491,-3.091],[106.492,-3.051],[106.442,-3.012],[106.421,-2.97],[106.336,-2.968],[106.285,-2.906],[106.143,-2.876],[106.089,-2.836],[105.951,-2.821],[105.954,-2.785],[105.919,-2.743],[105.887,-2.644],[105.89,-2.587],[105.939,-2.53],[105.935,-2.486]]]}},{"type":"Feature","properties":{"k":"19.04"},"geometry":{"type":"Polygon","coordinates":[[[106.644,-2.762],[106.49,-2.634],[106.436,-2.638],[106.442,-2.566],[106.206,-2.507],[106.048,-2.503],[106.004,-2.468],[105.935,-2.486],[105.912,-2.445],[105.836,-2.414],[105.809,-2.373],[105.966,-2.292],[106.028,-2.23],[106.059,-2.233],[106.14,-2.287],[106.226,-2.289],[106.296,-2.416],[106.366,-2.47],[106.446,-2.473],[106.498,-2.504],[106.848,-2.571],[106.758,-2.6],[106.714,-2.638],[106.644,-2.762]]]}},{"type":"Feature","properties":{"k":"19.05"},"geometry":{"type":"Polygon","coordinates":[[[105.597,-1.527],[105.641,-1.643],[105.723,-1.643],[105.651,-1.717],[105.658,-1.752],[105.694,-1.782],[105.757,-1.794],[105.748,-1.862],[105.697,-1.907],[105.717,-1.946],[105.741,-1.939],[105.751,-1.974],[105.786,-1.996],[105.75,-2.06],[105.749,-2.097],[105.769,-2.113],[105.759,-2.144],[105.719,-2.126],[105.59,-2.123],[105.578,-2.098],[105.534,-2.082],[105.485,-2.095],[105.445,-2.134],[105.356,-2.12],[105.303,-2.154],[105.229,-2.067],[105.132,-2.086],[105.108,-2.024],[105.132,-1.981],[105.125,-1.959],[105.321,-1.863],[105.388,-1.797],[105.39,-1.734],[105.322,-1.698],[105.36,-1.682],[105.345,-1.648],[105.383,-1.642],[105.389,-1.607],[105.425,-1.605],[105.461,-1.563],[105.532,-1.566],[105.563,-1.528],[105.597,-1.527]]]}},{"type":"Feature","properties":{"k":"19.06"},"geometry":{"type":"MultiPolygon","coordinates":[[[[107.959,-3.413],[107.962,-3.412],[107.961,-3.415],[107.959,-3.413]]],[[[108.194,-3.229],[108.193,-3.22],[108.202,-3.221],[108.194,-3.229]]],[[[108.189,-3.208],[108.204,-3.204],[108.187,-3.213],[108.189,-3.208]]],[[[108.183,-3.193],[108.177,-3.19],[108.188,-3.191],[108.183,-3.193]]],[[[108.125,-3.183],[108.129,-3.181],[108.133,-3.185],[108.125,-3.183]]],[[[108.178,-3.176],[108.182,-3.18],[108.177,-3.178],[108.178,-3.176]]],[[[107.923,-3.177],[107.919,-3.176],[107.921,-3.174],[107.923,-3.177]]],[[[108.163,-3.176],[108.159,-3.173],[108.162,-3.172],[108.163,-3.176]]],[[[108.203,-3.178],[108.207,-3.171],[108.209,-3.173],[108.203,-3.178]]],[[[108.183,-3.168],[108.195,-3.169],[108.181,-3.174],[108.183,-3.168]]],[[[107.918,-3.154],[107.922,-3.155],[107.92,-3.159],[107.918,-3.154]]],[[[107.887,-3.123],[107.894,-3.126],[107.891,-3.128],[107.887,-3.123]]],[[[107.848,-2.994],[107.751,-2.913],[107.758,-2.873],[107.879,-2.886],[107.857,-2.855],[107.868,-2.804],[107.98,-2.779],[107.943,-2.713],[107.901,-2.716],[107.887,-2.697],[107.891,-2.63],[107.937,-2.618],[107.95,-2.567],[108.011,-2.586],[108.003,-2.618],[108.03,-2.637],[108.024,-2.663],[108.04,-2.636],[108.041,-2.6],[108.087,-2.598],[108.156,-2.654],[108.163,-2.685],[108.171,-2.669],[108.196,-2.682],[108.193,-2.691],[108.203,-2.69],[108.249,-2.741],[108.27,-2.751],[108.297,-2.864],[108.209,-3.012],[108.213,-3.07],[108.179,-3.12],[108.209,-3.145],[108.185,-3.143],[108.151,-3.172],[108.08,-3.17],[108.082,-3.245],[108.015,-3.244],[107.985,-3.274],[107.966,-3.243],[107.964,-3.169],[107.932,-3.151],[107.929,-3.127],[107.885,-3.117],[107.899,-3.098],[107.849,-3.061],[107.848,-2.994]]],[[[108.028,-2.65],[108.029,-2.648],[108.03,-2.651],[108.028,-2.65]]],[[[108.03,-2.645],[108.031,-2.648],[108.029,-2.647],[108.03,-2.645]]],[[[107.99,-2.553],[107.987,-2.553],[107.988,-2.551],[107.99,-2.553]]],[[[108.409,-3.314],[108.409,-3.316],[108.406,-3.316],[108.409,-3.314]]],[[[108.414,-3.303],[108.41,-3.314],[108.407,-3.313],[108.414,-3.303]]],[[[108.395,-3.284],[108.384,-3.304],[108.361,-3.272],[108.382,-3.297],[108.395,-3.284]]],[[[108.391,-3.253],[108.373,-3.246],[108.384,-3.239],[108.391,-3.253]]],[[[108.391,-3.243],[108.391,-3.248],[108.389,-3.246],[108.391,-3.243]]],[[[108.304,-3.228],[108.306,-3.227],[108.306,-3.229],[108.304,-3.228]]],[[[108.29,-3.226],[108.29,-3.223],[108.291,-3.224],[108.29,-3.226]]],[[[108.286,-3.219],[108.274,-3.215],[108.287,-3.208],[108.286,-3.219]]],[[[108.243,-3.15],[108.246,-3.149],[108.243,-3.151],[108.243,-3.15]]],[[[108.218,-3.146],[108.211,-3.149],[108.214,-3.143],[108.218,-3.146]]],[[[108.297,-3.061],[108.301,-3.066],[108.297,-3.069],[108.297,-3.061]]],[[[108.271,-3.051],[108.249,-3.075],[108.242,-3.077],[108.244,-3.049],[108.271,-3.051]]],[[[108.277,-3.014],[108.278,-3.016],[108.276,-3.016],[108.277,-3.014]]],[[[108.283,-2.979],[108.278,-2.978],[108.282,-2.976],[108.283,-2.979]]],[[[108.405,-2.814],[108.402,-2.813],[108.401,-2.809],[108.405,-2.814]]],[[[108.256,-2.739],[108.259,-2.739],[108.256,-2.741],[108.256,-2.739]]],[[[108.444,-3.341],[108.441,-3.324],[108.445,-3.341],[108.444,-3.341]]],[[[108.461,-3.327],[108.46,-3.323],[108.461,-3.322],[108.461,-3.327]]],[[[108.458,-3.314],[108.464,-3.314],[108.46,-3.317],[108.458,-3.314]]],[[[108.464,-3.311],[108.462,-3.306],[108.466,-3.306],[108.464,-3.311]]],[[[108.419,-2.791],[108.417,-2.795],[108.414,-2.787],[108.419,-2.791]]],[[[108.427,-2.709],[108.431,-2.709],[108.433,-2.712],[108.427,-2.709]]],[[[108.414,-2.681],[108.42,-2.693],[108.412,-2.686],[108.414,-2.681]]],[[[108.499,-2.633],[108.498,-2.639],[108.493,-2.628],[108.499,-2.633]]],[[[108.716,-2.583],[108.716,-2.587],[108.714,-2.586],[108.716,-2.583]]],[[[108.565,-2.58],[108.571,-2.57],[108.569,-2.581],[108.565,-2.58]]],[[[108.563,-2.553],[108.565,-2.557],[108.562,-2.555],[108.563,-2.553]]],[[[108.568,-2.541],[108.568,-2.546],[108.565,-2.542],[108.568,-2.541]]],[[[108.528,-2.513],[108.526,-2.513],[108.527,-2.512],[108.528,-2.513]]],[[[108.538,-2.514],[108.547,-2.495],[108.549,-2.508],[108.538,-2.514]]]]}},{"type":"Feature","properties":{"k":"19.71"},"geometry":{"type":"Polygon","coordinates":[[[106.226,-2.289],[106.148,-2.289],[106.099,-2.247],[106.028,-2.23],[106.101,-2.112],[106.164,-2.095],[106.226,-2.289]]]}},{"type":"Feature","properties":{"k":"21.01"},"geometry":{"type":"MultiPolygon","coordinates":[[[[104.613,0.72],[104.62,0.697],[104.597,0.706],[104.613,0.72]]],[[[104.586,0.75],[104.588,0.745],[104.584,0.749],[104.586,0.75]]],[[[104.485,0.755],[104.481,0.752],[104.485,0.762],[104.485,0.755]]],[[[104.445,0.768],[104.445,0.77],[104.445,0.77],[104.445,0.768]]],[[[104.548,0.795],[104.588,0.777],[104.542,0.772],[104.51,0.744],[104.51,0.775],[104.548,0.795]]],[[[104.447,0.772],[104.448,0.771],[104.446,0.77],[104.447,0.772]]],[[[104.436,0.772],[104.436,0.773],[104.437,0.773],[104.436,0.772]]],[[[104.587,0.792],[104.622,0.785],[104.633,0.792],[104.637,0.784],[104.583,0.752],[104.579,0.769],[104.59,0.776],[104.587,0.792]]],[[[104.434,0.775],[104.433,0.774],[104.432,0.775],[104.434,0.775]]],[[[104.514,0.783],[104.514,0.78],[104.512,0.781],[104.514,0.783]]],[[[104.496,0.786],[104.495,0.785],[104.494,0.785],[104.496,0.786]]],[[[104.518,0.784],[104.517,0.787],[104.518,0.788],[104.518,0.784]]],[[[104.575,0.796],[104.584,0.795],[104.583,0.791],[104.575,0.796]]],[[[104.502,0.796],[104.507,0.796],[104.508,0.794],[104.502,0.796]]],[[[104.607,0.799],[104.614,0.795],[104.606,0.796],[104.607,0.799]]],[[[104.484,0.798],[104.484,0.8],[104.485,0.801],[104.484,0.798]]],[[[104.554,0.802],[104.566,0.8],[104.555,0.795],[104.554,0.802]]],[[[104.609,0.803],[104.608,0.805],[104.611,0.804],[104.609,0.803]]],[[[104.527,0.806],[104.53,0.804],[104.526,0.805],[104.527,0.806]]],[[[104.618,0.814],[104.618,0.836],[104.626,0.836],[104.618,0.814]]],[[[104.353,0.846],[104.365,0.82],[104.351,0.815],[104.353,0.846]]],[[[104.622,0.846],[104.616,0.838],[104.612,0.842],[104.622,0.846]]],[[[104.386,0.86],[104.387,0.856],[104.385,0.859],[104.386,0.86]]],[[[104.616,0.857],[104.614,0.861],[104.615,0.862],[104.616,0.857]]],[[[104.382,0.879],[104.382,0.879],[104.382,0.879],[104.382,0.879]]],[[[104.228,0.981],[104.225,0.982],[104.229,0.985],[104.228,0.981]]],[[[104.246,0.997],[104.263,0.987],[104.258,0.975],[104.232,0.979],[104.246,0.997]]],[[[104.426,0.999],[104.434,0.997],[104.429,0.996],[104.426,0.999]]],[[[104.383,1.016],[104.399,0.997],[104.366,0.99],[104.383,1.016]]],[[[104.442,1.008],[104.438,1.015],[104.44,1.015],[104.442,1.008]]],[[[104.36,1.019],[104.36,1.019],[104.36,1.019],[104.36,1.019]]],[[[104.627,0.905],[104.593,0.81],[104.52,0.826],[104.513,0.849],[104.553,0.922],[104.521,0.977],[104.441,0.998],[104.446,1.018],[104.485,1.016],[104.489,1.035],[104.404,1.054],[104.379,1.011],[104.358,1.02],[104.343,1.02],[104.339,1.025],[104.332,0.991],[104.257,1.001],[104.226,1.021],[104.236,1.037],[104.213,1.071],[104.238,1.124],[104.33,1.138],[104.31,1.178],[104.336,1.182],[104.34,1.192],[104.365,1.178],[104.372,1.179],[104.376,1.196],[104.407,1.203],[104.501,1.17],[104.536,1.183],[104.551,1.224],[104.584,1.23],[104.578,1.156],[104.634,1.108],[104.657,1.046],[104.635,0.988],[104.66,0.914],[104.627,0.905]],[[104.616,0.895],[104.617,0.895],[104.617,0.895],[104.616,0.895]]],[[[104.223,1.047],[104.222,1.037],[104.218,1.05],[104.223,1.047]]],[[[104.222,1.102],[104.224,1.101],[104.222,1.101],[104.222,1.102]]],[[[104.362,1.181],[104.362,1.183],[104.362,1.183],[104.362,1.181]]],[[[104.334,1.185],[104.333,1.184],[104.333,1.185],[104.334,1.185]]],[[[104.321,1.187],[104.322,1.187],[104.321,1.187],[104.321,1.187]]],[[[104.36,1.191],[104.359,1.192],[104.36,1.192],[104.36,1.191]]],[[[104.379,1.199],[104.379,1.198],[104.378,1.199],[104.379,1.199]]],[[[104.628,0.703],[104.628,0.704],[104.628,0.703],[104.628,0.703]]],[[[104.66,0.753],[104.626,0.714],[104.62,0.722],[104.613,0.721],[104.66,0.753]]],[[[104.689,0.76],[104.715,0.759],[104.713,0.753],[104.716,0.745],[104.697,0.738],[104.689,0.76]]],[[[104.647,0.765],[104.648,0.766],[104.648,0.765],[104.647,0.765]]],[[[104.679,0.771],[104.677,0.771],[104.677,0.773],[104.679,0.771]]],[[[104.643,0.793],[104.646,0.79],[104.641,0.792],[104.643,0.793]]],[[[104.651,0.792],[104.651,0.791],[104.651,0.792],[104.651,0.792]]],[[[104.62,0.798],[104.624,0.79],[104.616,0.791],[104.62,0.798]]],[[[104.63,0.795],[104.627,0.798],[104.63,0.797],[104.63,0.795]]],[[[104.699,0.797],[104.698,0.8],[104.7,0.8],[104.699,0.797]]],[[[104.676,0.804],[104.674,0.799],[104.67,0.799],[104.676,0.804]]],[[[104.641,0.807],[104.646,0.801],[104.635,0.801],[104.641,0.807]]],[[[104.639,0.807],[104.638,0.808],[104.639,0.808],[104.639,0.807]]],[[[104.666,0.821],[104.665,0.82],[104.665,0.821],[104.666,0.821]]],[[[104.672,0.825],[104.677,0.828],[104.679,0.821],[104.672,0.825]]],[[[104.629,0.826],[104.632,0.827],[104.629,0.824],[104.629,0.826]]],[[[104.668,0.834],[104.668,0.828],[104.664,0.831],[104.668,0.834]]],[[[104.647,0.868],[104.665,0.821],[104.624,0.805],[104.637,0.829],[104.633,0.846],[104.647,0.868]]],[[[104.687,0.837],[104.686,0.838],[104.686,0.839],[104.687,0.837]]],[[[104.664,0.842],[104.666,0.839],[104.664,0.837],[104.664,0.842]]],[[[104.62,0.846],[104.621,0.848],[104.623,0.847],[104.62,0.846]]],[[[104.63,0.847],[104.631,0.848],[104.63,0.847],[104.63,0.847]]],[[[104.625,0.855],[104.614,0.846],[104.622,0.861],[104.625,0.855]]],[[[104.697,0.853],[104.697,0.854],[104.698,0.853],[104.697,0.853]]],[[[104.636,0.86],[104.638,0.859],[104.636,0.858],[104.636,0.86]]],[[[104.659,0.865],[104.656,0.867],[104.657,0.872],[104.659,0.865]]],[[[104.689,0.896],[104.696,0.849],[104.677,0.845],[104.661,0.864],[104.689,0.896]]],[[[104.654,0.869],[104.649,0.871],[104.654,0.875],[104.654,0.869]]],[[[104.658,0.875],[104.657,0.876],[104.659,0.875],[104.658,0.875]]],[[[104.634,0.894],[104.662,0.88],[104.644,0.873],[104.628,0.854],[104.617,0.873],[104.634,0.894]]],[[[104.666,0.886],[104.663,0.893],[104.668,0.895],[104.666,0.886]]],[[[104.635,0.9],[104.629,0.897],[104.629,0.9],[104.635,0.9]]],[[[104.7,0.907],[104.701,0.907],[104.7,0.907],[104.7,0.907]]],[[[104.658,0.913],[104.663,0.913],[104.657,0.908],[104.658,0.913]]],[[[104.668,0.91],[104.673,0.914],[104.668,0.91],[104.668,0.91]]],[[[104.667,0.94],[104.664,0.94],[104.667,0.94],[104.667,0.94]]],[[[104.665,0.942],[104.667,0.943],[104.665,0.942],[104.665,0.942]]],[[[104.67,1.065],[104.678,1.067],[104.678,1.047],[104.67,1.065]]],[[[104.66,1.11],[104.661,1.108],[104.66,1.109],[104.66,1.11]]],[[[106.978,0.557],[106.978,0.552],[106.975,0.557],[106.978,0.557]]],[[[107.033,0.577],[107.028,0.576],[107.029,0.582],[107.033,0.577]]],[[[107.106,0.583],[107.106,0.58],[107.105,0.581],[107.106,0.583]]],[[[106.978,0.594],[106.977,0.594],[106.978,0.595],[106.978,0.594]]],[[[107.088,0.6],[107.088,0.596],[107.08,0.6],[107.088,0.6]]],[[[106.976,0.601],[106.983,0.608],[106.988,0.602],[106.976,0.601]]],[[[106.992,0.605],[106.993,0.606],[106.993,0.605],[106.992,0.605]]],[[[106.978,0.617],[106.979,0.618],[106.979,0.617],[106.978,0.617]]],[[[107.034,0.621],[107.035,0.619],[107.032,0.617],[107.034,0.621]]],[[[107.014,0.648],[107.021,0.622],[107.014,0.623],[107.014,0.648]]],[[[104.773,0.717],[104.773,0.718],[104.774,0.718],[104.773,0.717]]],[[[104.78,0.719],[104.781,0.719],[104.78,0.718],[104.78,0.719]]],[[[104.779,0.724],[104.781,0.723],[104.778,0.722],[104.779,0.724]]],[[[104.721,0.757],[104.748,0.746],[104.758,0.748],[104.761,0.733],[104.732,0.719],[104.721,0.757]]],[[[104.798,0.755],[104.799,0.754],[104.797,0.753],[104.798,0.755]]],[[[104.7,0.794],[104.747,0.788],[104.751,0.754],[104.692,0.769],[104.7,0.794]]],[[[104.815,0.792],[104.814,0.786],[104.809,0.788],[104.815,0.792]]],[[[104.747,0.805],[104.742,0.793],[104.738,0.796],[104.747,0.805]]],[[[104.741,0.805],[104.741,0.808],[104.742,0.807],[104.741,0.805]]],[[[104.765,0.813],[104.767,0.811],[104.764,0.811],[104.765,0.813]]],[[[104.77,0.813],[104.768,0.813],[104.769,0.814],[104.77,0.813]]],[[[104.703,0.847],[104.707,0.842],[104.702,0.843],[104.703,0.847]]],[[[104.718,0.86],[104.719,0.857],[104.717,0.858],[104.718,0.86]]],[[[104.707,0.871],[104.707,0.872],[104.707,0.872],[104.707,0.871]]],[[[104.703,0.872],[104.704,0.872],[104.704,0.872],[104.703,0.872]]],[[[104.709,0.876],[104.709,0.875],[104.708,0.876],[104.709,0.876]]],[[[104.719,0.922],[104.717,0.919],[104.716,0.925],[104.719,0.922]]],[[[106.744,0.921],[106.735,0.927],[106.735,0.929],[106.744,0.921]]],[[[104.791,0.926],[104.791,0.927],[104.791,0.927],[104.791,0.926]]],[[[104.732,0.931],[104.752,0.933],[104.756,0.919],[104.732,0.931]]],[[[104.919,0.935],[104.927,0.936],[104.928,0.927],[104.919,0.935]]],[[[104.809,0.974],[104.813,0.973],[104.819,0.972],[104.809,0.974]]],[[[104.789,1.028],[104.85,1.013],[104.84,0.962],[104.814,0.963],[104.825,0.98],[104.787,1.004],[104.789,1.028]]],[[[104.813,1.025],[104.814,1.026],[104.814,1.025],[104.813,1.025]]],[[[104.819,1.027],[104.818,1.029],[104.82,1.029],[104.819,1.027]]],[[[104.83,1.046],[104.829,1.048],[104.831,1.048],[104.83,1.046]]],[[[104.706,1.052],[104.714,1.052],[104.71,1.049],[104.706,1.052]]],[[[106.886,1.19],[106.895,1.191],[106.894,1.188],[106.886,1.19]]],[[[107.046,1.321],[107.045,1.314],[107.041,1.315],[107.046,1.321]]],[[[107.414,0.515],[107.396,0.506],[107.389,0.513],[107.395,0.523],[107.414,0.515]]],[[[107.15,0.514],[107.149,0.515],[107.151,0.515],[107.15,0.514]]],[[[107.151,0.518],[107.151,0.519],[107.151,0.518],[107.151,0.518]]],[[[107.385,0.52],[107.376,0.528],[107.387,0.528],[107.385,0.52]]],[[[107.188,0.567],[107.192,0.567],[107.19,0.565],[107.188,0.567]]],[[[107.181,0.569],[107.183,0.565],[107.179,0.566],[107.181,0.569]]],[[[107.171,0.581],[107.175,0.58],[107.172,0.575],[107.171,0.581]]],[[[107.134,0.59],[107.135,0.579],[107.124,0.581],[107.134,0.59]]],[[[107.229,0.688],[107.23,0.696],[107.235,0.686],[107.229,0.688]]],[[[107.522,0.879],[107.519,0.881],[107.521,0.885],[107.522,0.879]]],[[[107.541,0.896],[107.549,0.88],[107.544,0.867],[107.54,0.873],[107.541,0.896]]],[[[107.469,0.904],[107.468,0.906],[107.47,0.907],[107.469,0.904]]],[[[107.499,0.924],[107.5,0.929],[107.5,0.923],[107.499,0.924]]],[[[107.496,0.944],[107.509,0.941],[107.502,0.93],[107.496,0.944]]],[[[107.52,0.944],[107.519,0.948],[107.522,0.948],[107.52,0.944]]],[[[107.427,0.978],[107.473,0.966],[107.468,0.923],[107.44,0.933],[107.427,0.978]]],[[[107.476,0.955],[107.487,0.954],[107.482,0.943],[107.476,0.955]]],[[[107.411,0.96],[107.424,0.963],[107.421,0.948],[107.411,0.96]]],[[[107.488,0.969],[107.494,0.961],[107.489,0.954],[107.488,0.969]]],[[[107.399,0.969],[107.394,0.974],[107.397,0.976],[107.399,0.969]]],[[[107.398,0.983],[107.397,0.98],[107.395,0.982],[107.398,0.983]]],[[[107.401,0.988],[107.415,0.98],[107.404,0.979],[107.401,0.988]]],[[[107.539,1.026],[107.603,0.998],[107.553,0.948],[107.579,0.991],[107.573,1.008],[107.541,0.973],[107.539,1.026]]],[[[107.522,0.994],[107.528,0.992],[107.522,0.991],[107.522,0.994]]],[[[107.388,1.008],[107.394,0.991],[107.388,0.99],[107.388,1.008]]],[[[107.407,1.004],[107.409,1.0],[107.405,1.0],[107.407,1.004]]],[[[107.422,1.001],[107.422,1.003],[107.422,1.001],[107.422,1.001]]],[[[107.38,1.013],[107.386,1.008],[107.377,1.005],[107.38,1.013]]],[[[107.362,1.023],[107.368,1.006],[107.357,1.01],[107.362,1.023]]],[[[107.573,1.022],[107.572,1.022],[107.573,1.022],[107.573,1.022]]],[[[107.514,1.022],[107.514,1.023],[107.515,1.023],[107.514,1.022]]],[[[107.51,1.026],[107.512,1.023],[107.509,1.022],[107.51,1.026]]],[[[107.383,1.028],[107.378,1.033],[107.378,1.036],[107.383,1.028]]],[[[107.504,1.036],[107.513,1.046],[107.52,1.047],[107.504,1.036]]],[[[107.484,1.053],[107.496,1.051],[107.493,1.045],[107.484,1.053]]],[[[107.443,1.09],[107.445,1.087],[107.441,1.086],[107.443,1.09]]],[[[107.439,1.087],[107.431,1.09],[107.435,1.094],[107.439,1.087]]],[[[107.404,1.113],[107.412,1.093],[107.389,1.091],[107.404,1.113]]]]}},{"type":"Feature","properties":{"k":"21.02"},"geometry":{"type":"MultiPolygon","coordinates":[[[[103.342,0.849],[103.344,0.849],[103.343,0.847],[103.342,0.849]]],[[[103.348,0.848],[103.348,0.851],[103.349,0.85],[103.348,0.848]]],[[[103.42,0.855],[103.412,0.851],[103.413,0.865],[103.42,0.855]]],[[[103.412,0.856],[103.409,0.856],[103.412,0.858],[103.412,0.856]]],[[[103.41,0.863],[103.405,0.863],[103.409,0.864],[103.41,0.863]]],[[[103.395,0.893],[103.395,0.895],[103.397,0.892],[103.395,0.893]]],[[[103.366,0.897],[103.366,0.907],[103.373,0.899],[103.366,0.897]]],[[[103.34,0.894],[103.335,0.915],[103.341,0.918],[103.34,0.894]]],[[[103.356,0.909],[103.363,0.909],[103.358,0.904],[103.356,0.909]]],[[[103.405,0.911],[103.399,0.909],[103.4,0.912],[103.405,0.911]]],[[[103.349,0.921],[103.349,0.925],[103.351,0.923],[103.349,0.921]]],[[[103.387,0.926],[103.389,0.925],[103.389,0.924],[103.387,0.926]]],[[[103.38,0.926],[103.386,0.923],[103.38,0.924],[103.38,0.926]]],[[[103.348,0.928],[103.345,0.928],[103.346,0.93],[103.348,0.928]]],[[[103.339,0.926],[103.343,0.932],[103.343,0.929],[103.339,0.926]]],[[[103.372,0.933],[103.375,0.935],[103.374,0.931],[103.372,0.933]]],[[[103.328,0.937],[103.328,0.942],[103.33,0.938],[103.328,0.937]]],[[[103.36,0.952],[103.362,0.961],[103.363,0.95],[103.36,0.952]]],[[[103.297,0.98],[103.291,0.99],[103.303,0.979],[103.297,0.98]]],[[[103.375,0.987],[103.387,0.991],[103.389,0.984],[103.375,0.987]]],[[[103.375,1.138],[103.395,1.056],[103.425,1.046],[103.439,0.989],[103.351,1.005],[103.317,1.034],[103.311,1.087],[103.327,1.111],[103.375,1.138]]],[[[103.29,1.101],[103.289,1.087],[103.285,1.09],[103.29,1.101]]],[[[103.305,1.113],[103.305,1.111],[103.302,1.111],[103.305,1.113]]],[[[103.327,1.116],[103.323,1.116],[103.326,1.119],[103.327,1.116]]],[[[103.29,1.119],[103.292,1.119],[103.291,1.117],[103.29,1.119]]],[[[103.332,1.126],[103.333,1.12],[103.331,1.123],[103.332,1.126]]],[[[103.306,1.115],[103.298,1.139],[103.309,1.14],[103.306,1.115]]],[[[103.294,1.13],[103.291,1.128],[103.292,1.13],[103.294,1.13]]],[[[103.293,1.142],[103.295,1.141],[103.293,1.14],[103.293,1.142]]],[[[103.296,1.143],[103.295,1.144],[103.296,1.146],[103.296,1.143]]],[[[103.394,1.129],[103.389,1.166],[103.411,1.131],[103.394,1.129]]],[[[103.344,1.187],[103.345,1.189],[103.346,1.186],[103.344,1.187]]],[[[103.556,0.549],[103.552,0.549],[103.554,0.551],[103.556,0.549]]],[[[103.557,0.631],[103.555,0.633],[103.561,0.634],[103.557,0.631]]],[[[103.555,0.642],[103.553,0.637],[103.552,0.639],[103.555,0.642]]],[[[103.491,0.626],[103.463,0.622],[103.464,0.636],[103.488,0.681],[103.521,0.691],[103.491,0.626]]],[[[103.559,0.673],[103.558,0.672],[103.556,0.675],[103.559,0.673]]],[[[103.555,0.681],[103.559,0.688],[103.561,0.684],[103.555,0.681]]],[[[103.544,0.689],[103.544,0.686],[103.542,0.689],[103.544,0.689]]],[[[103.533,0.691],[103.534,0.693],[103.534,0.69],[103.533,0.691]]],[[[103.552,0.699],[103.557,0.701],[103.557,0.698],[103.552,0.699]]],[[[103.501,0.705],[103.516,0.694],[103.496,0.693],[103.501,0.705]]],[[[103.55,0.75],[103.55,0.756],[103.553,0.753],[103.55,0.75]]],[[[103.458,0.638],[103.4,0.65],[103.351,0.741],[103.347,0.834],[103.376,0.897],[103.406,0.882],[103.404,0.863],[103.413,0.845],[103.431,0.829],[103.472,0.81],[103.513,0.756],[103.458,0.638]]],[[[103.554,0.785],[103.532,0.761],[103.538,0.795],[103.554,0.785]]],[[[103.528,0.779],[103.53,0.777],[103.528,0.777],[103.528,0.779]]],[[[103.531,0.805],[103.535,0.804],[103.534,0.802],[103.531,0.805]]],[[[103.527,0.815],[103.529,0.809],[103.525,0.811],[103.527,0.815]]],[[[103.524,0.814],[103.522,0.813],[103.522,0.814],[103.524,0.814]]],[[[103.522,0.818],[103.523,0.817],[103.522,0.816],[103.522,0.818]]],[[[103.455,0.823],[103.474,0.812],[103.45,0.821],[103.455,0.823]]],[[[103.446,0.823],[103.452,0.828],[103.453,0.825],[103.446,0.823]]],[[[103.494,0.846],[103.531,0.801],[103.532,0.787],[103.527,0.779],[103.528,0.767],[103.473,0.823],[103.421,0.842],[103.421,0.853],[103.411,0.885],[103.454,0.857],[103.494,0.846]]],[[[103.514,0.83],[103.521,0.828],[103.515,0.826],[103.514,0.83]]],[[[103.502,0.848],[103.496,0.848],[103.498,0.852],[103.502,0.848]]],[[[103.422,0.881],[103.424,0.877],[103.422,0.879],[103.422,0.881]]],[[[103.479,0.908],[103.487,0.855],[103.454,0.859],[103.407,0.91],[103.423,0.912],[103.436,0.925],[103.479,0.908]]],[[[103.49,0.927],[103.526,0.882],[103.511,0.86],[103.486,0.9],[103.49,0.927]]],[[[103.478,0.914],[103.478,0.911],[103.477,0.913],[103.478,0.914]]],[[[103.462,0.922],[103.464,0.923],[103.465,0.921],[103.462,0.922]]],[[[103.441,0.929],[103.44,0.939],[103.461,0.926],[103.441,0.929]]],[[[103.411,0.921],[103.407,0.941],[103.417,0.951],[103.439,0.931],[103.411,0.921]]],[[[103.462,0.96],[103.475,0.92],[103.427,0.959],[103.462,0.96]]],[[[103.49,0.943],[103.494,0.95],[103.494,0.944],[103.49,0.943]]],[[[103.496,0.953],[103.496,0.95],[103.493,0.954],[103.496,0.953]]],[[[103.635,0.491],[103.624,0.489],[103.63,0.498],[103.635,0.491]]],[[[103.62,0.493],[103.623,0.494],[103.62,0.489],[103.62,0.493]]],[[[103.635,0.508],[103.635,0.498],[103.629,0.507],[103.635,0.508]]],[[[103.633,0.513],[103.624,0.513],[103.621,0.523],[103.633,0.513]]],[[[103.623,0.508],[103.597,0.492],[103.576,0.558],[103.623,0.508]]],[[[103.634,0.536],[103.637,0.521],[103.635,0.515],[103.62,0.526],[103.634,0.536]]],[[[103.619,0.535],[103.621,0.532],[103.619,0.533],[103.619,0.535]]],[[[103.57,0.536],[103.569,0.534],[103.568,0.537],[103.57,0.536]]],[[[103.557,0.541],[103.569,0.545],[103.564,0.537],[103.557,0.541]]],[[[103.629,0.542],[103.623,0.54],[103.625,0.549],[103.629,0.542]]],[[[103.574,0.564],[103.573,0.559],[103.572,0.561],[103.574,0.564]]],[[[103.632,0.567],[103.63,0.563],[103.631,0.569],[103.632,0.567]]],[[[103.649,0.57],[103.646,0.578],[103.65,0.574],[103.649,0.57]]],[[[103.571,0.589],[103.57,0.587],[103.569,0.59],[103.571,0.589]]],[[[103.642,0.587],[103.638,0.589],[103.643,0.593],[103.642,0.587]]],[[[103.562,0.591],[103.564,0.591],[103.564,0.589],[103.562,0.591]]],[[[103.635,0.594],[103.639,0.593],[103.637,0.592],[103.635,0.594]]],[[[103.648,0.611],[103.638,0.626],[103.664,0.614],[103.648,0.611]]],[[[103.563,0.62],[103.566,0.621],[103.565,0.619],[103.563,0.62]]],[[[103.571,0.625],[103.574,0.625],[103.573,0.624],[103.571,0.625]]],[[[103.63,0.631],[103.643,0.632],[103.641,0.628],[103.63,0.631]]],[[[103.628,0.639],[103.627,0.642],[103.629,0.64],[103.628,0.639]]],[[[103.584,0.65],[103.583,0.649],[103.582,0.651],[103.584,0.65]]],[[[103.577,0.663],[103.572,0.658],[103.572,0.662],[103.577,0.663]]],[[[103.583,0.665],[103.586,0.662],[103.584,0.663],[103.583,0.665]]],[[[103.573,0.669],[103.576,0.68],[103.586,0.672],[103.573,0.669]]],[[[103.588,0.697],[103.589,0.679],[103.581,0.681],[103.588,0.697]]],[[[103.566,0.711],[103.563,0.711],[103.565,0.712],[103.566,0.711]]],[[[103.556,0.745],[103.572,0.737],[103.567,0.725],[103.556,0.745]]],[[[103.586,0.747],[103.582,0.746],[103.581,0.75],[103.586,0.747]]],[[[103.627,0.76],[103.629,0.76],[103.629,0.759],[103.627,0.76]]],[[[103.622,0.867],[103.624,0.871],[103.626,0.867],[103.622,0.867]]],[[[103.64,0.885],[103.643,0.881],[103.642,0.881],[103.64,0.885]]],[[[103.663,0.475],[103.663,0.473],[103.661,0.474],[103.663,0.475]]],[[[103.655,0.559],[103.656,0.561],[103.657,0.558],[103.655,0.559]]],[[[103.663,0.568],[103.661,0.552],[103.653,0.571],[103.663,0.568]]],[[[103.776,0.574],[103.769,0.578],[103.769,0.581],[103.776,0.574]]],[[[103.662,0.599],[103.658,0.596],[103.658,0.599],[103.662,0.599]]],[[[103.701,0.607],[103.701,0.604],[103.697,0.607],[103.701,0.607]]],[[[103.706,0.612],[103.717,0.606],[103.704,0.608],[103.706,0.612]]],[[[103.67,0.611],[103.68,0.61],[103.679,0.608],[103.67,0.611]]],[[[103.704,0.62],[103.671,0.618],[103.672,0.636],[103.704,0.62]]],[[[103.656,0.636],[103.66,0.634],[103.656,0.633],[103.656,0.636]]],[[[103.671,0.637],[103.671,0.635],[103.67,0.637],[103.671,0.637]]],[[[103.749,0.735],[103.742,0.685],[103.705,0.699],[103.693,0.729],[103.749,0.735]]],[[[103.652,0.722],[103.651,0.718],[103.65,0.719],[103.652,0.722]]],[[[103.683,0.732],[103.674,0.713],[103.654,0.74],[103.683,0.732]]],[[[103.692,0.73],[103.691,0.728],[103.689,0.73],[103.692,0.73]]],[[[103.728,0.738],[103.726,0.741],[103.729,0.739],[103.728,0.738]]],[[[103.731,0.758],[103.728,0.749],[103.719,0.754],[103.731,0.758]]],[[[103.686,0.756],[103.685,0.765],[103.689,0.761],[103.686,0.756]]],[[[103.679,0.768],[103.679,0.758],[103.669,0.761],[103.679,0.768]]],[[[103.662,0.769],[103.667,0.764],[103.66,0.768],[103.662,0.769]]],[[[103.773,0.782],[103.768,0.784],[103.769,0.786],[103.773,0.782]]],[[[103.724,0.789],[103.726,0.787],[103.725,0.786],[103.724,0.789]]],[[[103.726,0.758],[103.702,0.757],[103.665,0.832],[103.704,0.804],[103.726,0.758]]],[[[103.716,0.788],[103.709,0.798],[103.718,0.789],[103.716,0.788]]],[[[103.726,0.801],[103.722,0.8],[103.723,0.802],[103.726,0.801]]],[[[103.659,0.838],[103.651,0.84],[103.653,0.846],[103.659,0.838]]],[[[103.697,0.836],[103.702,0.858],[103.705,0.84],[103.697,0.836]]],[[[103.683,0.83],[103.655,0.873],[103.693,0.824],[103.683,0.83]]],[[[103.654,0.865],[103.656,0.867],[103.656,0.865],[103.654,0.865]]],[[[103.767,0.881],[103.778,0.877],[103.775,0.874],[103.767,0.881]]],[[[103.717,0.881],[103.715,0.876],[103.716,0.882],[103.717,0.881]]],[[[103.702,0.884],[103.702,0.875],[103.698,0.884],[103.702,0.884]]],[[[103.769,0.887],[103.754,0.884],[103.746,0.9],[103.753,0.901],[103.769,0.887]]],[[[103.771,0.541],[103.773,0.549],[103.778,0.54],[103.771,0.541]]],[[[103.856,0.749],[103.853,0.749],[103.853,0.75],[103.856,0.749]]],[[[103.972,0.754],[103.963,0.749],[103.963,0.751],[103.972,0.754]]],[[[103.941,0.748],[103.938,0.75],[103.942,0.755],[103.941,0.748]]],[[[103.86,0.758],[103.859,0.761],[103.862,0.757],[103.86,0.758]]],[[[103.856,0.761],[103.858,0.763],[103.859,0.761],[103.856,0.761]]],[[[103.979,0.767],[103.976,0.767],[103.977,0.771],[103.979,0.767]]],[[[103.854,0.768],[103.849,0.766],[103.852,0.77],[103.854,0.768]]],[[[103.966,0.768],[103.951,0.764],[103.963,0.778],[103.966,0.768]]],[[[103.869,0.781],[103.865,0.778],[103.859,0.791],[103.869,0.781]]],[[[103.964,0.785],[103.966,0.785],[103.967,0.783],[103.964,0.785]]],[[[103.833,0.82],[103.836,0.817],[103.834,0.817],[103.833,0.82]]],[[[103.795,0.856],[103.844,0.782],[103.83,0.752],[103.758,0.803],[103.717,0.871],[103.748,0.886],[103.795,0.856]]],[[[103.924,0.756],[103.829,0.847],[103.81,0.899],[103.898,0.855],[103.896,0.804],[103.907,0.833],[103.941,0.787],[103.924,0.756]]],[[[103.798,0.86],[103.8,0.855],[103.795,0.861],[103.798,0.86]]],[[[103.902,0.87],[103.905,0.866],[103.901,0.868],[103.902,0.87]]],[[[103.796,0.869],[103.796,0.873],[103.803,0.867],[103.796,0.869]]],[[[103.798,0.876],[103.798,0.873],[103.796,0.876],[103.798,0.876]]],[[[103.808,0.876],[103.808,0.879],[103.808,0.877],[103.808,0.876]]],[[[103.803,0.88],[103.805,0.876],[103.802,0.879],[103.803,0.88]]],[[[103.804,0.887],[103.806,0.881],[103.802,0.882],[103.804,0.887]]],[[[103.798,0.887],[103.794,0.888],[103.801,0.89],[103.798,0.887]]],[[[103.799,0.891],[103.794,0.894],[103.799,0.893],[103.799,0.891]]],[[[103.791,0.901],[103.801,0.902],[103.797,0.897],[103.791,0.901]]],[[[103.837,0.902],[103.832,0.903],[103.836,0.906],[103.837,0.902]]],[[[103.803,0.907],[103.801,0.905],[103.801,0.907],[103.803,0.907]]],[[[103.808,0.912],[103.809,0.908],[103.803,0.915],[103.808,0.912]]],[[[103.772,0.913],[103.774,0.911],[103.772,0.911],[103.772,0.913]]],[[[103.818,0.924],[103.818,0.921],[103.816,0.923],[103.818,0.924]]]]}},{"type":"Feature","properties":{"k":"21.03"},"geometry":{"type":"MultiPolygon","coordinates":[[[[105.598,2.301],[105.597,2.299],[105.596,2.299],[105.598,2.301]]],[[[105.879,2.364],[105.881,2.354],[105.878,2.357],[105.879,2.364]]],[[[106.053,2.502],[106.048,2.503],[106.052,2.505],[106.053,2.502]]],[[[106.04,2.511],[106.04,2.506],[106.039,2.509],[106.04,2.511]]],[[[106.045,2.51],[106.042,2.508],[106.044,2.511],[106.045,2.51]]],[[[106.048,2.525],[106.05,2.513],[106.039,2.514],[106.048,2.525]]],[[[105.379,2.743],[105.382,2.742],[105.381,2.74],[105.379,2.743]]],[[[106.017,2.791],[106.019,2.781],[106.013,2.786],[106.017,2.791]]],[[[105.771,2.843],[105.774,2.845],[105.775,2.839],[105.771,2.843]]],[[[106.117,2.851],[106.118,2.845],[106.115,2.848],[106.117,2.851]]],[[[106.102,2.868],[106.098,2.875],[106.105,2.873],[106.102,2.868]]],[[[105.79,2.886],[105.791,2.874],[105.784,2.88],[105.79,2.886]]],[[[105.695,2.918],[105.678,2.919],[105.681,2.924],[105.695,2.918]]],[[[105.671,2.917],[105.675,2.917],[105.674,2.916],[105.671,2.917]]],[[[105.841,2.969],[105.852,2.958],[105.819,2.968],[105.812,2.943],[105.828,2.911],[105.796,2.909],[105.822,2.886],[105.784,2.907],[105.767,2.871],[105.723,2.873],[105.77,2.835],[105.726,2.817],[105.693,2.85],[105.706,2.927],[105.694,2.933],[105.715,2.959],[105.713,2.984],[105.675,3.009],[105.691,3.005],[105.705,3.032],[105.691,3.058],[105.72,3.03],[105.74,3.05],[105.724,2.993],[105.742,2.973],[105.785,2.972],[105.8,2.999],[105.851,2.988],[105.841,2.969]]],[[[105.852,2.956],[105.852,2.954],[105.85,2.955],[105.852,2.956]]],[[[105.707,2.96],[105.689,2.975],[105.705,2.971],[105.707,2.96]]],[[[105.853,2.976],[105.854,2.974],[105.85,2.974],[105.853,2.976]]],[[[105.699,2.979],[105.7,2.976],[105.698,2.977],[105.699,2.979]]],[[[105.684,2.986],[105.688,2.988],[105.687,2.985],[105.684,2.986]]],[[[105.698,2.991],[105.698,2.988],[105.696,2.989],[105.698,2.991]]],[[[105.805,2.999],[105.806,3.009],[105.815,3.003],[105.805,2.999]]],[[[105.834,3.01],[105.838,3.007],[105.834,3.007],[105.834,3.01]]],[[[105.67,3.012],[105.672,3.009],[105.67,3.009],[105.67,3.012]]],[[[105.747,3.035],[105.752,3.031],[105.746,3.028],[105.747,3.035]]],[[[105.945,3.019],[105.957,3.046],[105.956,3.032],[105.945,3.019]]],[[[105.95,3.049],[105.952,3.052],[105.953,3.051],[105.95,3.049]]],[[[105.98,3.087],[105.982,3.021],[105.966,3.024],[105.98,3.087]]],[[[105.688,3.062],[105.691,3.062],[105.691,3.059],[105.688,3.062]]],[[[105.608,3.078],[105.613,3.074],[105.606,3.077],[105.608,3.078]]],[[[105.727,3.082],[105.727,3.079],[105.725,3.08],[105.727,3.082]]],[[[105.958,3.077],[105.944,3.089],[105.954,3.092],[105.958,3.077]]],[[[105.676,3.086],[105.669,3.084],[105.672,3.088],[105.676,3.086]]],[[[105.589,3.083],[105.597,3.092],[105.609,3.081],[105.589,3.083]]],[[[105.974,3.087],[105.962,3.082],[105.971,3.092],[105.974,3.087]]],[[[105.735,3.089],[105.711,3.074],[105.696,3.097],[105.716,3.1],[105.735,3.089]]],[[[105.969,3.096],[105.974,3.096],[105.971,3.094],[105.969,3.096]]],[[[105.961,3.102],[105.961,3.091],[105.947,3.099],[105.961,3.102]]],[[[105.675,3.093],[105.639,3.09],[105.644,3.118],[105.652,3.121],[105.675,3.093]]],[[[105.68,3.104],[105.674,3.118],[105.698,3.105],[105.68,3.104]]],[[[106.112,3.116],[106.112,3.109],[106.109,3.108],[106.112,3.116]]],[[[105.664,3.126],[105.667,3.127],[105.666,3.122],[105.664,3.126]]],[[[105.675,3.127],[105.676,3.123],[105.673,3.124],[105.675,3.127]]],[[[106.114,3.141],[106.127,3.121],[106.123,3.117],[106.111,3.119],[106.114,3.141]]],[[[106.11,3.145],[106.106,3.134],[106.102,3.138],[106.11,3.145]]],[[[106.099,3.135],[106.081,3.125],[106.078,3.153],[106.087,3.158],[106.099,3.135]]],[[[105.953,3.331],[105.951,3.328],[105.95,3.33],[105.953,3.331]]],[[[106.052,3.336],[106.045,3.33],[106.042,3.338],[106.052,3.336]]],[[[106.273,2.613],[106.279,2.611],[106.274,2.606],[106.273,2.613]]],[[[106.286,2.616],[106.284,2.616],[106.285,2.62],[106.286,2.616]]],[[[106.305,2.631],[106.3,2.633],[106.302,2.635],[106.305,2.631]]],[[[106.249,2.719],[106.246,2.717],[106.248,2.72],[106.249,2.719]]],[[[106.269,2.72],[106.271,2.718],[106.269,2.717],[106.269,2.72]]],[[[106.26,2.725],[106.266,2.715],[106.251,2.712],[106.26,2.725]]],[[[106.278,2.721],[106.278,2.718],[106.276,2.719],[106.278,2.721]]],[[[106.287,2.729],[106.286,2.726],[106.282,2.727],[106.287,2.729]]],[[[106.274,2.73],[106.266,2.733],[106.278,2.732],[106.274,2.73]]],[[[106.22,2.737],[106.223,2.739],[106.224,2.737],[106.22,2.737]]],[[[106.285,2.739],[106.284,2.737],[106.284,2.74],[106.285,2.739]]],[[[106.192,2.752],[106.176,2.745],[106.168,2.762],[106.192,2.752]]],[[[106.202,2.757],[106.222,2.767],[106.192,2.804],[106.225,2.807],[106.238,2.762],[106.254,2.761],[106.242,2.738],[106.254,2.724],[106.202,2.757]]],[[[106.124,2.842],[106.119,2.845],[106.122,2.848],[106.124,2.842]]],[[[106.151,2.9],[106.154,2.9],[106.153,2.898],[106.151,2.9]]],[[[106.133,2.906],[106.135,2.904],[106.132,2.904],[106.133,2.906]]],[[[106.162,2.906],[106.158,2.906],[106.16,2.91],[106.162,2.906]]],[[[106.145,2.929],[106.132,2.929],[106.114,2.932],[106.145,2.929]]],[[[106.193,2.951],[106.175,2.949],[106.181,2.959],[106.193,2.951]]],[[[106.155,2.958],[106.162,2.974],[106.168,2.956],[106.155,2.958]]],[[[106.124,2.992],[106.13,2.992],[106.127,2.987],[106.124,2.992]]],[[[106.136,2.98],[106.136,2.994],[106.145,3.006],[106.149,2.995],[106.136,2.98]]],[[[106.24,3.002],[106.25,2.998],[106.24,2.991],[106.24,3.002]]],[[[106.218,3.047],[106.224,3.047],[106.222,3.039],[106.218,3.047]]],[[[106.286,3.073],[106.287,3.074],[106.289,3.072],[106.286,3.073]]],[[[106.254,3.096],[106.257,3.09],[106.255,3.089],[106.254,3.096]]],[[[106.142,3.126],[106.148,3.124],[106.147,3.122],[106.142,3.126]]],[[[106.226,3.234],[106.278,3.195],[106.274,3.171],[106.288,3.179],[106.269,3.116],[106.289,3.104],[106.279,3.076],[106.254,3.117],[106.236,3.096],[106.204,3.138],[106.194,3.231],[106.218,3.217],[106.226,3.234]]],[[[106.293,3.16],[106.294,3.166],[106.294,3.158],[106.293,3.16]]],[[[106.296,3.176],[106.31,3.173],[106.302,3.165],[106.296,3.176]]],[[[106.279,3.194],[106.282,3.189],[106.279,3.19],[106.279,3.194]]],[[[106.294,3.184],[106.293,3.198],[106.306,3.201],[106.294,3.184]]],[[[106.305,3.205],[106.3,3.207],[106.301,3.209],[106.305,3.205]]],[[[106.309,3.226],[106.292,3.23],[106.305,3.234],[106.309,3.226]]],[[[106.305,3.259],[106.296,3.236],[106.299,3.278],[106.305,3.259]]],[[[106.302,3.286],[106.308,3.27],[106.306,3.268],[106.302,3.286]]],[[[106.264,3.337],[106.285,3.385],[106.308,3.367],[106.292,3.346],[106.288,3.25],[106.273,3.296],[106.261,3.29],[106.284,3.225],[106.227,3.259],[106.246,3.289],[106.242,3.339],[106.26,3.359],[106.264,3.337]]],[[[106.176,3.308],[106.177,3.305],[106.175,3.305],[106.176,3.308]]],[[[106.171,3.332],[106.203,3.348],[106.201,3.377],[106.227,3.394],[106.215,3.36],[106.239,3.342],[106.217,3.296],[106.202,3.325],[106.195,3.29],[106.171,3.332]]],[[[106.306,3.348],[106.298,3.349],[106.305,3.358],[106.306,3.348]]],[[[106.177,3.353],[106.173,3.352],[106.175,3.356],[106.177,3.353]]],[[[106.262,3.376],[106.264,3.375],[106.261,3.374],[106.262,3.376]]],[[[106.229,3.378],[106.231,3.386],[106.234,3.38],[106.229,3.378]]],[[[106.245,3.387],[106.248,3.387],[106.246,3.384],[106.245,3.387]]],[[[106.277,3.387],[106.28,3.402],[106.29,3.387],[106.277,3.387]]],[[[106.146,3.404],[106.153,3.397],[106.146,3.389],[106.146,3.404]]],[[[106.227,3.398],[106.23,3.397],[106.229,3.395],[106.227,3.398]]],[[[106.412,2.984],[106.416,2.993],[106.415,2.981],[106.412,2.984]]],[[[106.397,3.017],[106.394,3.014],[106.395,3.018],[106.397,3.017]]],[[[106.392,3.029],[106.412,3.03],[106.414,3.037],[106.407,3.013],[106.392,3.029]]],[[[106.38,3.029],[106.388,3.031],[106.386,3.024],[106.38,3.029]]],[[[106.376,3.039],[106.371,3.036],[106.374,3.041],[106.376,3.039]]],[[[106.395,3.043],[106.389,3.039],[106.392,3.046],[106.395,3.043]]],[[[106.382,3.042],[106.379,3.044],[106.38,3.047],[106.382,3.042]]],[[[106.331,3.054],[106.339,3.058],[106.336,3.051],[106.331,3.054]]],[[[106.32,3.067],[106.319,3.063],[106.318,3.065],[106.32,3.067]]],[[[106.356,3.094],[106.354,3.049],[106.342,3.072],[106.356,3.094]]],[[[106.322,3.073],[106.323,3.071],[106.321,3.071],[106.322,3.073]]],[[[106.336,3.078],[106.33,3.081],[106.334,3.094],[106.336,3.078]]],[[[106.341,3.091],[106.344,3.087],[106.343,3.084],[106.341,3.091]]],[[[106.34,3.104],[106.347,3.101],[106.347,3.094],[106.34,3.104]]],[[[106.353,3.109],[106.355,3.103],[106.351,3.099],[106.353,3.109]]],[[[106.4,3.121],[106.402,3.109],[106.398,3.107],[106.4,3.121]]],[[[106.326,3.157],[106.344,3.123],[106.323,3.121],[106.309,3.084],[106.308,3.116],[106.3,3.126],[106.296,3.104],[106.285,3.124],[106.316,3.169],[106.311,3.136],[106.326,3.157]]],[[[106.379,3.138],[106.395,3.154],[106.397,3.136],[106.379,3.138]]],[[[106.396,3.151],[106.409,3.153],[106.399,3.146],[106.396,3.151]]],[[[106.381,3.153],[106.388,3.152],[106.382,3.149],[106.381,3.153]]],[[[106.366,3.161],[106.368,3.154],[106.362,3.153],[106.366,3.161]]],[[[106.397,3.166],[106.395,3.166],[106.396,3.168],[106.397,3.166]]],[[[106.364,3.161],[106.362,3.184],[106.367,3.19],[106.364,3.161]]],[[[106.306,3.186],[106.303,3.184],[106.304,3.187],[106.306,3.186]]],[[[106.354,3.191],[106.354,3.189],[106.353,3.19],[106.354,3.191]]],[[[106.311,3.195],[106.307,3.196],[106.308,3.201],[106.311,3.195]]],[[[106.349,3.203],[106.349,3.199],[106.348,3.2],[106.349,3.203]]],[[[106.317,3.211],[106.319,3.209],[106.317,3.209],[106.317,3.211]]],[[[106.316,3.235],[106.315,3.241],[106.317,3.238],[106.316,3.235]]],[[[106.308,3.244],[106.303,3.242],[106.306,3.252],[106.308,3.244]]],[[[106.313,3.253],[106.31,3.254],[106.311,3.255],[106.313,3.253]]],[[[106.31,3.261],[106.308,3.259],[106.309,3.261],[106.31,3.261]]],[[[106.386,3.256],[106.391,3.26],[106.386,3.255],[106.386,3.256]]],[[[106.419,3.278],[106.406,3.273],[106.416,3.301],[106.419,3.278]]],[[[106.332,3.295],[106.331,3.29],[106.329,3.291],[106.332,3.295]]],[[[106.328,3.295],[106.326,3.298],[106.328,3.304],[106.328,3.295]]],[[[106.394,3.29],[106.392,3.306],[106.408,3.312],[106.411,3.299],[106.394,3.29]]],[[[106.325,3.304],[106.322,3.312],[106.325,3.316],[106.325,3.304]]],[[[106.386,3.306],[106.385,3.308],[106.39,3.316],[106.386,3.306]]],[[[106.303,3.319],[106.31,3.314],[106.302,3.303],[106.303,3.319]]],[[[106.323,3.319],[106.321,3.314],[106.319,3.315],[106.323,3.319]]],[[[106.387,3.324],[106.386,3.321],[106.385,3.323],[106.387,3.324]]],[[[106.386,3.341],[106.388,3.343],[106.389,3.337],[106.386,3.341]]],[[[106.319,3.356],[106.313,3.361],[106.315,3.366],[106.319,3.356]]],[[[106.322,3.371],[106.326,3.368],[106.324,3.365],[106.322,3.371]]],[[[106.344,3.417],[106.338,3.351],[106.321,3.322],[106.316,3.343],[106.331,3.367],[106.329,3.405],[106.344,3.417]]],[[[106.318,3.371],[106.314,3.379],[106.316,3.38],[106.318,3.371]]],[[[106.346,3.376],[106.351,3.381],[106.349,3.371],[106.346,3.376]]],[[[107.813,2.98],[107.756,2.973],[107.748,3.006],[107.797,3.017],[107.813,2.98]]],[[[106.428,3.123],[106.433,3.123],[106.431,3.121],[106.428,3.123]]],[[[106.447,3.131],[106.447,3.122],[106.444,3.127],[106.447,3.131]]],[[[106.436,3.128],[106.411,3.129],[106.402,3.138],[106.418,3.154],[106.436,3.128]]],[[[106.427,3.157],[106.429,3.158],[106.427,3.156],[106.427,3.157]]],[[[106.437,3.157],[106.438,3.159],[106.439,3.156],[106.437,3.157]]],[[[106.436,3.166],[106.436,3.16],[106.429,3.16],[106.436,3.166]]],[[[106.445,3.175],[106.434,3.168],[106.444,3.197],[106.445,3.175]]],[[[106.486,3.211],[106.498,3.184],[106.477,3.19],[106.486,3.211]]],[[[106.455,3.213],[106.455,3.21],[106.454,3.211],[106.455,3.213]]],[[[106.485,3.224],[106.477,3.207],[106.477,3.215],[106.485,3.224]]],[[[106.476,3.227],[106.475,3.224],[106.474,3.224],[106.476,3.227]]],[[[106.469,3.23],[106.477,3.229],[106.471,3.225],[106.469,3.23]]],[[[106.458,3.23],[106.438,3.24],[106.448,3.251],[106.458,3.23]]],[[[106.447,3.258],[106.45,3.254],[106.444,3.252],[106.447,3.258]]],[[[106.444,3.262],[106.443,3.258],[106.442,3.26],[106.444,3.262]]],[[[106.416,3.269],[106.414,3.266],[106.414,3.268],[106.416,3.269]]],[[[107.554,3.303],[107.555,3.297],[107.552,3.3],[107.554,3.303]]],[[[106.445,3.377],[106.46,3.381],[106.451,3.369],[106.445,3.377]]],[[[106.463,3.384],[106.464,3.381],[106.461,3.38],[106.463,3.384]]],[[[106.427,3.376],[106.433,3.395],[106.44,3.396],[106.444,3.38],[106.427,3.376]]],[[[106.448,3.389],[106.445,3.39],[106.448,3.391],[106.448,3.389]]],[[[106.444,3.395],[106.452,3.399],[106.445,3.394],[106.444,3.395]]],[[[108.045,3.557],[108.033,3.575],[108.044,3.594],[108.051,3.586],[108.045,3.557]]],[[[108.055,3.594],[108.055,3.589],[108.054,3.592],[108.055,3.594]]],[[[108.039,3.607],[108.042,3.607],[108.042,3.599],[108.039,3.607]]],[[[108.043,3.619],[108.045,3.616],[108.042,3.618],[108.043,3.619]]],[[[108.056,3.637],[108.045,3.664],[108.071,3.667],[108.087,3.641],[108.056,3.637]]],[[[108.091,3.693],[108.044,3.677],[108.052,3.715],[108.091,3.693]]],[[[108.063,3.747],[108.058,3.745],[108.064,3.752],[108.063,3.747]]],[[[108.018,3.816],[108.04,3.772],[108.034,3.763],[108.013,3.779],[108.015,3.803],[107.993,3.81],[108.018,3.816]]],[[[108.045,3.849],[108.043,3.852],[108.046,3.852],[108.045,3.849]]],[[[108.036,3.863],[108.038,3.864],[108.037,3.862],[108.036,3.863]]],[[[108.005,3.864],[108.002,3.863],[108.001,3.866],[108.005,3.864]]],[[[107.927,3.876],[107.929,3.873],[107.927,3.875],[107.927,3.876]]],[[[107.912,3.881],[107.894,3.893],[107.898,3.914],[107.922,3.901],[107.912,3.881]]],[[[107.96,3.934],[107.963,3.93],[107.96,3.931],[107.96,3.934]]],[[[107.951,3.941],[107.948,3.946],[107.959,3.938],[107.951,3.941]]],[[[107.981,3.959],[107.977,3.964],[107.981,3.962],[107.981,3.959]]],[[[107.951,4.011],[107.949,4.015],[107.959,4.009],[107.951,4.011]]],[[[107.903,4.031],[107.901,4.031],[107.896,4.037],[107.903,4.031]]],[[[107.914,4.033],[107.916,4.039],[107.916,4.036],[107.914,4.033]]],[[[108.015,4.078],[108.02,4.075],[108.014,4.076],[108.015,4.078]]],[[[107.993,4.103],[107.995,4.105],[107.993,4.102],[107.993,4.103]]],[[[107.869,4.156],[107.84,4.117],[107.86,4.16],[107.869,4.156]]],[[[107.723,4.52],[107.73,4.511],[107.724,4.514],[107.723,4.52]]],[[[107.929,4.681],[107.992,4.77],[108.007,4.775],[107.976,4.679],[107.929,4.681]]],[[[108.01,4.794],[108.018,4.788],[108.008,4.781],[108.01,4.794]]],[[[108.895,2.291],[108.897,2.296],[108.9,2.293],[108.895,2.291]]],[[[109.128,2.456],[109.123,2.463],[109.131,2.459],[109.128,2.456]]],[[[108.999,2.483],[108.984,2.466],[108.984,2.483],[108.999,2.483]]],[[[109.091,2.491],[109.09,2.489],[109.089,2.489],[109.091,2.491]]],[[[108.973,2.454],[108.934,2.448],[108.91,2.467],[108.907,2.502],[108.937,2.532],[108.955,2.483],[108.975,2.491],[108.973,2.454]]],[[[109.0,2.494],[108.988,2.489],[108.983,2.506],[109.0,2.494]]],[[[108.961,2.501],[108.964,2.498],[108.961,2.497],[108.961,2.501]]],[[[109.006,2.491],[109.032,2.516],[109.008,2.531],[108.979,2.521],[108.977,2.557],[109.007,2.56],[109.064,2.523],[109.121,2.528],[109.083,2.489],[109.055,2.503],[109.029,2.482],[109.006,2.491]]],[[[109.14,2.544],[109.144,2.539],[109.137,2.536],[109.14,2.544]]],[[[109.122,2.561],[109.125,2.559],[109.123,2.558],[109.122,2.561]]],[[[109.155,2.595],[109.164,2.587],[109.159,2.583],[109.155,2.595]]],[[[109.138,2.621],[109.136,2.618],[109.135,2.624],[109.138,2.621]]],[[[109.139,2.627],[109.144,2.626],[109.141,2.623],[109.139,2.627]]],[[[109.167,2.645],[109.164,2.642],[109.166,2.646],[109.167,2.645]]],[[[108.536,2.676],[108.57,2.68],[108.546,2.709],[108.568,2.685],[108.579,2.696],[108.559,2.723],[108.584,2.699],[108.565,2.653],[108.536,2.653],[108.536,2.676]]],[[[108.881,2.706],[108.88,2.698],[108.876,2.703],[108.881,2.706]]],[[[108.846,2.745],[108.852,2.747],[108.843,2.743],[108.846,2.745]]],[[[108.921,2.768],[108.91,2.734],[108.885,2.729],[108.921,2.768]]],[[[108.856,2.751],[108.855,2.749],[108.854,2.749],[108.856,2.751]]],[[[108.873,2.761],[108.872,2.766],[108.877,2.766],[108.873,2.761]]],[[[108.907,2.864],[108.909,2.862],[108.906,2.862],[108.907,2.864]]],[[[108.72,2.906],[108.728,2.906],[108.721,2.898],[108.72,2.906]]],[[[108.888,2.912],[108.888,2.91],[108.886,2.91],[108.888,2.912]]],[[[108.75,2.92],[108.751,2.916],[108.747,2.915],[108.75,2.92]]],[[[108.889,3.003],[108.885,2.88],[108.846,2.85],[108.817,2.844],[108.776,2.878],[108.833,2.943],[108.842,3.003],[108.889,3.003]]],[[[108.784,2.961],[108.789,2.958],[108.784,2.958],[108.784,2.961]]],[[[108.841,3.055],[108.869,3.042],[108.865,3.014],[108.845,3.01],[108.841,3.055]]],[[[108.867,3.05],[108.871,3.05],[108.867,3.046],[108.867,3.05]]],[[[108.081,3.574],[108.088,3.584],[108.096,3.572],[108.081,3.574]]],[[[108.104,3.586],[108.066,3.59],[108.096,3.637],[108.125,3.624],[108.104,3.586]]],[[[108.139,3.623],[108.134,3.622],[108.138,3.627],[108.139,3.623]]],[[[108.114,3.761],[108.126,3.755],[108.114,3.751],[108.114,3.761]]],[[[108.113,3.765],[108.113,3.773],[108.118,3.768],[108.113,3.765]]],[[[108.398,3.77],[108.398,3.768],[108.396,3.769],[108.398,3.77]]],[[[108.412,3.797],[108.409,3.796],[108.411,3.798],[108.412,3.797]]],[[[108.412,3.86],[108.417,3.864],[108.414,3.86],[108.412,3.86]]],[[[108.357,3.882],[108.361,3.883],[108.359,3.881],[108.357,3.882]]],[[[108.378,3.886],[108.381,3.879],[108.379,3.879],[108.378,3.886]]],[[[108.372,3.893],[108.376,3.891],[108.373,3.89],[108.372,3.893]]],[[[108.149,3.74],[108.15,3.761],[108.189,3.784],[108.275,3.711],[108.208,3.803],[108.061,3.836],[108.047,3.862],[108.019,3.879],[108.031,3.895],[107.99,3.941],[107.994,3.982],[107.962,4.005],[108.075,4.069],[108.091,4.105],[108.147,4.138],[108.219,4.23],[108.242,4.216],[108.225,4.186],[108.234,4.128],[108.267,4.091],[108.299,4.087],[108.294,4.057],[108.347,3.999],[108.402,3.967],[108.382,3.93],[108.39,3.894],[108.363,3.904],[108.353,3.876],[108.362,3.881],[108.361,3.892],[108.368,3.894],[108.379,3.857],[108.408,3.887],[108.41,3.859],[108.388,3.793],[108.309,3.73],[108.297,3.658],[108.224,3.664],[108.156,3.631],[108.125,3.675],[108.09,3.681],[108.119,3.745],[108.149,3.74]]],[[[108.416,4.013],[108.42,4.006],[108.416,4.004],[108.416,4.013]]],[[[108.086,4.104],[108.089,4.104],[108.088,4.102],[108.086,4.104]]],[[[108.117,4.153],[108.113,4.152],[108.117,4.155],[108.117,4.153]]],[[[108.222,4.24],[108.219,4.237],[108.22,4.242],[108.222,4.24]]],[[[108.188,4.234],[108.199,4.264],[108.211,4.269],[108.188,4.234]]]]}},{"type":"Feature","properties":{"k":"21.04"},"geometry":{"type":"MultiPolygon","coordinates":[[[[104.245,-0.661],[104.233,-0.659],[104.235,-0.653],[104.245,-0.661]]],[[[104.254,-0.608],[104.253,-0.613],[104.251,-0.612],[104.254,-0.608]]],[[[104.032,-0.54],[104.027,-0.539],[104.029,-0.533],[104.032,-0.54]]],[[[104.035,-0.516],[104.041,-0.518],[104.038,-0.521],[104.035,-0.516]]],[[[104.04,-0.505],[104.043,-0.504],[104.041,-0.506],[104.04,-0.505]]],[[[104.041,-0.5],[104.037,-0.502],[104.038,-0.498],[104.041,-0.5]]],[[[104.191,-0.393],[104.232,-0.401],[104.223,-0.429],[104.195,-0.424],[104.191,-0.393]]],[[[104.183,-0.387],[104.178,-0.397],[104.181,-0.386],[104.183,-0.387]]],[[[104.19,-0.39],[104.194,-0.389],[104.191,-0.391],[104.19,-0.39]]],[[[104.267,-0.382],[104.267,-0.385],[104.266,-0.383],[104.267,-0.382]]],[[[104.169,-0.371],[104.17,-0.388],[104.162,-0.371],[104.169,-0.371]]],[[[104.266,-0.377],[104.265,-0.378],[104.264,-0.376],[104.266,-0.377]]],[[[104.171,-0.371],[104.235,-0.368],[104.232,-0.388],[104.188,-0.381],[104.186,-0.389],[104.171,-0.371]]],[[[104.269,-0.369],[104.272,-0.372],[104.27,-0.372],[104.269,-0.369]]],[[[104.169,-0.359],[104.169,-0.367],[104.163,-0.363],[104.169,-0.359]]],[[[104.211,-0.356],[104.204,-0.354],[104.205,-0.349],[104.211,-0.356]]],[[[104.272,-0.358],[104.261,-0.347],[104.27,-0.341],[104.272,-0.358]]],[[[104.171,-0.358],[104.151,-0.364],[104.143,-0.349],[104.161,-0.339],[104.171,-0.358]]],[[[104.221,-0.344],[104.231,-0.327],[104.233,-0.356],[104.221,-0.344]]],[[[104.271,-0.338],[104.273,-0.339],[104.272,-0.341],[104.271,-0.338]]],[[[104.124,-0.306],[104.119,-0.312],[104.119,-0.306],[104.124,-0.306]]],[[[104.233,0.137],[104.228,0.132],[104.223,0.135],[104.233,0.137]]],[[[104.336,0.131],[104.324,0.106],[104.293,0.143],[104.3,0.153],[104.291,0.176],[104.336,0.131]]],[[[104.207,0.15],[104.201,0.147],[104.206,0.151],[104.207,0.15]]],[[[104.291,0.147],[104.276,0.17],[104.294,0.151],[104.291,0.147]]],[[[104.188,0.162],[104.196,0.156],[104.195,0.154],[104.188,0.162]]],[[[104.255,0.167],[104.256,0.169],[104.257,0.169],[104.255,0.167]]],[[[104.19,0.167],[104.18,0.175],[104.18,0.18],[104.19,0.167]]],[[[104.27,0.175],[104.269,0.172],[104.269,0.174],[104.27,0.175]]],[[[104.249,0.173],[104.258,0.182],[104.254,0.169],[104.249,0.173]]],[[[104.231,0.2],[104.228,0.155],[104.2,0.171],[104.231,0.2]]],[[[104.266,0.178],[104.268,0.179],[104.27,0.177],[104.266,0.178]]],[[[104.283,0.186],[104.285,0.181],[104.284,0.182],[104.283,0.186]]],[[[104.259,0.187],[104.258,0.185],[104.258,0.188],[104.259,0.187]]],[[[104.257,0.192],[104.257,0.19],[104.256,0.191],[104.257,0.192]]],[[[104.311,0.263],[104.318,0.252],[104.307,0.261],[104.311,0.263]]],[[[104.301,0.266],[104.301,0.268],[104.307,0.263],[104.301,0.266]]],[[[104.304,0.306],[104.307,0.303],[104.304,0.304],[104.304,0.306]]],[[[104.299,0.314],[104.301,0.313],[104.3,0.311],[104.299,0.314]]],[[[104.321,0.313],[104.301,0.31],[104.302,0.347],[104.322,0.336],[104.321,0.313]]],[[[104.298,0.349],[104.299,0.351],[104.301,0.348],[104.298,0.349]]],[[[104.305,0.35],[104.301,0.35],[104.302,0.351],[104.305,0.35]]],[[[104.285,0.363],[104.285,0.361],[104.283,0.364],[104.285,0.363]]],[[[104.281,0.367],[104.281,0.365],[104.28,0.366],[104.281,0.367]]],[[[104.277,0.372],[104.277,0.369],[104.276,0.37],[104.277,0.372]]],[[[104.275,0.373],[104.275,0.371],[104.274,0.371],[104.275,0.373]]],[[[104.263,0.367],[104.254,0.371],[104.255,0.377],[104.263,0.367]]],[[[104.326,0.369],[104.305,0.384],[104.328,0.383],[104.326,0.369]]],[[[104.301,0.388],[104.296,0.392],[104.301,0.39],[104.301,0.388]]],[[[104.411,-0.865],[104.411,-0.866],[104.408,-0.866],[104.411,-0.865]]],[[[104.4,-0.858],[104.409,-0.861],[104.405,-0.864],[104.4,-0.858]]],[[[104.394,-0.284],[104.394,-0.287],[104.393,-0.286],[104.394,-0.284]]],[[[104.383,-0.282],[104.38,-0.285],[104.382,-0.277],[104.383,-0.282]]],[[[104.376,-0.277],[104.38,-0.275],[104.38,-0.277],[104.376,-0.277]]],[[[104.367,0.16],[104.389,0.145],[104.397,0.114],[104.362,0.155],[104.35,0.19],[104.367,0.16]]],[[[104.401,0.165],[104.404,0.164],[104.399,0.164],[104.401,0.165]]],[[[104.381,0.169],[104.386,0.168],[104.382,0.165],[104.381,0.169]]],[[[104.363,0.173],[104.364,0.175],[104.364,0.172],[104.363,0.173]]],[[[104.385,0.179],[104.386,0.176],[104.384,0.177],[104.385,0.179]]],[[[104.405,0.18],[104.403,0.178],[104.403,0.183],[104.405,0.18]]],[[[104.363,0.189],[104.367,0.177],[104.362,0.189],[104.363,0.189]]],[[[104.371,0.189],[104.368,0.19],[104.369,0.192],[104.371,0.189]]],[[[104.334,0.206],[104.343,0.177],[104.331,0.208],[104.334,0.206]]],[[[104.343,0.203],[104.347,0.189],[104.345,0.187],[104.343,0.191],[104.343,0.203]]],[[[104.374,0.21],[104.381,0.209],[104.387,0.201],[104.374,0.21]]],[[[104.391,0.213],[104.394,0.211],[104.393,0.209],[104.391,0.213]]],[[[104.321,0.212],[104.319,0.213],[104.32,0.215],[104.321,0.212]]],[[[104.319,0.216],[104.316,0.215],[104.316,0.22],[104.319,0.216]]],[[[104.324,0.223],[104.331,0.212],[104.325,0.219],[104.324,0.223]]],[[[104.373,0.213],[104.36,0.222],[104.36,0.225],[104.373,0.213]]],[[[104.386,0.223],[104.389,0.216],[104.385,0.218],[104.386,0.223]]],[[[104.324,0.248],[104.326,0.249],[104.328,0.246],[104.324,0.248]]],[[[104.322,0.254],[104.323,0.254],[104.326,0.253],[104.322,0.254]]],[[[104.34,0.262],[104.342,0.258],[104.34,0.259],[104.34,0.262]]],[[[104.372,0.257],[104.378,0.267],[104.374,0.255],[104.372,0.257]]],[[[104.353,0.27],[104.365,0.269],[104.364,0.256],[104.353,0.27]]],[[[104.337,0.263],[104.331,0.272],[104.339,0.263],[104.337,0.263]]],[[[104.405,0.273],[104.405,0.265],[104.404,0.273],[104.405,0.273]]],[[[104.359,0.257],[104.329,0.282],[104.342,0.276],[104.347,0.276],[104.359,0.257]]],[[[104.388,0.276],[104.4,0.276],[104.401,0.268],[104.388,0.276]]],[[[104.408,0.284],[104.406,0.281],[104.404,0.284],[104.408,0.284]]],[[[104.383,0.285],[104.385,0.287],[104.386,0.284],[104.383,0.285]]],[[[104.333,0.282],[104.333,0.297],[104.348,0.281],[104.333,0.282]]],[[[104.326,0.327],[104.387,0.274],[104.356,0.279],[104.326,0.327]]],[[[104.321,0.296],[104.323,0.306],[104.328,0.303],[104.321,0.296]]],[[[104.399,0.284],[104.39,0.309],[104.382,0.297],[104.343,0.328],[104.338,0.341],[104.358,0.342],[104.329,0.376],[104.424,0.327],[104.434,0.308],[104.398,0.314],[104.421,0.298],[104.406,0.296],[104.399,0.284]]],[[[104.373,0.393],[104.37,0.392],[104.37,0.395],[104.373,0.393]]],[[[104.366,0.404],[104.363,0.402],[104.363,0.406],[104.366,0.404]]],[[[104.402,0.433],[104.403,0.431],[104.4,0.431],[104.402,0.433]]],[[[104.39,0.441],[104.417,0.452],[104.421,0.45],[104.39,0.441]]],[[[104.381,0.435],[104.383,0.457],[104.392,0.45],[104.381,0.435]]],[[[104.4,0.457],[104.402,0.449],[104.396,0.452],[104.4,0.457]]],[[[104.374,0.453],[104.374,0.456],[104.376,0.453],[104.374,0.453]]],[[[104.371,0.458],[104.366,0.454],[104.369,0.459],[104.371,0.458]]],[[[104.396,0.462],[104.39,0.458],[104.391,0.464],[104.396,0.462]]],[[[104.364,0.469],[104.371,0.474],[104.359,0.468],[104.364,0.469]]],[[[104.393,0.49],[104.37,0.48],[104.385,0.497],[104.393,0.49]]],[[[104.358,0.499],[104.356,0.497],[104.356,0.5],[104.358,0.499]]],[[[104.418,-0.849],[104.421,-0.852],[104.417,-0.851],[104.418,-0.849]]],[[[104.326,-0.34],[104.338,-0.389],[104.311,-0.417],[104.326,-0.441],[104.346,-0.446],[104.347,-0.388],[104.387,-0.413],[104.43,-0.384],[104.44,-0.34],[104.48,-0.336],[104.538,-0.371],[104.571,-0.442],[104.597,-0.46],[104.592,-0.494],[104.558,-0.507],[104.518,-0.572],[104.503,-0.647],[104.457,-0.622],[104.429,-0.576],[104.395,-0.604],[104.389,-0.667],[104.363,-0.684],[104.318,-0.542],[104.33,-0.514],[104.309,-0.54],[104.243,-0.486],[104.277,-0.396],[104.312,-0.39],[104.326,-0.34]]],[[[104.433,-0.353],[104.426,-0.36],[104.428,-0.35],[104.433,-0.353]]],[[[104.47,-0.277],[104.486,-0.318],[104.464,-0.313],[104.46,-0.328],[104.386,-0.298],[104.405,-0.28],[104.47,-0.277]]],[[[104.462,-0.265],[104.462,-0.269],[104.46,-0.266],[104.462,-0.265]]],[[[104.457,-0.266],[104.459,-0.267],[104.459,-0.268],[104.457,-0.266]]],[[[104.435,-0.176],[104.433,-0.176],[104.434,-0.174],[104.435,-0.176]]],[[[104.456,-0.152],[104.45,-0.16],[104.451,-0.151],[104.456,-0.152]]],[[[104.379,0.126],[104.431,0.089],[104.402,0.162],[104.441,0.131],[104.477,0.076],[104.492,0.072],[104.486,0.044],[104.463,0.06],[104.495,0.015],[104.379,0.126]]],[[[104.461,0.111],[104.461,0.107],[104.457,0.114],[104.461,0.111]]],[[[104.478,0.096],[104.447,0.126],[104.449,0.138],[104.477,0.108],[104.478,0.096]]],[[[104.446,0.137],[104.444,0.134],[104.443,0.138],[104.446,0.137]]],[[[104.447,0.141],[104.444,0.14],[104.443,0.145],[104.447,0.141]]],[[[104.443,0.142],[104.438,0.141],[104.441,0.146],[104.443,0.142]]],[[[104.436,0.146],[104.426,0.161],[104.443,0.147],[104.436,0.146]]],[[[104.458,0.159],[104.452,0.157],[104.453,0.163],[104.458,0.159]]],[[[104.421,0.16],[104.422,0.161],[104.423,0.159],[104.421,0.16]]],[[[104.46,0.168],[104.463,0.168],[104.462,0.166],[104.46,0.168]]],[[[104.446,0.173],[104.453,0.168],[104.451,0.164],[104.446,0.173]]],[[[104.419,0.167],[104.42,0.163],[104.405,0.184],[104.419,0.167]]],[[[104.457,0.185],[104.456,0.177],[104.453,0.182],[104.457,0.185]]],[[[104.448,0.187],[104.449,0.178],[104.443,0.188],[104.448,0.187]]],[[[104.465,0.194],[104.468,0.192],[104.461,0.192],[104.465,0.194]]],[[[104.416,0.213],[104.406,0.213],[104.411,0.218],[104.416,0.213]]],[[[104.469,0.227],[104.471,0.224],[104.46,0.232],[104.469,0.227]]],[[[104.459,0.235],[104.449,0.24],[104.434,0.25],[104.474,0.228],[104.459,0.235]]],[[[104.431,0.252],[104.433,0.253],[104.433,0.251],[104.431,0.252]]],[[[104.444,0.262],[104.458,0.258],[104.458,0.254],[104.444,0.262]]],[[[104.429,0.27],[104.431,0.27],[104.43,0.268],[104.429,0.27]]],[[[104.424,0.273],[104.42,0.277],[104.426,0.278],[104.424,0.273]]],[[[104.427,0.278],[104.431,0.276],[104.431,0.275],[104.427,0.278]]],[[[104.412,0.278],[104.418,0.279],[104.414,0.276],[104.412,0.278]]],[[[104.419,0.287],[104.432,0.283],[104.421,0.279],[104.419,0.287]]],[[[104.416,0.286],[104.414,0.294],[104.425,0.296],[104.416,0.286]]],[[[104.436,0.307],[104.448,0.298],[104.437,0.299],[104.436,0.307]]],[[[104.431,0.305],[104.427,0.305],[104.426,0.307],[104.431,0.305]]],[[[104.449,0.309],[104.446,0.309],[104.446,0.312],[104.449,0.309]]],[[[104.444,0.314],[104.442,0.312],[104.441,0.315],[104.444,0.314]]],[[[104.427,0.359],[104.428,0.371],[104.436,0.366],[104.427,0.359]]],[[[104.434,0.372],[104.412,0.382],[104.435,0.379],[104.434,0.372]]],[[[104.437,0.393],[104.44,0.393],[104.439,0.391],[104.437,0.393]]],[[[104.436,0.406],[104.448,0.401],[104.457,0.39],[104.442,0.391],[104.436,0.406]]],[[[104.411,0.426],[104.408,0.425],[104.409,0.427],[104.411,0.426]]],[[[104.422,0.443],[104.422,0.437],[104.42,0.438],[104.422,0.443]]],[[[104.434,0.447],[104.429,0.447],[104.432,0.449],[104.434,0.447]]],[[[104.445,0.463],[104.441,0.461],[104.44,0.463],[104.445,0.463]]],[[[104.408,0.466],[104.406,0.476],[104.426,0.46],[104.408,0.466]]],[[[104.462,0.455],[104.437,0.483],[104.456,0.479],[104.462,0.455]]],[[[104.409,0.505],[104.416,0.505],[104.414,0.495],[104.409,0.505]]],[[[104.5,-0.703],[104.505,-0.704],[104.502,-0.707],[104.5,-0.703]]],[[[104.476,-0.705],[104.483,-0.698],[104.482,-0.711],[104.476,-0.705]]],[[[104.475,-0.693],[104.478,-0.694],[104.471,-0.698],[104.475,-0.693]]],[[[104.461,-0.684],[104.472,-0.689],[104.466,-0.697],[104.461,-0.684]]],[[[104.519,-0.354],[104.517,-0.35],[104.521,-0.354],[104.519,-0.354]]],[[[104.509,-0.338],[104.51,-0.335],[104.511,-0.338],[104.509,-0.338]]],[[[104.47,-0.325],[104.464,-0.326],[104.464,-0.321],[104.47,-0.325]]],[[[104.501,-0.324],[104.498,-0.324],[104.499,-0.323],[104.501,-0.324]]],[[[104.487,-0.319],[104.491,-0.32],[104.489,-0.321],[104.487,-0.319]]],[[[104.526,-0.008],[104.527,-0.008],[104.528,-0.01],[104.526,-0.008]]],[[[104.529,-0.002],[104.532,-0.008],[104.528,-0.004],[104.529,-0.002]]],[[[104.486,-0.003],[104.491,-0.004],[104.49,-0.006],[104.486,-0.003]]],[[[104.512,0.001],[104.502,-0.0],[104.502,0.006],[104.512,0.001]]],[[[104.522,-0.001],[104.532,0.026],[104.546,0.007],[104.522,-0.001]]],[[[104.517,0.026],[104.516,0.024],[104.515,0.026],[104.517,0.026]]],[[[104.522,0.027],[104.524,0.026],[104.522,0.026],[104.522,0.027]]],[[[104.527,0.029],[104.517,0.032],[104.527,0.033],[104.527,0.029]]],[[[104.513,0.04],[104.523,0.035],[104.511,0.032],[104.513,0.04]]],[[[104.492,0.039],[104.513,0.052],[104.518,0.047],[104.501,0.027],[104.492,0.039]]],[[[104.494,0.048],[104.491,0.049],[104.493,0.051],[104.494,0.048]]],[[[104.494,0.053],[104.508,0.054],[104.507,0.05],[104.494,0.053]]],[[[104.525,0.056],[104.508,0.065],[104.509,0.07],[104.525,0.056]]],[[[104.484,0.083],[104.501,0.078],[104.499,0.072],[104.484,0.083]]],[[[104.517,0.091],[104.513,0.099],[104.519,0.092],[104.517,0.091]]],[[[104.483,0.097],[104.483,0.094],[104.481,0.097],[104.483,0.097]]],[[[104.508,0.107],[104.505,0.104],[104.503,0.105],[104.508,0.107]]],[[[104.526,0.108],[104.519,0.106],[104.523,0.111],[104.526,0.108]]],[[[104.502,0.111],[104.498,0.11],[104.498,0.112],[104.502,0.111]]],[[[104.497,0.117],[104.49,0.123],[104.487,0.125],[104.497,0.117]]],[[[104.497,0.12],[104.502,0.12],[104.503,0.116],[104.497,0.12]]],[[[104.486,0.125],[104.484,0.122],[104.483,0.124],[104.486,0.125]]],[[[104.484,0.149],[104.521,0.115],[104.516,0.108],[104.484,0.149]]],[[[104.488,0.129],[104.473,0.14],[104.477,0.145],[104.488,0.129]]],[[[104.526,0.138],[104.529,0.137],[104.526,0.136],[104.526,0.138]]],[[[104.465,0.148],[104.465,0.155],[104.471,0.142],[104.465,0.148]]],[[[104.471,0.168],[104.472,0.154],[104.463,0.163],[104.471,0.168]]],[[[104.502,0.162],[104.486,0.167],[104.486,0.179],[104.502,0.162]]],[[[104.471,0.17],[104.463,0.175],[104.485,0.163],[104.471,0.17]]],[[[104.482,0.175],[104.483,0.177],[104.484,0.175],[104.482,0.175]]],[[[104.48,0.185],[104.477,0.179],[104.476,0.184],[104.48,0.185]]],[[[104.51,0.201],[104.51,0.198],[104.508,0.2],[104.51,0.201]]],[[[104.505,0.197],[104.476,0.223],[104.484,0.224],[104.505,0.197]]],[[[104.513,0.237],[104.517,0.231],[104.513,0.231],[104.513,0.237]]],[[[104.475,0.249],[104.482,0.248],[104.48,0.245],[104.475,0.249]]],[[[104.489,0.262],[104.505,0.259],[104.51,0.248],[104.489,0.262]]],[[[104.509,0.26],[104.51,0.259],[104.507,0.258],[104.509,0.26]]],[[[104.46,0.349],[104.468,0.366],[104.491,0.346],[104.46,0.349]]],[[[104.472,0.372],[104.477,0.363],[104.462,0.372],[104.472,0.372]]],[[[104.487,0.366],[104.473,0.373],[104.463,0.38],[104.464,0.384],[104.487,0.366]]],[[[104.933,-0.783],[104.925,-0.779],[104.935,-0.773],[104.933,-0.783]]],[[[104.939,-0.767],[104.939,-0.77],[104.937,-0.769],[104.939,-0.767]]],[[[104.939,-0.763],[104.942,-0.762],[104.941,-0.765],[104.939,-0.763]]],[[[104.929,-0.335],[104.927,-0.343],[104.927,-0.335],[104.929,-0.335]]],[[[104.984,-0.315],[104.999,-0.32],[104.983,-0.321],[104.984,-0.315]]],[[[105.022,-0.299],[105.019,-0.298],[105.022,-0.296],[105.022,-0.299]]],[[[104.638,-0.268],[104.632,-0.272],[104.632,-0.266],[104.638,-0.268]]],[[[104.587,-0.257],[104.593,-0.259],[104.586,-0.261],[104.587,-0.257]]],[[[104.794,-0.191],[104.791,-0.192],[104.792,-0.191],[104.794,-0.191]]],[[[104.78,-0.185],[104.779,-0.188],[104.777,-0.186],[104.78,-0.185]]],[[[104.796,-0.179],[104.793,-0.181],[104.795,-0.177],[104.796,-0.179]]],[[[104.9,-0.179],[104.904,-0.18],[104.902,-0.181],[104.9,-0.179]]],[[[104.67,-0.084],[104.734,-0.141],[104.751,-0.188],[104.788,-0.205],[104.823,-0.195],[104.813,-0.152],[104.827,-0.133],[104.897,-0.231],[104.954,-0.276],[104.998,-0.279],[105.001,-0.304],[104.923,-0.278],[104.9,-0.294],[104.93,-0.325],[104.916,-0.34],[104.865,-0.313],[104.847,-0.322],[104.703,-0.205],[104.597,-0.251],[104.568,-0.241],[104.522,-0.276],[104.499,-0.242],[104.429,-0.237],[104.427,-0.183],[104.475,-0.158],[104.471,-0.137],[104.504,-0.13],[104.494,0.003],[104.539,-0.017],[104.549,0.003],[104.566,-0.012],[104.552,0.029],[104.653,-0.052],[104.668,-0.078],[104.627,-0.074],[104.634,-0.101],[104.666,-0.116],[104.67,-0.084]],[[104.539,-0.017],[104.539,-0.017],[104.539,-0.017],[104.539,-0.017]],[[104.539,-0.017],[104.531,-0.024],[104.541,-0.02],[104.539,-0.017]]],[[[104.743,-0.146],[104.751,-0.158],[104.741,-0.146],[104.743,-0.146]]],[[[104.922,-0.14],[104.914,-0.123],[104.926,-0.133],[104.922,-0.14]]],[[[104.821,-0.127],[104.824,-0.128],[104.822,-0.13],[104.821,-0.127]]],[[[104.766,-0.148],[104.745,-0.139],[104.729,-0.098],[104.766,-0.148]]],[[[105.007,-0.122],[105.003,-0.11],[105.006,-0.109],[105.007,-0.122]]],[[[104.801,-0.092],[104.8,-0.096],[104.798,-0.09],[104.801,-0.092]]],[[[104.838,-0.084],[104.836,-0.083],[104.838,-0.082],[104.838,-0.084]]],[[[104.849,-0.079],[104.852,-0.077],[104.853,-0.08],[104.849,-0.079]]],[[[104.726,-0.081],[104.702,-0.07],[104.687,-0.042],[104.726,-0.081]]],[[[104.844,-0.071],[104.831,-0.051],[104.843,-0.057],[104.844,-0.071]]],[[[104.842,-0.036],[104.879,-0.081],[104.833,-0.039],[104.842,-0.036]]],[[[104.681,-0.036],[104.683,-0.038],[104.684,-0.041],[104.681,-0.036]]],[[[104.837,-0.036],[104.834,-0.03],[104.838,-0.034],[104.837,-0.036]]],[[[104.654,-0.025],[104.653,-0.027],[104.652,-0.027],[104.654,-0.025]]],[[[104.661,-0.014],[104.674,-0.03],[104.659,-0.018],[104.661,-0.014]]],[[[104.83,-0.013],[104.826,-0.019],[104.825,-0.016],[104.83,-0.013]]],[[[104.654,-0.011],[104.658,-0.006],[104.659,-0.009],[104.654,-0.011]]],[[[104.537,-0.004],[104.534,-0.004],[104.536,-0.004],[104.537,-0.004]]],[[[104.546,0.005],[104.542,0.004],[104.546,0.006],[104.546,0.005]]],[[[104.539,0.021],[104.543,0.021],[104.543,0.018],[104.539,0.021]]],[[[104.542,0.026],[104.544,0.024],[104.543,0.024],[104.542,0.026]]],[[[104.614,0.029],[104.618,0.029],[104.617,0.027],[104.614,0.029]]],[[[104.657,0.037],[104.644,0.046],[104.646,0.048],[104.657,0.037]]],[[[104.544,0.033],[104.521,0.051],[104.526,0.056],[104.544,0.033]]],[[[104.768,0.064],[104.784,0.031],[104.741,0.031],[104.739,0.048],[104.76,0.044],[104.768,0.064]]],[[[104.536,0.078],[104.534,0.077],[104.534,0.079],[104.536,0.078]]],[[[104.623,0.078],[104.621,0.081],[104.625,0.08],[104.623,0.078]]],[[[104.754,0.078],[104.738,0.08],[104.741,0.093],[104.754,0.078]]],[[[104.534,0.096],[104.542,0.102],[104.561,0.072],[104.534,0.096]]],[[[104.739,0.097],[104.733,0.096],[104.733,0.103],[104.739,0.097]]],[[[104.537,0.11],[104.54,0.106],[104.535,0.107],[104.537,0.11]]],[[[104.532,0.21],[104.514,0.248],[104.705,0.046],[104.702,0.019],[104.622,0.075],[104.634,0.077],[104.628,0.096],[104.606,0.096],[104.619,0.075],[104.564,0.116],[104.545,0.144],[104.569,0.143],[104.545,0.168],[104.537,0.151],[104.505,0.191],[104.527,0.185],[104.524,0.197],[104.476,0.242],[104.532,0.21]]],[[[104.551,0.134],[104.544,0.135],[104.545,0.14],[104.551,0.134]]],[[[104.551,0.343],[104.566,0.343],[104.556,0.335],[104.551,0.343]]],[[[104.562,0.412],[104.529,0.405],[104.531,0.362],[104.513,0.434],[104.562,0.412]]],[[[104.562,0.407],[104.566,0.406],[104.565,0.404],[104.562,0.407]]]]}},{"type":"Feature","properties":{"k":"21.05"},"geometry":{"type":"MultiPolygon","coordinates":[[[[105.878,2.363],[105.886,2.36],[105.88,2.357],[105.878,2.363]]],[[[105.775,2.846],[105.772,2.843],[105.773,2.847],[105.775,2.846]]],[[[105.79,2.887],[105.792,2.876],[105.785,2.881],[105.79,2.887]]],[[[105.692,2.894],[105.693,2.895],[105.693,2.894],[105.692,2.894]]],[[[105.679,2.921],[105.696,2.92],[105.688,2.911],[105.679,2.921]]],[[[105.674,2.921],[105.675,2.919],[105.672,2.92],[105.674,2.921]]],[[[105.7,3.064],[105.716,3.032],[105.739,3.052],[105.725,2.996],[105.749,2.971],[105.785,2.974],[105.801,3.002],[105.809,2.992],[105.851,2.989],[105.841,2.981],[105.852,2.959],[105.82,2.972],[105.811,2.946],[105.828,2.912],[105.796,2.91],[105.822,2.888],[105.785,2.908],[105.768,2.873],[105.722,2.875],[105.77,2.845],[105.733,2.817],[105.694,2.853],[105.707,2.927],[105.694,2.935],[105.707,2.937],[105.715,2.986],[105.676,3.011],[105.692,3.007],[105.706,3.034],[105.7,3.064]]],[[[105.85,2.956],[105.849,2.957],[105.85,2.957],[105.85,2.956]]],[[[105.852,2.958],[105.851,2.956],[105.85,2.957],[105.852,2.958]]],[[[105.692,2.971],[105.703,2.976],[105.707,2.962],[105.692,2.971]]],[[[105.852,2.977],[105.851,2.976],[105.851,2.977],[105.852,2.977]]],[[[105.759,2.977],[105.759,2.977],[105.759,2.977],[105.759,2.977]]],[[[105.7,2.981],[105.699,2.978],[105.698,2.979],[105.7,2.981]]],[[[105.778,2.98],[105.778,2.981],[105.778,2.98],[105.778,2.98]]],[[[105.771,2.985],[105.77,2.984],[105.77,2.985],[105.771,2.985]]],[[[105.689,2.99],[105.685,2.988],[105.686,2.991],[105.689,2.99]]],[[[105.696,2.993],[105.698,2.99],[105.695,2.992],[105.696,2.993]]],[[[105.802,3.007],[105.815,3.004],[105.807,2.998],[105.802,3.007]]],[[[105.84,3.014],[105.838,3.009],[105.834,3.011],[105.84,3.014]]],[[[105.672,3.012],[105.671,3.011],[105.671,3.014],[105.672,3.012]]],[[[105.695,3.023],[105.695,3.023],[105.695,3.023],[105.695,3.023]]],[[[105.945,3.022],[105.945,3.024],[105.945,3.024],[105.945,3.022]]],[[[105.747,3.036],[105.748,3.03],[105.746,3.03],[105.747,3.036]]],[[[105.753,3.034],[105.752,3.036],[105.754,3.034],[105.753,3.034]]],[[[105.74,3.051],[105.74,3.052],[105.74,3.051],[105.74,3.051]]],[[[105.692,3.062],[105.69,3.063],[105.689,3.065],[105.692,3.062]]],[[[105.689,3.065],[105.689,3.066],[105.689,3.065],[105.689,3.065]]],[[[105.607,3.079],[105.615,3.078],[105.615,3.076],[105.607,3.079]]],[[[105.728,3.083],[105.726,3.083],[105.727,3.084],[105.728,3.083]]],[[[105.945,3.092],[105.958,3.079],[105.954,3.072],[105.945,3.092]]],[[[105.672,3.09],[105.674,3.084],[105.67,3.086],[105.672,3.09]]],[[[105.589,3.085],[105.598,3.093],[105.61,3.083],[105.589,3.085]]],[[[105.696,3.099],[105.729,3.096],[105.736,3.086],[105.724,3.088],[105.712,3.076],[105.696,3.099]]],[[[105.647,3.093],[105.647,3.093],[105.647,3.093],[105.647,3.093]]],[[[105.642,3.094],[105.64,3.093],[105.641,3.096],[105.642,3.094]]],[[[105.581,3.099],[105.582,3.1],[105.583,3.099],[105.581,3.099]]],[[[105.655,3.12],[105.666,3.111],[105.675,3.093],[105.644,3.095],[105.655,3.12]]],[[[105.676,3.109],[105.698,3.107],[105.696,3.105],[105.676,3.109]]],[[[105.67,3.118],[105.67,3.12],[105.67,3.119],[105.67,3.118]]],[[[105.667,3.129],[105.666,3.124],[105.665,3.129],[105.667,3.129]]],[[[105.676,3.126],[105.674,3.126],[105.675,3.128],[105.676,3.126]]],[[[106.049,2.505],[106.053,2.503],[106.049,2.499],[106.049,2.505]]],[[[106.04,2.51],[106.04,2.509],[106.041,2.508],[106.04,2.51]]],[[[106.043,2.509],[106.044,2.512],[106.044,2.512],[106.043,2.509]]],[[[106.054,2.512],[106.052,2.512],[106.053,2.512],[106.054,2.512]]],[[[106.051,2.521],[106.04,2.515],[106.048,2.526],[106.051,2.521]]],[[[106.167,2.763],[106.188,2.758],[106.193,2.747],[106.176,2.746],[106.167,2.763]]],[[[106.198,2.764],[106.199,2.765],[106.199,2.765],[106.198,2.764]]],[[[106.016,2.785],[106.02,2.79],[106.021,2.784],[106.016,2.785]]],[[[106.182,2.844],[106.182,2.845],[106.183,2.844],[106.182,2.844]]],[[[106.116,2.848],[106.123,2.848],[106.123,2.842],[106.116,2.848]]],[[[106.099,2.877],[106.103,2.87],[106.097,2.872],[106.099,2.877]]],[[[106.153,2.9],[106.152,2.903],[106.154,2.902],[106.153,2.9]]],[[[106.164,2.902],[106.165,2.902],[106.165,2.902],[106.164,2.902]]],[[[106.162,2.905],[106.163,2.906],[106.163,2.905],[106.162,2.905]]],[[[106.134,2.908],[106.134,2.905],[106.132,2.906],[106.134,2.908]]],[[[106.162,2.907],[106.158,2.909],[106.16,2.912],[106.162,2.907]]],[[[106.153,2.914],[106.153,2.914],[106.153,2.914],[106.153,2.914]]],[[[106.152,2.919],[106.152,2.92],[106.152,2.919],[106.152,2.919]]],[[[106.113,2.929],[106.145,2.932],[106.15,2.921],[106.113,2.929]]],[[[106.175,2.952],[106.193,2.953],[106.188,2.944],[106.175,2.952]]],[[[106.155,2.962],[106.17,2.971],[106.165,2.955],[106.155,2.962]]],[[[106.137,2.998],[106.15,2.996],[106.139,2.978],[106.137,2.998]]],[[[106.124,2.995],[106.131,2.994],[106.126,2.99],[106.124,2.995]]],[[[105.968,3.023],[105.968,3.024],[105.968,3.023],[105.968,3.023]]],[[[105.957,3.048],[105.953,3.028],[105.945,3.025],[105.957,3.048]]],[[[106.224,3.05],[106.218,3.047],[106.22,3.051],[106.224,3.05]]],[[[105.984,3.088],[105.992,3.074],[105.978,3.019],[105.964,3.042],[105.984,3.088]]],[[[105.968,3.094],[105.97,3.085],[105.963,3.083],[105.968,3.094]]],[[[105.971,3.099],[105.972,3.096],[105.97,3.099],[105.971,3.099]]],[[[105.952,3.103],[105.961,3.093],[105.948,3.099],[105.952,3.103]]],[[[106.111,3.116],[106.117,3.113],[106.11,3.111],[106.111,3.116]]],[[[106.143,3.129],[106.148,3.125],[106.144,3.124],[106.143,3.129]]],[[[106.114,3.143],[106.126,3.121],[106.114,3.12],[106.114,3.143]]],[[[106.112,3.143],[106.103,3.14],[106.111,3.146],[106.112,3.143]]],[[[106.089,3.159],[106.1,3.14],[106.089,3.125],[106.075,3.149],[106.089,3.159]]],[[[106.192,3.298],[106.202,3.294],[106.199,3.291],[106.192,3.298]]],[[[106.176,3.308],[106.177,3.309],[106.176,3.307],[106.176,3.308]]],[[[106.043,3.336],[106.053,3.337],[106.052,3.33],[106.043,3.336]]],[[[106.228,3.395],[106.215,3.362],[106.236,3.334],[106.219,3.299],[106.202,3.328],[106.188,3.302],[106.172,3.335],[106.202,3.348],[106.2,3.378],[106.228,3.395]]],[[[106.176,3.354],[106.174,3.357],[106.175,3.358],[106.176,3.354]]],[[[106.153,3.404],[106.146,3.392],[106.15,3.407],[106.153,3.404]]],[[[106.274,2.615],[106.28,2.612],[106.274,2.608],[106.274,2.615]]],[[[106.287,2.618],[106.284,2.62],[106.286,2.621],[106.287,2.618]]],[[[106.301,2.636],[106.305,2.632],[106.301,2.63],[106.301,2.636]]],[[[106.248,2.718],[106.247,2.72],[106.249,2.721],[106.248,2.718]]],[[[106.253,2.722],[106.266,2.716],[106.251,2.713],[106.253,2.722]]],[[[106.269,2.721],[106.271,2.719],[106.27,2.719],[106.269,2.721]]],[[[106.279,2.722],[106.282,2.72],[106.277,2.72],[106.279,2.722]]],[[[106.288,2.73],[106.285,2.728],[106.283,2.729],[106.288,2.73]]],[[[106.273,2.735],[106.275,2.732],[106.268,2.733],[106.273,2.735]]],[[[106.223,2.74],[106.222,2.738],[106.221,2.74],[106.223,2.74]]],[[[106.285,2.74],[106.284,2.74],[106.285,2.741],[106.285,2.74]]],[[[106.246,2.741],[106.246,2.741],[106.246,2.741],[106.246,2.741]]],[[[106.195,2.811],[106.228,2.806],[106.239,2.762],[106.255,2.762],[106.242,2.74],[106.254,2.725],[106.201,2.76],[106.223,2.768],[106.195,2.811]]],[[[106.241,2.99],[106.241,2.991],[106.241,2.99],[106.241,2.99]]],[[[106.241,3.004],[106.249,3.0],[106.24,2.994],[106.241,3.004]]],[[[106.287,3.076],[106.288,3.074],[106.287,3.076],[106.287,3.076]]],[[[106.257,3.091],[106.254,3.093],[106.255,3.099],[106.257,3.091]]],[[[106.238,3.231],[106.278,3.197],[106.274,3.172],[106.289,3.178],[106.268,3.119],[106.289,3.106],[106.279,3.078],[106.262,3.114],[106.249,3.124],[106.237,3.097],[106.204,3.14],[106.195,3.232],[106.217,3.22],[106.238,3.231]]],[[[106.296,3.163],[106.292,3.164],[106.294,3.169],[106.296,3.163]]],[[[106.304,3.183],[106.302,3.167],[106.297,3.178],[106.304,3.183]]],[[[106.306,3.186],[106.304,3.188],[106.305,3.189],[106.306,3.186]]],[[[106.293,3.199],[106.296,3.186],[106.294,3.187],[106.293,3.199]]],[[[106.305,3.207],[106.301,3.208],[106.301,3.211],[106.305,3.207]]],[[[106.292,3.232],[106.308,3.226],[106.298,3.218],[106.292,3.232]]],[[[106.285,3.236],[106.284,3.238],[106.284,3.238],[106.285,3.236]]],[[[106.308,3.243],[106.305,3.253],[106.306,3.255],[106.308,3.243]]],[[[106.299,3.28],[106.305,3.262],[106.296,3.237],[106.299,3.28]]],[[[106.301,3.284],[106.308,3.273],[106.306,3.27],[106.301,3.284]]],[[[106.269,3.383],[106.308,3.368],[106.293,3.351],[106.289,3.253],[106.274,3.301],[106.259,3.289],[106.284,3.227],[106.227,3.262],[106.269,3.383]]],[[[106.307,3.349],[106.302,3.356],[106.306,3.36],[106.307,3.349]]],[[[106.3,3.35],[106.299,3.352],[106.3,3.352],[106.3,3.35]]],[[[106.299,3.355],[106.301,3.354],[106.299,3.353],[106.299,3.355]]],[[[106.304,3.362],[106.304,3.361],[106.304,3.362],[106.304,3.362]]],[[[106.234,3.374],[106.233,3.375],[106.234,3.375],[106.234,3.374]]],[[[106.264,3.378],[106.261,3.377],[106.262,3.378],[106.264,3.378]]],[[[106.236,3.384],[106.236,3.382],[106.235,3.383],[106.236,3.384]]],[[[106.228,3.386],[106.234,3.383],[106.227,3.381],[106.228,3.386]]],[[[106.249,3.389],[106.245,3.389],[106.247,3.391],[106.249,3.389]]],[[[106.269,3.397],[106.291,3.393],[106.291,3.39],[106.269,3.397]]],[[[106.23,3.398],[106.227,3.4],[106.229,3.402],[106.23,3.398]]],[[[106.269,3.452],[106.269,3.454],[106.27,3.453],[106.269,3.452]]],[[[106.381,3.041],[106.388,3.03],[106.385,3.026],[106.381,3.041]]],[[[106.372,3.041],[106.377,3.04],[106.373,3.036],[106.372,3.041]]],[[[106.382,3.043],[106.379,3.046],[106.382,3.049],[106.382,3.043]]],[[[106.334,3.06],[106.338,3.054],[106.335,3.053],[106.334,3.06]]],[[[106.32,3.066],[106.32,3.068],[106.32,3.068],[106.32,3.066]]],[[[106.358,3.093],[106.353,3.079],[106.354,3.05],[106.342,3.075],[106.358,3.093]]],[[[106.323,3.073],[106.323,3.075],[106.323,3.075],[106.323,3.073]]],[[[106.333,3.096],[106.337,3.081],[106.328,3.075],[106.333,3.096]]],[[[106.309,3.086],[106.309,3.087],[106.309,3.086],[106.309,3.086]]],[[[106.342,3.093],[106.345,3.088],[106.343,3.086],[106.342,3.093]]],[[[106.341,3.107],[106.348,3.098],[106.346,3.096],[106.341,3.107]]],[[[106.355,3.111],[106.351,3.102],[106.353,3.111],[106.355,3.111]]],[[[106.317,3.171],[106.312,3.137],[106.334,3.16],[106.344,3.126],[106.324,3.125],[106.309,3.088],[106.312,3.116],[106.3,3.129],[106.296,3.106],[106.285,3.127],[106.317,3.171]]],[[[106.382,3.155],[106.385,3.154],[106.382,3.152],[106.382,3.155]]],[[[106.372,3.166],[106.368,3.157],[106.363,3.155],[106.372,3.166]]],[[[106.367,3.163],[106.367,3.163],[106.368,3.162],[106.367,3.163]]],[[[106.363,3.186],[106.368,3.165],[106.364,3.163],[106.363,3.186]]],[[[106.355,3.192],[106.353,3.192],[106.354,3.193],[106.355,3.192]]],[[[106.311,3.197],[106.308,3.201],[106.309,3.203],[106.311,3.197]]],[[[106.353,3.2],[106.353,3.201],[106.354,3.201],[106.353,3.2]]],[[[106.35,3.205],[106.351,3.203],[106.348,3.2],[106.35,3.205]]],[[[106.317,3.207],[106.317,3.209],[106.317,3.209],[106.317,3.207]]],[[[106.319,3.211],[106.317,3.213],[106.318,3.213],[106.319,3.211]]],[[[106.319,3.229],[106.32,3.228],[106.319,3.228],[106.319,3.229]]],[[[106.315,3.243],[106.317,3.24],[106.316,3.238],[106.315,3.243]]],[[[106.313,3.255],[106.313,3.253],[106.312,3.255],[106.313,3.255]]],[[[106.312,3.255],[106.312,3.257],[106.313,3.256],[106.312,3.255]]],[[[106.311,3.26],[106.309,3.262],[106.31,3.264],[106.311,3.26]]],[[[106.312,3.264],[106.313,3.265],[106.312,3.264],[106.312,3.264]]],[[[106.315,3.266],[106.314,3.267],[106.315,3.267],[106.315,3.266]]],[[[106.332,3.297],[106.331,3.292],[106.329,3.295],[106.332,3.297]]],[[[106.327,3.305],[106.328,3.295],[106.326,3.295],[106.327,3.305]]],[[[106.322,3.315],[106.327,3.316],[106.325,3.307],[106.322,3.315]]],[[[106.304,3.321],[106.309,3.311],[106.302,3.305],[106.304,3.321]]],[[[106.32,3.317],[106.321,3.319],[106.322,3.319],[106.32,3.317]]],[[[106.314,3.365],[106.32,3.359],[106.315,3.358],[106.314,3.365]]],[[[106.309,3.365],[106.309,3.367],[106.309,3.367],[106.309,3.365]]],[[[106.323,3.374],[106.325,3.368],[106.322,3.368],[106.323,3.374]]],[[[106.345,3.418],[106.338,3.354],[106.319,3.325],[106.332,3.37],[106.33,3.407],[106.345,3.418]]],[[[106.315,3.382],[106.318,3.373],[106.316,3.37],[106.315,3.382]]],[[[106.346,3.382],[106.35,3.376],[106.349,3.374],[106.346,3.382]]],[[[106.417,2.99],[106.414,2.993],[106.416,2.995],[106.417,2.99]]],[[[106.397,3.019],[106.395,3.016],[106.396,3.019],[106.397,3.019]]],[[[106.393,3.031],[106.416,3.038],[106.409,3.015],[106.393,3.031]]],[[[106.39,3.041],[106.395,3.045],[106.394,3.038],[106.39,3.041]]],[[[106.397,3.115],[106.402,3.111],[106.399,3.108],[106.397,3.115]]],[[[106.43,3.126],[106.431,3.123],[106.429,3.125],[106.43,3.126]]],[[[106.445,3.127],[106.457,3.125],[106.455,3.122],[106.445,3.127]]],[[[106.407,3.131],[106.406,3.133],[106.407,3.133],[106.407,3.131]]],[[[106.403,3.137],[106.433,3.149],[106.437,3.131],[106.403,3.137]]],[[[106.387,3.153],[106.396,3.137],[106.38,3.141],[106.387,3.153]]],[[[106.401,3.147],[106.402,3.147],[106.402,3.147],[106.401,3.147]]],[[[106.399,3.157],[106.407,3.151],[106.4,3.149],[106.399,3.157]]],[[[106.386,3.157],[106.388,3.154],[106.387,3.153],[106.386,3.157]]],[[[106.438,3.161],[106.44,3.159],[106.438,3.159],[106.438,3.161]]],[[[106.406,3.163],[106.403,3.163],[106.405,3.164],[106.406,3.163]]],[[[106.436,3.168],[106.436,3.162],[106.428,3.159],[106.436,3.168]]],[[[106.398,3.169],[106.396,3.168],[106.397,3.17],[106.398,3.169]]],[[[106.449,3.177],[106.45,3.178],[106.45,3.177],[106.449,3.177]]],[[[106.444,3.198],[106.448,3.176],[106.435,3.169],[106.433,3.19],[106.444,3.198]]],[[[106.447,3.197],[106.446,3.195],[106.446,3.196],[106.447,3.197]]],[[[106.488,3.213],[106.501,3.204],[106.498,3.185],[106.492,3.2],[106.477,3.192],[106.488,3.213]]],[[[106.456,3.213],[106.455,3.214],[106.456,3.214],[106.456,3.213]]],[[[106.478,3.217],[106.486,3.221],[106.477,3.209],[106.478,3.217]]],[[[106.476,3.225],[106.475,3.228],[106.477,3.228],[106.476,3.225]]],[[[106.469,3.232],[106.474,3.228],[106.472,3.227],[106.469,3.232]]],[[[106.453,3.252],[106.452,3.236],[106.456,3.228],[106.438,3.242],[106.453,3.252]]],[[[106.437,3.245],[106.438,3.246],[106.437,3.245],[106.437,3.245]]],[[[106.449,3.254],[106.449,3.251],[106.448,3.252],[106.449,3.254]]],[[[106.447,3.26],[106.45,3.256],[106.445,3.253],[106.447,3.26]]],[[[106.391,3.26],[106.386,3.258],[106.391,3.265],[106.391,3.26]]],[[[106.406,3.28],[106.421,3.294],[106.413,3.271],[106.406,3.28]]],[[[106.394,3.309],[106.411,3.301],[106.395,3.292],[106.394,3.309]]],[[[106.39,3.318],[106.387,3.307],[106.386,3.307],[106.39,3.318]]],[[[106.39,3.339],[106.387,3.343],[106.388,3.345],[106.39,3.339]]],[[[106.446,3.381],[106.46,3.382],[106.451,3.372],[106.446,3.381]]],[[[106.462,3.382],[106.462,3.383],[106.463,3.383],[106.462,3.382]]],[[[106.464,3.384],[106.463,3.386],[106.465,3.386],[106.464,3.384]]],[[[106.433,3.397],[106.444,3.382],[106.427,3.375],[106.433,3.397]]],[[[106.461,3.387],[106.462,3.388],[106.462,3.388],[106.461,3.387]]],[[[106.448,3.393],[106.447,3.391],[106.447,3.391],[106.448,3.393]]],[[[106.449,3.404],[106.451,3.4],[106.445,3.397],[106.449,3.404]]]]}},{"type":"Feature","properties":{"k":"21.71"},"geometry":{"type":"MultiPolygon","coordinates":[[[[103.77,0.938],[103.769,0.934],[103.768,0.935],[103.77,0.938]]],[[[103.772,0.939],[103.777,0.946],[103.774,0.932],[103.77,0.932],[103.772,0.939]]],[[[103.79,0.936],[103.785,0.944],[103.789,0.942],[103.79,0.936]]],[[[103.767,0.948],[103.764,0.946],[103.765,0.949],[103.767,0.948]]],[[[103.828,0.963],[103.832,0.961],[103.833,0.958],[103.828,0.963]]],[[[103.788,0.967],[103.787,0.958],[103.781,0.964],[103.788,0.967]]],[[[103.85,0.963],[103.842,0.961],[103.842,0.966],[103.85,0.963]]],[[[103.766,0.964],[103.765,0.965],[103.767,0.967],[103.766,0.964]]],[[[103.799,0.968],[103.807,0.966],[103.803,0.961],[103.799,0.968]]],[[[103.712,0.966],[103.708,0.968],[103.713,0.967],[103.712,0.966]]],[[[103.825,0.963],[103.823,0.965],[103.821,0.971],[103.825,0.963]]],[[[103.773,0.979],[103.766,0.976],[103.766,0.978],[103.773,0.979]]],[[[103.78,0.981],[103.781,0.978],[103.779,0.98],[103.78,0.981]]],[[[103.821,0.982],[103.817,0.98],[103.82,0.983],[103.821,0.982]]],[[[103.809,0.98],[103.809,0.987],[103.815,0.981],[103.809,0.98]]],[[[103.759,0.984],[103.757,0.982],[103.757,0.984],[103.759,0.984]]],[[[103.814,0.99],[103.816,0.985],[103.81,0.991],[103.814,0.99]]],[[[103.823,0.999],[103.829,0.998],[103.826,0.994],[103.823,0.999]]],[[[103.812,1.003],[103.81,0.998],[103.808,1.001],[103.812,1.003]]],[[[103.821,1.009],[103.822,1.006],[103.82,1.008],[103.821,1.009]]],[[[103.771,1.05],[103.799,1.028],[103.796,0.969],[103.75,1.027],[103.771,1.05]]],[[[103.754,1.007],[103.762,1.011],[103.758,1.004],[103.754,1.007]]],[[[103.806,1.019],[103.806,1.015],[103.802,1.02],[103.806,1.019]]],[[[103.801,1.034],[103.805,1.027],[103.803,1.025],[103.801,1.034]]],[[[103.836,1.038],[103.837,1.036],[103.832,1.038],[103.836,1.038]]],[[[103.804,1.036],[103.805,1.04],[103.81,1.036],[103.804,1.036]]],[[[103.823,1.042],[103.827,1.036],[103.82,1.04],[103.823,1.042]]],[[[103.796,1.041],[103.797,1.046],[103.799,1.039],[103.796,1.041]]],[[[103.819,1.05],[103.831,1.044],[103.819,1.047],[103.819,1.05]]],[[[103.814,1.057],[103.81,1.059],[103.813,1.06],[103.814,1.057]]],[[[103.825,1.058],[103.816,1.058],[103.812,1.063],[103.819,1.067],[103.825,1.058]]],[[[103.806,1.063],[103.806,1.061],[103.804,1.062],[103.806,1.063]]],[[[103.828,1.066],[103.827,1.063],[103.826,1.065],[103.828,1.066]]],[[[103.817,1.07],[103.815,1.072],[103.816,1.072],[103.817,1.07]]],[[[103.826,1.067],[103.818,1.073],[103.829,1.077],[103.826,1.067]]],[[[103.824,1.086],[103.823,1.088],[103.825,1.086],[103.824,1.086]]],[[[103.782,1.092],[103.78,1.088],[103.78,1.091],[103.782,1.092]]],[[[103.815,1.088],[103.791,1.096],[103.794,1.109],[103.815,1.088]]],[[[103.781,1.097],[103.778,1.098],[103.78,1.1],[103.781,1.097]]],[[[103.824,1.104],[103.825,1.101],[103.823,1.105],[103.824,1.104]]],[[[103.848,1.114],[103.847,1.111],[103.846,1.112],[103.848,1.114]]],[[[103.715,1.117],[103.711,1.116],[103.711,1.117],[103.715,1.117]]],[[[103.835,1.122],[103.841,1.123],[103.837,1.116],[103.835,1.122]]],[[[103.825,1.129],[103.829,1.126],[103.828,1.125],[103.825,1.129]]],[[[103.838,1.138],[103.841,1.135],[103.836,1.137],[103.838,1.138]]],[[[103.905,0.918],[103.903,0.915],[103.902,0.917],[103.905,0.918]]],[[[103.918,0.921],[103.919,0.923],[103.92,0.921],[103.918,0.921]]],[[[103.892,0.94],[103.888,0.936],[103.887,0.939],[103.892,0.94]]],[[[103.85,1.02],[103.878,1.035],[103.878,1.013],[103.9,0.999],[103.925,1.008],[103.972,0.963],[103.944,0.927],[103.944,0.91],[103.837,0.972],[103.833,1.017],[103.863,1.007],[103.85,1.02]]],[[[103.88,1.017],[103.88,1.015],[103.879,1.015],[103.88,1.017]]],[[[103.883,1.02],[103.89,1.017],[103.891,1.01],[103.883,1.02]]],[[[103.892,1.011],[103.885,1.03],[103.893,1.032],[103.895,1.039],[103.92,1.012],[103.892,1.011]]],[[[103.915,1.024],[103.912,1.023],[103.912,1.025],[103.915,1.024]]],[[[103.865,1.035],[103.864,1.034],[103.863,1.036],[103.865,1.035]]],[[[103.889,1.033],[103.876,1.045],[103.89,1.04],[103.889,1.033]]],[[[103.889,1.047],[103.888,1.045],[103.887,1.046],[103.889,1.047]]],[[[103.88,1.049],[103.882,1.05],[103.882,1.047],[103.88,1.049]]],[[[103.869,1.059],[103.87,1.049],[103.876,1.039],[103.836,1.03],[103.838,1.036],[103.835,1.057],[103.838,1.058],[103.833,1.063],[103.844,1.075],[103.869,1.059]]],[[[103.892,1.04],[103.9,1.057],[103.901,1.04],[103.892,1.04]]],[[[103.876,1.072],[103.872,1.071],[103.874,1.073],[103.876,1.072]]],[[[103.864,1.079],[103.86,1.069],[103.857,1.083],[103.864,1.079]]],[[[103.871,1.083],[103.872,1.074],[103.867,1.081],[103.871,1.083]]],[[[103.868,1.086],[103.868,1.084],[103.867,1.086],[103.868,1.086]]],[[[103.87,1.086],[103.871,1.086],[103.871,1.084],[103.87,1.086]]],[[[103.853,1.088],[103.853,1.09],[103.855,1.09],[103.853,1.088]]],[[[103.881,1.097],[103.883,1.097],[103.883,1.093],[103.881,1.097]]],[[[103.864,1.087],[103.866,1.103],[103.874,1.091],[103.864,1.087]]],[[[103.902,1.101],[103.901,1.099],[103.898,1.101],[103.902,1.101]]],[[[103.921,1.106],[103.909,1.111],[103.916,1.119],[103.918,1.117],[103.921,1.106]]],[[[103.86,1.102],[103.86,1.107],[103.858,1.103],[103.86,1.102]]],[[[103.856,1.106],[103.857,1.103],[103.856,1.103],[103.856,1.106]]],[[[103.862,1.109],[103.861,1.107],[103.86,1.111],[103.862,1.109]]],[[[103.906,1.111],[103.908,1.113],[103.908,1.111],[103.906,1.111]]],[[[103.905,1.114],[103.905,1.113],[103.903,1.114],[103.905,1.114]]],[[[103.907,1.114],[103.907,1.115],[103.909,1.115],[103.907,1.114]]],[[[103.88,1.115],[103.875,1.119],[103.88,1.117],[103.88,1.115]]],[[[103.909,1.117],[103.908,1.119],[103.91,1.117],[103.909,1.117]]],[[[103.872,1.117],[103.872,1.12],[103.874,1.118],[103.872,1.117]]],[[[103.89,1.121],[103.889,1.118],[103.886,1.12],[103.89,1.121]]],[[[103.914,1.123],[103.91,1.122],[103.912,1.125],[103.914,1.123]]],[[[103.889,1.126],[103.894,1.127],[103.889,1.123],[103.889,1.126]]],[[[103.869,1.13],[103.875,1.132],[103.884,1.122],[103.869,1.13]]],[[[103.855,1.128],[103.85,1.127],[103.85,1.133],[103.855,1.128]]],[[[103.877,1.135],[103.877,1.137],[103.878,1.135],[103.877,1.135]]],[[[103.871,1.156],[103.888,1.159],[103.896,1.15],[103.879,1.14],[103.871,1.156]]],[[[103.867,1.159],[103.863,1.157],[103.865,1.16],[103.867,1.159]]],[[[103.882,1.162],[103.875,1.157],[103.878,1.164],[103.882,1.162]]],[[[103.905,1.156],[103.895,1.162],[103.896,1.167],[103.905,1.156]]],[[[103.892,1.171],[103.892,1.169],[103.889,1.172],[103.892,1.171]]],[[[104.033,0.634],[104.033,0.63],[104.032,0.631],[104.033,0.634]]],[[[103.963,0.877],[103.962,0.881],[103.965,0.878],[103.963,0.877]]],[[[103.967,0.882],[103.971,0.879],[103.966,0.88],[103.967,0.882]]],[[[103.971,0.885],[103.97,0.883],[103.968,0.885],[103.971,0.885]]],[[[104.037,0.885],[104.039,0.888],[104.04,0.886],[104.037,0.885]]],[[[103.981,0.888],[103.979,0.887],[103.98,0.889],[103.981,0.888]]],[[[103.974,0.889],[103.971,0.889],[103.972,0.891],[103.974,0.889]]],[[[103.954,0.894],[103.951,0.894],[103.952,0.896],[103.954,0.894]]],[[[103.95,0.9],[103.959,0.902],[103.959,0.893],[103.95,0.9]]],[[[103.951,0.906],[103.947,0.904],[103.95,0.907],[103.951,0.906]]],[[[103.943,0.906],[103.938,0.907],[103.94,0.908],[103.943,0.906]]],[[[103.966,0.907],[103.967,0.904],[103.964,0.905],[103.966,0.907]]],[[[103.964,0.919],[103.952,0.906],[103.947,0.923],[103.964,0.919]]],[[[103.967,0.921],[103.966,0.919],[103.964,0.922],[103.967,0.921]]],[[[103.946,0.924],[103.947,0.918],[103.944,0.92],[103.946,0.924]]],[[[103.968,0.924],[103.97,0.922],[103.967,0.923],[103.968,0.924]]],[[[103.949,0.928],[103.954,0.926],[103.949,0.927],[103.949,0.928]]],[[[103.962,0.932],[103.964,0.935],[103.965,0.932],[103.962,0.932]]],[[[103.983,0.941],[103.981,0.937],[103.981,0.941],[103.983,0.941]]],[[[104.013,0.938],[104.007,0.941],[104.007,0.945],[104.013,0.938]]],[[[103.98,0.954],[103.978,0.951],[103.977,0.957],[103.98,0.954]]],[[[104.023,0.964],[104.028,0.952],[104.021,0.962],[104.023,0.964]]],[[[103.997,0.962],[103.992,0.958],[103.994,0.967],[103.997,0.962]]],[[[103.98,0.957],[103.978,0.962],[103.982,0.961],[103.98,0.957]]],[[[103.981,0.976],[103.993,0.963],[103.991,0.955],[103.995,0.948],[103.99,0.945],[103.981,0.976]]],[[[104.036,0.968],[104.033,0.968],[104.035,0.97],[104.036,0.968]]],[[[103.978,0.97],[103.979,0.964],[103.975,0.968],[103.978,0.97]]],[[[104.025,0.965],[104.022,0.971],[104.027,0.968],[104.025,0.965]]],[[[103.989,0.974],[103.99,0.971],[103.988,0.973],[103.989,0.974]]],[[[104.019,0.975],[104.02,0.971],[104.018,0.973],[104.019,0.975]]],[[[103.987,0.984],[103.98,0.984],[103.98,0.986],[103.987,0.984]]],[[[103.978,0.986],[103.974,0.985],[103.974,0.989],[103.978,0.986]]],[[[103.97,0.99],[103.967,0.975],[103.942,0.999],[103.97,0.99]]],[[[103.978,0.99],[103.979,0.989],[103.979,0.988],[103.978,0.99]]],[[[103.978,0.997],[103.971,0.998],[103.977,1.001],[103.978,0.997]]],[[[103.975,1.006],[103.964,1.001],[103.961,1.002],[103.975,1.006]]],[[[103.953,1.004],[103.954,1.005],[103.956,1.003],[103.953,1.004]]],[[[103.973,1.007],[103.97,1.005],[103.969,1.006],[103.973,1.007]]],[[[103.994,1.002],[103.981,1.006],[103.992,1.012],[103.994,1.002]]],[[[103.925,1.02],[103.931,1.013],[103.93,1.013],[103.925,1.02]]],[[[103.919,1.026],[103.922,1.023],[103.919,1.024],[103.919,1.026]]],[[[103.996,1.16],[104.025,1.191],[104.054,1.156],[104.048,1.137],[104.075,1.142],[104.072,1.119],[104.079,1.145],[104.093,1.138],[104.102,1.142],[104.07,1.162],[104.072,1.188],[104.099,1.199],[104.139,1.169],[104.151,1.135],[104.137,1.04],[104.101,1.042],[104.08,1.024],[104.083,1.009],[104.1,0.983],[104.033,1.006],[104.041,0.983],[104.009,0.986],[103.992,1.017],[103.943,1.008],[103.91,1.038],[103.888,1.093],[103.913,1.099],[103.924,1.072],[103.937,1.084],[103.92,1.143],[103.996,1.124],[103.996,1.16]]],[[[103.924,1.104],[103.921,1.103],[103.922,1.105],[103.924,1.104]]],[[[103.977,1.148],[103.973,1.145],[103.972,1.148],[103.977,1.148]]],[[[103.947,1.147],[103.943,1.146],[103.946,1.149],[103.947,1.147]]],[[[104.181,0.584],[104.178,0.582],[104.177,0.584],[104.181,0.584]]],[[[104.104,0.608],[104.103,0.607],[104.101,0.609],[104.104,0.608]]],[[[104.086,0.603],[104.076,0.637],[104.083,0.645],[104.104,0.625],[104.086,0.603]]],[[[104.037,0.635],[104.041,0.633],[104.038,0.633],[104.037,0.635]]],[[[104.151,0.789],[104.143,0.804],[104.142,0.82],[104.149,0.809],[104.151,0.789]]],[[[104.179,0.782],[104.145,0.857],[104.116,0.877],[104.092,0.871],[104.094,0.927],[104.078,0.959],[104.094,0.952],[104.094,0.956],[104.082,0.972],[104.096,0.957],[104.12,0.962],[104.126,0.936],[104.154,0.926],[104.149,0.893],[104.17,0.899],[104.167,0.868],[104.184,0.885],[104.183,0.868],[104.212,0.881],[104.266,0.859],[104.245,0.82],[104.202,0.806],[104.179,0.782]]],[[[104.035,0.892],[104.039,0.914],[104.053,0.921],[104.051,0.9],[104.035,0.892]]],[[[104.039,0.926],[104.038,0.924],[104.037,0.926],[104.039,0.926]]],[[[104.052,0.927],[104.053,0.925],[104.051,0.926],[104.052,0.927]]],[[[104.191,0.928],[104.176,0.913],[104.159,0.915],[104.169,0.942],[104.191,0.928]]],[[[104.149,0.931],[104.15,0.934],[104.153,0.931],[104.149,0.931]]],[[[104.079,0.935],[104.069,0.914],[104.054,0.932],[104.046,0.93],[104.045,0.964],[104.058,0.967],[104.059,0.974],[104.079,0.935]]],[[[104.143,0.975],[104.194,0.943],[104.168,0.943],[104.154,0.933],[104.143,0.975]]],[[[104.089,0.958],[104.085,0.959],[104.085,0.962],[104.089,0.958]]],[[[104.071,0.966],[104.077,0.962],[104.072,0.962],[104.071,0.966]]],[[[104.102,0.963],[104.096,0.962],[104.098,0.966],[104.102,0.963]]],[[[104.093,0.973],[104.09,0.971],[104.091,0.973],[104.093,0.973]]],[[[104.055,0.979],[104.051,0.968],[104.049,0.976],[104.055,0.979]]],[[[104.103,0.975],[104.122,0.967],[104.12,0.965],[104.103,0.975]]],[[[104.178,0.975],[104.174,0.975],[104.175,0.976],[104.178,0.975]]],[[[104.041,0.979],[104.048,0.977],[104.04,0.975],[104.041,0.979]]],[[[104.079,0.976],[104.075,0.984],[104.081,0.979],[104.079,0.976]]],[[[104.07,0.986],[104.074,0.985],[104.07,0.983],[104.07,0.986]]],[[[104.101,0.987],[104.096,0.988],[104.097,0.991],[104.101,0.987]]],[[[104.046,0.991],[104.042,0.989],[104.043,0.992],[104.046,0.991]]],[[[104.115,0.996],[104.132,0.988],[104.116,0.987],[104.115,0.996]]],[[[104.139,0.999],[104.149,0.99],[104.146,0.985],[104.139,0.999]]],[[[104.047,0.995],[104.044,0.993],[104.045,0.995],[104.047,0.995]]],[[[104.129,1.005],[104.134,1.004],[104.13,1.002],[104.129,1.005]]],[[[104.136,1.011],[104.137,1.008],[104.135,1.008],[104.136,1.011]]],[[[104.141,1.012],[104.141,1.009],[104.139,1.008],[104.141,1.012]]],[[[104.144,1.011],[104.147,1.011],[104.147,1.008],[104.144,1.011]]],[[[104.099,1.005],[104.115,1.018],[104.103,1.004],[104.099,1.005]]],[[[104.172,0.996],[104.155,1.016],[104.166,1.014],[104.179,1.029],[104.172,0.996]]],[[[104.093,1.018],[104.104,1.02],[104.096,1.006],[104.093,1.018]]],[[[104.145,1.02],[104.138,1.017],[104.144,1.022],[104.145,1.02]]],[[[104.121,1.02],[104.118,1.018],[104.12,1.023],[104.121,1.02]]],[[[104.157,1.023],[104.152,1.019],[104.153,1.023],[104.157,1.023]]],[[[104.091,1.022],[104.081,1.021],[104.081,1.024],[104.091,1.022]]],[[[104.142,1.025],[104.141,1.027],[104.143,1.025],[104.142,1.025]]],[[[104.136,1.035],[104.132,1.026],[104.129,1.029],[104.136,1.035]]],[[[104.116,1.035],[104.116,1.03],[104.112,1.029],[104.116,1.035]]],[[[104.151,1.034],[104.153,1.033],[104.152,1.032],[104.151,1.034]]],[[[104.181,1.068],[104.168,1.022],[104.155,1.039],[104.165,1.066],[104.181,1.068]]],[[[104.303,0.464],[104.302,0.462],[104.301,0.464],[104.303,0.464]]],[[[104.266,0.495],[104.264,0.502],[104.274,0.484],[104.266,0.495]]],[[[104.29,0.521],[104.295,0.474],[104.283,0.527],[104.29,0.521]]],[[[104.307,0.532],[104.306,0.531],[104.304,0.531],[104.307,0.532]]],[[[104.24,0.533],[104.222,0.535],[104.221,0.557],[104.237,0.553],[104.24,0.533]]],[[[104.236,0.563],[104.237,0.555],[104.232,0.557],[104.236,0.563]]],[[[104.216,0.568],[104.209,0.558],[104.206,0.567],[104.216,0.568]]],[[[104.23,0.57],[104.204,0.573],[104.198,0.542],[104.194,0.608],[104.23,0.57]]],[[[104.294,0.625],[104.297,0.619],[104.293,0.623],[104.294,0.625]]],[[[104.29,0.631],[104.291,0.629],[104.289,0.629],[104.29,0.631]]],[[[104.263,0.635],[104.258,0.633],[104.26,0.637],[104.263,0.635]]],[[[104.243,0.635],[104.233,0.657],[104.25,0.636],[104.243,0.635]]],[[[104.241,0.652],[104.245,0.653],[104.244,0.651],[104.241,0.652]]],[[[104.243,0.665],[104.242,0.662],[104.241,0.663],[104.243,0.665]]],[[[104.246,0.668],[104.213,0.719],[104.269,0.663],[104.259,0.688],[104.269,0.678],[104.278,0.673],[104.288,0.61],[104.264,0.622],[104.263,0.638],[104.246,0.668]]],[[[104.222,0.669],[104.228,0.665],[104.223,0.666],[104.222,0.669]]],[[[104.306,0.674],[104.307,0.67],[104.305,0.671],[104.306,0.674]]],[[[104.331,0.664],[104.309,0.675],[104.318,0.686],[104.331,0.664]]],[[[104.334,0.679],[104.335,0.67],[104.331,0.674],[104.334,0.679]]],[[[104.305,0.676],[104.303,0.671],[104.301,0.678],[104.305,0.676]]],[[[104.277,0.674],[104.274,0.677],[104.277,0.676],[104.277,0.674]]],[[[104.338,0.677],[104.342,0.68],[104.348,0.676],[104.338,0.677]]],[[[104.302,0.675],[104.285,0.671],[104.271,0.682],[104.297,0.69],[104.302,0.675]]],[[[104.334,0.681],[104.32,0.685],[104.309,0.7],[104.32,0.7],[104.334,0.681]]],[[[104.262,0.696],[104.265,0.696],[104.264,0.695],[104.262,0.696]]],[[[104.211,0.719],[104.209,0.717],[104.209,0.719],[104.211,0.719]]],[[[104.37,0.74],[104.365,0.738],[104.365,0.739],[104.37,0.74]]],[[[104.184,0.738],[104.18,0.739],[104.181,0.741],[104.184,0.738]]],[[[104.18,0.743],[104.181,0.742],[104.179,0.742],[104.18,0.743]]],[[[104.213,0.783],[104.277,0.796],[104.264,0.743],[104.309,0.707],[104.262,0.703],[104.249,0.724],[104.253,0.693],[104.219,0.724],[104.196,0.721],[104.171,0.78],[104.181,0.777],[104.202,0.796],[104.213,0.783]]],[[[104.353,0.739],[104.327,0.753],[104.299,0.756],[104.331,0.76],[104.353,0.739]]],[[[104.18,0.782],[104.181,0.779],[104.178,0.781],[104.18,0.782]]],[[[104.213,0.797],[104.223,0.797],[104.222,0.793],[104.213,0.797]]],[[[104.212,0.797],[104.209,0.796],[104.209,0.797],[104.212,0.797]]],[[[104.205,0.798],[104.202,0.805],[104.207,0.805],[104.205,0.798]]],[[[104.233,0.807],[104.227,0.808],[104.232,0.811],[104.233,0.807]]],[[[104.278,0.817],[104.283,0.818],[104.281,0.816],[104.278,0.817]]],[[[104.301,0.821],[104.3,0.818],[104.292,0.82],[104.301,0.821]]],[[[104.194,0.902],[104.204,0.922],[104.213,0.923],[104.207,0.905],[104.194,0.902]]],[[[104.188,0.935],[104.185,0.936],[104.189,0.938],[104.188,0.935]]],[[[104.207,0.943],[104.202,0.946],[104.206,0.947],[104.207,0.943]]],[[[104.228,0.982],[104.226,0.982],[104.228,0.985],[104.228,0.982]]],[[[104.241,0.976],[104.242,0.997],[104.263,0.987],[104.259,0.974],[104.241,0.976]]]]}},{"type":"Feature","properties":{"k":"21.72"},"geometry":{"type":"MultiPolygon","coordinates":[[[[104.434,0.997],[104.427,0.996],[104.426,0.998],[104.434,0.997]]],[[[104.384,1.016],[104.397,0.997],[104.366,0.989],[104.365,0.993],[104.379,1.004],[104.384,1.016]]],[[[104.437,1.01],[104.441,1.014],[104.442,1.008],[104.437,1.01]]],[[[104.36,1.019],[104.437,1.11],[104.505,1.123],[104.528,0.975],[104.442,0.995],[104.446,1.017],[104.502,1.032],[104.476,1.027],[104.454,1.055],[104.417,1.04],[104.417,1.068],[104.381,1.012],[104.36,1.019]]]]}},{"type":"Feature","properties":{"k":"31.01"},"geometry":{"type":"MultiPolygon","coordinates":[[[[106.519,-5.957],[106.523,-5.957],[106.521,-5.96],[106.519,-5.957]]],[[[106.526,-5.805],[106.517,-5.803],[106.529,-5.804],[106.526,-5.805]]],[[[106.479,-5.794],[106.497,-5.795],[106.511,-5.803],[106.479,-5.794]]],[[[106.535,-5.699],[106.541,-5.702],[106.534,-5.701],[106.535,-5.699]]],[[[106.548,-5.623],[106.546,-5.625],[106.543,-5.624],[106.548,-5.623]]],[[[106.544,-5.604],[106.547,-5.604],[106.545,-5.606],[106.544,-5.604]]],[[[106.544,-5.593],[106.541,-5.592],[106.543,-5.591],[106.544,-5.593]]],[[[106.543,-5.573],[106.54,-5.575],[106.541,-5.571],[106.543,-5.573]]],[[[106.526,-5.568],[106.53,-5.568],[106.528,-5.571],[106.526,-5.568]]],[[[106.527,-5.558],[106.526,-5.557],[106.528,-5.556],[106.527,-5.558]]],[[[106.531,-5.557],[106.53,-5.555],[106.533,-5.554],[106.531,-5.557]]],[[[106.545,-5.552],[106.542,-5.556],[106.541,-5.553],[106.545,-5.552]]],[[[106.52,-5.549],[106.52,-5.552],[106.518,-5.55],[106.52,-5.549]]],[[[106.526,-5.55],[106.53,-5.551],[106.526,-5.551],[106.526,-5.55]]],[[[106.531,-5.536],[106.535,-5.537],[106.532,-5.538],[106.531,-5.536]]],[[[106.54,-5.53],[106.544,-5.529],[106.541,-5.532],[106.54,-5.53]]],[[[106.526,-5.524],[106.525,-5.521],[106.527,-5.522],[106.526,-5.524]]],[[[106.526,-5.513],[106.529,-5.513],[106.528,-5.515],[106.526,-5.513]]],[[[106.538,-5.514],[106.533,-5.516],[106.534,-5.512],[106.538,-5.514]]],[[[106.532,-5.503],[106.535,-5.502],[106.534,-5.504],[106.532,-5.503]]],[[[106.39,-5.479],[106.396,-5.48],[106.393,-5.481],[106.39,-5.479]]],[[[106.524,-5.48],[106.523,-5.478],[106.527,-5.477],[106.524,-5.48]]],[[[106.546,-5.464],[106.545,-5.463],[106.546,-5.462],[106.546,-5.464]]],[[[106.49,-5.421],[106.495,-5.42],[106.492,-5.423],[106.49,-5.421]]],[[[106.47,-5.413],[106.473,-5.413],[106.472,-5.415],[106.47,-5.413]]],[[[106.465,-5.205],[106.459,-5.204],[106.463,-5.202],[106.465,-5.205]]],[[[106.557,-5.82],[106.555,-5.823],[106.55,-5.821],[106.557,-5.82]]],[[[106.559,-5.771],[106.561,-5.769],[106.56,-5.772],[106.559,-5.771]]],[[[106.58,-5.669],[106.584,-5.67],[106.579,-5.672],[106.58,-5.669]]],[[[106.561,-5.67],[106.559,-5.669],[106.561,-5.668],[106.561,-5.67]]],[[[106.566,-5.664],[106.565,-5.663],[106.57,-5.661],[106.566,-5.664]]],[[[106.569,-5.653],[106.573,-5.653],[106.565,-5.656],[106.569,-5.653]]],[[[106.578,-5.654],[106.577,-5.652],[106.581,-5.653],[106.578,-5.654]]],[[[106.569,-5.648],[106.569,-5.65],[106.564,-5.649],[106.569,-5.648]]],[[[106.559,-5.644],[106.567,-5.643],[106.558,-5.646],[106.559,-5.644]]],[[[106.575,-5.636],[106.576,-5.634],[106.586,-5.635],[106.575,-5.636]]],[[[106.571,-5.628],[106.573,-5.627],[106.574,-5.628],[106.571,-5.628]]],[[[106.556,-5.617],[106.551,-5.616],[106.556,-5.615],[106.556,-5.617]]],[[[106.575,-5.611],[106.576,-5.614],[106.573,-5.614],[106.575,-5.611]]],[[[106.559,-5.596],[106.557,-5.595],[106.562,-5.593],[106.559,-5.596]]],[[[106.569,-5.594],[106.567,-5.592],[106.57,-5.592],[106.569,-5.594]]],[[[106.553,-5.591],[106.551,-5.589],[106.556,-5.589],[106.553,-5.591]]],[[[106.545,-5.589],[106.544,-5.587],[106.549,-5.588],[106.545,-5.589]]],[[[106.571,-5.583],[106.567,-5.584],[106.567,-5.583],[106.571,-5.583]]],[[[106.547,-5.581],[106.551,-5.579],[106.549,-5.584],[106.547,-5.581]]],[[[106.582,-5.574],[106.581,-5.577],[106.579,-5.576],[106.582,-5.574]]],[[[106.556,-5.571],[106.559,-5.571],[106.558,-5.573],[106.556,-5.571]]],[[[106.55,-5.569],[106.551,-5.569],[106.55,-5.571],[106.55,-5.569]]],[[[106.547,-5.499],[106.557,-5.502],[106.543,-5.505],[106.547,-5.499]]],[[[106.578,-5.495],[106.579,-5.491],[106.581,-5.492],[106.578,-5.495]]],[[[106.553,-5.465],[106.557,-5.461],[106.555,-5.466],[106.553,-5.465]]],[[[106.567,-5.46],[106.571,-5.455],[106.573,-5.456],[106.567,-5.46]]],[[[106.736,-6.04],[106.735,-6.041],[106.735,-6.038],[106.736,-6.04]]],[[[106.747,-6.037],[106.746,-6.035],[106.747,-6.035],[106.747,-6.037]]],[[[106.736,-6.035],[106.733,-6.033],[106.736,-6.033],[106.736,-6.035]]],[[[106.78,-6.003],[106.782,-6.006],[106.78,-6.004],[106.78,-6.003]]],[[[106.846,-5.983],[106.848,-5.984],[106.847,-5.986],[106.846,-5.983]]],[[[106.709,-5.98],[106.707,-5.974],[106.711,-5.976],[106.709,-5.98]]],[[[106.689,-5.973],[106.696,-5.973],[106.695,-5.978],[106.689,-5.973]]],[[[106.841,-5.957],[106.847,-5.957],[106.846,-5.96],[106.841,-5.957]]],[[[106.633,-5.943],[106.629,-5.945],[106.628,-5.944],[106.633,-5.943]]],[[[106.594,-5.935],[106.594,-5.939],[106.592,-5.935],[106.594,-5.935]]],[[[106.585,-5.926],[106.587,-5.934],[106.581,-5.926],[106.585,-5.926]]],[[[106.599,-5.866],[106.598,-5.863],[106.599,-5.862],[106.599,-5.866]]],[[[106.604,-5.86],[106.603,-5.858],[106.607,-5.857],[106.604,-5.86]]],[[[106.624,-5.856],[106.611,-5.863],[106.631,-5.855],[106.624,-5.856]]],[[[106.6,-5.857],[106.602,-5.855],[106.602,-5.857],[106.6,-5.857]]],[[[106.583,-5.765],[106.583,-5.762],[106.584,-5.762],[106.583,-5.765]]],[[[106.612,-5.746],[106.615,-5.747],[106.613,-5.749],[106.612,-5.746]]],[[[106.602,-5.737],[106.599,-5.739],[106.6,-5.737],[106.602,-5.737]]],[[[106.603,-5.734],[106.601,-5.736],[106.599,-5.734],[106.603,-5.734]]],[[[106.712,-5.694],[106.714,-5.693],[106.712,-5.697],[106.712,-5.694]]],[[[106.588,-5.678],[106.589,-5.679],[106.587,-5.68],[106.588,-5.678]]],[[[106.585,-5.619],[106.585,-5.62],[106.582,-5.621],[106.585,-5.619]]],[[[106.591,-5.588],[106.592,-5.584],[106.593,-5.584],[106.591,-5.588]]],[[[106.593,-5.58],[106.595,-5.579],[106.596,-5.581],[106.593,-5.58]]],[[[106.584,-5.572],[106.584,-5.57],[106.585,-5.569],[106.584,-5.572]]]]}},{"type":"Feature","properties":{"k":"31.71"},"geometry":{"type":"Polygon","coordinates":[[[106.798,-6.229],[106.811,-6.189],[106.798,-6.161],[106.828,-6.162],[106.822,-6.137],[106.882,-6.162],[106.855,-6.206],[106.823,-6.203],[106.798,-6.229]]]}},{"type":"Feature","properties":{"k":"31.72"},"geometry":{"type":"MultiPolygon","coordinates":[[[[106.713,-6.097],[106.765,-6.116],[106.794,-6.093],[106.8,-6.109],[106.8,-6.095],[106.809,-6.128],[106.873,-6.104],[106.865,-6.121],[106.882,-6.095],[106.907,-6.109],[106.97,-6.091],[106.972,-6.156],[106.94,-6.152],[106.912,-6.183],[106.814,-6.13],[106.775,-6.145],[106.751,-6.135],[106.713,-6.097]]],[[[106.805,-6.102],[106.803,-6.095],[106.805,-6.102],[106.805,-6.102]]]]}},{"type":"Feature","properties":{"k":"31.73"},"geometry":{"type":"Polygon","coordinates":[[[106.775,-6.221],[106.718,-6.224],[106.724,-6.198],[106.689,-6.173],[106.687,-6.097],[106.71,-6.095],[106.775,-6.145],[106.822,-6.138],[106.828,-6.162],[106.798,-6.162],[106.81,-6.189],[106.775,-6.221]]]}},{"type":"Feature","properties":{"k":"31.74"},"geometry":{"type":"Polygon","coordinates":[[[106.737,-6.224],[106.778,-6.227],[106.787,-6.207],[106.8,-6.229],[106.823,-6.203],[106.863,-6.216],[106.847,-6.279],[106.858,-6.312],[106.839,-6.32],[106.836,-6.354],[106.793,-6.364],[106.809,-6.315],[106.777,-6.315],[106.737,-6.224]]]}},{"type":"Feature","properties":{"k":"31.75"},"geometry":{"type":"Polygon","coordinates":[[[106.838,-6.321],[106.858,-6.311],[106.847,-6.279],[106.867,-6.238],[106.849,-6.207],[106.875,-6.192],[106.879,-6.167],[106.922,-6.183],[106.94,-6.151],[106.971,-6.156],[106.974,-6.19],[106.944,-6.252],[106.904,-6.262],[106.922,-6.305],[106.915,-6.365],[106.883,-6.372],[106.838,-6.321]]]}},{"type":"Feature","properties":{"k":"32.01"},"geometry":{"type":"Polygon","coordinates":[[[107.226,-6.581],[107.193,-6.642],[107.138,-6.667],[106.993,-6.668],[107.002,-6.688],[106.981,-6.741],[106.907,-6.785],[106.775,-6.751],[106.74,-6.713],[106.631,-6.754],[106.573,-6.721],[106.511,-6.766],[106.429,-6.696],[106.432,-6.587],[106.4,-6.527],[106.404,-6.456],[106.441,-6.45],[106.458,-6.422],[106.428,-6.349],[106.472,-6.312],[106.502,-6.356],[106.532,-6.353],[106.519,-6.326],[106.595,-6.364],[106.725,-6.361],[106.74,-6.453],[106.786,-6.444],[106.795,-6.461],[106.846,-6.439],[106.855,-6.463],[106.94,-6.388],[106.972,-6.303],[106.972,-6.368],[107.176,-6.494],[107.164,-6.507],[107.179,-6.55],[107.2,-6.593],[107.226,-6.581]]]}},{"type":"Feature","properties":{"k":"32.02"},"geometry":{"type":"MultiPolygon","coordinates":[[[[106.794,-7.42],[106.793,-7.419],[106.793,-7.418],[106.794,-7.42]]],[[[106.448,-7.183],[106.447,-7.183],[106.446,-7.179],[106.448,-7.183]]],[[[106.772,-7.403],[106.788,-7.437],[106.561,-7.417],[106.434,-7.359],[106.406,-7.383],[106.398,-7.332],[106.373,-7.309],[106.373,-7.237],[106.401,-7.186],[106.442,-7.191],[106.463,-7.181],[106.457,-7.13],[106.544,-7.056],[106.552,-7.025],[106.543,-6.986],[106.512,-6.965],[106.44,-6.953],[106.396,-6.979],[106.391,-6.9],[106.419,-6.881],[106.438,-6.816],[106.573,-6.721],[106.631,-6.754],[106.74,-6.713],[106.775,-6.751],[106.9,-6.785],[106.955,-6.757],[107.033,-6.88],[107.068,-6.973],[107.045,-6.958],[107.032,-6.977],[107.056,-7.022],[107.043,-7.04],[106.981,-7.015],[106.952,-7.043],[106.935,-7.114],[106.962,-7.145],[106.979,-7.22],[106.958,-7.257],[106.966,-7.3],[106.909,-7.324],[106.907,-7.345],[106.82,-7.36],[106.772,-7.403]]]]}},{"type":"Feature","properties":{"k":"32.03"},"geometry":{"type":"MultiPolygon","coordinates":[[[[106.789,-7.432],[106.793,-7.428],[106.793,-7.433],[106.789,-7.432]]],[[[106.797,-7.437],[106.79,-7.41],[106.772,-7.403],[106.82,-7.36],[106.907,-7.345],[106.909,-7.324],[106.967,-7.298],[106.958,-7.257],[106.979,-7.22],[106.962,-7.145],[106.935,-7.114],[106.957,-7.032],[106.981,-7.015],[107.039,-7.041],[107.057,-7.025],[107.031,-6.98],[107.045,-6.958],[107.068,-6.976],[107.048,-6.911],[106.96,-6.764],[107.001,-6.69],[106.993,-6.668],[107.138,-6.667],[107.191,-6.644],[107.228,-6.602],[107.282,-6.65],[107.263,-6.693],[107.338,-6.731],[107.336,-6.763],[107.307,-6.758],[107.31,-6.731],[107.291,-6.776],[107.314,-6.796],[107.32,-6.85],[107.345,-6.861],[107.282,-6.919],[107.213,-6.94],[107.183,-6.978],[107.186,-7.05],[107.249,-7.051],[107.318,-7.108],[107.289,-7.13],[107.257,-7.203],[107.342,-7.206],[107.357,-7.237],[107.397,-7.255],[107.474,-7.251],[107.452,-7.292],[107.481,-7.358],[107.471,-7.398],[107.422,-7.436],[107.422,-7.504],[107.242,-7.488],[107.131,-7.457],[106.797,-7.437]]]]}},{"type":"Feature","properties":{"k":"32.04"},"geometry":{"type":"Polygon","coordinates":[[[107.336,-6.763],[107.353,-6.695],[107.413,-6.688],[107.554,-6.771],[107.568,-6.73],[107.59,-6.722],[107.602,-6.758],[107.744,-6.81],[107.738,-6.87],[107.762,-6.946],[107.838,-6.967],[107.916,-6.948],[107.897,-6.979],[107.927,-7.048],[107.838,-7.066],[107.808,-7.098],[107.796,-7.152],[107.739,-7.168],[107.707,-7.228],[107.736,-7.268],[107.721,-7.31],[107.66,-7.279],[107.611,-7.31],[107.557,-7.254],[107.4,-7.256],[107.357,-7.237],[107.342,-7.206],[107.254,-7.2],[107.318,-7.108],[107.249,-7.051],[107.189,-7.055],[107.183,-6.978],[107.213,-6.94],[107.337,-6.88],[107.344,-6.855],[107.322,-6.852],[107.314,-6.796],[107.291,-6.776],[107.31,-6.731],[107.307,-6.758],[107.336,-6.763]]]}},{"type":"Feature","properties":{"k":"32.05"},"geometry":{"type":"MultiPolygon","coordinates":[[[[107.851,-7.735],[107.853,-7.737],[107.85,-7.736],[107.851,-7.735]]],[[[107.422,-7.504],[107.422,-7.436],[107.471,-7.398],[107.481,-7.358],[107.452,-7.292],[107.474,-7.251],[107.557,-7.254],[107.611,-7.31],[107.66,-7.279],[107.721,-7.31],[107.736,-7.268],[107.707,-7.228],[107.739,-7.168],[107.796,-7.152],[107.808,-7.098],[107.838,-7.066],[107.927,-7.048],[107.897,-6.979],[107.916,-6.948],[108.042,-6.996],[108.074,-6.984],[108.132,-7.041],[108.123,-7.114],[108.095,-7.105],[108.068,-7.13],[108.083,-7.162],[108.063,-7.222],[107.919,-7.284],[107.934,-7.33],[107.891,-7.361],[107.932,-7.4],[107.943,-7.455],[107.932,-7.575],[107.911,-7.6],[107.925,-7.686],[107.907,-7.737],[107.899,-7.742],[107.894,-7.736],[107.875,-7.74],[107.851,-7.734],[107.847,-7.737],[107.838,-7.703],[107.786,-7.679],[107.691,-7.668],[107.676,-7.629],[107.605,-7.573],[107.422,-7.504]]]]}},{"type":"Feature","properties":{"k":"32.06"},"geometry":{"type":"Polygon","coordinates":[[[107.91,-7.731],[107.925,-7.686],[107.911,-7.6],[107.932,-7.575],[107.943,-7.455],[107.932,-7.4],[107.891,-7.361],[107.934,-7.33],[107.919,-7.284],[108.063,-7.222],[108.083,-7.162],[108.068,-7.13],[108.095,-7.105],[108.123,-7.114],[108.138,-7.041],[108.154,-7.065],[108.22,-7.087],[108.195,-7.175],[108.199,-7.276],[108.165,-7.274],[108.146,-7.293],[108.187,-7.441],[108.261,-7.432],[108.289,-7.333],[108.41,-7.364],[108.397,-7.408],[108.423,-7.43],[108.438,-7.491],[108.393,-7.477],[108.333,-7.503],[108.362,-7.66],[108.352,-7.681],[108.315,-7.689],[108.312,-7.724],[108.323,-7.792],[108.341,-7.805],[108.3,-7.815],[107.91,-7.731]]]}},{"type":"Feature","properties":{"k":"32.07"},"geometry":{"type":"Polygon","coordinates":[[[108.335,-7.816],[108.315,-7.689],[108.352,-7.681],[108.362,-7.66],[108.333,-7.503],[108.393,-7.477],[108.438,-7.491],[108.423,-7.43],[108.397,-7.408],[108.408,-7.361],[108.279,-7.331],[108.2,-7.279],[108.195,-7.175],[108.22,-7.087],[108.172,-7.067],[108.18,-7.055],[108.335,-7.066],[108.361,-7.051],[108.442,-7.12],[108.51,-7.136],[108.528,-7.181],[108.581,-7.206],[108.583,-7.244],[108.556,-7.285],[108.559,-7.317],[108.523,-7.354],[108.471,-7.356],[108.468,-7.394],[108.52,-7.42],[108.542,-7.405],[108.564,-7.427],[108.591,-7.385],[108.628,-7.382],[108.663,-7.344],[108.719,-7.432],[108.717,-7.485],[108.753,-7.56],[108.734,-7.618],[108.8,-7.669],[108.776,-7.7],[108.778,-7.687],[108.674,-7.682],[108.659,-7.701],[108.67,-7.732],[108.642,-7.688],[108.54,-7.691],[108.489,-7.717],[108.508,-7.761],[108.498,-7.794],[108.441,-7.821],[108.335,-7.816]]]}},{"type":"Feature","properties":{"k":"32.08"},"geometry":{"type":"Polygon","coordinates":[[[108.696,-7.151],[108.625,-7.137],[108.567,-7.166],[108.555,-7.192],[108.528,-7.181],[108.51,-7.136],[108.442,-7.12],[108.386,-7.072],[108.386,-6.964],[108.411,-6.866],[108.403,-6.789],[108.51,-6.792],[108.51,-6.841],[108.566,-6.857],[108.584,-6.893],[108.653,-6.901],[108.66,-6.936],[108.685,-6.92],[108.728,-6.966],[108.724,-6.995],[108.761,-6.983],[108.798,-7.004],[108.778,-7.105],[108.73,-7.114],[108.696,-7.151]]]}},{"type":"Feature","properties":{"k":"32.09"},"geometry":{"type":"MultiPolygon","coordinates":[[[[108.83,-6.746],[108.826,-6.827],[108.757,-6.906],[108.759,-6.987],[108.727,-6.996],[108.728,-6.966],[108.685,-6.92],[108.66,-6.936],[108.653,-6.901],[108.584,-6.893],[108.566,-6.857],[108.51,-6.841],[108.51,-6.792],[108.41,-6.794],[108.376,-6.765],[108.366,-6.695],[108.335,-6.671],[108.321,-6.617],[108.392,-6.536],[108.436,-6.518],[108.453,-6.573],[108.49,-6.556],[108.513,-6.516],[108.539,-6.516],[108.57,-6.707],[108.526,-6.75],[108.529,-6.787],[108.584,-6.732],[108.606,-6.766],[108.633,-6.771],[108.653,-6.749],[108.682,-6.768],[108.691,-6.803],[108.75,-6.815],[108.805,-6.785],[108.808,-6.766],[108.789,-6.76],[108.803,-6.751],[108.802,-6.744],[108.83,-6.746]]],[[[108.8,-6.747],[108.801,-6.749],[108.799,-6.749],[108.8,-6.747]]],[[[108.652,-6.745],[108.654,-6.747],[108.653,-6.747],[108.652,-6.745]]]]}},{"type":"Feature","properties":{"k":"32.10"},"geometry":{"type":"Polygon","coordinates":[[[108.17,-7.064],[108.138,-7.038],[108.181,-6.957],[108.221,-6.931],[108.214,-6.889],[108.195,-6.885],[108.179,-6.832],[108.158,-6.824],[108.16,-6.723],[108.044,-6.636],[108.076,-6.579],[108.136,-6.563],[108.163,-6.61],[108.188,-6.618],[108.215,-6.565],[108.274,-6.59],[108.282,-6.62],[108.288,-6.607],[108.325,-6.629],[108.335,-6.671],[108.366,-6.695],[108.376,-6.765],[108.402,-6.777],[108.411,-6.866],[108.386,-6.964],[108.386,-7.072],[108.361,-7.051],[108.335,-7.066],[108.208,-7.051],[108.17,-7.064]]]}},{"type":"Feature","properties":{"k":"32.11"},"geometry":{"type":"Polygon","coordinates":[[[108.138,-7.041],[108.074,-6.984],[108.001,-6.986],[107.966,-6.956],[107.918,-6.948],[107.838,-6.967],[107.76,-6.944],[107.741,-6.819],[107.775,-6.798],[107.802,-6.808],[107.835,-6.773],[107.83,-6.685],[107.853,-6.646],[107.855,-6.579],[108.015,-6.665],[108.048,-6.637],[108.16,-6.723],[108.149,-6.758],[108.171,-6.785],[108.157,-6.821],[108.179,-6.832],[108.195,-6.885],[108.214,-6.889],[108.221,-6.928],[108.181,-6.957],[108.138,-7.041]]]}},{"type":"Feature","properties":{"k":"32.12"},"geometry":{"type":"MultiPolygon","coordinates":[[[[107.855,-6.575],[107.897,-6.553],[107.921,-6.514],[107.908,-6.501],[107.921,-6.484],[107.892,-6.452],[107.9,-6.388],[107.924,-6.36],[107.919,-6.249],[108.128,-6.335],[108.21,-6.274],[108.184,-6.228],[108.221,-6.25],[108.299,-6.247],[108.337,-6.275],[108.349,-6.239],[108.384,-6.355],[108.452,-6.434],[108.538,-6.484],[108.539,-6.516],[108.513,-6.516],[108.468,-6.568],[108.449,-6.57],[108.436,-6.518],[108.373,-6.548],[108.33,-6.595],[108.323,-6.628],[108.288,-6.607],[108.282,-6.62],[108.274,-6.59],[108.215,-6.565],[108.188,-6.618],[108.163,-6.61],[108.136,-6.563],[108.076,-6.579],[108.066,-6.617],[108.015,-6.665],[107.855,-6.575]]],[[[108.374,-5.932],[108.388,-5.929],[108.385,-5.935],[108.374,-5.932]]]]}},{"type":"Feature","properties":{"k":"32.13"},"geometry":{"type":"Polygon","coordinates":[[[107.602,-6.758],[107.601,-6.655],[107.559,-6.557],[107.566,-6.485],[107.528,-6.43],[107.58,-6.324],[107.585,-6.257],[107.641,-6.213],[107.675,-6.246],[107.696,-6.223],[107.731,-6.234],[107.821,-6.183],[107.85,-6.188],[107.856,-6.212],[107.891,-6.19],[107.885,-6.23],[107.919,-6.249],[107.925,-6.281],[107.924,-6.36],[107.9,-6.388],[107.892,-6.452],[107.922,-6.508],[107.912,-6.537],[107.851,-6.582],[107.835,-6.773],[107.802,-6.808],[107.729,-6.808],[107.602,-6.758]]]}},{"type":"Feature","properties":{"k":"32.14"},"geometry":{"type":"Polygon","coordinates":[[[107.335,-6.729],[107.261,-6.688],[107.282,-6.65],[107.266,-6.636],[107.288,-6.638],[107.284,-6.547],[107.297,-6.522],[107.323,-6.523],[107.305,-6.499],[107.327,-6.489],[107.387,-6.519],[107.374,-6.416],[107.428,-6.441],[107.5,-6.409],[107.529,-6.418],[107.566,-6.485],[107.559,-6.557],[107.601,-6.655],[107.592,-6.719],[107.568,-6.73],[107.554,-6.771],[107.413,-6.688],[107.353,-6.695],[107.335,-6.729]]]}},{"type":"Feature","properties":{"k":"32.15"},"geometry":{"type":"Polygon","coordinates":[[[107.224,-6.6],[107.226,-6.581],[107.2,-6.593],[107.165,-6.503],[107.213,-6.464],[107.205,-6.428],[107.223,-6.399],[107.206,-6.374],[107.227,-6.349],[107.227,-6.309],[107.277,-6.266],[107.275,-6.218],[107.298,-6.206],[107.28,-6.166],[107.294,-6.144],[107.268,-6.112],[107.148,-6.07],[107.096,-6.024],[107.101,-5.938],[107.165,-5.988],[107.282,-5.959],[107.34,-5.969],[107.454,-6.098],[107.466,-6.143],[107.539,-6.178],[107.62,-6.188],[107.641,-6.213],[107.585,-6.257],[107.58,-6.324],[107.529,-6.418],[107.5,-6.409],[107.428,-6.441],[107.374,-6.416],[107.387,-6.519],[107.327,-6.489],[107.305,-6.499],[107.323,-6.521],[107.297,-6.522],[107.284,-6.547],[107.287,-6.64],[107.224,-6.6]]]}},{"type":"Feature","properties":{"k":"32.16"},"geometry":{"type":"MultiPolygon","coordinates":[[[[106.973,-6.174],[106.973,-6.091],[107.017,-6.078],[106.986,-6.047],[107.016,-6.034],[107.006,-6.019],[106.992,-6.028],[106.988,-6.006],[107.017,-5.968],[106.99,-5.938],[107.024,-5.914],[107.101,-5.938],[107.087,-6.001],[107.133,-6.061],[107.247,-6.1],[107.293,-6.14],[107.28,-6.166],[107.298,-6.206],[107.275,-6.218],[107.277,-6.266],[107.227,-6.309],[107.227,-6.349],[107.206,-6.374],[107.223,-6.399],[107.205,-6.428],[107.213,-6.464],[107.176,-6.494],[106.985,-6.377],[107.043,-6.321],[107.044,-6.285],[107.019,-6.283],[107.045,-6.232],[107.012,-6.167],[106.973,-6.174]]],[[[107.002,-6.024],[107.006,-6.025],[106.999,-6.026],[107.002,-6.024]]]]}},{"type":"Feature","properties":{"k":"32.17"},"geometry":{"type":"Polygon","coordinates":[[[107.529,-6.955],[107.475,-7.025],[107.477,-7.075],[107.428,-7.073],[107.392,-7.139],[107.312,-7.126],[107.253,-7.067],[107.182,-7.076],[107.192,-6.984],[107.342,-6.903],[107.35,-6.87],[107.324,-6.868],[107.319,-6.818],[107.288,-6.791],[107.296,-6.758],[107.329,-6.788],[107.343,-6.776],[107.332,-6.768],[107.348,-6.774],[107.352,-6.77],[107.327,-6.753],[107.349,-6.713],[107.453,-6.716],[107.554,-6.791],[107.578,-6.792],[107.568,-6.759],[107.592,-6.743],[107.601,-6.777],[107.726,-6.82],[107.703,-6.857],[107.661,-6.848],[107.605,-6.876],[107.598,-6.853],[107.571,-6.899],[107.539,-6.85],[107.51,-6.914],[107.529,-6.955]],[[107.343,-6.776],[107.344,-6.775],[107.343,-6.776],[107.343,-6.776]]]}},{"type":"Feature","properties":{"k":"32.18"},"geometry":{"type":"MultiPolygon","coordinates":[[[[108.496,-7.737],[108.497,-7.738],[108.496,-7.737],[108.496,-7.737]]],[[[107.532,-6.958],[107.487,-7.0],[107.477,-7.075],[107.428,-7.073],[107.392,-7.139],[107.312,-7.126],[107.253,-7.067],[107.182,-7.076],[107.192,-6.984],[107.342,-6.903],[107.35,-6.87],[107.324,-6.868],[107.319,-6.818],[107.288,-6.791],[107.296,-6.758],[107.329,-6.788],[107.343,-6.776],[107.332,-6.768],[107.348,-6.774],[107.352,-6.77],[107.327,-6.753],[107.349,-6.713],[107.453,-6.716],[107.554,-6.791],[107.578,-6.792],[107.568,-6.759],[107.592,-6.743],[107.601,-6.777],[107.726,-6.82],[107.703,-6.857],[107.661,-6.848],[107.605,-6.876],[107.598,-6.853],[107.571,-6.899],[107.539,-6.85],[107.51,-6.914],[107.532,-6.958]],[[107.343,-6.776],[107.344,-6.775],[107.343,-6.776],[107.343,-6.776]]]]}},{"type":"Feature","properties":{"k":"32.71"},"geometry":{"type":"Polygon","coordinates":[[[106.768,-6.517],[106.828,-6.54],[106.822,-6.608],[106.846,-6.651],[106.831,-6.677],[106.785,-6.66],[106.775,-6.602],[106.754,-6.587],[106.745,-6.598],[106.768,-6.517]]]}},{"type":"Feature","properties":{"k":"32.72"},"geometry":{"type":"Polygon","coordinates":[[[106.897,-6.897],[106.937,-6.904],[106.941,-6.942],[106.964,-6.936],[106.956,-6.976],[106.854,-6.985],[106.86,-6.96],[106.898,-6.947],[106.885,-6.921],[106.897,-6.897]]]}},{"type":"Feature","properties":{"k":"32.73"},"geometry":{"type":"Polygon","coordinates":[[[107.558,-6.932],[107.604,-6.847],[107.609,-6.866],[107.628,-6.853],[107.654,-6.905],[107.736,-6.912],[107.711,-6.96],[107.684,-6.972],[107.588,-6.97],[107.558,-6.932]]]}},{"type":"Feature","properties":{"k":"32.74"},"geometry":{"type":"Polygon","coordinates":[[[108.584,-6.732],[108.547,-6.785],[108.529,-6.787],[108.526,-6.75],[108.57,-6.707],[108.584,-6.732]]]}},{"type":"Feature","properties":{"k":"32.75"},"geometry":{"type":"Polygon","coordinates":[[[106.985,-6.377],[106.967,-6.303],[106.94,-6.388],[106.9,-6.402],[106.923,-6.319],[106.908,-6.267],[106.945,-6.255],[106.984,-6.165],[107.012,-6.167],[107.037,-6.198],[107.044,-6.24],[107.019,-6.283],[107.044,-6.285],[107.046,-6.306],[107.022,-6.353],[106.985,-6.377]]]}},{"type":"Feature","properties":{"k":"32.76"},"geometry":{"type":"Polygon","coordinates":[[[106.91,-6.404],[106.855,-6.463],[106.846,-6.439],[106.795,-6.461],[106.786,-6.444],[106.74,-6.453],[106.723,-6.365],[106.767,-6.361],[106.776,-6.317],[106.805,-6.314],[106.795,-6.362],[106.855,-6.348],[106.909,-6.375],[106.91,-6.404]]]}},{"type":"Feature","properties":{"k":"32.77"},"geometry":{"type":"Polygon","coordinates":[[[107.577,-6.883],[107.569,-6.932],[107.525,-6.922],[107.519,-6.894],[107.554,-6.83],[107.577,-6.883]]]}},{"type":"Feature","properties":{"k":"32.78"},"geometry":{"type":"Polygon","coordinates":[[[108.199,-7.276],[108.289,-7.333],[108.261,-7.432],[108.199,-7.447],[108.146,-7.293],[108.165,-7.274],[108.199,-7.276]]]}},{"type":"Feature","properties":{"k":"32.79"},"geometry":{"type":"Polygon","coordinates":[[[108.57,-7.352],[108.583,-7.37],[108.665,-7.367],[108.65,-7.409],[108.632,-7.402],[108.614,-7.426],[108.589,-7.416],[108.567,-7.465],[108.544,-7.433],[108.484,-7.412],[108.47,-7.382],[108.525,-7.379],[108.57,-7.352]]]}},{"type":"Feature","properties":{"k":"33.01"},"geometry":{"type":"MultiPolygon","coordinates":[[[[108.785,-7.735],[108.8,-7.714],[108.78,-7.701],[108.797,-7.68],[108.833,-7.684],[108.865,-7.675],[108.869,-7.691],[108.896,-7.71],[108.938,-7.721],[108.963,-7.718],[109.023,-7.763],[109.044,-7.76],[109.05,-7.774],[108.785,-7.735]]],[[[109.01,-7.68],[109.01,-7.682],[109.007,-7.683],[109.01,-7.68]]],[[[108.822,-7.681],[108.821,-7.678],[108.824,-7.68],[108.822,-7.681]]],[[[108.817,-7.676],[108.816,-7.681],[108.81,-7.679],[108.817,-7.676]]],[[[108.861,-7.675],[108.841,-7.676],[108.829,-7.683],[108.853,-7.666],[108.861,-7.675]]],[[[108.813,-7.673],[108.809,-7.675],[108.812,-7.673],[108.813,-7.673]]],[[[108.817,-7.672],[108.819,-7.673],[108.813,-7.676],[108.817,-7.672]]],[[[109.389,-7.724],[109.109,-7.684],[109.051,-7.7],[109.017,-7.752],[108.992,-7.739],[108.998,-7.723],[108.992,-7.699],[109.014,-7.68],[109.012,-7.662],[109.028,-7.655],[109.009,-7.662],[109.011,-7.679],[108.993,-7.665],[108.986,-7.73],[108.953,-7.666],[108.964,-7.714],[108.938,-7.72],[108.871,-7.692],[108.859,-7.659],[108.81,-7.67],[108.805,-7.66],[108.82,-7.639],[108.822,-7.621],[108.806,-7.653],[108.804,-7.663],[108.805,-7.673],[108.774,-7.66],[108.734,-7.618],[108.753,-7.56],[108.717,-7.485],[108.719,-7.432],[108.682,-7.369],[108.661,-7.343],[108.583,-7.35],[108.558,-7.333],[108.556,-7.285],[108.585,-7.228],[108.565,-7.168],[108.643,-7.137],[108.696,-7.151],[108.726,-7.192],[108.814,-7.203],[108.824,-7.232],[108.867,-7.245],[108.867,-7.27],[108.975,-7.333],[108.937,-7.417],[108.891,-7.448],[108.9,-7.47],[108.954,-7.468],[108.974,-7.515],[109.064,-7.571],[109.14,-7.579],[109.182,-7.55],[109.267,-7.591],[109.264,-7.618],[109.38,-7.656],[109.389,-7.724]],[[109.163,-7.681],[109.163,-7.681],[109.163,-7.681],[109.163,-7.681]],[[109.169,-7.678],[109.174,-7.671],[109.163,-7.681],[109.169,-7.678]]]]}},{"type":"Feature","properties":{"k":"33.02"},"geometry":{"type":"Polygon","coordinates":[[[109.437,-7.528],[109.414,-7.569],[109.445,-7.621],[109.382,-7.663],[109.357,-7.639],[109.264,-7.618],[109.267,-7.591],[109.184,-7.55],[109.14,-7.579],[109.064,-7.571],[108.974,-7.515],[108.954,-7.468],[108.9,-7.47],[108.89,-7.449],[108.937,-7.417],[108.975,-7.333],[109.031,-7.325],[109.042,-7.346],[109.124,-7.266],[109.163,-7.27],[109.222,-7.242],[109.333,-7.424],[109.344,-7.452],[109.321,-7.482],[109.365,-7.487],[109.364,-7.511],[109.394,-7.532],[109.437,-7.528]]]}},{"type":"Feature","properties":{"k":"33.03"},"geometry":{"type":"Polygon","coordinates":[[[109.534,-7.23],[109.556,-7.257],[109.598,-7.249],[109.6,-7.274],[109.563,-7.329],[109.522,-7.326],[109.549,-7.396],[109.504,-7.41],[109.504,-7.448],[109.452,-7.447],[109.419,-7.476],[109.365,-7.487],[109.321,-7.482],[109.344,-7.452],[109.333,-7.424],[109.261,-7.288],[109.216,-7.242],[109.382,-7.192],[109.412,-7.201],[109.449,-7.168],[109.483,-7.224],[109.534,-7.23]]]}},{"type":"Feature","properties":{"k":"33.04"},"geometry":{"type":"Polygon","coordinates":[[[109.541,-7.242],[109.612,-7.21],[109.642,-7.174],[109.68,-7.173],[109.719,-7.2],[109.798,-7.171],[109.913,-7.198],[109.909,-7.218],[109.867,-7.232],[109.763,-7.381],[109.837,-7.415],[109.844,-7.441],[109.764,-7.438],[109.733,-7.477],[109.674,-7.501],[109.641,-7.478],[109.594,-7.512],[109.499,-7.506],[109.394,-7.532],[109.364,-7.511],[109.366,-7.486],[109.419,-7.476],[109.452,-7.447],[109.504,-7.448],[109.504,-7.41],[109.547,-7.4],[109.522,-7.326],[109.563,-7.329],[109.601,-7.256],[109.541,-7.242]]]}},{"type":"Feature","properties":{"k":"33.05"},"geometry":{"type":"MultiPolygon","coordinates":[[[[109.389,-7.721],[109.393,-7.724],[109.39,-7.724],[109.389,-7.721]]],[[[109.815,-7.598],[109.797,-7.691],[109.833,-7.721],[109.827,-7.828],[109.91,-7.853],[109.628,-7.786],[109.644,-7.781],[109.471,-7.759],[109.412,-7.779],[109.387,-7.756],[109.395,-7.721],[109.382,-7.654],[109.445,-7.621],[109.414,-7.566],[109.437,-7.528],[109.498,-7.505],[109.594,-7.512],[109.641,-7.478],[109.674,-7.501],[109.733,-7.477],[109.751,-7.447],[109.771,-7.513],[109.739,-7.529],[109.731,-7.555],[109.764,-7.6],[109.815,-7.598]]]]}},{"type":"Feature","properties":{"k":"33.06"},"geometry":{"type":"Polygon","coordinates":[[[110.032,-7.889],[109.827,-7.828],[109.833,-7.723],[109.803,-7.705],[109.799,-7.645],[109.816,-7.595],[109.876,-7.525],[109.941,-7.527],[109.946,-7.509],[110.0,-7.588],[110.046,-7.535],[110.059,-7.573],[110.1,-7.572],[110.138,-7.642],[110.118,-7.673],[110.138,-7.691],[110.131,-7.746],[110.064,-7.814],[110.032,-7.889]]]}},{"type":"Feature","properties":{"k":"33.07"},"geometry":{"type":"Polygon","coordinates":[[[110.075,-7.386],[110.046,-7.535],[110.013,-7.584],[109.999,-7.588],[109.947,-7.509],[109.941,-7.527],[109.876,-7.525],[109.805,-7.608],[109.759,-7.596],[109.731,-7.556],[109.739,-7.529],[109.771,-7.513],[109.751,-7.447],[109.85,-7.434],[109.763,-7.381],[109.867,-7.232],[109.912,-7.216],[109.926,-7.185],[110.075,-7.386]]]}},{"type":"Feature","properties":{"k":"33.08"},"geometry":{"type":"Polygon","coordinates":[[[110.141,-7.65],[110.1,-7.572],[110.059,-7.573],[110.046,-7.535],[110.075,-7.386],[110.178,-7.381],[110.218,-7.398],[110.245,-7.37],[110.278,-7.383],[110.332,-7.363],[110.338,-7.323],[110.381,-7.333],[110.442,-7.451],[110.42,-7.493],[110.381,-7.511],[110.448,-7.543],[110.308,-7.655],[110.282,-7.697],[110.265,-7.689],[110.262,-7.647],[110.141,-7.65]]]}},{"type":"Feature","properties":{"k":"33.09"},"geometry":{"type":"Polygon","coordinates":[[[110.535,-7.623],[110.381,-7.511],[110.42,-7.493],[110.471,-7.407],[110.554,-7.448],[110.576,-7.432],[110.602,-7.487],[110.66,-7.496],[110.659,-7.473],[110.632,-7.462],[110.647,-7.448],[110.622,-7.454],[110.636,-7.328],[110.614,-7.333],[110.599,-7.314],[110.635,-7.262],[110.623,-7.224],[110.692,-7.24],[110.705,-7.211],[110.693,-7.189],[110.736,-7.152],[110.799,-7.152],[110.77,-7.243],[110.844,-7.21],[110.84,-7.26],[110.797,-7.28],[110.802,-7.369],[110.772,-7.419],[110.781,-7.52],[110.733,-7.535],[110.714,-7.59],[110.605,-7.571],[110.535,-7.623]]]}},{"type":"Feature","properties":{"k":"33.10"},"geometry":{"type":"Polygon","coordinates":[[[110.452,-7.545],[110.533,-7.622],[110.605,-7.571],[110.756,-7.605],[110.767,-7.621],[110.745,-7.739],[110.712,-7.802],[110.681,-7.806],[110.673,-7.788],[110.659,-7.803],[110.577,-7.806],[110.576,-7.788],[110.536,-7.796],[110.494,-7.768],[110.452,-7.545]]]}},{"type":"Feature","properties":{"k":"33.11"},"geometry":{"type":"Polygon","coordinates":[[[110.714,-7.791],[110.744,-7.742],[110.767,-7.621],[110.708,-7.592],[110.733,-7.54],[110.767,-7.546],[110.771,-7.582],[110.803,-7.583],[110.817,-7.603],[110.876,-7.569],[110.91,-7.584],[110.912,-7.613],[110.952,-7.623],[110.953,-7.692],[110.926,-7.776],[110.865,-7.755],[110.854,-7.816],[110.808,-7.792],[110.758,-7.825],[110.714,-7.791]]]}},{"type":"Feature","properties":{"k":"33.12"},"geometry":{"type":"Polygon","coordinates":[[[110.836,-8.204],[110.837,-8.173],[110.816,-8.173],[110.829,-8.138],[110.8,-8.161],[110.787,-8.151],[110.756,-8.02],[110.784,-7.818],[110.8,-7.798],[110.854,-7.816],[110.863,-7.756],[110.926,-7.776],[110.95,-7.739],[110.957,-7.768],[111.026,-7.761],[111.044,-7.782],[111.057,-7.757],[111.115,-7.745],[111.141,-7.709],[111.19,-7.712],[111.231,-7.748],[111.284,-7.745],[111.28,-7.78],[111.314,-7.851],[111.268,-7.932],[111.234,-7.949],[111.183,-7.916],[111.155,-7.926],[111.127,-7.971],[111.134,-8.023],[111.117,-8.06],[111.078,-8.048],[111.026,-8.083],[110.956,-8.064],[110.911,-8.121],[110.904,-8.211],[110.836,-8.204]]]}},{"type":"Feature","properties":{"k":"33.13"},"geometry":{"type":"MultiPolygon","coordinates":[[[[111.193,-7.609],[111.184,-7.711],[111.141,-7.709],[111.115,-7.745],[111.057,-7.757],[111.044,-7.782],[111.026,-7.761],[110.957,-7.769],[110.944,-7.741],[110.952,-7.623],[110.912,-7.613],[110.91,-7.584],[110.876,-7.569],[110.885,-7.546],[110.863,-7.528],[110.781,-7.516],[110.778,-7.446],[111.017,-7.53],[111.045,-7.534],[111.037,-7.514],[111.062,-7.496],[111.091,-7.529],[111.126,-7.509],[111.193,-7.609]]],[[[110.781,-7.52],[110.758,-7.55],[110.731,-7.539],[110.752,-7.519],[110.781,-7.52]]]]}},{"type":"Feature","properties":{"k":"33.14"},"geometry":{"type":"Polygon","coordinates":[[[111.147,-7.523],[111.125,-7.509],[111.087,-7.528],[111.063,-7.496],[111.037,-7.514],[111.045,-7.534],[111.016,-7.53],[110.778,-7.446],[110.775,-7.396],[110.802,-7.369],[110.806,-7.267],[110.956,-7.283],[111.102,-7.248],[111.147,-7.264],[111.143,-7.369],[111.117,-7.418],[111.147,-7.523]]]}},{"type":"Feature","properties":{"k":"33.15"},"geometry":{"type":"Polygon","coordinates":[[[110.84,-7.26],[110.841,-7.205],[110.77,-7.243],[110.799,-7.152],[110.736,-7.152],[110.693,-7.188],[110.705,-7.211],[110.69,-7.24],[110.621,-7.223],[110.611,-7.195],[110.543,-7.182],[110.572,-7.159],[110.586,-7.112],[110.564,-7.087],[110.612,-7.043],[110.62,-6.982],[110.663,-6.982],[110.686,-7.014],[110.673,-7.043],[110.693,-7.017],[110.731,-7.035],[110.765,-7.02],[110.768,-6.946],[110.822,-7.003],[110.852,-7.0],[110.879,-6.972],[110.901,-6.985],[110.912,-6.966],[111.076,-6.969],[111.097,-6.931],[111.111,-6.975],[111.17,-6.987],[111.213,-7.032],[111.212,-7.086],[111.246,-7.176],[111.224,-7.252],[111.147,-7.264],[111.102,-7.248],[110.956,-7.283],[110.84,-7.26]]]}},{"type":"Feature","properties":{"k":"33.16"},"geometry":{"type":"Polygon","coordinates":[[[111.219,-7.254],[111.236,-7.241],[111.246,-7.176],[111.212,-7.086],[111.213,-7.032],[111.17,-6.987],[111.111,-6.975],[111.104,-6.916],[111.196,-6.897],[111.227,-6.851],[111.373,-6.891],[111.483,-6.881],[111.571,-6.91],[111.567,-6.951],[111.622,-6.982],[111.616,-7.107],[111.542,-7.228],[111.439,-7.266],[111.419,-7.31],[111.453,-7.321],[111.439,-7.349],[111.459,-7.377],[111.418,-7.346],[111.343,-7.333],[111.239,-7.282],[111.219,-7.254]]]}},{"type":"Feature","properties":{"k":"33.17"},"geometry":{"type":"Polygon","coordinates":[[[111.693,-6.755],[111.66,-6.781],[111.655,-6.826],[111.619,-6.826],[111.609,-6.904],[111.576,-6.922],[111.483,-6.881],[111.373,-6.891],[111.261,-6.855],[111.27,-6.827],[111.248,-6.797],[111.235,-6.687],[111.38,-6.702],[111.464,-6.662],[111.492,-6.62],[111.562,-6.639],[111.693,-6.755]]]}},{"type":"Feature","properties":{"k":"33.18"},"geometry":{"type":"Polygon","coordinates":[[[111.261,-6.855],[111.227,-6.851],[111.172,-6.908],[111.104,-6.916],[111.078,-6.968],[110.912,-6.966],[110.898,-6.986],[110.863,-6.977],[110.848,-7.001],[110.802,-6.992],[110.81,-6.945],[110.842,-6.933],[110.853,-6.904],[110.877,-6.905],[110.879,-6.869],[110.93,-6.861],[110.975,-6.827],[110.895,-6.634],[110.915,-6.508],[110.971,-6.459],[110.979,-6.403],[111.047,-6.428],[111.063,-6.52],[111.136,-6.648],[111.235,-6.687],[111.248,-6.797],[111.27,-6.827],[111.261,-6.855]]]}},{"type":"Feature","properties":{"k":"33.19"},"geometry":{"type":"Polygon","coordinates":[[[110.798,-6.979],[110.768,-6.946],[110.815,-6.866],[110.766,-6.787],[110.804,-6.755],[110.843,-6.756],[110.832,-6.708],[110.851,-6.701],[110.869,-6.63],[110.895,-6.619],[110.934,-6.707],[110.924,-6.731],[110.943,-6.757],[110.951,-6.747],[110.975,-6.827],[110.93,-6.861],[110.879,-6.869],[110.877,-6.905],[110.853,-6.904],[110.798,-6.979]]]}},{"type":"Feature","properties":{"k":"33.20"},"geometry":{"type":"MultiPolygon","coordinates":[[[[110.406,-5.897],[110.411,-5.885],[110.412,-5.893],[110.406,-5.897]]],[[[110.359,-5.876],[110.354,-5.881],[110.358,-5.872],[110.359,-5.876]]],[[[110.233,-5.862],[110.23,-5.863],[110.23,-5.861],[110.233,-5.862]]],[[[110.238,-5.85],[110.24,-5.848],[110.24,-5.85],[110.238,-5.85]]],[[[110.38,-5.831],[110.378,-5.833],[110.379,-5.83],[110.38,-5.831]]],[[[110.189,-5.82],[110.189,-5.809],[110.198,-5.816],[110.189,-5.82]]],[[[110.376,-5.805],[110.373,-5.808],[110.376,-5.804],[110.376,-5.805]]],[[[110.164,-5.799],[110.164,-5.802],[110.163,-5.801],[110.164,-5.799]]],[[[110.346,-5.793],[110.343,-5.799],[110.342,-5.796],[110.346,-5.793]]],[[[110.235,-5.77],[110.239,-5.767],[110.239,-5.769],[110.235,-5.77]]],[[[110.249,-5.725],[110.246,-5.763],[110.232,-5.738],[110.249,-5.725]]],[[[110.186,-5.738],[110.191,-5.738],[110.192,-5.743],[110.186,-5.738]]],[[[110.402,-5.732],[110.411,-5.732],[110.409,-5.746],[110.402,-5.732]]],[[[110.605,-6.714],[110.646,-6.652],[110.643,-6.584],[110.662,-6.574],[110.644,-6.556],[110.682,-6.526],[110.664,-6.502],[110.69,-6.499],[110.729,-6.433],[110.756,-6.442],[110.838,-6.407],[110.971,-6.412],[110.971,-6.459],[110.915,-6.508],[110.904,-6.621],[110.872,-6.625],[110.851,-6.701],[110.832,-6.708],[110.851,-6.74],[110.842,-6.758],[110.775,-6.773],[110.769,-6.808],[110.701,-6.798],[110.661,-6.729],[110.605,-6.714]]],[[[110.626,-6.574],[110.63,-6.578],[110.625,-6.575],[110.626,-6.574]]],[[[110.92,-6.386],[110.92,-6.382],[110.924,-6.381],[110.92,-6.386]]],[[[110.434,-5.897],[110.423,-5.888],[110.425,-5.882],[110.434,-5.897]]],[[[110.58,-5.862],[110.586,-5.862],[110.586,-5.867],[110.58,-5.862]]],[[[110.609,-5.849],[110.6,-5.854],[110.603,-5.839],[110.609,-5.849]]],[[[110.583,-5.846],[110.586,-5.843],[110.588,-5.844],[110.583,-5.846]]],[[[110.476,-5.794],[110.496,-5.818],[110.485,-5.837],[110.469,-5.832],[110.477,-5.854],[110.447,-5.863],[110.448,-5.89],[110.41,-5.84],[110.476,-5.819],[110.479,-5.807],[110.473,-5.798],[110.476,-5.815],[110.45,-5.809],[110.483,-5.769],[110.476,-5.794]]],[[[110.509,-5.819],[110.509,-5.822],[110.508,-5.821],[110.509,-5.819]]],[[[110.508,-5.808],[110.51,-5.81],[110.507,-5.81],[110.508,-5.808]]],[[[110.56,-5.8],[110.555,-5.802],[110.561,-5.798],[110.56,-5.8]]],[[[110.58,-5.789],[110.576,-5.789],[110.577,-5.787],[110.58,-5.789]]],[[[110.51,-5.783],[110.515,-5.782],[110.514,-5.786],[110.51,-5.783]]]]}},{"type":"Feature","properties":{"k":"33.21"},"geometry":{"type":"Polygon","coordinates":[[[110.481,-7.089],[110.498,-7.064],[110.461,-7.037],[110.508,-6.976],[110.502,-6.95],[110.469,-6.951],[110.461,-6.937],[110.487,-6.947],[110.478,-6.925],[110.529,-6.846],[110.52,-6.835],[110.577,-6.772],[110.544,-6.765],[110.537,-6.747],[110.561,-6.751],[110.55,-6.719],[110.574,-6.736],[110.609,-6.713],[110.659,-6.728],[110.699,-6.796],[110.758,-6.8],[110.807,-6.845],[110.813,-6.871],[110.757,-6.982],[110.765,-7.02],[110.731,-7.035],[110.694,-7.017],[110.67,-7.043],[110.686,-7.015],[110.664,-6.983],[110.62,-6.982],[110.612,-7.043],[110.565,-7.083],[110.586,-7.112],[110.571,-7.144],[110.506,-7.121],[110.481,-7.089]]]}},{"type":"Feature","properties":{"k":"33.22"},"geometry":{"type":"Polygon","coordinates":[[[110.381,-7.333],[110.319,-7.307],[110.336,-7.296],[110.277,-7.248],[110.252,-7.189],[110.349,-7.185],[110.353,-7.11],[110.38,-7.124],[110.415,-7.107],[110.424,-7.122],[110.454,-7.078],[110.491,-7.09],[110.506,-7.121],[110.572,-7.143],[110.543,-7.182],[110.614,-7.199],[110.635,-7.262],[110.599,-7.314],[110.614,-7.333],[110.636,-7.328],[110.622,-7.454],[110.647,-7.448],[110.632,-7.462],[110.659,-7.473],[110.66,-7.496],[110.602,-7.487],[110.576,-7.432],[110.554,-7.448],[110.481,-7.406],[110.442,-7.451],[110.381,-7.333]]]}},{"type":"Feature","properties":{"k":"33.23"},"geometry":{"type":"Polygon","coordinates":[[[110.075,-7.386],[109.937,-7.198],[110.117,-7.093],[110.173,-7.096],[110.179,-7.109],[110.142,-7.138],[110.178,-7.148],[110.198,-7.178],[110.252,-7.189],[110.277,-7.248],[110.336,-7.296],[110.319,-7.307],[110.338,-7.323],[110.335,-7.358],[110.281,-7.382],[110.245,-7.37],[110.218,-7.398],[110.178,-7.381],[110.075,-7.386]]]}},{"type":"Feature","properties":{"k":"33.24"},"geometry":{"type":"Polygon","coordinates":[[[110.252,-7.189],[110.148,-7.146],[110.173,-7.096],[110.117,-7.093],[109.954,-7.194],[109.928,-7.191],[109.979,-7.075],[109.974,-7.033],[110.047,-6.978],[110.029,-6.933],[110.043,-6.918],[110.022,-6.913],[110.129,-6.883],[110.172,-6.843],[110.217,-6.859],[110.251,-6.907],[110.308,-6.929],[110.317,-6.941],[110.271,-6.976],[110.289,-7.015],[110.273,-7.036],[110.309,-7.109],[110.338,-7.106],[110.349,-7.081],[110.358,-7.178],[110.324,-7.194],[110.252,-7.189]]]}},{"type":"Feature","properties":{"k":"33.25"},"geometry":{"type":"Polygon","coordinates":[[[109.979,-7.075],[109.913,-7.198],[109.829,-7.186],[109.825,-7.129],[109.788,-7.088],[109.792,-7.065],[109.768,-7.028],[109.732,-7.025],[109.713,-6.953],[109.731,-6.946],[109.74,-6.878],[109.877,-6.916],[110.043,-6.918],[110.029,-6.933],[110.047,-6.978],[109.974,-7.033],[109.979,-7.075]]]}},{"type":"Feature","properties":{"k":"33.26"},"geometry":{"type":"Polygon","coordinates":[[[109.588,-6.84],[109.657,-6.85],[109.637,-6.931],[109.709,-6.939],[109.732,-7.025],[109.769,-7.029],[109.788,-7.088],[109.825,-7.128],[109.825,-7.179],[109.798,-7.171],[109.719,-7.2],[109.68,-7.173],[109.642,-7.174],[109.612,-7.21],[109.542,-7.241],[109.522,-7.221],[109.491,-7.127],[109.509,-7.102],[109.484,-7.041],[109.492,-6.988],[109.497,-6.965],[109.559,-6.925],[109.588,-6.84]]]}},{"type":"Feature","properties":{"k":"33.27"},"geometry":{"type":"Polygon","coordinates":[[[109.53,-7.231],[109.483,-7.224],[109.449,-7.168],[109.412,-7.201],[109.382,-7.192],[109.216,-7.242],[109.191,-7.154],[109.239,-7.076],[109.278,-7.053],[109.294,-6.995],[109.334,-6.963],[109.352,-6.863],[109.438,-6.842],[109.52,-6.777],[109.592,-6.846],[109.559,-6.925],[109.497,-6.965],[109.485,-7.027],[109.509,-7.102],[109.491,-7.129],[109.53,-7.231]]]}},{"type":"Feature","properties":{"k":"33.28"},"geometry":{"type":"Polygon","coordinates":[[[109.216,-7.242],[109.153,-7.241],[109.065,-7.193],[109.062,-7.172],[109.088,-7.146],[109.071,-7.126],[109.054,-7.122],[109.048,-7.154],[109.007,-7.132],[108.957,-7.139],[108.954,-7.123],[108.986,-7.108],[108.969,-7.061],[109.026,-7.042],[109.034,-6.986],[109.067,-6.974],[109.075,-6.995],[109.066,-6.902],[109.143,-6.894],[109.159,-6.844],[109.265,-6.872],[109.352,-6.862],[109.361,-6.881],[109.329,-6.925],[109.334,-6.963],[109.294,-6.995],[109.278,-7.053],[109.239,-7.076],[109.222,-7.125],[109.193,-7.134],[109.216,-7.242]]]}},{"type":"Feature","properties":{"k":"33.29"},"geometry":{"type":"Polygon","coordinates":[[[109.065,-6.892],[109.076,-6.993],[109.067,-6.974],[109.034,-6.986],[109.026,-7.042],[108.969,-7.061],[108.987,-7.107],[108.956,-7.137],[109.007,-7.132],[109.048,-7.154],[109.054,-7.122],[109.077,-7.128],[109.088,-7.146],[109.062,-7.171],[109.065,-7.193],[109.194,-7.251],[109.163,-7.27],[109.124,-7.266],[109.042,-7.346],[109.02,-7.323],[108.959,-7.335],[108.95,-7.311],[108.933,-7.32],[108.911,-7.288],[108.867,-7.27],[108.866,-7.243],[108.823,-7.232],[108.814,-7.203],[108.727,-7.193],[108.7,-7.166],[108.728,-7.115],[108.764,-7.115],[108.781,-7.096],[108.799,-7.006],[108.761,-6.983],[108.754,-6.915],[108.826,-6.827],[108.833,-6.742],[108.831,-6.773],[108.848,-6.773],[108.853,-6.795],[108.949,-6.829],[109.069,-6.757],[109.068,-6.803],[109.101,-6.845],[109.065,-6.892]]]}},{"type":"Feature","properties":{"k":"33.71"},"geometry":{"type":"Polygon","coordinates":[[[110.24,-7.466],[110.23,-7.518],[110.21,-7.51],[110.208,-7.5],[110.24,-7.466]]]}},{"type":"Feature","properties":{"k":"33.72"},"geometry":{"type":"Polygon","coordinates":[[[110.876,-7.569],[110.819,-7.603],[110.803,-7.583],[110.771,-7.582],[110.763,-7.558],[110.781,-7.516],[110.818,-7.515],[110.885,-7.546],[110.876,-7.569]]]}},{"type":"Feature","properties":{"k":"33.73"},"geometry":{"type":"Polygon","coordinates":[[[110.524,-7.292],[110.514,-7.32],[110.533,-7.359],[110.488,-7.395],[110.47,-7.299],[110.524,-7.292]]]}},{"type":"Feature","properties":{"k":"33.74","approx":1},"geometry":{"type":"Polygon","coordinates":[[[110.511,-6.982],[110.482,-7.051],[110.412,-7.08],[110.343,-7.051],[110.314,-6.982],[110.343,-6.912],[110.412,-6.883],[110.482,-6.912],[110.511,-6.982]]]}},{"type":"Feature","properties":{"k":"33.75"},"geometry":{"type":"Polygon","coordinates":[[[109.657,-6.85],[109.74,-6.878],[109.727,-6.952],[109.637,-6.931],[109.657,-6.85]]]}},{"type":"Feature","properties":{"k":"33.76"},"geometry":{"type":"Polygon","coordinates":[[[109.152,-6.848],[109.144,-6.894],[109.066,-6.902],[109.101,-6.839],[109.152,-6.848]]]}},{"type":"Feature","properties":{"k":"34.01"},"geometry":{"type":"Polygon","coordinates":[[[110.004,-7.888],[110.033,-7.894],[110.063,-7.813],[110.129,-7.748],[110.139,-7.695],[110.117,-7.671],[110.131,-7.654],[110.263,-7.646],[110.27,-7.706],[110.233,-7.713],[110.216,-7.741],[110.236,-7.799],[110.221,-7.838],[110.274,-7.909],[110.218,-7.975],[110.205,-7.983],[110.004,-7.888]]]}},{"type":"Feature","properties":{"k":"34.02"},"geometry":{"type":"Polygon","coordinates":[[[110.205,-7.983],[110.248,-7.928],[110.271,-7.924],[110.272,-7.89],[110.221,-7.836],[110.279,-7.786],[110.29,-7.834],[110.318,-7.823],[110.35,-7.768],[110.351,-7.825],[110.389,-7.84],[110.406,-7.835],[110.399,-7.785],[110.421,-7.786],[110.43,-7.837],[110.481,-7.817],[110.521,-7.833],[110.489,-7.838],[110.468,-7.867],[110.498,-7.899],[110.477,-7.972],[110.449,-7.947],[110.443,-7.967],[110.397,-7.967],[110.398,-7.981],[110.348,-7.974],[110.353,-7.993],[110.332,-7.999],[110.34,-8.028],[110.205,-7.983]]]}},{"type":"Feature","properties":{"k":"34.03"},"geometry":{"type":"Polygon","coordinates":[[[110.331,-8.006],[110.352,-7.994],[110.348,-7.974],[110.397,-7.981],[110.397,-7.967],[110.442,-7.967],[110.448,-7.947],[110.477,-7.972],[110.498,-7.9],[110.468,-7.866],[110.488,-7.838],[110.543,-7.824],[110.557,-7.784],[110.587,-7.808],[110.658,-7.805],[110.671,-7.786],[110.692,-7.808],[110.723,-7.793],[110.753,-7.824],[110.772,-7.808],[110.785,-7.853],[110.756,-8.027],[110.779,-8.069],[110.786,-8.152],[110.799,-8.162],[110.83,-8.136],[110.816,-8.165],[110.838,-8.178],[110.835,-8.203],[110.799,-8.189],[110.708,-8.201],[110.707,-8.184],[110.434,-8.099],[110.374,-8.07],[110.331,-8.006]]]}},{"type":"Feature","properties":{"k":"34.04"},"geometry":{"type":"Polygon","coordinates":[[[110.216,-7.742],[110.446,-7.542],[110.492,-7.766],[110.531,-7.798],[110.549,-7.791],[110.546,-7.816],[110.519,-7.831],[110.454,-7.821],[110.43,-7.837],[110.421,-7.786],[110.353,-7.767],[110.318,-7.823],[110.29,-7.834],[110.289,-7.786],[110.233,-7.814],[110.216,-7.742]]]}},{"type":"Feature","properties":{"k":"34.71"},"geometry":{"type":"Polygon","coordinates":[[[110.352,-7.826],[110.353,-7.767],[110.369,-7.769],[110.397,-7.788],[110.406,-7.835],[110.352,-7.826]]]}},{"type":"Feature","properties":{"k":"35.01"},"geometry":{"type":"Polygon","coordinates":[[[111.423,-8.174],[111.421,-8.192],[111.396,-8.193],[111.398,-8.278],[111.303,-8.257],[111.285,-8.273],[111.261,-8.248],[111.153,-8.285],[111.094,-8.247],[111.107,-8.23],[111.094,-8.221],[111.063,-8.252],[110.993,-8.253],[110.904,-8.211],[110.898,-8.172],[110.911,-8.121],[110.956,-8.064],[111.026,-8.083],[111.078,-8.048],[111.117,-8.06],[111.14,-7.939],[111.183,-7.916],[111.234,-7.949],[111.277,-7.92],[111.314,-7.94],[111.36,-8.031],[111.343,-8.077],[111.359,-8.103],[111.342,-8.116],[111.376,-8.138],[111.376,-8.162],[111.423,-8.174]]]}},{"type":"Feature","properties":{"k":"35.02"},"geometry":{"type":"Polygon","coordinates":[[[111.786,-7.835],[111.754,-7.894],[111.758,-7.924],[111.743,-7.928],[111.737,-7.893],[111.702,-7.906],[111.65,-7.97],[111.649,-8.018],[111.632,-8.002],[111.583,-8.021],[111.565,-8.049],[111.53,-8.058],[111.526,-8.107],[111.479,-8.111],[111.473,-8.174],[111.402,-8.176],[111.342,-8.116],[111.359,-8.103],[111.343,-8.077],[111.36,-8.031],[111.345,-7.979],[111.277,-7.92],[111.314,-7.851],[111.287,-7.793],[111.431,-7.776],[111.542,-7.804],[111.664,-7.768],[111.698,-7.81],[111.748,-7.8],[111.786,-7.835]]]}},{"type":"Feature","properties":{"k":"35.03"},"geometry":{"type":"MultiPolygon","coordinates":[[[[111.512,-8.373],[111.514,-8.368],[111.516,-8.37],[111.512,-8.373]]],[[[111.487,-8.366],[111.484,-8.358],[111.485,-8.358],[111.487,-8.366]]],[[[111.479,-8.328],[111.482,-8.328],[111.478,-8.331],[111.479,-8.328]]],[[[111.443,-8.296],[111.445,-8.298],[111.442,-8.295],[111.443,-8.296]]],[[[111.436,-8.272],[111.439,-8.27],[111.437,-8.272],[111.436,-8.272]]],[[[111.778,-8.29],[111.782,-8.326],[111.761,-8.345],[111.739,-8.333],[111.749,-8.31],[111.734,-8.291],[111.712,-8.292],[111.724,-8.318],[111.689,-8.336],[111.727,-8.371],[111.686,-8.368],[111.679,-8.385],[111.667,-8.356],[111.624,-8.354],[111.623,-8.322],[111.605,-8.34],[111.598,-8.322],[111.569,-8.339],[111.576,-8.318],[111.554,-8.306],[111.533,-8.334],[111.48,-8.305],[111.456,-8.321],[111.454,-8.274],[111.425,-8.257],[111.409,-8.278],[111.389,-8.236],[111.405,-8.216],[111.396,-8.193],[111.421,-8.192],[111.436,-8.168],[111.473,-8.174],[111.479,-8.111],[111.526,-8.107],[111.53,-8.058],[111.632,-8.002],[111.649,-8.018],[111.651,-7.968],[111.734,-7.893],[111.754,-8.029],[111.844,-8.108],[111.812,-8.137],[111.738,-8.141],[111.718,-8.166],[111.716,-8.192],[111.735,-8.207],[111.725,-8.245],[111.748,-8.288],[111.778,-8.29]]],[[[111.653,-8.382],[111.649,-8.378],[111.651,-8.376],[111.653,-8.382]]],[[[111.785,-8.37],[111.777,-8.369],[111.78,-8.366],[111.785,-8.37]]],[[[111.795,-8.355],[111.8,-8.358],[111.797,-8.359],[111.795,-8.355]]],[[[111.624,-8.357],[111.626,-8.355],[111.626,-8.358],[111.624,-8.357]]],[[[111.745,-8.348],[111.748,-8.347],[111.747,-8.352],[111.745,-8.348]]]]}},{"type":"Feature","properties":{"k":"35.04"},"geometry":{"type":"Polygon","coordinates":[[[111.779,-8.278],[111.748,-8.288],[111.725,-8.245],[111.735,-8.207],[111.716,-8.192],[111.738,-8.141],[111.812,-8.137],[111.844,-8.108],[111.754,-8.029],[111.758,-7.989],[111.735,-7.964],[111.786,-7.835],[111.887,-7.951],[111.943,-7.957],[111.991,-8.085],[112.118,-8.126],[112.114,-8.155],[112.078,-8.188],[112.027,-8.175],[112.029,-8.314],[111.947,-8.278],[111.938,-8.307],[111.899,-8.304],[111.839,-8.259],[111.843,-8.281],[111.791,-8.253],[111.771,-8.264],[111.779,-8.278]]]}},{"type":"Feature","properties":{"k":"35.05","approx":1},"geometry":{"type":"Polygon","coordinates":[[[112.425,-8.124],[112.409,-8.205],[112.363,-8.274],[112.294,-8.32],[112.213,-8.336],[112.132,-8.32],[112.063,-8.274],[112.017,-8.205],[112.001,-8.124],[112.017,-8.043],[112.063,-7.974],[112.132,-7.928],[112.213,-7.912],[112.294,-7.928],[112.363,-7.974],[112.409,-8.043],[112.425,-8.124]]]}},{"type":"Feature","properties":{"k":"35.06"},"geometry":{"type":"Polygon","coordinates":[[[112.413,-7.768],[112.384,-7.784],[112.351,-7.765],[112.288,-7.77],[112.325,-7.875],[112.308,-7.932],[112.222,-7.969],[111.982,-7.995],[111.972,-8.011],[111.943,-7.957],[111.887,-7.951],[111.794,-7.849],[111.955,-7.681],[111.986,-7.686],[112.021,-7.758],[112.026,-7.731],[112.075,-7.701],[112.109,-7.595],[112.167,-7.616],[112.252,-7.728],[112.301,-7.726],[112.39,-7.772],[112.413,-7.768]]]}},{"type":"Feature","properties":{"k":"35.07"},"geometry":{"type":"MultiPolygon","coordinates":[[[[112.713,-8.434],[112.707,-8.464],[112.675,-8.456],[112.692,-8.431],[112.713,-8.434]]],[[[112.733,-8.434],[112.736,-8.433],[112.735,-8.436],[112.733,-8.434]]],[[[112.8,-8.409],[112.796,-8.414],[112.796,-8.407],[112.8,-8.409]]],[[[112.961,-8.349],[112.913,-8.399],[112.898,-8.381],[112.899,-8.402],[112.848,-8.409],[112.832,-8.369],[112.813,-8.402],[112.771,-8.387],[112.754,-8.426],[112.709,-8.418],[112.653,-8.448],[112.556,-8.4],[112.444,-8.399],[112.372,-8.376],[112.364,-8.351],[112.345,-8.351],[112.387,-8.281],[112.388,-8.216],[112.364,-8.177],[112.451,-8.142],[112.475,-7.963],[112.453,-7.928],[112.371,-7.956],[112.308,-7.932],[112.325,-7.875],[112.288,-7.77],[112.351,-7.765],[112.384,-7.784],[112.481,-7.766],[112.493,-7.849],[112.472,-7.941],[112.583,-7.919],[112.59,-7.895],[112.566,-7.896],[112.57,-7.84],[112.554,-7.836],[112.586,-7.762],[112.655,-7.81],[112.734,-7.823],[112.809,-7.93],[112.913,-7.956],[112.932,-8.014],[112.9,-8.064],[112.925,-8.113],[112.903,-8.192],[112.92,-8.245],[112.909,-8.27],[112.935,-8.333],[112.961,-8.349]]]]}},{"type":"Feature","properties":{"k":"35.08"},"geometry":{"type":"Polygon","coordinates":[[[112.913,-7.956],[112.951,-7.987],[113.006,-7.964],[113.061,-8.008],[113.082,-7.986],[113.148,-7.979],[113.193,-7.944],[113.208,-7.902],[113.265,-7.901],[113.28,-7.929],[113.341,-7.944],[113.379,-8.159],[113.321,-8.235],[113.313,-8.298],[113.08,-8.287],[112.987,-8.321],[112.962,-8.35],[112.939,-8.337],[112.909,-8.27],[112.92,-8.245],[112.903,-8.192],[112.925,-8.113],[112.9,-8.064],[112.932,-8.014],[112.913,-7.956]]]}},{"type":"Feature","properties":{"k":"35.09","approx":1},"geometry":{"type":"Polygon","coordinates":[[[113.995,-8.17],[113.972,-8.282],[113.909,-8.377],[113.814,-8.44],[113.702,-8.462],[113.59,-8.44],[113.495,-8.377],[113.432,-8.282],[113.41,-8.17],[113.432,-8.058],[113.495,-7.963],[113.59,-7.899],[113.702,-7.877],[113.814,-7.899],[113.909,-7.963],[113.972,-8.058],[113.995,-8.17]]]}},{"type":"Feature","properties":{"k":"35.10"},"geometry":{"type":"MultiPolygon","coordinates":[[[[114.029,-8.65],[114.025,-8.644],[114.028,-8.644],[114.029,-8.65]]],[[[114.083,-8.635],[114.082,-8.634],[114.084,-8.632],[114.083,-8.635]]],[[[113.993,-8.614],[113.99,-8.614],[113.994,-8.612],[113.993,-8.614]]],[[[114.026,-8.607],[114.025,-8.605],[114.028,-8.604],[114.026,-8.607]]],[[[113.914,-8.585],[113.912,-8.583],[113.915,-8.582],[113.914,-8.585]]],[[[113.859,-8.534],[113.834,-8.469],[113.857,-8.428],[113.894,-8.424],[113.907,-8.442],[113.96,-8.404],[113.973,-8.349],[113.925,-8.316],[113.968,-8.226],[113.955,-8.204],[114.045,-8.126],[114.208,-8.097],[114.241,-8.04],[114.225,-7.986],[114.296,-7.884],[114.422,-7.928],[114.434,-8.036],[114.399,-8.121],[114.391,-8.234],[114.341,-8.42],[114.367,-8.482],[114.353,-8.529],[114.377,-8.531],[114.389,-8.447],[114.423,-8.604],[114.448,-8.639],[114.481,-8.618],[114.515,-8.65],[114.57,-8.66],[114.606,-8.715],[114.588,-8.764],[114.533,-8.781],[114.345,-8.743],[114.376,-8.708],[114.371,-8.673],[114.317,-8.623],[114.23,-8.602],[114.285,-8.604],[114.254,-8.586],[114.223,-8.597],[114.222,-8.644],[114.092,-8.615],[114.05,-8.647],[114.025,-8.594],[113.957,-8.615],[113.961,-8.564],[113.926,-8.561],[113.909,-8.579],[113.836,-8.553],[113.859,-8.534]]],[[[114.463,-8.038],[114.46,-8.037],[114.463,-8.037],[114.463,-8.038]]]]}},{"type":"Feature","properties":{"k":"35.11"},"geometry":{"type":"Polygon","coordinates":[[[114.045,-8.126],[113.982,-8.06],[113.89,-8.015],[113.871,-8.03],[113.845,-8.022],[113.847,-8.045],[113.804,-8.055],[113.772,-8.039],[113.749,-8.063],[113.713,-8.014],[113.683,-8.007],[113.671,-7.968],[113.627,-7.968],[113.72,-7.882],[113.736,-7.789],[113.835,-7.814],[113.858,-7.784],[113.934,-7.793],[113.94,-7.761],[114.078,-7.77],[114.129,-7.984],[114.177,-7.968],[114.216,-7.981],[114.241,-8.04],[114.208,-8.097],[114.175,-8.114],[114.129,-8.104],[114.045,-8.126]]]}},{"type":"Feature","properties":{"k":"35.12"},"geometry":{"type":"Polygon","coordinates":[[[113.627,-7.955],[113.607,-7.799],[113.576,-7.726],[113.592,-7.714],[113.667,-7.737],[113.712,-7.708],[113.761,-7.738],[113.842,-7.684],[113.931,-7.7],[114.043,-7.606],[114.108,-7.707],[114.209,-7.718],[114.242,-7.698],[114.295,-7.748],[114.376,-7.751],[114.442,-7.792],[114.468,-7.835],[114.464,-7.889],[114.413,-7.933],[114.303,-7.882],[114.225,-7.986],[114.177,-7.968],[114.133,-7.987],[114.066,-7.76],[114.007,-7.76],[113.993,-7.776],[113.94,-7.761],[113.934,-7.793],[113.858,-7.784],[113.835,-7.814],[113.739,-7.787],[113.72,-7.882],[113.627,-7.955]]]}},{"type":"Feature","properties":{"k":"35.13"},"geometry":{"type":"MultiPolygon","coordinates":[[[[113.1,-7.704],[113.154,-7.741],[113.173,-7.728],[113.19,-7.814],[113.216,-7.798],[113.209,-7.827],[113.225,-7.831],[113.243,-7.809],[113.238,-7.741],[113.287,-7.783],[113.343,-7.772],[113.382,-7.736],[113.439,-7.734],[113.486,-7.699],[113.592,-7.713],[113.575,-7.739],[113.626,-7.897],[113.614,-7.95],[113.638,-7.972],[113.611,-7.989],[113.563,-7.983],[113.533,-8.011],[113.484,-8.001],[113.468,-8.027],[113.393,-8.001],[113.362,-8.028],[113.341,-7.944],[113.28,-7.929],[113.265,-7.901],[113.208,-7.902],[113.193,-7.944],[113.116,-7.994],[113.082,-7.986],[113.053,-8.008],[112.998,-7.963],[112.955,-7.987],[112.93,-7.978],[112.913,-7.956],[112.951,-7.947],[112.954,-7.902],[113.045,-7.817],[113.053,-7.758],[113.1,-7.704]]],[[[113.589,-7.71],[113.59,-7.71],[113.593,-7.712],[113.589,-7.71]]],[[[113.25,-7.677],[113.258,-7.681],[113.243,-7.68],[113.25,-7.677]]]]}},{"type":"Feature","properties":{"k":"35.14"},"geometry":{"type":"Polygon","coordinates":[[[112.586,-7.762],[112.574,-7.733],[112.623,-7.669],[112.62,-7.618],[112.654,-7.593],[112.646,-7.54],[112.744,-7.574],[112.829,-7.549],[112.839,-7.571],[112.853,-7.539],[112.87,-7.543],[112.869,-7.572],[112.849,-7.58],[112.874,-7.584],[112.895,-7.62],[112.868,-7.651],[112.888,-7.688],[112.928,-7.669],[112.947,-7.622],[112.987,-7.657],[113.029,-7.644],[113.087,-7.702],[113.053,-7.758],[113.045,-7.817],[112.954,-7.902],[112.952,-7.945],[112.932,-7.958],[112.809,-7.93],[112.734,-7.823],[112.655,-7.81],[112.586,-7.762]]]}},{"type":"Feature","properties":{"k":"35.15"},"geometry":{"type":"MultiPolygon","coordinates":[[[[112.859,-7.548],[112.86,-7.547],[112.862,-7.548],[112.859,-7.548]]],[[[112.706,-7.336],[112.842,-7.333],[112.838,-7.474],[112.809,-7.48],[112.874,-7.538],[112.853,-7.539],[112.839,-7.571],[112.839,-7.55],[112.829,-7.549],[112.727,-7.571],[112.632,-7.535],[112.584,-7.485],[112.459,-7.44],[112.488,-7.409],[112.566,-7.401],[112.706,-7.336]]]]}},{"type":"Feature","properties":{"k":"35.16"},"geometry":{"type":"Polygon","coordinates":[[[112.574,-7.733],[112.53,-7.736],[112.453,-7.777],[112.407,-7.647],[112.382,-7.643],[112.363,-7.547],[112.375,-7.487],[112.404,-7.466],[112.331,-7.454],[112.35,-7.413],[112.331,-7.374],[112.362,-7.327],[112.477,-7.305],[112.476,-7.382],[112.497,-7.408],[112.459,-7.44],[112.584,-7.485],[112.661,-7.561],[112.65,-7.603],[112.62,-7.618],[112.623,-7.669],[112.574,-7.733]]]}},{"type":"Feature","properties":{"k":"35.17"},"geometry":{"type":"Polygon","coordinates":[[[112.453,-7.777],[112.39,-7.772],[112.301,-7.726],[112.252,-7.728],[112.167,-7.616],[112.114,-7.6],[112.111,-7.569],[112.165,-7.493],[112.126,-7.458],[112.076,-7.47],[112.061,-7.42],[112.078,-7.385],[112.171,-7.36],[112.248,-7.357],[112.277,-7.373],[112.346,-7.342],[112.331,-7.377],[112.35,-7.413],[112.331,-7.454],[112.403,-7.46],[112.375,-7.487],[112.363,-7.554],[112.38,-7.638],[112.407,-7.647],[112.453,-7.777]]]}},{"type":"Feature","properties":{"k":"35.18"},"geometry":{"type":"Polygon","coordinates":[[[111.795,-7.837],[111.725,-7.767],[111.785,-7.644],[111.804,-7.545],[111.838,-7.54],[111.846,-7.505],[111.807,-7.454],[111.941,-7.438],[111.974,-7.406],[112.07,-7.397],[112.076,-7.47],[112.126,-7.458],[112.165,-7.493],[112.111,-7.569],[112.073,-7.704],[112.011,-7.758],[111.986,-7.686],[111.955,-7.681],[111.795,-7.837]]]}},{"type":"Feature","properties":{"k":"35.19"},"geometry":{"type":"Polygon","coordinates":[[[111.451,-7.779],[111.459,-7.726],[111.499,-7.699],[111.51,-7.659],[111.541,-7.658],[111.559,-7.6],[111.505,-7.612],[111.514,-7.643],[111.485,-7.661],[111.45,-7.615],[111.514,-7.553],[111.509,-7.539],[111.56,-7.546],[111.554,-7.534],[111.672,-7.413],[111.749,-7.467],[111.804,-7.46],[111.845,-7.503],[111.835,-7.546],[111.804,-7.545],[111.785,-7.644],[111.73,-7.734],[111.726,-7.775],[111.747,-7.8],[111.698,-7.81],[111.664,-7.768],[111.542,-7.804],[111.451,-7.779]]]}},{"type":"Feature","properties":{"k":"35.20"},"geometry":{"type":"Polygon","coordinates":[[[111.451,-7.779],[111.287,-7.793],[111.284,-7.745],[111.231,-7.748],[111.18,-7.707],[111.193,-7.612],[111.317,-7.587],[111.366,-7.565],[111.377,-7.54],[111.46,-7.51],[111.5,-7.518],[111.514,-7.553],[111.448,-7.619],[111.485,-7.641],[111.482,-7.661],[111.509,-7.648],[111.509,-7.664],[111.499,-7.699],[111.459,-7.726],[111.451,-7.779]]]}},{"type":"Feature","properties":{"k":"35.21"},"geometry":{"type":"Polygon","coordinates":[[[111.672,-7.413],[111.554,-7.534],[111.56,-7.546],[111.46,-7.51],[111.377,-7.54],[111.366,-7.565],[111.317,-7.587],[111.202,-7.613],[111.155,-7.571],[111.151,-7.5],[111.117,-7.418],[111.143,-7.369],[111.148,-7.261],[111.201,-7.244],[111.239,-7.282],[111.343,-7.333],[111.418,-7.346],[111.455,-7.377],[111.456,-7.36],[111.531,-7.37],[111.58,-7.353],[111.672,-7.413]]]}},{"type":"Feature","properties":{"k":"35.22"},"geometry":{"type":"Polygon","coordinates":[[[111.727,-7.457],[111.58,-7.353],[111.531,-7.37],[111.444,-7.355],[111.453,-7.321],[111.419,-7.31],[111.448,-7.252],[111.487,-7.259],[111.581,-7.183],[111.624,-7.069],[111.622,-6.982],[111.684,-7.027],[111.703,-7.081],[111.805,-7.085],[111.861,-7.129],[111.928,-7.134],[111.934,-7.156],[111.953,-7.136],[111.985,-7.164],[111.993,-7.117],[112.013,-7.129],[112.022,-7.069],[112.039,-7.083],[112.079,-7.066],[112.084,-7.085],[112.162,-7.121],[112.118,-7.216],[112.087,-7.237],[112.072,-7.334],[112.085,-7.379],[112.07,-7.397],[111.974,-7.406],[111.941,-7.438],[111.824,-7.44],[111.777,-7.47],[111.727,-7.457]]]}},{"type":"Feature","properties":{"k":"35.23"},"geometry":{"type":"Polygon","coordinates":[[[111.653,-6.995],[111.567,-6.945],[111.609,-6.904],[111.619,-6.826],[111.665,-6.811],[111.671,-6.764],[111.679,-6.776],[111.693,-6.755],[111.841,-6.801],[111.963,-6.762],[112.052,-6.886],[112.169,-6.899],[112.197,-6.918],[112.22,-7.068],[112.156,-7.11],[112.084,-7.085],[112.079,-7.066],[112.039,-7.083],[112.017,-7.07],[112.013,-7.129],[111.993,-7.117],[111.982,-7.166],[111.967,-7.138],[111.93,-7.155],[111.928,-7.134],[111.861,-7.129],[111.805,-7.085],[111.706,-7.082],[111.653,-6.995]]]}},{"type":"Feature","properties":{"k":"35.24"},"geometry":{"type":"Polygon","coordinates":[[[112.409,-7.306],[112.277,-7.373],[112.248,-7.357],[112.171,-7.36],[112.083,-7.384],[112.072,-7.334],[112.087,-7.237],[112.118,-7.216],[112.162,-7.135],[112.154,-7.11],[112.22,-7.068],[112.2,-6.924],[112.171,-6.898],[112.217,-6.874],[112.436,-6.869],[112.425,-6.949],[112.376,-6.954],[112.368,-6.981],[112.454,-7.015],[112.506,-7.012],[112.498,-7.03],[112.516,-7.049],[112.551,-7.053],[112.534,-7.098],[112.471,-7.133],[112.474,-7.161],[112.503,-7.167],[112.502,-7.192],[112.415,-7.237],[112.397,-7.265],[112.409,-7.306]]]}},{"type":"Feature","properties":{"k":"35.25"},"geometry":{"type":"MultiPolygon","coordinates":[[[[112.666,-7.197],[112.593,-7.202],[112.585,-7.228],[112.622,-7.263],[112.618,-7.31],[112.642,-7.313],[112.651,-7.364],[112.55,-7.406],[112.497,-7.408],[112.477,-7.382],[112.477,-7.306],[112.388,-7.322],[112.409,-7.306],[112.397,-7.265],[112.415,-7.237],[112.502,-7.192],[112.503,-7.167],[112.474,-7.161],[112.471,-7.133],[112.534,-7.098],[112.551,-7.054],[112.514,-7.047],[112.498,-7.03],[112.506,-7.012],[112.454,-7.015],[112.367,-6.975],[112.376,-6.954],[112.425,-6.949],[112.44,-6.875],[112.52,-6.905],[112.545,-6.833],[112.586,-6.89],[112.61,-6.892],[112.598,-6.956],[112.651,-7.019],[112.623,-7.11],[112.654,-7.114],[112.622,-7.12],[112.673,-7.17],[112.666,-7.197]]],[[[112.776,-5.804],[112.771,-5.805],[112.768,-5.796],[112.776,-5.804]]],[[[112.686,-5.715],[112.728,-5.737],[112.734,-5.831],[112.687,-5.855],[112.69,-5.869],[112.636,-5.846],[112.621,-5.872],[112.622,-5.856],[112.576,-5.845],[112.569,-5.809],[112.615,-5.747],[112.67,-5.737],[112.686,-5.715]]],[[[112.586,-5.766],[112.585,-5.776],[112.581,-5.769],[112.586,-5.766]]]]}},{"type":"Feature","properties":{"k":"35.26"},"geometry":{"type":"MultiPolygon","coordinates":[[[[113.09,-7.155],[113.059,-7.165],[113.042,-7.215],[112.864,-7.163],[112.722,-7.176],[112.691,-7.155],[112.706,-7.098],[112.673,-7.074],[112.677,-7.044],[112.688,-7.029],[112.723,-7.038],[112.772,-7.0],[112.826,-6.932],[112.822,-6.91],[112.841,-6.914],[112.856,-6.894],[113.034,-6.879],[113.121,-6.89],[113.098,-6.955],[113.107,-6.985],[113.13,-6.977],[113.146,-6.993],[113.129,-7.036],[113.11,-7.037],[113.118,-7.074],[113.09,-7.155]]],[[[112.73,-6.928],[112.731,-6.928],[112.731,-6.929],[112.73,-6.928]]]]}},{"type":"Feature","properties":{"k":"35.27"},"geometry":{"type":"MultiPolygon","coordinates":[[[[113.089,-7.156],[113.083,-7.171],[113.097,-7.178],[113.087,-7.185],[113.088,-7.192],[113.099,-7.199],[113.118,-7.197],[113.15,-7.224],[113.042,-7.215],[113.059,-7.165],[113.089,-7.156]]],[[[113.156,-7.185],[113.156,-7.183],[113.158,-7.186],[113.156,-7.185]]],[[[113.118,-7.18],[113.123,-7.173],[113.124,-7.174],[113.118,-7.18]]],[[[113.153,-7.169],[113.144,-7.172],[113.148,-7.165],[113.153,-7.169]]],[[[113.121,-7.167],[113.126,-7.168],[113.126,-7.169],[113.121,-7.167]]],[[[113.156,-7.164],[113.153,-7.163],[113.154,-7.162],[113.156,-7.164]]],[[[113.223,-7.309],[113.214,-7.315],[113.202,-7.31],[113.223,-7.309]]],[[[113.169,-7.216],[113.169,-7.211],[113.173,-7.212],[113.169,-7.216]]],[[[113.165,-7.211],[113.163,-7.21],[113.157,-7.205],[113.165,-7.211]]],[[[113.167,-7.208],[113.168,-7.206],[113.169,-7.207],[113.167,-7.208]]],[[[113.158,-7.181],[113.159,-7.181],[113.159,-7.184],[113.158,-7.181]]],[[[113.112,-7.107],[113.11,-7.037],[113.129,-7.036],[113.146,-6.993],[113.106,-6.983],[113.094,-6.938],[113.129,-6.892],[113.481,-6.895],[113.365,-7.103],[113.375,-7.216],[113.176,-7.228],[113.187,-7.223],[113.169,-7.198],[113.143,-7.213],[113.172,-7.174],[113.162,-7.181],[113.166,-7.166],[113.141,-7.144],[113.109,-7.16],[113.123,-7.195],[113.099,-7.197],[113.098,-7.177],[113.084,-7.17],[113.112,-7.107]]]]}},{"type":"Feature","properties":{"k":"35.28"},"geometry":{"type":"Polygon","coordinates":[[[113.375,-7.216],[113.365,-7.103],[113.481,-6.895],[113.638,-6.887],[113.637,-6.935],[113.607,-6.974],[113.614,-7.008],[113.578,-7.023],[113.603,-7.041],[113.591,-7.059],[113.621,-7.101],[113.574,-7.162],[113.552,-7.234],[113.506,-7.255],[113.499,-7.243],[113.514,-7.242],[113.493,-7.227],[113.375,-7.216]]]}},{"type":"Feature","properties":{"k":"35.29"},"geometry":{"type":"MultiPolygon","coordinates":[[[[113.664,-7.253],[113.663,-7.252],[113.668,-7.248],[113.664,-7.253]]],[[[113.726,-7.248],[113.725,-7.252],[113.724,-7.25],[113.726,-7.248]]],[[[113.674,-7.241],[113.673,-7.238],[113.675,-7.237],[113.674,-7.241]]],[[[113.813,-7.221],[113.793,-7.236],[113.749,-7.219],[113.755,-7.206],[113.813,-7.221]]],[[[114.045,-7.206],[114.048,-7.203],[114.046,-7.206],[114.045,-7.206]]],[[[113.924,-7.174],[113.954,-7.232],[113.93,-7.204],[113.89,-7.213],[113.881,-7.199],[113.924,-7.174]]],[[[114.605,-7.171],[114.613,-7.162],[114.618,-7.17],[114.605,-7.171]]],[[[114.686,-7.164],[114.657,-7.17],[114.656,-7.166],[114.666,-7.159],[114.686,-7.164]]],[[[114.575,-7.166],[114.532,-7.142],[114.488,-7.16],[114.475,-7.145],[114.575,-7.128],[114.617,-7.152],[114.575,-7.166]]],[[[114.58,-7.128],[114.587,-7.127],[114.586,-7.129],[114.58,-7.128]]],[[[114.337,-7.057],[114.371,-7.087],[114.407,-7.166],[114.391,-7.181],[114.311,-7.16],[114.276,-7.11],[114.296,-7.062],[114.337,-7.057]]],[[[114.699,-7.103],[114.703,-7.105],[114.697,-7.106],[114.699,-7.103]]],[[[114.688,-7.097],[114.677,-7.097],[114.686,-7.093],[114.688,-7.097]]],[[[113.952,-7.055],[114.051,-7.074],[114.065,-7.111],[113.983,-7.106],[113.942,-7.09],[113.936,-7.067],[113.952,-7.055]]],[[[114.647,-7.073],[114.645,-7.084],[114.645,-7.074],[114.647,-7.073]]],[[[114.579,-7.074],[114.572,-7.076],[114.579,-7.071],[114.579,-7.074]]],[[[113.96,-7.04],[113.965,-7.039],[113.96,-7.043],[113.96,-7.04]]],[[[113.947,-7.039],[113.948,-7.041],[113.947,-7.042],[113.947,-7.039]]],[[[113.956,-7.033],[113.957,-7.037],[113.953,-7.036],[113.956,-7.033]]],[[[113.921,-7.025],[113.923,-7.024],[113.921,-7.027],[113.921,-7.025]]],[[[113.917,-7.022],[113.92,-7.022],[113.917,-7.025],[113.917,-7.022]]],[[[113.622,-7.084],[113.578,-7.02],[113.614,-7.008],[113.607,-6.974],[113.637,-6.935],[113.638,-6.887],[113.936,-6.866],[114.096,-6.931],[114.125,-6.976],[113.943,-7.03],[113.924,-7.018],[113.906,-7.022],[113.949,-7.049],[113.915,-7.043],[113.865,-7.093],[113.888,-7.104],[113.886,-7.135],[113.684,-7.109],[113.601,-7.13],[113.622,-7.084]]],[[[114.491,-6.987],[114.492,-6.999],[114.485,-7.0],[114.491,-6.987]]],[[[114.161,-6.997],[114.169,-6.969],[114.177,-6.964],[114.184,-7.0],[114.161,-6.997]]],[[[114.437,-6.968],[114.427,-6.971],[114.433,-6.962],[114.437,-6.968]]],[[[114.418,-5.548],[114.451,-5.546],[114.448,-5.579],[114.422,-5.591],[114.394,-5.567],[114.393,-5.545],[114.41,-5.532],[114.418,-5.548]]],[[[114.438,-5.458],[114.414,-5.451],[114.416,-5.427],[114.438,-5.445],[114.438,-5.458]]],[[[114.594,-5.106],[114.593,-5.102],[114.596,-5.102],[114.594,-5.106]]],[[[114.605,-5.096],[114.59,-5.092],[114.588,-5.062],[114.61,-5.043],[114.605,-5.096]]],[[[114.781,-7.13],[114.77,-7.124],[114.783,-7.115],[114.781,-7.13]]],[[[114.793,-7.106],[114.795,-7.104],[114.794,-7.108],[114.793,-7.106]]],[[[115.192,-7.087],[115.201,-7.088],[115.195,-7.093],[115.192,-7.087]]],[[[115.594,-7.055],[115.593,-7.053],[115.595,-7.052],[115.594,-7.055]]],[[[115.621,-7.065],[115.618,-7.048],[115.596,-7.054],[115.597,-7.038],[115.637,-7.037],[115.621,-7.065]]],[[[115.554,-7.011],[115.534,-7.034],[115.504,-7.014],[115.543,-6.981],[115.537,-7.005],[115.554,-7.011]]],[[[115.595,-7.003],[115.597,-7.005],[115.595,-7.004],[115.595,-7.003]]],[[[115.605,-7.003],[115.601,-7.001],[115.606,-7.001],[115.605,-7.003]]],[[[115.583,-6.984],[115.585,-6.995],[115.578,-6.987],[115.583,-6.984]]],[[[115.477,-7.005],[115.438,-7.001],[115.426,-6.985],[115.464,-6.973],[115.477,-7.005]]],[[[115.417,-6.984],[115.412,-6.965],[115.417,-6.96],[115.417,-6.984]]],[[[115.552,-6.968],[115.556,-6.963],[115.554,-6.969],[115.552,-6.968]]],[[[115.499,-6.966],[115.5,-6.963],[115.501,-6.965],[115.499,-6.966]]],[[[115.306,-6.962],[115.308,-6.96],[115.309,-6.964],[115.306,-6.962]]],[[[115.507,-6.96],[115.504,-6.957],[115.507,-6.957],[115.507,-6.96]]],[[[115.439,-6.957],[115.439,-6.959],[115.436,-6.958],[115.439,-6.957]]],[[[115.525,-6.957],[115.522,-6.954],[115.524,-6.953],[115.525,-6.957]]],[[[115.497,-6.957],[115.503,-6.955],[115.501,-6.959],[115.497,-6.957]]],[[[115.501,-6.953],[115.505,-6.952],[115.503,-6.955],[115.501,-6.953]]],[[[115.414,-6.949],[115.418,-6.951],[115.416,-6.954],[115.414,-6.949]]],[[[115.519,-6.953],[115.51,-6.947],[115.523,-6.95],[115.519,-6.953]]],[[[115.461,-6.948],[115.458,-6.948],[115.462,-6.946],[115.461,-6.948]]],[[[115.474,-6.945],[115.481,-6.942],[115.482,-6.944],[115.474,-6.945]]],[[[115.385,-6.937],[115.387,-6.938],[115.386,-6.939],[115.385,-6.937]]],[[[115.36,-6.937],[115.359,-6.935],[115.361,-6.935],[115.36,-6.937]]],[[[115.385,-6.932],[115.385,-6.933],[115.384,-6.933],[115.385,-6.932]]],[[[115.372,-6.928],[115.374,-6.931],[115.371,-6.929],[115.372,-6.928]]],[[[115.335,-6.997],[115.302,-6.949],[115.292,-7.013],[115.246,-6.976],[115.269,-6.936],[115.203,-6.939],[115.204,-6.894],[115.253,-6.862],[115.233,-6.832],[115.404,-6.836],[115.519,-6.881],[115.576,-6.933],[115.548,-6.967],[115.519,-6.945],[115.49,-6.95],[115.477,-6.924],[115.455,-6.931],[115.448,-6.911],[115.437,-6.946],[115.428,-6.918],[115.412,-6.942],[115.375,-6.9],[115.37,-6.929],[115.354,-6.916],[115.333,-6.933],[115.386,-6.958],[115.391,-6.975],[115.377,-6.974],[115.404,-6.988],[115.335,-6.997]]],[[[115.216,-6.843],[115.221,-6.844],[115.218,-6.845],[115.216,-6.843]]],[[[115.742,-7.153],[115.765,-7.12],[115.775,-7.149],[115.781,-7.109],[115.81,-7.153],[115.885,-7.164],[115.892,-7.149],[115.88,-7.16],[115.87,-7.133],[115.888,-7.12],[115.895,-7.135],[115.907,-7.103],[115.884,-7.201],[115.829,-7.207],[115.742,-7.153]]],[[[115.859,-7.153],[115.852,-7.141],[115.865,-7.149],[115.859,-7.153]]],[[[115.84,-7.146],[115.843,-7.143],[115.843,-7.146],[115.84,-7.146]]],[[[115.839,-7.135],[115.835,-7.14],[115.836,-7.137],[115.839,-7.135]]],[[[115.758,-7.119],[115.758,-7.114],[115.764,-7.116],[115.758,-7.119]]],[[[115.757,-7.113],[115.771,-7.11],[115.771,-7.114],[115.757,-7.113]]],[[[115.755,-7.109],[115.755,-7.086],[115.767,-7.09],[115.755,-7.109]]],[[[115.705,-7.074],[115.687,-7.069],[115.687,-7.056],[115.71,-7.059],[115.705,-7.074]]],[[[115.8,-7.058],[115.804,-7.051],[115.801,-7.06],[115.8,-7.058]]],[[[115.656,-7.066],[115.659,-7.04],[115.675,-7.061],[115.656,-7.066]]],[[[115.811,-7.037],[115.817,-7.032],[115.813,-7.039],[115.811,-7.037]]],[[[115.698,-7.027],[115.696,-7.02],[115.699,-7.024],[115.698,-7.027]]],[[[115.691,-7.011],[115.69,-7.01],[115.692,-7.009],[115.691,-7.011]]],[[[115.664,-7.009],[115.66,-7.009],[115.661,-7.007],[115.664,-7.009]]],[[[115.713,-7.005],[115.704,-7.009],[115.709,-7.001],[115.713,-7.005]]],[[[115.59,-6.993],[115.565,-6.96],[115.583,-6.94],[115.646,-6.969],[115.686,-7.011],[115.59,-6.993]]],[[[115.758,-6.976],[115.758,-6.966],[115.761,-6.968],[115.758,-6.976]]],[[[115.707,-6.967],[115.71,-6.962],[115.71,-6.965],[115.707,-6.967]]],[[[115.936,-6.962],[115.907,-6.963],[115.901,-6.953],[115.936,-6.962]]],[[[115.793,-6.961],[115.784,-6.951],[115.789,-6.937],[115.793,-6.961]]],[[[115.882,-6.955],[115.868,-6.961],[115.876,-6.939],[115.882,-6.955]]],[[[116.271,-6.94],[116.235,-6.939],[116.253,-6.928],[116.271,-6.94]]],[[[115.635,-6.936],[115.636,-6.933],[115.637,-6.937],[115.635,-6.936]]],[[[115.749,-6.933],[115.746,-6.936],[115.749,-6.928],[115.749,-6.933]]],[[[115.635,-6.674],[115.635,-6.672],[115.637,-6.67],[115.635,-6.674]]],[[[115.713,-6.632],[115.716,-6.632],[115.713,-6.635],[115.713,-6.632]]],[[[115.748,-6.486],[115.749,-6.483],[115.751,-6.486],[115.748,-6.486]]]]}},{"type":"Feature","properties":{"k":"35.71"},"geometry":{"type":"Polygon","coordinates":[[[112.001,-7.771],[112.035,-7.826],[112.071,-7.838],[112.067,-7.877],[111.996,-7.858],[112.004,-7.843],[111.956,-7.818],[111.956,-7.797],[112.001,-7.771]]]}},{"type":"Feature","properties":{"k":"35.72","approx":1},"geometry":{"type":"Polygon","coordinates":[[[112.194,-8.099],[112.165,-8.128],[112.135,-8.099],[112.165,-8.07],[112.194,-8.099]]]}},{"type":"Feature","properties":{"k":"35.73"},"geometry":{"type":"Polygon","coordinates":[[[112.63,-7.92],[112.677,-7.984],[112.637,-8.033],[112.578,-7.944],[112.63,-7.92]]]}},{"type":"Feature","properties":{"k":"35.74"},"geometry":{"type":"Polygon","coordinates":[[[113.175,-7.778],[113.218,-7.727],[113.238,-7.741],[113.243,-7.809],[113.225,-7.831],[113.209,-7.827],[113.216,-7.798],[113.19,-7.814],[113.175,-7.778]]]}},{"type":"Feature","properties":{"k":"35.75"},"geometry":{"type":"Polygon","coordinates":[[[112.895,-7.62],[112.942,-7.638],[112.891,-7.691],[112.868,-7.651],[112.895,-7.62]]]}},{"type":"Feature","properties":{"k":"35.76"},"geometry":{"type":"Polygon","coordinates":[[[112.459,-7.46],[112.453,-7.486],[112.407,-7.482],[112.414,-7.459],[112.459,-7.46]]]}},{"type":"Feature","properties":{"k":"35.77"},"geometry":{"type":"Polygon","coordinates":[[[111.51,-7.659],[111.502,-7.614],[111.559,-7.6],[111.541,-7.658],[111.51,-7.659]]]}},{"type":"Feature","properties":{"k":"35.78"},"geometry":{"type":"MultiPolygon","coordinates":[[[[112.826,-7.339],[112.706,-7.336],[112.651,-7.364],[112.642,-7.313],[112.618,-7.31],[112.622,-7.263],[112.585,-7.228],[112.593,-7.202],[112.651,-7.197],[112.66,-7.223],[112.659,-7.202],[112.685,-7.225],[112.709,-7.223],[112.719,-7.197],[112.766,-7.197],[112.847,-7.287],[112.826,-7.339]]],[[[112.703,-7.195],[112.712,-7.202],[112.701,-7.196],[112.703,-7.195]]]]}},{"type":"Feature","properties":{"k":"35.79"},"geometry":{"type":"Polygon","coordinates":[[[112.586,-7.762],[112.554,-7.836],[112.57,-7.84],[112.566,-7.896],[112.59,-7.895],[112.583,-7.919],[112.472,-7.941],[112.493,-7.849],[112.481,-7.766],[112.53,-7.736],[112.574,-7.733],[112.586,-7.762]]]}},{"type":"Feature","properties":{"k":"36.01"},"geometry":{"type":"MultiPolygon","coordinates":[[[[105.238,-6.836],[105.24,-6.835],[105.24,-6.837],[105.238,-6.836]]],[[[105.436,-6.77],[105.437,-6.77],[105.436,-6.772],[105.436,-6.77]]],[[[105.422,-6.768],[105.421,-6.767],[105.423,-6.765],[105.422,-6.768]]],[[[105.42,-6.762],[105.425,-6.76],[105.421,-6.764],[105.42,-6.762]]],[[[105.422,-6.756],[105.416,-6.759],[105.418,-6.754],[105.422,-6.756]]],[[[105.429,-6.755],[105.436,-6.756],[105.434,-6.758],[105.429,-6.755]]],[[[105.418,-6.752],[105.422,-6.748],[105.425,-6.754],[105.418,-6.752]]],[[[105.265,-6.731],[105.248,-6.748],[105.248,-6.725],[105.265,-6.731]]],[[[105.107,-6.616],[105.107,-6.62],[105.106,-6.617],[105.107,-6.616]]],[[[105.261,-6.601],[105.183,-6.68],[105.171,-6.66],[105.195,-6.621],[105.166,-6.574],[105.128,-6.623],[105.113,-6.611],[105.1,-6.613],[105.184,-6.539],[105.212,-6.547],[105.262,-6.522],[105.261,-6.601]]],[[[105.568,-7.014],[105.526,-7.013],[105.52,-7.005],[105.549,-6.995],[105.568,-7.014]]],[[[105.815,-6.958],[105.771,-6.963],[105.821,-6.951],[105.815,-6.958]]],[[[105.555,-6.677],[105.556,-6.675],[105.558,-6.679],[105.555,-6.677]]],[[[105.578,-6.652],[105.581,-6.653],[105.58,-6.654],[105.578,-6.652]]],[[[105.57,-6.648],[105.569,-6.646],[105.571,-6.647],[105.57,-6.648]]],[[[105.58,-6.643],[105.581,-6.642],[105.583,-6.644],[105.58,-6.643]]],[[[105.827,-6.247],[105.889,-6.228],[105.931,-6.286],[105.94,-6.243],[106.029,-6.282],[106.098,-6.236],[106.117,-6.261],[106.177,-6.257],[106.174,-6.297],[106.221,-6.307],[106.166,-6.312],[106.159,-6.338],[106.135,-6.343],[106.118,-6.436],[106.07,-6.424],[106.032,-6.443],[105.932,-6.599],[105.942,-6.668],[105.868,-6.782],[105.884,-6.841],[105.774,-6.851],[105.672,-6.836],[105.538,-6.874],[105.479,-6.866],[105.441,-6.837],[105.414,-6.854],[105.397,-6.824],[105.313,-6.802],[105.266,-6.848],[105.238,-6.839],[105.241,-6.836],[105.239,-6.832],[105.243,-6.825],[105.239,-6.798],[105.212,-6.745],[105.262,-6.762],[105.331,-6.695],[105.327,-6.668],[105.369,-6.646],[105.401,-6.717],[105.389,-6.739],[105.424,-6.773],[105.436,-6.775],[105.445,-6.824],[105.479,-6.818],[105.511,-6.758],[105.507,-6.73],[105.611,-6.633],[105.616,-6.559],[105.65,-6.481],[105.677,-6.476],[105.675,-6.51],[105.716,-6.532],[105.798,-6.491],[105.824,-6.431],[105.819,-6.362],[105.841,-6.305],[105.827,-6.247]]],[[[105.725,-6.491],[105.721,-6.492],[105.719,-6.489],[105.725,-6.491]]],[[[105.804,-6.396],[105.811,-6.396],[105.809,-6.399],[105.804,-6.396]]]]}},{"type":"Feature","properties":{"k":"36.02"},"geometry":{"type":"Polygon","coordinates":[[[105.881,-6.847],[105.868,-6.782],[105.942,-6.668],[105.932,-6.599],[106.047,-6.429],[106.118,-6.436],[106.133,-6.346],[106.159,-6.338],[106.163,-6.314],[106.272,-6.308],[106.327,-6.343],[106.406,-6.335],[106.428,-6.349],[106.458,-6.422],[106.441,-6.45],[106.404,-6.456],[106.4,-6.527],[106.432,-6.587],[106.429,-6.696],[106.511,-6.766],[106.434,-6.821],[106.428,-6.865],[106.391,-6.9],[106.386,-6.991],[106.31,-6.996],[106.27,-6.977],[106.239,-6.956],[106.239,-6.932],[106.106,-6.883],[106.03,-6.82],[105.927,-6.814],[105.881,-6.847]]]}},{"type":"Feature","properties":{"k":"36.03"},"geometry":{"type":"Polygon","coordinates":[[[106.417,-6.025],[106.492,-6.046],[106.535,-6.011],[106.578,-6.031],[106.638,-6.004],[106.653,-6.025],[106.679,-6.013],[106.707,-6.033],[106.725,-6.089],[106.633,-6.119],[106.618,-6.159],[106.585,-6.16],[106.554,-6.202],[106.628,-6.224],[106.647,-6.25],[106.752,-6.254],[106.776,-6.317],[106.767,-6.361],[106.595,-6.364],[106.519,-6.326],[106.532,-6.353],[106.502,-6.356],[106.472,-6.312],[106.434,-6.348],[106.41,-6.343],[106.39,-6.233],[106.372,-6.219],[106.395,-6.168],[106.346,-6.075],[106.417,-6.025]]]}},{"type":"Feature","properties":{"k":"36.04"},"geometry":{"type":"MultiPolygon","coordinates":[[[[105.858,-6.134],[105.857,-6.133],[105.858,-6.133],[105.858,-6.134]]],[[[105.855,-6.132],[105.856,-6.133],[105.855,-6.133],[105.855,-6.132]]],[[[105.895,-6.067],[105.892,-6.072],[105.89,-6.069],[105.895,-6.067]]],[[[106.106,-5.979],[106.107,-5.978],[106.107,-5.979],[106.106,-5.979]]],[[[106.107,-5.978],[106.106,-5.977],[106.107,-5.977],[106.107,-5.978]]],[[[106.094,-5.913],[106.092,-5.912],[106.093,-5.91],[106.094,-5.913]]],[[[106.091,-5.91],[106.089,-5.908],[106.09,-5.908],[106.091,-5.91]]],[[[106.061,-5.89],[106.059,-5.889],[106.061,-5.889],[106.061,-5.89]]],[[[106.042,-5.889],[106.074,-5.894],[106.114,-5.942],[106.097,-5.991],[106.148,-6.03],[106.148,-6.079],[106.075,-6.133],[106.066,-6.187],[106.15,-6.181],[106.135,-6.216],[106.169,-6.232],[106.224,-6.21],[106.255,-6.163],[106.218,-6.141],[106.23,-6.109],[106.216,-6.027],[106.246,-5.974],[106.264,-5.964],[106.328,-5.995],[106.359,-5.971],[106.364,-5.989],[106.389,-5.988],[106.41,-6.04],[106.367,-6.05],[106.339,-6.08],[106.351,-6.122],[106.393,-6.164],[106.366,-6.227],[106.387,-6.243],[106.401,-6.345],[106.318,-6.348],[106.246,-6.31],[106.222,-6.325],[106.212,-6.304],[106.169,-6.302],[106.175,-6.264],[106.132,-6.271],[106.101,-6.244],[106.041,-6.288],[106.001,-6.288],[105.981,-6.256],[105.947,-6.25],[105.929,-6.292],[105.885,-6.234],[105.876,-6.253],[105.826,-6.255],[105.883,-6.082],[105.923,-6.058],[105.964,-6.069],[105.988,-6.064],[105.984,-6.048],[106.022,-6.05],[106.02,-6.09],[106.036,-6.092],[106.084,-6.046],[106.088,-6.013],[106.033,-5.945],[106.042,-5.889]]],[[[106.193,-5.976],[106.192,-5.975],[106.193,-5.975],[106.193,-5.976]]],[[[106.117,-5.961],[106.113,-5.959],[106.115,-5.958],[106.117,-5.961]]],[[[106.216,-5.952],[106.221,-5.954],[106.216,-5.954],[106.216,-5.952]]],[[[106.171,-5.95],[106.169,-5.949],[106.17,-5.949],[106.171,-5.95]]],[[[106.169,-5.946],[106.143,-5.951],[106.139,-5.933],[106.16,-5.932],[106.169,-5.946]]],[[[106.254,-5.821],[106.292,-5.819],[106.295,-5.822],[106.283,-5.827],[106.254,-5.821]]]]}},{"type":"Feature","properties":{"k":"36.71"},"geometry":{"type":"Polygon","coordinates":[[[106.7,-6.098],[106.686,-6.099],[106.686,-6.17],[106.719,-6.186],[106.719,-6.225],[106.752,-6.254],[106.647,-6.25],[106.596,-6.21],[106.557,-6.215],[106.554,-6.188],[106.618,-6.159],[106.624,-6.124],[106.671,-6.096],[106.7,-6.098]]]}},{"type":"Feature","properties":{"k":"36.72"},"geometry":{"type":"Polygon","coordinates":[[[106.033,-5.886],[106.043,-5.924],[106.027,-5.947],[106.055,-5.966],[106.055,-5.998],[106.087,-6.009],[106.065,-6.085],[106.033,-6.122],[106.001,-6.086],[106.02,-6.049],[105.961,-6.044],[105.941,-6.069],[105.922,-6.044],[105.984,-5.999],[106.003,-5.947],[105.992,-5.923],[106.033,-5.886]]]}},{"type":"Feature","properties":{"k":"36.73"},"geometry":{"type":"MultiPolygon","coordinates":[[[[106.148,-6.03],[106.216,-6.027],[106.227,-6.055],[106.218,-6.141],[106.255,-6.16],[106.227,-6.207],[106.169,-6.232],[106.135,-6.216],[106.15,-6.181],[106.067,-6.189],[106.069,-6.143],[106.148,-6.079],[106.148,-6.03]]],[[[106.156,-6.013],[106.154,-6.012],[106.155,-6.011],[106.156,-6.013]]],[[[106.151,-6.007],[106.149,-6.007],[106.149,-6.006],[106.151,-6.007]]],[[[106.151,-5.992],[106.151,-5.993],[106.149,-5.992],[106.151,-5.992]]]]}},{"type":"Feature","properties":{"k":"36.74"},"geometry":{"type":"Polygon","coordinates":[[[106.638,-6.242],[106.693,-6.242],[106.704,-6.269],[106.753,-6.263],[106.78,-6.329],[106.771,-6.37],[106.651,-6.375],[106.662,-6.33],[106.638,-6.242]]]}},{"type":"Feature","properties":{"k":"51.01"},"geometry":{"type":"MultiPolygon","coordinates":[[[[114.465,-8.168],[114.501,-8.201],[114.59,-8.175],[114.672,-8.226],[114.695,-8.203],[114.736,-8.218],[114.763,-8.254],[114.808,-8.252],[114.822,-8.333],[114.87,-8.342],[114.934,-8.389],[114.915,-8.466],[114.733,-8.396],[114.582,-8.398],[114.448,-8.22],[114.433,-8.166],[114.442,-8.18],[114.465,-8.168]]],[[[114.452,-8.168],[114.45,-8.165],[114.451,-8.165],[114.452,-8.168]]],[[[114.444,-8.164],[114.447,-8.165],[114.444,-8.165],[114.444,-8.164]]]]}},{"type":"Feature","properties":{"k":"51.02"},"geometry":{"type":"Polygon","coordinates":[[[115.099,-8.636],[115.066,-8.588],[114.915,-8.466],[114.927,-8.373],[114.972,-8.3],[115.115,-8.305],[115.129,-8.27],[115.185,-8.238],[115.214,-8.326],[115.201,-8.361],[115.216,-8.437],[115.198,-8.491],[115.196,-8.447],[115.177,-8.456],[115.183,-8.491],[115.148,-8.6],[115.099,-8.636]]]}},{"type":"Feature","properties":{"k":"51.03"},"geometry":{"type":"Polygon","coordinates":[[[115.242,-8.599],[115.231,-8.588],[115.179,-8.613],[115.173,-8.679],[115.197,-8.735],[115.182,-8.762],[115.218,-8.787],[115.222,-8.753],[115.241,-8.804],[115.175,-8.848],[115.088,-8.838],[115.089,-8.814],[115.169,-8.766],[115.152,-8.75],[115.169,-8.724],[115.162,-8.697],[115.099,-8.636],[115.148,-8.6],[115.183,-8.491],[115.177,-8.456],[115.196,-8.447],[115.198,-8.491],[115.216,-8.437],[115.201,-8.361],[115.214,-8.326],[115.185,-8.238],[115.235,-8.234],[115.252,-8.255],[115.249,-8.336],[115.223,-8.388],[115.243,-8.475],[115.228,-8.521],[115.242,-8.599]]]}},{"type":"Feature","properties":{"k":"51.04"},"geometry":{"type":"Polygon","coordinates":[[[115.37,-8.576],[115.282,-8.645],[115.243,-8.603],[115.228,-8.521],[115.243,-8.475],[115.223,-8.388],[115.251,-8.314],[115.329,-8.334],[115.328,-8.5],[115.337,-8.523],[115.359,-8.525],[115.37,-8.576]]]}},{"type":"Feature","properties":{"k":"51.05"},"geometry":{"type":"MultiPolygon","coordinates":[[[[115.629,-8.776],[115.63,-8.779],[115.629,-8.779],[115.629,-8.776]]],[[[115.624,-8.774],[115.626,-8.777],[115.623,-8.775],[115.624,-8.774]]],[[[115.49,-8.674],[115.573,-8.677],[115.629,-8.773],[115.623,-8.773],[115.611,-8.784],[115.596,-8.817],[115.451,-8.748],[115.447,-8.722],[115.49,-8.674]]],[[[115.466,-8.689],[115.444,-8.713],[115.437,-8.709],[115.441,-8.701],[115.466,-8.689]]],[[[115.449,-8.665],[115.47,-8.679],[115.43,-8.693],[115.426,-8.683],[115.449,-8.665]]],[[[115.352,-8.517],[115.371,-8.471],[115.402,-8.464],[115.391,-8.483],[115.41,-8.48],[115.415,-8.5],[115.401,-8.525],[115.46,-8.506],[115.479,-8.552],[115.434,-8.574],[115.37,-8.576],[115.352,-8.517]]]]}},{"type":"Feature","properties":{"k":"51.06"},"geometry":{"type":"Polygon","coordinates":[[[115.402,-8.464],[115.373,-8.469],[115.352,-8.521],[115.333,-8.52],[115.33,-8.337],[115.25,-8.314],[115.252,-8.255],[115.235,-8.234],[115.245,-8.179],[115.277,-8.161],[115.305,-8.174],[115.325,-8.144],[115.334,-8.16],[115.453,-8.19],[115.458,-8.248],[115.407,-8.308],[115.4,-8.361],[115.42,-8.419],[115.402,-8.464]]]}},{"type":"Feature","properties":{"k":"51.07"},"geometry":{"type":"MultiPolygon","coordinates":[[[[115.584,-8.532],[115.587,-8.534],[115.586,-8.534],[115.584,-8.532]]],[[[115.479,-8.551],[115.46,-8.506],[115.402,-8.525],[115.414,-8.488],[115.39,-8.479],[115.419,-8.424],[115.4,-8.361],[115.407,-8.308],[115.458,-8.248],[115.446,-8.181],[115.46,-8.17],[115.558,-8.231],[115.63,-8.324],[115.699,-8.359],[115.713,-8.4],[115.634,-8.463],[115.612,-8.506],[115.581,-8.517],[115.522,-8.504],[115.509,-8.54],[115.479,-8.551]]]]}},{"type":"Feature","properties":{"k":"51.08"},"geometry":{"type":"MultiPolygon","coordinates":[[[[115.444,-8.182],[115.334,-8.16],[115.328,-8.143],[115.305,-8.174],[115.273,-8.163],[115.245,-8.179],[115.24,-8.231],[115.178,-8.238],[115.105,-8.308],[114.972,-8.3],[114.916,-8.379],[114.87,-8.342],[114.822,-8.333],[114.808,-8.252],[114.763,-8.254],[114.736,-8.218],[114.695,-8.203],[114.672,-8.226],[114.59,-8.175],[114.501,-8.201],[114.444,-8.157],[114.432,-8.119],[114.439,-8.094],[114.488,-8.094],[114.522,-8.154],[114.579,-8.121],[114.595,-8.139],[114.618,-8.123],[114.868,-8.196],[115.0,-8.176],[115.117,-8.082],[115.186,-8.061],[115.453,-8.161],[115.444,-8.182]]],[[[114.502,-8.095],[114.529,-8.095],[114.518,-8.101],[114.502,-8.095]]]]}},{"type":"Feature","properties":{"k":"51.71"},"geometry":{"type":"MultiPolygon","coordinates":[[[[115.222,-8.746],[115.219,-8.749],[115.218,-8.746],[115.222,-8.746]]],[[[115.206,-8.745],[115.215,-8.74],[115.211,-8.747],[115.206,-8.745]]],[[[115.281,-8.646],[115.261,-8.666],[115.264,-8.707],[115.226,-8.722],[115.244,-8.739],[115.223,-8.745],[115.223,-8.726],[115.197,-8.735],[115.173,-8.679],[115.18,-8.612],[115.231,-8.588],[115.281,-8.646]]]]}},{"type":"Feature","properties":{"k":"52.01"},"geometry":{"type":"MultiPolygon","coordinates":[[[[115.993,-8.897],[115.995,-8.899],[115.993,-8.901],[115.993,-8.897]]],[[[115.89,-8.748],[115.893,-8.749],[115.892,-8.75],[115.89,-8.748]]],[[[115.919,-8.729],[115.935,-8.762],[115.913,-8.749],[115.919,-8.729]]],[[[115.891,-8.744],[115.881,-8.737],[115.889,-8.731],[115.891,-8.744]]],[[[115.965,-8.728],[115.967,-8.726],[115.967,-8.728],[115.965,-8.728]]],[[[115.904,-8.731],[115.906,-8.723],[115.91,-8.73],[115.904,-8.731]]],[[[115.96,-8.723],[115.961,-8.722],[115.961,-8.724],[115.96,-8.723]]],[[[115.912,-8.716],[115.918,-8.719],[115.915,-8.721],[115.912,-8.716]]],[[[115.975,-8.706],[115.976,-8.709],[115.974,-8.708],[115.975,-8.706]]],[[[116.048,-8.897],[116.05,-8.898],[116.049,-8.9],[116.048,-8.897]]],[[[116.062,-8.734],[116.065,-8.736],[116.061,-8.736],[116.062,-8.734]]],[[[116.026,-8.722],[116.024,-8.727],[116.021,-8.725],[116.026,-8.722]]],[[[116.016,-8.724],[116.012,-8.723],[116.014,-8.72],[116.016,-8.724]]],[[[116.01,-8.717],[116.007,-8.719],[116.008,-8.715],[116.01,-8.717]]],[[[116.075,-8.617],[116.164,-8.603],[116.16,-8.57],[116.07,-8.545],[116.035,-8.485],[116.042,-8.421],[116.104,-8.39],[116.099,-8.362],[116.119,-8.37],[116.177,-8.341],[116.236,-8.266],[116.338,-8.215],[116.493,-8.245],[116.494,-8.289],[116.44,-8.364],[116.416,-8.441],[116.333,-8.411],[116.297,-8.43],[116.273,-8.513],[116.278,-8.566],[116.195,-8.63],[116.204,-8.661],[116.177,-8.678],[116.106,-8.817],[116.106,-8.868],[116.077,-8.895],[116.044,-8.871],[116.07,-8.855],[116.012,-8.863],[116.028,-8.886],[116.024,-8.905],[116.004,-8.904],[115.934,-8.834],[115.921,-8.848],[115.831,-8.815],[115.82,-8.752],[115.853,-8.719],[115.882,-8.764],[115.897,-8.746],[115.914,-8.775],[115.94,-8.764],[115.965,-8.73],[116.015,-8.75],[116.034,-8.72],[116.047,-8.727],[116.04,-8.765],[116.064,-8.768],[116.083,-8.729],[116.056,-8.733],[116.075,-8.617]]],[[[116.087,-8.365],[116.075,-8.356],[116.085,-8.35],[116.087,-8.365]]],[[[116.052,-8.346],[116.062,-8.357],[116.056,-8.359],[116.052,-8.346]]],[[[116.028,-8.344],[116.045,-8.353],[116.036,-8.362],[116.028,-8.344]]]]}},{"type":"Feature","properties":{"k":"52.02"},"geometry":{"type":"MultiPolygon","coordinates":[[[[116.369,-8.909],[116.371,-8.91],[116.37,-8.913],[116.369,-8.909]]],[[[116.465,-8.745],[116.386,-8.867],[116.405,-8.899],[116.394,-8.953],[116.379,-8.956],[116.377,-8.903],[116.34,-8.9],[116.346,-8.931],[116.279,-8.893],[116.278,-8.913],[116.205,-8.901],[116.194,-8.917],[116.161,-8.907],[116.157,-8.865],[116.109,-8.873],[116.102,-8.86],[116.106,-8.817],[116.177,-8.678],[116.204,-8.662],[116.195,-8.63],[116.278,-8.566],[116.284,-8.463],[116.322,-8.411],[116.416,-8.441],[116.39,-8.659],[116.445,-8.7],[116.465,-8.745]]]]}},{"type":"Feature","properties":{"k":"52.03"},"geometry":{"type":"MultiPolygon","coordinates":[[[[116.499,-8.928],[116.497,-8.927],[116.499,-8.926],[116.499,-8.928]]],[[[116.549,-8.854],[116.552,-8.853],[116.551,-8.855],[116.549,-8.854]]],[[[116.53,-8.816],[116.535,-8.817],[116.531,-8.819],[116.53,-8.816]]],[[[116.521,-8.816],[116.523,-8.816],[116.521,-8.817],[116.521,-8.816]]],[[[116.504,-8.813],[116.508,-8.814],[116.503,-8.815],[116.504,-8.813]]],[[[116.392,-8.853],[116.465,-8.745],[116.444,-8.699],[116.391,-8.666],[116.389,-8.591],[116.422,-8.421],[116.494,-8.289],[116.494,-8.246],[116.651,-8.288],[116.718,-8.348],[116.711,-8.443],[116.663,-8.486],[116.678,-8.497],[116.658,-8.531],[116.667,-8.559],[116.625,-8.602],[116.546,-8.753],[116.481,-8.809],[116.501,-8.811],[116.503,-8.858],[116.515,-8.832],[116.529,-8.841],[116.524,-8.826],[116.546,-8.845],[116.532,-8.849],[116.543,-8.868],[116.564,-8.852],[116.569,-8.867],[116.594,-8.862],[116.571,-8.893],[116.51,-8.915],[116.527,-8.9],[116.51,-8.872],[116.498,-8.911],[116.472,-8.921],[116.431,-8.916],[116.47,-8.823],[116.441,-8.841],[116.426,-8.827],[116.404,-8.865],[116.392,-8.853]],[[116.492,-8.91],[116.491,-8.91],[116.492,-8.911],[116.492,-8.91]],[[116.491,-8.91],[116.493,-8.9],[116.485,-8.898],[116.491,-8.91]]],[[[116.731,-8.445],[116.733,-8.443],[116.732,-8.448],[116.731,-8.445]]],[[[116.736,-8.441],[116.74,-8.441],[116.738,-8.443],[116.736,-8.441]]],[[[116.752,-8.429],[116.75,-8.429],[116.753,-8.427],[116.752,-8.429]]],[[[116.754,-8.423],[116.751,-8.418],[116.754,-8.417],[116.754,-8.423]]],[[[116.74,-8.345],[116.711,-8.326],[116.707,-8.315],[116.717,-8.309],[116.74,-8.345]]],[[[116.713,-8.3],[116.686,-8.291],[116.689,-8.281],[116.713,-8.3]]]]}},{"type":"Feature","properties":{"k":"52.04"},"geometry":{"type":"MultiPolygon","coordinates":[[[[117.203,-9.019],[117.2,-9.016],[117.204,-9.018],[117.203,-9.019]]],[[[116.842,-8.511],[116.859,-8.505],[116.85,-8.519],[116.842,-8.511]]],[[[116.819,-8.5],[116.818,-8.5],[116.819,-8.498],[116.819,-8.5]]],[[[116.876,-8.504],[116.865,-8.495],[116.882,-8.496],[116.876,-8.504]]],[[[116.83,-8.498],[116.834,-8.498],[116.835,-8.501],[116.83,-8.498]]],[[[116.995,-8.476],[116.994,-8.479],[116.993,-8.477],[116.995,-8.476]]],[[[117.009,-8.465],[117.013,-8.461],[117.012,-8.465],[117.009,-8.465]]],[[[116.86,-8.46],[116.859,-8.457],[116.861,-8.456],[116.86,-8.46]]],[[[116.959,-8.423],[116.896,-8.449],[116.839,-8.447],[116.941,-8.42],[116.959,-8.423]]],[[[117.046,-8.395],[116.996,-8.42],[117.004,-8.432],[116.976,-8.431],[116.991,-8.403],[117.022,-8.407],[117.047,-8.377],[117.046,-8.395]]],[[[117.056,-8.382],[117.054,-8.375],[117.06,-8.378],[117.056,-8.382]]],[[[117.071,-8.373],[117.083,-8.373],[117.078,-8.378],[117.071,-8.373]]],[[[117.196,-7.598],[117.194,-7.594],[117.199,-7.597],[117.196,-7.598]]],[[[117.255,-7.592],[117.254,-7.589],[117.256,-7.589],[117.255,-7.592]]],[[[117.273,-7.52],[117.272,-7.522],[117.272,-7.519],[117.273,-7.52]]],[[[117.18,-7.509],[117.179,-7.494],[117.197,-7.501],[117.18,-7.509]]],[[[117.177,-7.491],[117.174,-7.49],[117.176,-7.49],[117.177,-7.491]]],[[[117.048,-9.102],[117.075,-8.946],[117.092,-8.94],[117.068,-8.877],[117.085,-8.832],[117.046,-8.798],[117.101,-8.756],[117.091,-8.712],[116.876,-8.527],[116.944,-8.516],[116.988,-8.479],[117.006,-8.501],[117.036,-8.441],[117.097,-8.416],[117.087,-8.399],[117.11,-8.371],[117.156,-8.364],[117.202,-8.406],[117.236,-8.399],[117.388,-8.473],[117.435,-8.412],[117.428,-8.395],[117.473,-8.415],[117.562,-8.405],[117.572,-8.501],[117.591,-8.503],[117.575,-8.441],[117.599,-8.427],[117.635,-8.465],[117.623,-8.537],[117.632,-8.561],[117.691,-8.578],[117.737,-8.563],[117.727,-8.588],[117.763,-8.606],[117.751,-8.63],[117.781,-8.632],[117.75,-8.639],[117.77,-8.656],[117.77,-8.705],[117.806,-8.726],[117.871,-8.696],[117.901,-8.705],[117.89,-8.723],[117.905,-8.74],[117.921,-8.719],[117.965,-8.742],[118.009,-8.712],[118.036,-8.671],[118.141,-8.648],[118.167,-8.705],[118.327,-8.722],[118.289,-8.74],[118.283,-8.77],[118.185,-8.854],[118.129,-8.878],[118.082,-8.841],[118.007,-8.854],[117.982,-8.895],[117.933,-8.9],[117.884,-8.944],[117.838,-8.932],[117.813,-8.899],[117.766,-8.934],[117.691,-8.918],[117.595,-8.982],[117.412,-9.05],[117.346,-9.042],[117.324,-9.056],[117.202,-9.011],[117.135,-9.085],[117.048,-9.102]]],[[[117.636,-8.518],[117.638,-8.521],[117.636,-8.52],[117.636,-8.518]]],[[[117.632,-8.503],[117.633,-8.507],[117.63,-8.508],[117.632,-8.503]]],[[[117.641,-8.501],[117.636,-8.501],[117.639,-8.498],[117.641,-8.501]]],[[[117.642,-8.439],[117.658,-8.419],[117.663,-8.42],[117.657,-8.439],[117.642,-8.439]]],[[[117.615,-8.233],[117.528,-8.389],[117.47,-8.356],[117.508,-8.277],[117.479,-8.257],[117.483,-8.185],[117.557,-8.144],[117.667,-8.151],[117.69,-8.181],[117.615,-8.233]]],[[[117.424,-8.137],[117.378,-8.161],[117.345,-8.155],[117.393,-8.13],[117.424,-8.137]]],[[[117.457,-7.586],[117.458,-7.59],[117.452,-7.596],[117.457,-7.586]]],[[[117.446,-7.588],[117.445,-7.575],[117.455,-7.589],[117.446,-7.588]]],[[[117.335,-7.528],[117.284,-7.539],[117.279,-7.531],[117.335,-7.528]]],[[[117.275,-7.521],[117.279,-7.536],[117.277,-7.537],[117.275,-7.521]]],[[[117.433,-7.537],[117.423,-7.518],[117.44,-7.512],[117.444,-7.518],[117.433,-7.537]]],[[[117.484,-7.503],[117.475,-7.492],[117.48,-7.479],[117.486,-7.488],[117.484,-7.503]]],[[[117.483,-7.476],[117.484,-7.476],[117.481,-7.479],[117.483,-7.476]]],[[[117.586,-7.403],[117.594,-7.403],[117.593,-7.405],[117.586,-7.403]]],[[[117.533,-7.35],[117.536,-7.343],[117.535,-7.352],[117.533,-7.35]]],[[[117.527,-7.336],[117.529,-7.336],[117.527,-7.339],[117.527,-7.336]]],[[[117.952,-8.723],[117.949,-8.727],[117.949,-8.724],[117.952,-8.723]]],[[[118.013,-8.694],[118.01,-8.693],[118.014,-8.693],[118.013,-8.694]]],[[[117.845,-8.686],[117.843,-8.686],[117.845,-8.684],[117.845,-8.686]]],[[[118.006,-8.686],[118.007,-8.683],[118.009,-8.686],[118.006,-8.686]]],[[[117.777,-8.662],[117.779,-8.66],[117.779,-8.663],[117.777,-8.662]]],[[[117.86,-8.658],[117.861,-8.656],[117.862,-8.658],[117.86,-8.658]]],[[[118.004,-8.629],[118.011,-8.678],[117.978,-8.691],[117.994,-8.655],[117.955,-8.668],[117.979,-8.64],[117.95,-8.614],[118.004,-8.629]]],[[[117.873,-8.608],[117.867,-8.611],[117.865,-8.608],[117.873,-8.608]]],[[[117.835,-8.595],[117.827,-8.578],[117.84,-8.575],[117.842,-8.585],[117.835,-8.595]]],[[[117.713,-8.563],[117.712,-8.564],[117.712,-8.562],[117.713,-8.563]]],[[[117.831,-8.565],[117.814,-8.562],[117.823,-8.555],[117.831,-8.565]]],[[[117.796,-8.556],[117.774,-8.553],[117.8,-8.551],[117.796,-8.556]]],[[[117.746,-8.569],[117.703,-8.495],[117.725,-8.473],[117.77,-8.565],[117.746,-8.569]]],[[[117.64,-8.52],[117.652,-8.448],[117.669,-8.457],[117.68,-8.522],[117.64,-8.52]]],[[[117.761,-8.489],[117.764,-8.49],[117.761,-8.49],[117.761,-8.489]]],[[[117.678,-8.468],[117.677,-8.468],[117.678,-8.467],[117.678,-8.468]]]]}},{"type":"Feature","properties":{"k":"52.05"},"geometry":{"type":"MultiPolygon","coordinates":[[[[118.424,-8.668],[118.424,-8.671],[118.423,-8.669],[118.424,-8.668]]],[[[118.227,-8.645],[118.227,-8.648],[118.225,-8.647],[118.227,-8.645]]],[[[118.201,-8.638],[118.21,-8.654],[118.195,-8.649],[118.201,-8.638]]],[[[118.224,-8.647],[118.221,-8.636],[118.227,-8.638],[118.224,-8.647]]],[[[118.2,-8.598],[118.199,-8.596],[118.201,-8.596],[118.2,-8.598]]],[[[118.468,-8.882],[118.395,-8.854],[118.365,-8.78],[118.405,-8.761],[118.429,-8.718],[118.42,-8.623],[118.388,-8.621],[118.403,-8.604],[118.399,-8.586],[118.38,-8.625],[118.407,-8.672],[118.377,-8.694],[118.356,-8.684],[118.328,-8.725],[118.311,-8.709],[118.167,-8.705],[118.151,-8.654],[118.203,-8.672],[118.229,-8.664],[118.219,-8.644],[118.248,-8.665],[118.266,-8.659],[118.287,-8.626],[118.278,-8.591],[118.251,-8.586],[118.229,-8.551],[118.194,-8.571],[118.181,-8.534],[118.142,-8.514],[118.131,-8.483],[118.105,-8.496],[118.082,-8.451],[117.981,-8.465],[117.818,-8.369],[117.764,-8.29],[117.692,-8.238],[117.724,-8.15],[117.76,-8.145],[117.902,-8.296],[118.167,-8.442],[118.271,-8.442],[118.302,-8.369],[118.386,-8.331],[118.388,-8.304],[118.444,-8.269],[118.476,-8.307],[118.489,-8.366],[118.538,-8.396],[118.504,-8.482],[118.501,-8.552],[118.529,-8.675],[118.468,-8.882]]]]}},{"type":"Feature","properties":{"k":"52.06"},"geometry":{"type":"MultiPolygon","coordinates":[[[[118.28,-8.435],[118.153,-8.438],[117.902,-8.296],[117.76,-8.145],[117.924,-8.08],[117.959,-8.107],[118.076,-8.099],[118.14,-8.132],[118.163,-8.241],[118.218,-8.284],[118.232,-8.331],[118.258,-8.35],[118.275,-8.334],[118.272,-8.359],[118.306,-8.369],[118.28,-8.435]]],[[[117.735,-8.109],[117.747,-8.098],[117.76,-8.11],[117.753,-8.121],[117.735,-8.109]]],[[[117.981,-7.533],[117.981,-7.538],[117.979,-7.533],[117.981,-7.533]]],[[[117.99,-7.534],[117.989,-7.537],[117.988,-7.536],[117.99,-7.534]]],[[[117.885,-7.532],[117.887,-7.534],[117.882,-7.533],[117.885,-7.532]]],[[[117.989,-7.532],[117.979,-7.53],[117.978,-7.527],[117.989,-7.532]]],[[[117.878,-7.46],[117.863,-7.443],[117.865,-7.439],[117.875,-7.445],[117.878,-7.46]]],[[[117.789,-7.438],[117.793,-7.431],[117.797,-7.436],[117.789,-7.438]]],[[[117.748,-7.396],[117.748,-7.401],[117.743,-7.398],[117.748,-7.396]]],[[[117.817,-7.404],[117.808,-7.393],[117.803,-7.387],[117.817,-7.404]]],[[[117.71,-7.393],[117.711,-7.393],[117.713,-7.397],[117.71,-7.393]]],[[[117.78,-7.373],[117.783,-7.37],[117.785,-7.372],[117.78,-7.373]]],[[[117.742,-7.366],[117.751,-7.372],[117.743,-7.375],[117.742,-7.366]]],[[[118.096,-7.304],[118.096,-7.301],[118.097,-7.306],[118.096,-7.304]]],[[[118.108,-7.309],[118.111,-7.296],[118.114,-7.305],[118.108,-7.309]]],[[[118.009,-7.221],[118.011,-7.218],[118.011,-7.222],[118.009,-7.221]]],[[[118.187,-7.199],[118.188,-7.2],[118.186,-7.199],[118.187,-7.199]]],[[[118.193,-7.196],[118.191,-7.2],[118.19,-7.197],[118.193,-7.196]]],[[[118.278,-7.147],[118.278,-7.142],[118.282,-7.148],[118.278,-7.147]]],[[[118.24,-7.1],[118.236,-7.084],[118.244,-7.098],[118.24,-7.1]]],[[[118.152,-7.092],[118.178,-7.072],[118.169,-7.09],[118.152,-7.092]]],[[[117.995,-7.061],[117.996,-7.067],[117.99,-7.068],[117.995,-7.061]]],[[[118.037,-7.035],[118.042,-7.038],[118.035,-7.038],[118.037,-7.035]]],[[[118.254,-6.697],[118.273,-6.701],[118.259,-6.703],[118.254,-6.697]]],[[[118.277,-6.691],[118.274,-6.699],[118.278,-6.682],[118.277,-6.691]]],[[[118.328,-6.636],[118.323,-6.635],[118.325,-6.634],[118.328,-6.636]]],[[[118.748,-8.732],[118.743,-8.737],[118.741,-8.732],[118.748,-8.732]]],[[[118.822,-8.732],[118.824,-8.732],[118.824,-8.736],[118.822,-8.732]]],[[[118.786,-8.734],[118.783,-8.731],[118.787,-8.733],[118.786,-8.734]]],[[[118.751,-8.713],[118.75,-8.713],[118.752,-8.712],[118.751,-8.713]]],[[[118.476,-8.885],[118.531,-8.652],[118.505,-8.596],[118.504,-8.482],[118.538,-8.396],[118.488,-8.364],[118.476,-8.307],[118.444,-8.269],[118.464,-8.245],[118.649,-8.291],[118.683,-8.34],[118.698,-8.397],[118.65,-8.55],[118.705,-8.507],[118.745,-8.567],[118.773,-8.579],[118.912,-8.495],[118.85,-8.419],[118.773,-8.379],[118.755,-8.323],[118.814,-8.281],[118.89,-8.284],[119.004,-8.315],[118.992,-8.375],[119.054,-8.465],[119.036,-8.466],[119.054,-8.511],[119.015,-8.533],[119.026,-8.553],[119.009,-8.574],[119.037,-8.596],[119.036,-8.643],[119.079,-8.651],[119.129,-8.63],[119.109,-8.596],[119.132,-8.603],[119.15,-8.593],[119.147,-8.568],[119.166,-8.556],[119.162,-8.579],[119.193,-8.609],[119.173,-8.611],[119.183,-8.633],[119.151,-8.636],[119.171,-8.649],[119.157,-8.673],[119.177,-8.698],[119.148,-8.709],[119.173,-8.724],[119.135,-8.736],[119.134,-8.753],[119.105,-8.726],[119.099,-8.752],[119.035,-8.732],[118.972,-8.749],[118.909,-8.68],[118.846,-8.73],[118.812,-8.704],[118.781,-8.704],[118.774,-8.722],[118.758,-8.694],[118.693,-8.747],[118.726,-8.759],[118.727,-8.777],[118.909,-8.765],[118.951,-8.792],[118.946,-8.836],[118.836,-8.846],[118.721,-8.793],[118.476,-8.885]]],[[[118.698,-8.446],[118.696,-8.452],[118.692,-8.449],[118.698,-8.446]]],[[[118.41,-7.182],[118.385,-7.197],[118.368,-7.2],[118.368,-7.193],[118.41,-7.182]]],[[[118.369,-7.19],[118.363,-7.186],[118.364,-7.186],[118.369,-7.19]]],[[[118.412,-7.179],[118.407,-7.173],[118.413,-7.181],[118.408,-7.189],[118.412,-7.179]]],[[[118.651,-7.073],[118.651,-7.061],[118.656,-7.068],[118.651,-7.073]]],[[[118.8,-6.977],[118.798,-6.977],[118.798,-6.973],[118.8,-6.977]]],[[[118.809,-6.972],[118.808,-6.977],[118.806,-6.971],[118.809,-6.972]]],[[[118.851,-6.931],[118.861,-6.929],[118.858,-6.933],[118.851,-6.931]]],[[[118.903,-6.884],[118.908,-6.887],[118.896,-6.891],[118.903,-6.884]]],[[[118.962,-6.863],[118.969,-6.859],[118.964,-6.865],[118.962,-6.863]]],[[[118.987,-6.856],[118.986,-6.856],[118.987,-6.854],[118.987,-6.856]]],[[[119.02,-6.833],[119.019,-6.841],[119.017,-6.835],[119.02,-6.833]]],[[[119.004,-6.819],[119.002,-6.813],[119.004,-6.812],[119.004,-6.819]]],[[[118.974,-6.765],[118.969,-6.759],[118.971,-6.757],[118.974,-6.765]]],[[[118.969,-6.755],[118.968,-6.755],[118.968,-6.753],[118.969,-6.755]]],[[[118.951,-6.715],[118.951,-6.708],[118.955,-6.719],[118.951,-6.715]]],[[[118.927,-6.648],[118.932,-6.655],[118.93,-6.657],[118.927,-6.648]]],[[[118.886,-6.605],[118.887,-6.612],[118.883,-6.608],[118.886,-6.605]]],[[[118.855,-6.594],[118.859,-6.587],[118.87,-6.599],[118.855,-6.594]]],[[[118.826,-6.577],[118.831,-6.569],[118.841,-6.584],[118.826,-6.577]]],[[[118.794,-6.552],[118.795,-6.558],[118.793,-6.556],[118.794,-6.552]]],[[[119.2,-8.694],[119.201,-8.694],[119.199,-8.698],[119.2,-8.694]]],[[[119.251,-8.673],[119.248,-8.671],[119.251,-8.671],[119.251,-8.673]]],[[[119.241,-8.673],[119.239,-8.672],[119.242,-8.671],[119.241,-8.673]]],[[[119.227,-8.651],[119.223,-8.691],[119.208,-8.673],[119.227,-8.651]]],[[[119.13,-8.596],[119.129,-8.593],[119.131,-8.595],[119.13,-8.596]]],[[[119.199,-8.571],[119.191,-8.573],[119.186,-8.565],[119.199,-8.571]]],[[[119.033,-8.573],[119.04,-8.576],[119.034,-8.575],[119.033,-8.573]]],[[[119.045,-8.557],[119.053,-8.576],[119.043,-8.582],[119.045,-8.557]]],[[[119.043,-8.556],[119.042,-8.558],[119.041,-8.556],[119.043,-8.556]]],[[[119.265,-8.55],[119.267,-8.547],[119.267,-8.55],[119.265,-8.55]]],[[[119.181,-8.548],[119.176,-8.548],[119.178,-8.546],[119.181,-8.548]]],[[[119.233,-8.537],[119.229,-8.538],[119.232,-8.536],[119.233,-8.537]]],[[[119.346,-8.505],[119.345,-8.51],[119.344,-8.509],[119.346,-8.505]]],[[[119.287,-8.419],[119.32,-8.4],[119.336,-8.431],[119.319,-8.428],[119.322,-8.456],[119.301,-8.43],[119.28,-8.469],[119.264,-8.399],[119.276,-8.394],[119.287,-8.419]]],[[[118.999,-8.184],[119.055,-8.127],[119.114,-8.157],[119.123,-8.2],[119.083,-8.255],[119.036,-8.26],[118.999,-8.228],[118.999,-8.184]]],[[[119.019,-6.907],[119.023,-6.907],[119.021,-6.909],[119.019,-6.907]]],[[[119.068,-6.893],[119.072,-6.89],[119.067,-6.899],[119.068,-6.893]]],[[[119.136,-6.876],[119.138,-6.882],[119.136,-6.883],[119.136,-6.876]]],[[[119.14,-6.869],[119.137,-6.874],[119.14,-6.866],[119.14,-6.869]]],[[[119.129,-6.868],[119.138,-6.864],[119.134,-6.875],[119.129,-6.868]]],[[[119.146,-6.859],[119.151,-6.864],[119.15,-6.868],[119.146,-6.859]]],[[[119.121,-6.841],[119.123,-6.857],[119.097,-6.868],[119.098,-6.847],[119.121,-6.841]]],[[[119.175,-6.825],[119.194,-6.817],[119.168,-6.847],[119.175,-6.825]]],[[[119.167,-6.794],[119.169,-6.796],[119.164,-6.803],[119.167,-6.794]]]]}},{"type":"Feature","properties":{"k":"52.07"},"geometry":{"type":"MultiPolygon","coordinates":[[[[116.731,-9.002],[116.73,-9.007],[116.728,-9.006],[116.731,-9.002]]],[[[116.901,-8.563],[117.001,-8.624],[117.091,-8.712],[117.101,-8.756],[117.046,-8.798],[117.083,-8.825],[117.068,-8.877],[117.092,-8.94],[117.075,-8.946],[117.068,-9.041],[117.039,-9.105],[117.012,-9.11],[116.941,-9.054],[116.897,-9.066],[116.788,-9.035],[116.728,-8.998],[116.737,-8.972],[116.716,-8.973],[116.751,-8.925],[116.724,-8.911],[116.732,-8.891],[116.752,-8.893],[116.732,-8.869],[116.769,-8.855],[116.786,-8.814],[116.804,-8.826],[116.815,-8.812],[116.8,-8.773],[116.778,-8.768],[116.789,-8.752],[116.764,-8.737],[116.785,-8.721],[116.774,-8.675],[116.746,-8.662],[116.787,-8.591],[116.833,-8.558],[116.82,-8.514],[116.843,-8.538],[116.876,-8.527],[116.901,-8.563]]],[[[116.719,-8.752],[116.711,-8.749],[116.719,-8.748],[116.719,-8.752]]],[[[116.768,-8.712],[116.773,-8.707],[116.771,-8.712],[116.768,-8.712]]],[[[116.728,-8.684],[116.727,-8.688],[116.724,-8.687],[116.728,-8.684]]],[[[116.731,-8.684],[116.73,-8.682],[116.732,-8.681],[116.731,-8.684]]],[[[116.788,-8.528],[116.771,-8.559],[116.766,-8.553],[116.788,-8.528]]],[[[116.789,-8.526],[116.791,-8.524],[116.792,-8.525],[116.789,-8.526]]],[[[116.788,-8.519],[116.791,-8.511],[116.794,-8.515],[116.788,-8.519]]]]}},{"type":"Feature","properties":{"k":"52.08"},"geometry":{"type":"MultiPolygon","coordinates":[[[[116.087,-8.382],[116.075,-8.388],[116.082,-8.38],[116.087,-8.382]]],[[[116.062,-8.38],[116.051,-8.375],[116.057,-8.371],[116.062,-8.38]]],[[[116.034,-8.392],[116.028,-8.376],[116.041,-8.369],[116.044,-8.382],[116.034,-8.392]]],[[[116.347,-8.24],[116.494,-8.274],[116.47,-8.303],[116.467,-8.36],[116.42,-8.421],[116.427,-8.454],[116.406,-8.465],[116.382,-8.441],[116.333,-8.441],[116.222,-8.488],[116.214,-8.512],[116.142,-8.485],[116.129,-8.502],[116.037,-8.501],[116.042,-8.452],[116.104,-8.422],[116.1,-8.391],[116.12,-8.4],[116.177,-8.371],[116.194,-8.334],[116.268,-8.274],[116.347,-8.24]]]]}},{"type":"Feature","properties":{"k":"52.71"},"geometry":{"type":"Polygon","coordinates":[[[116.07,-8.545],[116.14,-8.556],[116.164,-8.603],[116.075,-8.617],[116.07,-8.545]]]}},{"type":"Feature","properties":{"k":"52.72"},"geometry":{"type":"Polygon","coordinates":[[[118.705,-8.507],[118.724,-8.437],[118.698,-8.412],[118.702,-8.389],[118.754,-8.329],[118.773,-8.379],[118.85,-8.419],[118.912,-8.495],[118.773,-8.579],[118.745,-8.567],[118.705,-8.507]]]}},{"type":"Feature","properties":{"k":"53.01"},"geometry":{"type":"MultiPolygon","coordinates":[[[[121.276,-10.829],[121.275,-10.819],[121.284,-10.828],[121.276,-10.829]]],[[[121.566,-10.596],[121.636,-10.601],[121.574,-10.642],[121.519,-10.632],[121.566,-10.596]]],[[[121.863,-10.623],[121.75,-10.615],[121.684,-10.577],[121.834,-10.5],[121.845,-10.45],[121.876,-10.428],[121.915,-10.419],[122.0,-10.443],[121.986,-10.551],[121.948,-10.557],[121.863,-10.623]]],[[[123.344,-10.325],[123.341,-10.325],[123.342,-10.324],[123.344,-10.325]]],[[[123.278,-10.308],[123.274,-10.32],[123.27,-10.318],[123.278,-10.308]]],[[[123.411,-10.332],[123.383,-10.337],[123.379,-10.312],[123.347,-10.306],[123.322,-10.34],[123.3,-10.272],[123.361,-10.214],[123.396,-10.134],[123.452,-10.114],[123.469,-10.162],[123.49,-10.154],[123.507,-10.175],[123.429,-10.23],[123.421,-10.21],[123.393,-10.21],[123.416,-10.25],[123.421,-10.296],[123.397,-10.291],[123.411,-10.332]]],[[[123.426,-10.239],[123.438,-10.245],[123.428,-10.246],[123.426,-10.239]]],[[[123.552,-10.089],[123.559,-10.086],[123.558,-10.094],[123.552,-10.089]]],[[[123.613,-10.049],[123.612,-10.053],[123.611,-10.052],[123.613,-10.049]]],[[[123.651,-10.025],[123.653,-10.024],[123.653,-10.026],[123.651,-10.025]]],[[[124.223,-10.159],[124.17,-10.151],[124.109,-10.174],[124.184,-10.144],[124.163,-10.139],[124.105,-10.173],[124.02,-10.275],[123.964,-10.276],[123.797,-10.356],[123.704,-10.367],[123.656,-10.35],[123.611,-10.37],[123.544,-10.328],[123.469,-10.361],[123.455,-10.352],[123.5,-10.274],[123.489,-10.224],[123.546,-10.226],[123.552,-10.257],[123.573,-10.242],[123.585,-10.253],[123.573,-10.295],[123.599,-10.303],[123.684,-10.186],[123.644,-10.185],[123.67,-10.173],[123.648,-10.146],[123.744,-10.096],[123.771,-10.043],[123.651,-10.01],[123.601,-10.046],[123.581,-10.018],[123.584,-9.916],[123.64,-9.896],[123.668,-9.852],[123.664,-9.796],[123.64,-9.774],[123.681,-9.746],[123.674,-9.627],[123.735,-9.566],[123.787,-9.543],[123.795,-9.489],[123.827,-9.496],[123.872,-9.475],[123.994,-9.342],[124.044,-9.336],[124.106,-9.432],[124.194,-9.504],[124.181,-9.518],[124.147,-9.484],[124.121,-9.489],[124.14,-9.561],[124.048,-9.61],[124.058,-9.646],[124.034,-9.678],[124.056,-9.721],[124.088,-9.732],[124.069,-9.757],[124.094,-9.812],[124.088,-9.965],[124.137,-9.986],[124.162,-10.015],[124.144,-10.019],[124.153,-10.037],[124.205,-10.082],[124.223,-10.159]]]]}},{"type":"Feature","properties":{"k":"53.02"},"geometry":{"type":"Polygon","coordinates":[[[124.223,-10.159],[124.205,-10.082],[124.145,-10.023],[124.161,-10.013],[124.088,-9.965],[124.094,-9.812],[124.069,-9.757],[124.088,-9.732],[124.056,-9.721],[124.034,-9.678],[124.058,-9.646],[124.048,-9.61],[124.14,-9.561],[124.121,-9.489],[124.147,-9.484],[124.184,-9.518],[124.201,-9.496],[124.23,-9.531],[124.212,-9.549],[124.314,-9.577],[124.321,-9.608],[124.339,-9.591],[124.453,-9.619],[124.494,-9.656],[124.496,-9.685],[124.631,-9.594],[124.696,-9.594],[124.669,-9.63],[124.72,-9.652],[124.797,-9.6],[124.79,-9.639],[124.817,-9.678],[124.794,-9.771],[124.806,-9.795],[124.748,-9.884],[124.671,-9.921],[124.584,-10.003],[124.551,-10.008],[124.504,-10.099],[124.408,-10.166],[124.223,-10.159]]]}},{"type":"Feature","properties":{"k":"53.03"},"geometry":{"type":"MultiPolygon","coordinates":[[[[124.782,-9.021],[124.819,-9.085],[124.82,-9.136],[124.804,-9.15],[124.825,-9.161],[124.817,-9.202],[124.856,-9.287],[124.838,-9.343],[124.804,-9.365],[124.8,-9.399],[124.77,-9.412],[124.791,-9.44],[124.751,-9.497],[124.763,-9.54],[124.749,-9.567],[124.709,-9.565],[124.696,-9.594],[124.631,-9.594],[124.496,-9.685],[124.494,-9.656],[124.453,-9.619],[124.339,-9.591],[124.321,-9.608],[124.314,-9.577],[124.215,-9.551],[124.222,-9.517],[124.098,-9.421],[124.093,-9.409],[124.12,-9.407],[124.15,-9.427],[124.216,-9.366],[124.271,-9.412],[124.287,-9.451],[124.278,-9.503],[124.352,-9.485],[124.365,-9.46],[124.351,-9.429],[124.38,-9.397],[124.38,-9.357],[124.438,-9.334],[124.462,-9.301],[124.476,-9.174],[124.559,-9.178],[124.671,-9.117],[124.697,-9.053],[124.73,-9.059],[124.782,-9.021]]],[[[123.993,-9.259],[123.993,-9.254],[123.996,-9.258],[123.993,-9.259]]]]}},{"type":"Feature","properties":{"k":"53.04"},"geometry":{"type":"Polygon","coordinates":[[[124.806,-9.795],[124.794,-9.771],[124.817,-9.678],[124.79,-9.639],[124.797,-9.601],[124.726,-9.652],[124.668,-9.625],[124.705,-9.567],[124.754,-9.564],[124.75,-9.499],[124.791,-9.44],[124.77,-9.412],[124.8,-9.399],[124.804,-9.365],[124.838,-9.343],[124.856,-9.287],[124.817,-9.202],[124.825,-9.161],[124.804,-9.15],[124.82,-9.136],[124.819,-9.085],[124.783,-9.021],[124.954,-8.954],[124.932,-9.028],[124.955,-9.058],[124.997,-9.065],[125.076,-9.022],[125.12,-8.97],[125.186,-9.029],[125.179,-9.168],[125.134,-9.175],[125.099,-9.205],[125.056,-9.17],[124.995,-9.172],[124.977,-9.23],[124.996,-9.294],[125.05,-9.325],[125.089,-9.46],[124.994,-9.558],[124.975,-9.539],[124.993,-9.567],[124.984,-9.637],[124.946,-9.679],[124.864,-9.72],[124.806,-9.795]]]}},{"type":"Feature","properties":{"k":"53.05"},"geometry":{"type":"MultiPolygon","coordinates":[[[[123.89,-8.425],[123.88,-8.444],[123.873,-8.431],[123.89,-8.425]]],[[[123.837,-8.41],[123.813,-8.408],[123.815,-8.367],[123.834,-8.372],[123.837,-8.41]]],[[[123.955,-8.357],[123.929,-8.383],[123.899,-8.37],[123.913,-8.356],[123.955,-8.357]]],[[[124.087,-8.221],[124.079,-8.24],[124.07,-8.231],[124.087,-8.221]]],[[[124.039,-8.226],[124.025,-8.23],[124.049,-8.211],[124.039,-8.226]]],[[[124.033,-8.21],[124.035,-8.21],[124.034,-8.211],[124.033,-8.21]]],[[[124.034,-8.206],[124.035,-8.204],[124.035,-8.206],[124.034,-8.206]]],[[[124.054,-8.171],[124.058,-8.171],[124.055,-8.173],[124.054,-8.171]]],[[[124.29,-8.471],[124.278,-8.492],[124.271,-8.473],[124.29,-8.471]]],[[[124.059,-8.293],[124.086,-8.314],[124.091,-8.373],[124.111,-8.387],[124.104,-8.36],[124.2,-8.276],[124.251,-8.192],[124.28,-8.174],[124.324,-8.188],[124.326,-8.229],[124.299,-8.268],[124.302,-8.33],[124.247,-8.362],[124.21,-8.416],[124.212,-8.461],[124.121,-8.546],[124.055,-8.544],[124.065,-8.492],[124.034,-8.421],[123.987,-8.419],[123.944,-8.461],[123.913,-8.44],[123.945,-8.408],[123.964,-8.348],[124.059,-8.293]]],[[[124.374,-8.3],[124.359,-8.326],[124.331,-8.324],[124.315,-8.3],[124.355,-8.275],[124.374,-8.3]]],[[[125.112,-8.344],[124.89,-8.364],[124.787,-8.402],[124.657,-8.391],[124.542,-8.443],[124.496,-8.419],[124.417,-8.46],[124.415,-8.437],[124.363,-8.443],[124.337,-8.419],[124.409,-8.295],[124.559,-8.223],[124.504,-8.222],[124.405,-8.276],[124.4,-8.219],[124.447,-8.155],[124.526,-8.122],[124.604,-8.127],[124.591,-8.185],[124.609,-8.197],[124.667,-8.161],[124.749,-8.146],[124.872,-8.167],[124.959,-8.14],[124.999,-8.157],[125.094,-8.147],[125.142,-8.238],[125.128,-8.286],[125.141,-8.319],[125.112,-8.344]]],[[[124.4,-8.268],[124.402,-8.277],[124.397,-8.276],[124.4,-8.268]]],[[[124.379,-8.22],[124.361,-8.215],[124.369,-8.201],[124.379,-8.22]]],[[[124.371,-8.183],[124.373,-8.168],[124.384,-8.176],[124.371,-8.183]]],[[[124.617,-8.122],[124.617,-8.116],[124.619,-8.119],[124.617,-8.122]]]]}},{"type":"Feature","properties":{"k":"53.06"},"geometry":{"type":"MultiPolygon","coordinates":[[[[122.847,-8.646],[122.846,-8.644],[122.847,-8.644],[122.847,-8.646]]],[[[122.847,-8.604],[122.844,-8.603],[122.845,-8.602],[122.847,-8.604]]],[[[123.023,-8.477],[122.978,-8.513],[122.937,-8.595],[122.885,-8.609],[122.87,-8.582],[122.881,-8.53],[122.946,-8.492],[122.976,-8.436],[123.021,-8.448],[123.143,-8.423],[123.168,-8.436],[123.148,-8.462],[123.078,-8.489],[123.023,-8.477]]],[[[122.795,-8.457],[122.803,-8.447],[122.803,-8.456],[122.795,-8.457]]],[[[122.657,-8.634],[122.687,-8.482],[122.664,-8.416],[122.625,-8.413],[122.615,-8.389],[122.765,-8.363],[122.811,-8.298],[122.884,-8.287],[122.912,-8.217],[122.939,-8.199],[122.868,-8.177],[122.81,-8.198],[122.787,-8.236],[122.73,-8.223],[122.785,-8.15],[122.782,-8.108],[122.867,-8.063],[122.972,-8.133],[122.957,-8.196],[123.018,-8.281],[123.02,-8.316],[122.965,-8.353],[122.914,-8.329],[122.879,-8.384],[122.887,-8.449],[122.784,-8.423],[122.789,-8.479],[122.844,-8.545],[122.832,-8.59],[122.736,-8.609],[122.727,-8.634],[122.657,-8.634]]],[[[123.066,-8.412],[123.054,-8.399],[123.001,-8.41],[123.01,-8.339],[123.147,-8.231],[123.182,-8.24],[123.21,-8.224],[123.22,-8.244],[123.244,-8.225],[123.337,-8.265],[123.305,-8.297],[123.294,-8.388],[123.18,-8.385],[123.066,-8.412]]],[[[123.328,-8.254],[123.333,-8.254],[123.333,-8.256],[123.328,-8.254]]],[[[123.334,-8.246],[123.337,-8.257],[123.332,-8.251],[123.334,-8.246]]],[[[123.324,-8.232],[123.322,-8.234],[123.323,-8.23],[123.324,-8.232]]]]}},{"type":"Feature","properties":{"k":"53.07"},"geometry":{"type":"MultiPolygon","coordinates":[[[[122.657,-8.634],[122.558,-8.666],[122.54,-8.702],[122.453,-8.737],[122.279,-8.755],[122.115,-8.73],[122.005,-8.802],[121.989,-8.758],[121.927,-8.72],[121.967,-8.666],[121.954,-8.62],[121.999,-8.6],[121.989,-8.539],[122.007,-8.512],[122.019,-8.53],[122.072,-8.523],[122.083,-8.542],[122.104,-8.528],[122.161,-8.557],[122.224,-8.621],[122.289,-8.642],[122.365,-8.611],[122.473,-8.609],[122.518,-8.527],[122.479,-8.491],[122.547,-8.464],[122.591,-8.424],[122.598,-8.393],[122.66,-8.412],[122.677,-8.439],[122.683,-8.525],[122.652,-8.599],[122.657,-8.634]]],[[[122.334,-8.435],[122.423,-8.45],[122.415,-8.476],[122.389,-8.498],[122.355,-8.489],[122.334,-8.435]]],[[[122.323,-8.351],[122.307,-8.369],[122.276,-8.368],[122.285,-8.354],[122.323,-8.351]]],[[[122.338,-8.352],[122.343,-8.347],[122.344,-8.348],[122.338,-8.352]]],[[[121.731,-8.299],[121.745,-8.334],[121.733,-8.351],[121.669,-8.348],[121.695,-8.296],[121.731,-8.299]]],[[[122.131,-8.122],[122.105,-8.123],[122.105,-8.117],[122.13,-8.107],[122.131,-8.122]]],[[[122.397,-8.496],[122.399,-8.496],[122.4,-8.498],[122.397,-8.496]]],[[[122.457,-8.479],[122.465,-8.477],[122.467,-8.482],[122.457,-8.479]]],[[[122.457,-8.474],[122.438,-8.479],[122.423,-8.467],[122.451,-8.458],[122.457,-8.474]]],[[[122.443,-8.456],[122.444,-8.45],[122.449,-8.452],[122.443,-8.456]]],[[[122.518,-8.417],[122.501,-8.435],[122.502,-8.417],[122.518,-8.417]]]]}},{"type":"Feature","properties":{"k":"53.08"},"geometry":{"type":"MultiPolygon","coordinates":[[[[121.519,-8.854],[121.535,-8.889],[121.516,-8.907],[121.519,-8.854]]],[[[122.023,-8.44],[121.989,-8.539],[121.999,-8.6],[121.954,-8.62],[121.967,-8.666],[121.927,-8.716],[121.946,-8.744],[121.989,-8.758],[122.001,-8.807],[121.862,-8.835],[121.772,-8.883],[121.674,-8.848],[121.644,-8.906],[121.624,-8.892],[121.641,-8.84],[121.589,-8.803],[121.383,-8.79],[121.36,-8.71],[121.369,-8.64],[121.488,-8.637],[121.497,-8.615],[121.581,-8.57],[121.572,-8.53],[121.612,-8.558],[121.601,-8.525],[121.618,-8.471],[121.681,-8.512],[121.729,-8.494],[121.801,-8.51],[121.842,-8.48],[121.913,-8.496],[121.957,-8.442],[121.957,-8.473],[121.983,-8.446],[122.023,-8.44]]],[[[121.606,-8.469],[121.599,-8.471],[121.604,-8.466],[121.606,-8.469]]]]}},{"type":"Feature","properties":{"k":"53.09"},"geometry":{"type":"MultiPolygon","coordinates":[[[[121.513,-8.608],[121.483,-8.639],[121.369,-8.64],[121.36,-8.71],[121.383,-8.748],[121.383,-8.792],[121.368,-8.881],[121.34,-8.906],[121.171,-8.887],[121.058,-8.948],[121.001,-8.956],[120.931,-8.934],[120.873,-8.887],[120.849,-8.834],[120.8,-8.821],[120.845,-8.739],[120.838,-8.703],[120.874,-8.68],[120.883,-8.648],[120.852,-8.536],[120.929,-8.495],[120.948,-8.455],[120.945,-8.344],[120.985,-8.35],[120.964,-8.37],[120.998,-8.395],[120.99,-8.375],[121.016,-8.369],[121.024,-8.413],[121.143,-8.424],[121.307,-8.481],[121.348,-8.55],[121.42,-8.592],[121.476,-8.563],[121.513,-8.608]]],[[[121.499,-8.565],[121.503,-8.565],[121.502,-8.569],[121.499,-8.565]]],[[[121.091,-8.408],[121.092,-8.413],[121.09,-8.412],[121.091,-8.408]]],[[[121.09,-8.403],[121.088,-8.404],[121.087,-8.4],[121.09,-8.403]]],[[[121.078,-8.389],[121.084,-8.394],[121.076,-8.392],[121.078,-8.389]]],[[[121.098,-8.392],[121.099,-8.389],[121.1,-8.39],[121.098,-8.392]]],[[[121.061,-8.391],[121.06,-8.388],[121.062,-8.389],[121.061,-8.391]]],[[[121.073,-8.39],[121.069,-8.387],[121.07,-8.387],[121.073,-8.39]]],[[[121.057,-8.383],[121.058,-8.379],[121.059,-8.386],[121.057,-8.383]]],[[[121.003,-8.362],[121.005,-8.365],[121.004,-8.366],[121.003,-8.362]]]]}},{"type":"Feature","properties":{"k":"53.10"},"geometry":{"type":"MultiPolygon","coordinates":[[[[120.282,-8.87],[120.306,-8.901],[120.259,-8.907],[120.282,-8.87]]],[[[120.235,-8.836],[120.238,-8.804],[120.282,-8.786],[120.271,-8.76],[120.293,-8.756],[120.332,-8.696],[120.28,-8.648],[120.286,-8.592],[120.33,-8.559],[120.358,-8.571],[120.353,-8.523],[120.4,-8.448],[120.388,-8.427],[120.312,-8.451],[120.296,-8.44],[120.292,-8.281],[120.389,-8.288],[120.428,-8.241],[120.465,-8.295],[120.531,-8.273],[120.562,-8.301],[120.6,-8.29],[120.601,-8.255],[120.734,-8.349],[120.808,-8.338],[120.882,-8.35],[120.885,-8.368],[120.895,-8.353],[120.945,-8.353],[120.948,-8.455],[120.929,-8.495],[120.852,-8.536],[120.883,-8.648],[120.874,-8.68],[120.838,-8.703],[120.845,-8.739],[120.8,-8.816],[120.82,-8.838],[120.789,-8.841],[120.774,-8.888],[120.651,-8.87],[120.595,-8.815],[120.369,-8.818],[120.313,-8.856],[120.235,-8.836]]]]}},{"type":"Feature","properties":{"k":"53.11"},"geometry":{"type":"MultiPolygon","coordinates":[[[[120.125,-10.326],[120.112,-10.335],[120.107,-10.333],[120.125,-10.326]]],[[[120.164,-10.312],[120.165,-10.316],[120.163,-10.316],[120.164,-10.312]]],[[[120.211,-10.303],[120.19,-10.324],[120.172,-10.317],[120.211,-10.303]]],[[[119.701,-9.86],[119.704,-9.86],[119.703,-9.861],[119.701,-9.86]]],[[[119.675,-9.829],[119.741,-9.834],[119.737,-9.792],[119.759,-9.764],[119.723,-9.717],[119.727,-9.673],[119.834,-9.669],[119.846,-9.572],[119.885,-9.518],[119.92,-9.507],[119.933,-9.454],[119.921,-9.396],[119.871,-9.34],[119.935,-9.276],[120.086,-9.471],[120.127,-9.485],[120.184,-9.468],[120.211,-9.491],[120.251,-9.646],[120.299,-9.641],[120.318,-9.675],[120.465,-9.615],[120.505,-9.686],[120.56,-9.698],[120.598,-9.733],[120.677,-9.898],[120.747,-9.923],[120.816,-9.977],[120.847,-10.037],[120.825,-10.103],[120.842,-10.088],[120.685,-10.225],[120.646,-10.226],[120.61,-10.253],[120.536,-10.238],[120.485,-10.264],[120.455,-10.317],[120.35,-10.249],[120.211,-10.253],[120.181,-10.227],[120.165,-10.24],[120.108,-10.176],[120.082,-10.177],[120.046,-10.126],[120.008,-10.125],[120.02,-10.084],[119.947,-9.999],[119.951,-9.975],[119.906,-9.974],[119.904,-9.95],[119.883,-9.959],[119.858,-9.92],[119.784,-9.923],[119.675,-9.829]]]]}},{"type":"Feature","properties":{"k":"53.12","approx":1},"geometry":{"type":"Polygon","coordinates":[[[119.534,-9.647],[119.493,-9.746],[119.394,-9.787],[119.295,-9.746],[119.254,-9.647],[119.295,-9.549],[119.394,-9.508],[119.493,-9.549],[119.534,-9.647]]]}},{"type":"Feature","properties":{"k":"53.13"},"geometry":{"type":"MultiPolygon","coordinates":[[[[123.335,-8.401],[123.434,-8.367],[123.471,-8.338],[123.414,-8.293],[123.344,-8.304],[123.409,-8.252],[123.455,-8.271],[123.496,-8.241],[123.561,-8.244],[123.495,-8.36],[123.551,-8.369],[123.597,-8.332],[123.572,-8.311],[123.575,-8.288],[123.604,-8.289],[123.599,-8.317],[123.635,-8.292],[123.605,-8.22],[123.649,-8.217],[123.652,-8.254],[123.692,-8.257],[123.712,-8.24],[123.699,-8.217],[123.783,-8.17],[123.853,-8.227],[123.865,-8.211],[123.903,-8.216],[123.925,-8.247],[123.838,-8.285],[123.797,-8.273],[123.764,-8.29],[123.673,-8.429],[123.652,-8.427],[123.65,-8.404],[123.621,-8.405],[123.554,-8.47],[123.587,-8.531],[123.546,-8.572],[123.516,-8.562],[123.491,-8.515],[123.405,-8.584],[123.366,-8.573],[123.317,-8.527],[123.291,-8.549],[123.241,-8.539],[123.221,-8.554],[123.21,-8.512],[123.234,-8.51],[123.335,-8.401]]],[[[123.574,-7.793],[123.602,-7.781],[123.592,-7.807],[123.574,-7.793]]]]}},{"type":"Feature","properties":{"k":"53.14"},"geometry":{"type":"MultiPolygon","coordinates":[[[[122.882,-11.008],[122.854,-10.993],[122.842,-10.968],[122.882,-10.976],[122.882,-11.008]]],[[[122.882,-10.956],[122.879,-10.953],[122.883,-10.955],[122.882,-10.956]]],[[[122.951,-10.942],[122.953,-10.945],[122.951,-10.944],[122.951,-10.942]]],[[[122.972,-10.921],[122.956,-10.938],[122.933,-10.936],[122.935,-10.916],[122.972,-10.921]]],[[[122.994,-10.929],[122.997,-10.923],[122.998,-10.926],[122.994,-10.929]]],[[[123.001,-10.908],[122.986,-10.925],[122.977,-10.912],[123.001,-10.908]]],[[[122.737,-10.836],[122.738,-10.824],[122.749,-10.828],[122.737,-10.836]]],[[[122.678,-10.834],[122.648,-10.812],[122.639,-10.807],[122.667,-10.799],[122.678,-10.834]]],[[[122.757,-10.79],[122.753,-10.775],[122.786,-10.774],[122.785,-10.781],[122.757,-10.79]]],[[[122.949,-10.733],[122.955,-10.728],[122.957,-10.731],[122.949,-10.733]]],[[[122.962,-10.731],[122.963,-10.729],[122.964,-10.73],[122.962,-10.731]]],[[[122.994,-10.73],[122.987,-10.731],[122.99,-10.728],[122.994,-10.73]]],[[[123.01,-10.908],[123.005,-10.909],[123.009,-10.908],[123.01,-10.908]]],[[[123.057,-10.872],[123.067,-10.873],[123.066,-10.879],[123.057,-10.872]]],[[[123.073,-10.861],[123.072,-10.863],[123.07,-10.861],[123.073,-10.861]]],[[[123.181,-10.834],[123.178,-10.834],[123.179,-10.832],[123.181,-10.834]]],[[[123.043,-10.729],[123.129,-10.644],[123.179,-10.636],[123.196,-10.593],[123.231,-10.605],[123.259,-10.605],[123.311,-10.592],[123.312,-10.577],[123.277,-10.58],[123.25,-10.604],[123.213,-10.58],[123.263,-10.521],[123.37,-10.477],[123.375,-10.431],[123.425,-10.471],[123.403,-10.474],[123.383,-10.489],[123.4,-10.505],[123.371,-10.532],[123.37,-10.544],[123.404,-10.519],[123.41,-10.493],[123.442,-10.494],[123.385,-10.56],[123.379,-10.547],[123.362,-10.546],[123.384,-10.569],[123.344,-10.586],[123.417,-10.609],[123.426,-10.658],[123.399,-10.688],[123.332,-10.678],[123.3,-10.72],[123.253,-10.735],[123.224,-10.83],[123.188,-10.837],[123.158,-10.817],[123.132,-10.816],[123.084,-10.861],[123.071,-10.85],[122.973,-10.868],[122.95,-10.885],[122.971,-10.915],[122.883,-10.913],[122.848,-10.943],[122.823,-10.922],[122.831,-10.858],[122.807,-10.781],[122.834,-10.787],[122.827,-10.77],[122.933,-10.736],[123.043,-10.729]]],[[[123.103,-10.664],[123.105,-10.665],[123.101,-10.665],[123.103,-10.664]]],[[[123.386,-10.564],[123.39,-10.563],[123.391,-10.565],[123.386,-10.564]]],[[[123.377,-10.537],[123.376,-10.532],[123.378,-10.533],[123.377,-10.537]]],[[[123.393,-10.519],[123.394,-10.52],[123.393,-10.521],[123.393,-10.519]]],[[[123.398,-10.495],[123.392,-10.489],[123.397,-10.482],[123.398,-10.495]]],[[[123.398,-10.48],[123.401,-10.48],[123.4,-10.481],[123.398,-10.48]]],[[[123.33,-10.458],[123.332,-10.454],[123.333,-10.456],[123.33,-10.458]]]]}},{"type":"Feature","properties":{"k":"53.15"},"geometry":{"type":"MultiPolygon","coordinates":[[[[119.422,-8.76],[119.425,-8.744],[119.431,-8.763],[119.422,-8.76]]],[[[119.367,-8.75],[119.374,-8.739],[119.375,-8.745],[119.367,-8.75]]],[[[119.409,-8.743],[119.412,-8.741],[119.412,-8.743],[119.409,-8.743]]],[[[119.482,-8.736],[119.483,-8.739],[119.48,-8.739],[119.482,-8.736]]],[[[119.409,-8.738],[119.411,-8.735],[119.412,-8.739],[119.409,-8.738]]],[[[119.533,-8.689],[119.535,-8.694],[119.532,-8.693],[119.533,-8.689]]],[[[119.468,-8.688],[119.467,-8.684],[119.473,-8.691],[119.468,-8.688]]],[[[119.541,-8.684],[119.538,-8.685],[119.538,-8.683],[119.541,-8.684]]],[[[119.544,-8.682],[119.543,-8.68],[119.544,-8.681],[119.544,-8.682]]],[[[119.534,-8.676],[119.534,-8.678],[119.533,-8.675],[119.534,-8.676]]],[[[119.532,-8.669],[119.534,-8.669],[119.533,-8.671],[119.532,-8.669]]],[[[119.534,-8.665],[119.534,-8.667],[119.533,-8.666],[119.534,-8.665]]],[[[119.498,-8.649],[119.493,-8.649],[119.495,-8.646],[119.498,-8.649]]],[[[119.557,-8.646],[119.554,-8.645],[119.555,-8.644],[119.557,-8.646]]],[[[119.525,-8.623],[119.53,-8.623],[119.528,-8.626],[119.525,-8.623]]],[[[119.471,-8.621],[119.468,-8.618],[119.472,-8.618],[119.471,-8.621]]],[[[119.476,-8.618],[119.473,-8.617],[119.475,-8.616],[119.476,-8.618]]],[[[119.52,-8.617],[119.52,-8.614],[119.521,-8.615],[119.52,-8.617]]],[[[119.532,-8.614],[119.527,-8.606],[119.534,-8.607],[119.532,-8.614]]],[[[119.488,-8.598],[119.488,-8.601],[119.487,-8.601],[119.488,-8.598]]],[[[119.497,-8.601],[119.492,-8.598],[119.495,-8.597],[119.497,-8.601]]],[[[119.464,-8.627],[119.494,-8.614],[119.477,-8.651],[119.454,-8.65],[119.433,-8.679],[119.457,-8.702],[119.453,-8.745],[119.471,-8.739],[119.441,-8.752],[119.405,-8.722],[119.377,-8.738],[119.371,-8.717],[119.404,-8.688],[119.409,-8.647],[119.399,-8.623],[119.374,-8.63],[119.388,-8.6],[119.374,-8.585],[119.436,-8.526],[119.412,-8.503],[119.449,-8.489],[119.42,-8.449],[119.451,-8.452],[119.455,-8.427],[119.481,-8.485],[119.57,-8.488],[119.578,-8.538],[119.558,-8.515],[119.55,-8.536],[119.575,-8.595],[119.518,-8.602],[119.525,-8.583],[119.504,-8.569],[119.48,-8.605],[119.453,-8.607],[119.464,-8.627]]],[[[119.391,-8.554],[119.389,-8.557],[119.386,-8.55],[119.391,-8.554]]],[[[119.412,-8.517],[119.413,-8.517],[119.414,-8.521],[119.412,-8.517]]],[[[119.563,-8.461],[119.561,-8.476],[119.551,-8.475],[119.563,-8.461]]],[[[119.656,-8.785],[119.659,-8.818],[119.631,-8.802],[119.656,-8.785]]],[[[119.663,-8.611],[119.675,-8.687],[119.708,-8.669],[119.688,-8.639],[119.715,-8.654],[119.726,-8.619],[119.805,-8.625],[119.799,-8.657],[119.758,-8.665],[119.745,-8.699],[119.711,-8.68],[119.69,-8.722],[119.733,-8.768],[119.694,-8.811],[119.676,-8.809],[119.658,-8.773],[119.619,-8.794],[119.602,-8.749],[119.606,-8.733],[119.632,-8.741],[119.618,-8.707],[119.661,-8.701],[119.652,-8.669],[119.649,-8.689],[119.624,-8.682],[119.642,-8.66],[119.614,-8.609],[119.663,-8.611]]],[[[119.571,-8.694],[119.565,-8.686],[119.574,-8.686],[119.571,-8.694]]],[[[119.605,-8.677],[119.607,-8.677],[119.608,-8.679],[119.605,-8.677]]],[[[119.591,-8.666],[119.559,-8.665],[119.561,-8.693],[119.535,-8.668],[119.598,-8.63],[119.591,-8.666]]],[[[119.711,-8.635],[119.71,-8.634],[119.711,-8.632],[119.711,-8.635]]],[[[119.612,-8.63],[119.619,-8.63],[119.616,-8.637],[119.612,-8.63]]],[[[119.706,-8.63],[119.706,-8.627],[119.71,-8.63],[119.706,-8.63]]],[[[119.706,-8.599],[119.705,-8.602],[119.704,-8.6],[119.706,-8.599]]],[[[119.699,-8.595],[119.7,-8.599],[119.698,-8.598],[119.699,-8.595]]],[[[119.692,-8.585],[119.694,-8.589],[119.691,-8.588],[119.692,-8.585]]],[[[119.688,-8.584],[119.695,-8.578],[119.699,-8.58],[119.688,-8.584]]],[[[119.632,-8.56],[119.63,-8.555],[119.633,-8.559],[119.632,-8.56]]],[[[119.679,-8.551],[119.69,-8.548],[119.683,-8.558],[119.679,-8.551]]],[[[119.656,-8.568],[119.647,-8.536],[119.66,-8.531],[119.667,-8.536],[119.656,-8.568]]],[[[119.568,-8.543],[119.564,-8.543],[119.567,-8.541],[119.568,-8.543]]],[[[119.642,-8.544],[119.641,-8.538],[119.644,-8.54],[119.642,-8.544]]],[[[119.659,-8.524],[119.662,-8.527],[119.654,-8.527],[119.659,-8.524]]],[[[119.585,-8.518],[119.588,-8.517],[119.587,-8.52],[119.585,-8.518]]],[[[119.636,-8.522],[119.639,-8.509],[119.643,-8.518],[119.636,-8.522]]],[[[119.702,-8.518],[119.705,-8.51],[119.71,-8.515],[119.702,-8.518]]],[[[119.584,-8.496],[119.577,-8.494],[119.582,-8.492],[119.584,-8.496]]],[[[119.589,-8.492],[119.588,-8.486],[119.592,-8.488],[119.589,-8.492]]],[[[119.563,-8.46],[119.564,-8.445],[119.583,-8.442],[119.584,-8.453],[119.563,-8.46]]],[[[119.562,-8.412],[119.563,-8.41],[119.564,-8.412],[119.562,-8.412]]],[[[119.791,-8.825],[119.77,-8.817],[119.786,-8.79],[119.803,-8.801],[119.791,-8.825]]],[[[119.768,-8.706],[119.766,-8.715],[119.767,-8.699],[119.768,-8.706]]],[[[119.753,-8.693],[119.755,-8.697],[119.752,-8.696],[119.753,-8.693]]],[[[119.751,-8.687],[119.751,-8.685],[119.752,-8.688],[119.751,-8.687]]],[[[119.787,-8.676],[119.775,-8.68],[119.772,-8.667],[119.787,-8.676]]],[[[119.718,-8.614],[119.721,-8.612],[119.722,-8.617],[119.718,-8.614]]],[[[119.768,-8.607],[119.771,-8.604],[119.771,-8.606],[119.768,-8.607]]],[[[119.795,-8.602],[119.793,-8.603],[119.793,-8.6],[119.795,-8.602]]],[[[119.767,-8.6],[119.767,-8.597],[119.769,-8.598],[119.767,-8.6]]],[[[119.792,-8.592],[119.794,-8.6],[119.788,-8.597],[119.792,-8.592]]],[[[119.759,-8.591],[119.756,-8.592],[119.758,-8.59],[119.759,-8.591]]],[[[119.725,-8.591],[119.727,-8.589],[119.727,-8.592],[119.725,-8.591]]],[[[119.748,-8.573],[119.751,-8.582],[119.746,-8.58],[119.748,-8.573]]],[[[119.723,-8.581],[119.705,-8.574],[119.727,-8.568],[119.723,-8.581]]],[[[119.802,-8.552],[119.802,-8.548],[119.804,-8.55],[119.802,-8.552]]],[[[119.782,-8.551],[119.789,-8.549],[119.786,-8.553],[119.782,-8.551]]],[[[119.745,-8.527],[119.748,-8.527],[119.746,-8.529],[119.745,-8.527]]],[[[119.783,-8.529],[119.795,-8.523],[119.798,-8.531],[119.783,-8.529]]],[[[119.734,-8.523],[119.737,-8.522],[119.737,-8.525],[119.734,-8.523]]],[[[119.796,-8.518],[119.792,-8.52],[119.795,-8.516],[119.796,-8.518]]],[[[119.713,-8.519],[119.711,-8.518],[119.713,-8.518],[119.713,-8.519]]],[[[119.725,-8.516],[119.734,-8.513],[119.726,-8.519],[119.725,-8.516]]],[[[119.727,-8.493],[119.716,-8.519],[119.716,-8.497],[119.727,-8.493]]],[[[119.761,-8.494],[119.756,-8.495],[119.755,-8.491],[119.761,-8.494]]],[[[119.796,-8.39],[119.799,-8.391],[119.798,-8.393],[119.796,-8.39]]],[[[119.805,-8.789],[119.804,-8.782],[119.808,-8.782],[119.805,-8.789]]],[[[119.811,-8.783],[119.812,-8.781],[119.813,-8.783],[119.811,-8.783]]],[[[120.292,-8.281],[120.284,-8.418],[120.307,-8.451],[120.358,-8.427],[120.397,-8.43],[120.4,-8.448],[120.353,-8.523],[120.358,-8.571],[120.33,-8.559],[120.286,-8.592],[120.28,-8.648],[120.333,-8.691],[120.313,-8.734],[120.271,-8.76],[120.282,-8.786],[120.238,-8.804],[120.225,-8.84],[120.129,-8.77],[120.136,-8.789],[119.943,-8.821],[119.911,-8.839],[119.919,-8.866],[119.884,-8.858],[119.889,-8.813],[119.833,-8.807],[119.796,-8.742],[119.811,-8.604],[119.794,-8.583],[119.829,-8.553],[119.828,-8.541],[119.878,-8.505],[119.881,-8.478],[119.856,-8.431],[119.88,-8.427],[119.877,-8.459],[119.907,-8.475],[119.96,-8.45],[119.969,-8.428],[119.998,-8.461],[120.018,-8.439],[119.998,-8.418],[120.019,-8.384],[120.041,-8.397],[120.074,-8.377],[120.05,-8.405],[120.087,-8.387],[120.085,-8.436],[120.11,-8.441],[120.125,-8.418],[120.12,-8.358],[120.163,-8.376],[120.2,-8.306],[120.292,-8.281]]],[[[119.826,-8.55],[119.828,-8.552],[119.825,-8.552],[119.826,-8.55]]],[[[119.815,-8.545],[119.815,-8.549],[119.813,-8.546],[119.815,-8.545]]],[[[119.867,-8.496],[119.87,-8.494],[119.869,-8.496],[119.867,-8.496]]],[[[119.843,-8.491],[119.843,-8.486],[119.851,-8.489],[119.843,-8.491]]],[[[119.863,-8.485],[119.87,-8.493],[119.862,-8.491],[119.863,-8.485]]],[[[119.856,-8.481],[119.861,-8.488],[119.853,-8.489],[119.856,-8.481]]],[[[119.84,-8.484],[119.833,-8.481],[119.838,-8.479],[119.84,-8.484]]],[[[119.871,-8.463],[119.865,-8.466],[119.868,-8.462],[119.871,-8.463]]],[[[119.891,-8.439],[119.891,-8.441],[119.889,-8.441],[119.891,-8.439]]],[[[119.894,-8.438],[119.893,-8.437],[119.895,-8.436],[119.894,-8.438]]],[[[119.989,-8.432],[119.995,-8.438],[119.989,-8.438],[119.989,-8.432]]],[[[119.864,-8.416],[119.864,-8.409],[119.874,-8.42],[119.864,-8.416]]],[[[119.888,-8.404],[119.889,-8.406],[119.888,-8.407],[119.888,-8.404]]],[[[119.811,-8.396],[119.804,-8.398],[119.803,-8.395],[119.811,-8.396]]],[[[119.878,-8.381],[119.866,-8.402],[119.838,-8.389],[119.853,-8.374],[119.878,-8.381]]],[[[120.046,-8.385],[120.048,-8.388],[120.045,-8.388],[120.046,-8.385]]],[[[120.079,-8.369],[120.081,-8.368],[120.081,-8.37],[120.079,-8.369]]],[[[120.016,-8.373],[120.022,-8.352],[120.034,-8.366],[120.016,-8.373]]],[[[120.128,-8.352],[120.113,-8.342],[120.154,-8.35],[120.128,-8.352]]]]}},{"type":"Feature","properties":{"k":"53.16"},"geometry":{"type":"Polygon","coordinates":[[[121.173,-8.471],[121.217,-8.492],[121.308,-8.513],[121.344,-8.579],[121.418,-8.624],[121.477,-8.596],[121.523,-8.652],[121.472,-8.696],[121.432,-8.704],[121.397,-8.75],[121.416,-8.821],[121.377,-8.832],[121.369,-8.914],[121.34,-8.942],[121.299,-8.944],[121.269,-8.922],[121.139,-8.934],[121.115,-8.911],[121.14,-8.879],[121.096,-8.795],[121.1,-8.767],[121.15,-8.727],[121.107,-8.712],[121.142,-8.585],[121.184,-8.543],[121.162,-8.508],[121.173,-8.471]]]}},{"type":"Feature","properties":{"k":"53.17"},"geometry":{"type":"Polygon","coordinates":[[[119.877,-9.414],[119.909,-9.425],[119.897,-9.475],[119.926,-9.528],[119.841,-9.623],[119.842,-9.713],[119.746,-9.716],[119.727,-9.733],[119.75,-9.782],[119.732,-9.889],[119.675,-9.877],[119.69,-9.864],[119.67,-9.828],[119.621,-9.849],[119.624,-9.813],[119.595,-9.827],[119.583,-9.81],[119.553,-9.814],[119.54,-9.789],[119.507,-9.788],[119.534,-9.738],[119.469,-9.723],[119.488,-9.701],[119.481,-9.651],[119.519,-9.58],[119.475,-9.572],[119.46,-9.55],[119.416,-9.416],[119.472,-9.4],[119.532,-9.42],[119.628,-9.387],[119.686,-9.425],[119.794,-9.442],[119.865,-9.385],[119.877,-9.414]]]}},{"type":"Feature","properties":{"k":"53.18"},"geometry":{"type":"Polygon","coordinates":[[[119.293,-9.4],[119.395,-9.43],[119.377,-9.469],[119.377,-9.546],[119.414,-9.607],[119.367,-9.661],[119.333,-9.664],[119.295,-9.726],[119.234,-9.736],[119.189,-9.69],[119.154,-9.724],[119.145,-9.777],[119.026,-9.721],[118.986,-9.653],[118.928,-9.602],[118.965,-9.526],[119.031,-9.475],[119.101,-9.464],[119.154,-9.426],[119.194,-9.417],[119.22,-9.433],[119.293,-9.4]]]}},{"type":"Feature","properties":{"k":"53.19"},"geometry":{"type":"Polygon","coordinates":[[[120.595,-8.286],[120.734,-8.379],[120.762,-8.366],[120.882,-8.379],[120.884,-8.402],[120.893,-8.383],[120.94,-8.378],[120.95,-8.401],[120.913,-8.474],[120.922,-8.504],[120.881,-8.509],[120.845,-8.548],[120.874,-8.595],[120.859,-8.603],[120.891,-8.683],[120.875,-8.731],[120.844,-8.743],[120.845,-8.818],[120.811,-8.861],[120.82,-8.873],[120.789,-8.876],[120.785,-8.909],[120.754,-8.929],[120.646,-8.903],[120.632,-8.891],[120.644,-8.868],[120.632,-8.891],[120.597,-8.85],[120.514,-8.851],[120.502,-8.754],[120.469,-8.707],[120.524,-8.671],[120.51,-8.597],[120.546,-8.531],[120.513,-8.439],[120.478,-8.412],[120.482,-8.345],[120.529,-8.301],[120.559,-8.329],[120.593,-8.325],[120.595,-8.286]]]}},{"type":"Feature","properties":{"k":"53.20"},"geometry":{"type":"MultiPolygon","coordinates":[[[[121.275,-10.885],[121.283,-10.893],[121.27,-10.889],[121.275,-10.885]]],[[[121.634,-10.665],[121.574,-10.704],[121.519,-10.694],[121.557,-10.662],[121.634,-10.665]]],[[[121.907,-10.476],[122.006,-10.511],[121.986,-10.611],[121.946,-10.617],[121.875,-10.68],[121.838,-10.687],[121.795,-10.668],[121.749,-10.676],[121.684,-10.639],[121.834,-10.558],[121.844,-10.509],[121.907,-10.476]]]]}},{"type":"Feature","properties":{"k":"53.21"},"geometry":{"type":"Polygon","coordinates":[[[125.008,-9.343],[125.049,-9.367],[125.088,-9.506],[125.005,-9.58],[124.979,-9.69],[124.864,-9.766],[124.81,-9.839],[124.798,-9.796],[124.821,-9.704],[124.795,-9.688],[124.788,-9.646],[124.762,-9.643],[124.714,-9.684],[124.663,-9.673],[124.645,-9.63],[124.696,-9.631],[124.705,-9.605],[124.757,-9.605],[124.721,-9.547],[124.782,-9.514],[124.788,-9.461],[124.769,-9.44],[124.803,-9.423],[124.804,-9.389],[124.845,-9.396],[124.845,-9.43],[124.882,-9.437],[124.898,-9.403],[124.961,-9.435],[124.996,-9.399],[124.988,-9.372],[125.008,-9.343]]]}},{"type":"Feature","properties":{"k":"53.71"},"geometry":{"type":"Polygon","coordinates":[[[123.525,-10.217],[123.533,-10.175],[123.625,-10.14],[123.668,-10.169],[123.644,-10.185],[123.684,-10.186],[123.651,-10.22],[123.647,-10.258],[123.613,-10.266],[123.589,-10.307],[123.573,-10.295],[123.585,-10.253],[123.569,-10.242],[123.552,-10.257],[123.546,-10.226],[123.525,-10.217]]]}},{"type":"Feature","properties":{"k":"61.01"},"geometry":{"type":"Polygon","coordinates":[[[109.749,1.537],[109.705,1.469],[109.639,1.419],[109.575,1.402],[109.572,1.364],[109.63,1.323],[109.61,1.26],[109.526,1.177],[109.459,1.006],[109.243,1.023],[109.234,0.985],[109.172,0.95],[109.116,1.009],[108.978,0.983],[108.961,1.066],[108.931,1.099],[108.942,1.115],[108.922,1.117],[108.904,1.165],[108.97,1.175],[108.961,1.214],[109.04,1.338],[109.052,1.514],[109.126,1.585],[109.242,1.65],[109.306,1.781],[109.339,1.796],[109.366,1.83],[109.394,1.802],[109.412,1.805],[109.418,1.812],[109.422,1.81],[109.425,1.784],[109.437,1.772],[109.422,1.813],[109.392,1.809],[109.429,1.834],[109.408,1.847],[109.435,1.844],[109.445,1.861],[109.408,1.85],[109.406,1.843],[109.414,1.833],[109.391,1.815],[109.371,1.841],[109.38,1.856],[109.381,1.867],[109.392,1.859],[109.403,1.859],[109.41,1.883],[109.401,1.859],[109.38,1.868],[109.334,1.799],[109.294,1.78],[109.336,1.832],[109.344,1.875],[109.323,1.925],[109.337,1.942],[109.431,1.95],[109.48,1.983],[109.587,1.99],[109.647,2.081],[109.62,1.989],[109.539,1.915],[109.554,1.857],[109.581,1.847],[109.6,1.81],[109.679,1.784],[109.652,1.635],[109.749,1.537]]]}},{"type":"Feature","properties":{"k":"61.02"},"geometry":{"type":"MultiPolygon","coordinates":[[[[109.145,0.686],[109.213,0.643],[109.26,0.645],[109.29,0.607],[109.247,0.552],[109.223,0.469],[109.293,0.43],[109.322,0.362],[109.235,0.342],[109.237,0.32],[109.216,0.322],[109.201,0.29],[109.26,0.264],[109.384,0.255],[109.351,0.207],[109.371,0.021],[109.309,0.038],[109.29,0.009],[109.23,0.037],[109.142,0.123],[109.126,0.194],[109.086,0.25],[108.912,0.336],[108.945,0.384],[108.943,0.439],[108.908,0.479],[108.926,0.561],[108.971,0.529],[109.031,0.569],[109.039,0.594],[109.078,0.604],[109.145,0.686]]],[[[108.859,0.517],[108.864,0.487],[108.858,0.475],[108.838,0.499],[108.859,0.517]]]]}},{"type":"Feature","properties":{"k":"61.03"},"geometry":{"type":"Polygon","coordinates":[[[111.075,0.739],[111.051,0.695],[111.067,0.626],[110.991,0.453],[111.002,0.317],[110.91,0.31],[110.874,0.286],[110.795,0.18],[110.767,0.048],[110.723,0.013],[110.728,-0.036],[110.823,-0.166],[110.815,-0.198],[110.718,-0.215],[110.603,-0.429],[110.552,-0.347],[110.481,-0.324],[110.387,-0.448],[110.353,-0.398],[110.32,-0.413],[110.296,-0.455],[110.21,-0.425],[110.147,-0.442],[110.047,-0.392],[110.033,-0.441],[109.968,-0.5],[109.971,-0.459],[109.946,-0.445],[109.972,-0.434],[109.934,-0.417],[109.926,-0.384],[109.953,-0.35],[109.936,-0.322],[109.972,-0.279],[109.954,-0.261],[109.942,-0.141],[109.865,-0.122],[109.861,0.065],[109.872,0.091],[109.912,0.107],[109.936,0.156],[110.022,0.172],[110.052,0.214],[110.132,0.217],[110.145,0.358],[110.222,0.418],[110.18,0.451],[110.185,0.482],[110.205,0.483],[110.208,0.527],[110.252,0.546],[110.263,0.584],[110.233,0.585],[110.22,0.614],[110.246,0.726],[110.196,0.76],[110.183,0.792],[110.194,0.83],[110.261,0.864],[110.238,0.974],[110.138,1.032],[110.112,1.064],[110.13,1.087],[110.077,1.111],[110.075,1.138],[110.135,1.197],[110.185,1.182],[110.208,1.119],[110.24,1.112],[110.278,1.047],[110.275,0.998],[110.393,0.994],[110.407,0.951],[110.436,0.945],[110.44,0.914],[110.49,0.877],[110.57,0.855],[110.622,0.873],[110.632,0.907],[110.674,0.88],[110.72,0.907],[110.755,0.904],[110.769,0.93],[110.812,0.903],[110.799,0.888],[110.812,0.861],[110.772,0.824],[110.817,0.778],[110.902,0.729],[110.992,0.752],[111.075,0.739]]]}},{"type":"Feature","properties":{"k":"61.04"},"geometry":{"type":"MultiPolygon","coordinates":[[[[108.787,-1.712],[108.716,-1.728],[108.677,-1.72],[108.684,-1.703],[108.787,-1.712]]],[[[109.097,-1.698],[109.092,-1.696],[109.096,-1.696],[109.097,-1.698]]],[[[109.086,-1.696],[109.086,-1.7],[109.083,-1.697],[109.086,-1.696]]],[[[109.113,-1.695],[109.113,-1.698],[109.112,-1.697],[109.113,-1.695]]],[[[109.047,-1.654],[109.044,-1.653],[109.046,-1.651],[109.047,-1.654]]],[[[108.764,-1.624],[108.764,-1.626],[108.76,-1.624],[108.764,-1.624]]],[[[108.787,-1.612],[108.782,-1.616],[108.783,-1.613],[108.787,-1.612]]],[[[108.97,-1.627],[108.858,-1.678],[108.819,-1.65],[108.84,-1.63],[108.827,-1.591],[108.839,-1.585],[108.801,-1.594],[108.791,-1.578],[108.834,-1.553],[108.876,-1.568],[108.897,-1.534],[108.902,-1.544],[108.917,-1.551],[108.938,-1.549],[108.983,-1.602],[108.97,-1.627]]],[[[108.748,-1.591],[108.752,-1.584],[108.753,-1.589],[108.748,-1.591]]],[[[108.763,-1.592],[108.765,-1.576],[108.776,-1.575],[108.778,-1.587],[108.763,-1.592]]],[[[108.73,-1.575],[108.735,-1.568],[108.742,-1.578],[108.73,-1.575]]],[[[108.782,-1.567],[108.78,-1.566],[108.782,-1.565],[108.782,-1.567]]],[[[108.797,-1.558],[108.805,-1.563],[108.796,-1.56],[108.797,-1.558]]],[[[108.779,-1.559],[108.782,-1.557],[108.782,-1.559],[108.779,-1.559]]],[[[108.774,-1.553],[108.772,-1.559],[108.769,-1.557],[108.774,-1.553]]],[[[108.828,-1.556],[108.824,-1.557],[108.826,-1.553],[108.828,-1.556]]],[[[108.752,-1.554],[108.751,-1.554],[108.752,-1.552],[108.752,-1.554]]],[[[108.904,-1.543],[108.903,-1.543],[108.902,-1.541],[108.904,-1.543]]],[[[109.069,-1.49],[109.072,-1.487],[109.07,-1.49],[109.069,-1.49]]],[[[109.053,-1.502],[109.039,-1.486],[109.043,-1.474],[109.055,-1.48],[109.053,-1.502]]],[[[109.112,-1.344],[109.115,-1.342],[109.116,-1.347],[109.112,-1.344]]],[[[109.114,-1.313],[109.119,-1.301],[109.135,-1.287],[109.13,-1.303],[109.114,-1.313]]],[[[108.88,-1.291],[108.881,-1.288],[108.882,-1.288],[108.88,-1.291]]],[[[108.903,-1.284],[108.898,-1.287],[108.901,-1.282],[108.903,-1.284]]],[[[108.89,-1.282],[108.89,-1.286],[108.889,-1.285],[108.89,-1.282]]],[[[108.871,-1.272],[108.869,-1.275],[108.869,-1.274],[108.871,-1.272]]],[[[109.291,-1.734],[109.289,-1.733],[109.291,-1.732],[109.291,-1.734]]],[[[109.295,-1.729],[109.296,-1.727],[109.297,-1.73],[109.295,-1.729]]],[[[109.293,-1.715],[109.296,-1.714],[109.296,-1.715],[109.293,-1.715]]],[[[109.343,-1.661],[109.344,-1.666],[109.343,-1.666],[109.343,-1.661]]],[[[109.339,-1.653],[109.34,-1.65],[109.34,-1.653],[109.339,-1.653]]],[[[109.15,-1.601],[109.156,-1.604],[109.151,-1.606],[109.15,-1.601]]],[[[109.194,-1.595],[109.188,-1.593],[109.191,-1.591],[109.194,-1.595]]],[[[109.201,-1.588],[109.201,-1.586],[109.207,-1.588],[109.201,-1.588]]],[[[109.156,-1.578],[109.154,-1.578],[109.157,-1.577],[109.156,-1.578]]],[[[109.334,-1.526],[109.328,-1.523],[109.332,-1.522],[109.334,-1.526]]],[[[109.343,-1.517],[109.342,-1.524],[109.339,-1.52],[109.343,-1.517]]],[[[109.352,-1.502],[109.35,-1.502],[109.352,-1.5],[109.352,-1.502]]],[[[109.227,-1.413],[109.228,-1.411],[109.228,-1.414],[109.227,-1.413]]],[[[109.219,-1.409],[109.22,-1.413],[109.217,-1.411],[109.219,-1.409]]],[[[109.163,-1.292],[109.153,-1.302],[109.137,-1.331],[109.14,-1.289],[109.163,-1.292]]],[[[109.131,-1.277],[109.134,-1.284],[109.126,-1.286],[109.131,-1.277]]],[[[109.171,-1.296],[109.153,-1.276],[109.157,-1.266],[109.179,-1.281],[109.171,-1.296]]],[[[109.192,-1.27],[109.188,-1.276],[109.186,-1.274],[109.192,-1.27]]],[[[109.201,-1.243],[109.205,-1.232],[109.208,-1.243],[109.201,-1.243]]],[[[109.253,-1.237],[109.255,-1.236],[109.255,-1.238],[109.253,-1.237]]],[[[109.297,-1.234],[109.298,-1.236],[109.296,-1.237],[109.297,-1.234]]],[[[109.297,-1.231],[109.297,-1.228],[109.299,-1.23],[109.297,-1.231]]],[[[109.271,-1.21],[109.242,-1.244],[109.217,-1.237],[109.227,-1.2],[109.26,-1.182],[109.271,-1.21]]],[[[109.282,-1.212],[109.282,-1.209],[109.285,-1.213],[109.282,-1.212]]],[[[109.277,-1.209],[109.272,-1.209],[109.273,-1.2],[109.277,-1.209]]],[[[109.3,-1.056],[109.299,-1.058],[109.298,-1.057],[109.3,-1.056]]],[[[110.202,-3.067],[110.205,-3.066],[110.204,-3.068],[110.202,-3.067]]],[[[110.225,-3.042],[110.224,-3.041],[110.224,-3.039],[110.225,-3.042]]],[[[110.192,-2.912],[110.131,-2.892],[110.167,-2.852],[110.201,-2.882],[110.192,-2.912]]],[[[110.092,-2.88],[110.089,-2.877],[110.091,-2.877],[110.092,-2.88]]],[[[110.085,-2.833],[110.084,-2.836],[110.083,-2.829],[110.085,-2.833]]],[[[110.121,-2.679],[110.12,-2.75],[110.083,-2.762],[110.044,-2.748],[110.103,-2.673],[110.121,-2.679]]],[[[110.118,-2.67],[110.121,-2.673],[110.12,-2.674],[110.118,-2.67]]],[[[110.121,-2.668],[110.118,-2.667],[110.118,-2.666],[110.121,-2.668]]],[[[110.122,-2.629],[110.122,-2.639],[110.115,-2.633],[110.122,-2.629]]],[[[110.154,-2.636],[110.148,-2.63],[110.15,-2.627],[110.154,-2.636]]],[[[110.061,-2.373],[110.068,-2.379],[110.058,-2.377],[110.061,-2.373]]],[[[110.072,-2.372],[110.07,-2.37],[110.073,-2.37],[110.072,-2.372]]],[[[109.92,-1.819],[109.922,-1.823],[109.917,-1.821],[109.92,-1.819]]],[[[109.928,-1.766],[109.938,-1.772],[109.937,-1.774],[109.928,-1.766]]],[[[109.796,-0.846],[109.889,-0.823],[109.929,-0.78],[109.933,-0.722],[109.889,-0.725],[109.859,-0.659],[109.813,-0.682],[109.811,-0.654],[109.882,-0.589],[109.888,-0.555],[109.943,-0.504],[109.992,-0.487],[110.034,-0.438],[110.047,-0.392],[110.147,-0.442],[110.21,-0.425],[110.296,-0.455],[110.32,-0.413],[110.353,-0.398],[110.387,-0.448],[110.46,-0.334],[110.497,-0.326],[110.552,-0.347],[110.585,-0.392],[110.62,-0.533],[110.702,-0.625],[110.818,-0.601],[110.873,-0.462],[110.921,-0.433],[110.941,-0.439],[110.944,-0.481],[110.969,-0.501],[111.084,-0.495],[111.181,-0.517],[111.236,-0.587],[111.245,-0.626],[111.219,-0.661],[111.231,-0.786],[111.215,-0.866],[111.194,-0.883],[111.161,-0.865],[111.127,-0.949],[111.164,-0.962],[111.169,-1.012],[111.207,-1.023],[111.263,-1.099],[111.231,-1.177],[111.256,-1.271],[111.306,-1.264],[111.314,-1.296],[111.356,-1.322],[111.327,-1.335],[111.276,-1.426],[111.22,-1.408],[111.206,-1.44],[111.185,-1.431],[111.189,-1.515],[111.168,-1.476],[111.147,-1.472],[111.106,-1.492],[111.118,-1.552],[111.077,-1.562],[111.058,-1.535],[111.013,-1.562],[110.983,-1.537],[110.952,-1.577],[110.908,-1.585],[110.855,-1.635],[110.859,-1.675],[110.913,-1.717],[110.977,-1.667],[111.005,-1.698],[111.013,-1.779],[110.981,-1.829],[110.975,-1.882],[110.996,-1.909],[110.974,-1.954],[111.004,-1.991],[111.085,-1.994],[111.081,-2.049],[111.037,-2.073],[111.079,-2.158],[111.032,-2.243],[111.07,-2.301],[111.103,-2.424],[111.136,-2.611],[111.119,-2.653],[111.165,-2.672],[111.172,-2.694],[111.139,-2.749],[111.012,-2.795],[110.969,-2.856],[110.776,-2.923],[110.726,-3.003],[110.661,-3.041],[110.611,-2.99],[110.647,-2.988],[110.597,-2.854],[110.619,-2.834],[110.477,-2.866],[110.373,-2.93],[110.306,-2.996],[110.259,-2.961],[110.225,-2.889],[110.257,-2.836],[110.263,-2.776],[110.218,-2.74],[110.233,-2.696],[110.214,-2.648],[110.149,-2.621],[110.184,-2.59],[110.198,-2.525],[110.243,-2.562],[110.267,-2.554],[110.281,-2.521],[110.299,-2.529],[110.338,-2.528],[110.349,-2.538],[110.361,-2.539],[110.363,-2.528],[110.299,-2.527],[110.282,-2.511],[110.295,-2.497],[110.297,-2.471],[110.318,-2.465],[110.323,-2.454],[110.343,-2.465],[110.359,-2.447],[110.342,-2.388],[110.368,-2.355],[110.386,-2.359],[110.395,-2.353],[110.399,-2.307],[110.385,-2.291],[110.394,-2.352],[110.37,-2.352],[110.34,-2.385],[110.358,-2.446],[110.342,-2.463],[110.326,-2.45],[110.296,-2.467],[110.264,-2.548],[110.195,-2.518],[110.181,-2.456],[110.148,-2.428],[110.14,-2.308],[110.102,-2.25],[110.062,-2.246],[110.092,-2.224],[110.086,-2.18],[110.116,-2.127],[110.112,-2.043],[110.118,-2.033],[110.129,-2.038],[110.134,-2.031],[110.109,-2.026],[110.067,-1.931],[109.922,-1.856],[109.901,-1.828],[109.925,-1.825],[109.912,-1.773],[109.943,-1.778],[109.94,-1.763],[109.979,-1.745],[110.027,-1.682],[110.036,-1.522],[110.064,-1.46],[110.072,-1.377],[110.02,-1.29],[109.963,-1.278],[109.935,-1.219],[109.905,-1.205],[109.956,-1.113],[109.938,-1.124],[109.819,-1.092],[109.803,-1.049],[109.768,-1.034],[109.763,-0.994],[109.733,-0.988],[109.727,-0.921],[109.747,-0.914],[109.755,-0.927],[109.758,-0.927],[109.762,-0.924],[109.766,-0.929],[109.77,-0.927],[109.75,-0.912],[109.755,-0.892],[109.798,-0.872],[109.796,-0.846]]],[[[109.381,-1.506],[109.382,-1.489],[109.388,-1.486],[109.381,-1.506]]],[[[109.382,-1.48],[109.383,-1.477],[109.384,-1.479],[109.382,-1.48]]],[[[110.024,-1.438],[110.022,-1.437],[110.023,-1.435],[110.024,-1.438]]],[[[110.048,-1.431],[110.05,-1.439],[110.047,-1.436],[110.048,-1.431]]],[[[110.013,-1.431],[110.021,-1.434],[110.019,-1.437],[110.013,-1.431]]],[[[110.004,-1.428],[110.007,-1.425],[110.006,-1.43],[110.004,-1.428]]],[[[109.886,-1.368],[109.888,-1.366],[109.887,-1.369],[109.886,-1.368]]],[[[109.896,-1.351],[109.905,-1.346],[109.899,-1.353],[109.896,-1.351]]],[[[110.029,-1.312],[110.028,-1.312],[110.029,-1.31],[110.029,-1.312]]],[[[109.95,-1.27],[109.949,-1.265],[109.951,-1.266],[109.95,-1.27]]],[[[109.38,-1.253],[109.406,-1.245],[109.426,-1.206],[109.451,-1.032],[109.489,-0.973],[109.553,-1.003],[109.596,-0.981],[109.637,-0.986],[109.643,-1.011],[109.674,-1.021],[109.714,-0.989],[109.761,-1.005],[109.78,-1.144],[109.69,-1.194],[109.686,-1.218],[109.59,-1.248],[109.498,-1.31],[109.43,-1.294],[109.38,-1.253]]]]}},{"type":"Feature","properties":{"k":"61.05"},"geometry":{"type":"Polygon","coordinates":[[[111.191,-0.521],[111.09,-0.504],[111.035,-0.394],[111.027,-0.33],[111.121,-0.243],[111.107,-0.205],[111.129,-0.179],[111.132,-0.13],[111.172,-0.098],[111.153,0.066],[111.182,0.079],[111.219,0.066],[111.239,0.127],[111.294,0.127],[111.262,0.194],[111.272,0.248],[111.256,0.297],[111.231,0.312],[111.219,0.355],[111.267,0.372],[111.258,0.424],[111.3,0.535],[111.266,0.578],[111.197,0.607],[111.123,0.686],[111.112,0.731],[110.996,0.752],[110.902,0.729],[110.777,0.811],[110.776,0.84],[110.812,0.861],[110.801,0.943],[110.851,0.95],[110.909,1.027],[110.992,1.027],[111.236,1.083],[111.393,1.014],[111.481,1.036],[111.554,0.953],[111.559,0.992],[111.602,1.0],[111.652,1.042],[111.707,1.028],[111.699,0.977],[111.651,0.978],[111.629,0.907],[111.639,0.858],[111.75,0.743],[111.688,0.623],[111.74,0.588],[111.71,0.551],[111.731,0.472],[111.687,0.375],[111.655,0.349],[111.658,0.309],[111.712,0.259],[111.85,0.23],[111.889,0.183],[111.96,0.182],[112.015,0.205],[112.089,0.166],[112.12,0.077],[112.269,0.123],[112.347,0.113],[112.423,0.14],[112.513,0.115],[112.513,0.167],[112.561,0.199],[112.619,0.143],[112.649,0.167],[112.631,0.204],[112.684,0.236],[112.743,0.211],[112.794,0.236],[112.859,0.205],[112.958,0.194],[112.963,0.252],[112.987,0.287],[113.063,0.312],[113.103,0.278],[113.112,0.244],[113.169,0.257],[113.27,0.238],[113.422,0.119],[113.41,0.05],[113.44,0.014],[113.417,-0.045],[113.441,-0.069],[113.397,-0.129],[113.419,-0.144],[113.356,-0.219],[113.288,-0.243],[113.208,-0.338],[113.262,-0.389],[113.267,-0.423],[113.218,-0.503],[113.146,-0.446],[113.112,-0.486],[113.062,-0.5],[112.993,-0.488],[112.846,-0.572],[112.754,-0.569],[112.744,-0.62],[112.7,-0.622],[112.691,-0.651],[112.627,-0.656],[112.585,-0.691],[112.488,-0.693],[112.476,-0.732],[112.434,-0.673],[112.366,-0.713],[112.33,-0.704],[112.302,-0.733],[112.243,-0.635],[112.195,-0.617],[112.121,-0.412],[112.121,-0.287],[112.099,-0.265],[112.027,-0.239],[111.824,-0.237],[111.745,-0.151],[111.729,-0.186],[111.684,-0.172],[111.537,-0.274],[111.476,-0.366],[111.414,-0.372],[111.191,-0.521]]]}},{"type":"Feature","properties":{"k":"61.06"},"geometry":{"type":"Polygon","coordinates":[[[113.843,0.666],[113.812,0.641],[113.775,0.566],[113.673,0.506],[113.658,0.443],[113.586,0.405],[113.514,0.321],[113.437,0.266],[113.343,0.279],[113.27,0.239],[113.169,0.257],[113.131,0.236],[113.058,0.312],[112.987,0.287],[112.963,0.252],[112.958,0.194],[112.859,0.205],[112.794,0.236],[112.743,0.211],[112.684,0.236],[112.631,0.204],[112.649,0.167],[112.619,0.143],[112.561,0.199],[112.513,0.167],[112.513,0.115],[112.423,0.14],[112.347,0.113],[112.269,0.123],[112.123,0.077],[112.092,0.123],[112.089,0.166],[112.015,0.205],[111.96,0.182],[111.889,0.183],[111.85,0.23],[111.715,0.258],[111.659,0.307],[111.654,0.346],[111.687,0.375],[111.731,0.472],[111.71,0.551],[111.74,0.588],[111.688,0.623],[111.75,0.743],[111.639,0.858],[111.629,0.907],[111.651,0.978],[111.699,0.977],[111.708,1.028],[111.728,1.012],[111.767,1.021],[111.785,1.002],[111.799,1.018],[111.866,1.004],[111.889,1.066],[111.945,1.121],[112.144,1.148],[112.172,1.301],[112.222,1.387],[112.194,1.411],[112.201,1.443],[112.318,1.505],[112.429,1.525],[112.493,1.58],[112.674,1.555],[112.766,1.564],[112.84,1.538],[112.88,1.586],[112.971,1.564],[112.995,1.579],[113.056,1.556],[113.063,1.532],[113.031,1.473],[112.978,1.449],[112.974,1.408],[113.097,1.441],[113.135,1.392],[113.172,1.379],[113.264,1.393],[113.321,1.378],[113.424,1.283],[113.538,1.323],[113.579,1.302],[113.629,1.219],[113.662,1.22],[113.704,1.262],[113.807,1.301],[113.828,1.335],[113.823,1.373],[113.936,1.42],[113.951,1.442],[114.142,1.463],[114.204,1.408],[114.15,1.38],[114.144,1.294],[114.163,1.267],[114.128,1.225],[114.141,1.198],[114.109,1.15],[114.084,1.162],[114.048,1.133],[114.032,1.148],[113.985,1.143],[113.944,1.064],[113.896,1.053],[113.92,0.988],[113.875,0.893],[113.926,0.838],[113.889,0.787],[113.895,0.739],[113.844,0.704],[113.843,0.666]]]}},{"type":"Feature","properties":{"k":"61.07"},"geometry":{"type":"Polygon","coordinates":[[[109.131,0.719],[109.128,0.639],[109.076,0.591],[108.95,0.533],[108.925,0.559],[108.917,0.659],[108.873,0.708],[108.881,0.768],[108.841,0.817],[108.872,0.84],[108.973,0.769],[109.031,0.75],[109.061,0.786],[109.055,0.841],[109.169,0.889],[109.167,0.946],[109.234,0.985],[109.243,1.023],[109.463,1.009],[109.526,1.177],[109.61,1.26],[109.63,1.323],[109.572,1.364],[109.575,1.402],[109.639,1.419],[109.705,1.469],[109.749,1.537],[109.795,1.499],[109.805,1.466],[109.836,1.482],[109.83,1.424],[109.924,1.422],[109.959,1.394],[109.979,1.299],[110.061,1.259],[110.041,1.205],[110.135,1.197],[110.071,1.129],[110.13,1.087],[110.112,1.064],[110.134,1.023],[110.069,1.041],[109.961,1.031],[109.926,1.053],[109.911,1.033],[109.93,1.01],[109.926,0.963],[109.909,0.935],[109.809,0.847],[109.688,0.854],[109.671,0.75],[109.533,0.712],[109.471,0.777],[109.407,0.731],[109.351,0.766],[109.287,0.71],[109.254,0.754],[109.131,0.719]]]}},{"type":"Feature","properties":{"k":"61.08"},"geometry":{"type":"Polygon","coordinates":[[[109.935,0.155],[109.871,0.194],[109.781,0.092],[109.671,0.009],[109.58,-0.02],[109.54,0.016],[109.486,0.002],[109.47,0.112],[109.484,0.145],[109.421,0.154],[109.427,0.245],[109.36,0.27],[109.235,0.252],[109.266,0.357],[109.309,0.403],[109.228,0.524],[109.223,0.631],[109.131,0.719],[109.254,0.754],[109.287,0.71],[109.351,0.766],[109.407,0.731],[109.477,0.777],[109.533,0.712],[109.581,0.718],[109.675,0.753],[109.688,0.854],[109.783,0.841],[109.85,0.872],[109.859,0.906],[109.925,0.959],[109.93,1.01],[109.911,1.033],[109.926,1.053],[109.961,1.031],[110.074,1.041],[110.103,1.021],[110.138,1.032],[110.185,1.015],[110.238,0.974],[110.261,0.864],[110.203,0.838],[110.182,0.802],[110.196,0.76],[110.246,0.726],[110.22,0.614],[110.233,0.585],[110.263,0.586],[110.254,0.549],[110.212,0.532],[110.207,0.487],[110.179,0.459],[110.222,0.418],[110.145,0.358],[110.132,0.217],[110.052,0.214],[110.022,0.172],[109.935,0.155]]]}},{"type":"Feature","properties":{"k":"61.09"},"geometry":{"type":"Polygon","coordinates":[[[111.084,-0.495],[110.974,-0.503],[110.946,-0.484],[110.941,-0.439],[110.913,-0.435],[110.873,-0.462],[110.818,-0.601],[110.713,-0.627],[110.62,-0.533],[110.603,-0.429],[110.718,-0.215],[110.801,-0.21],[110.823,-0.185],[110.797,-0.114],[110.728,-0.036],[110.723,0.013],[110.767,0.048],[110.795,0.18],[110.874,0.286],[110.91,0.31],[111.002,0.317],[110.991,0.453],[111.067,0.626],[111.051,0.695],[111.075,0.739],[111.118,0.726],[111.123,0.686],[111.197,0.607],[111.266,0.578],[111.301,0.532],[111.258,0.424],[111.267,0.372],[111.219,0.355],[111.231,0.312],[111.256,0.297],[111.272,0.248],[111.262,0.194],[111.294,0.128],[111.239,0.127],[111.219,0.066],[111.182,0.079],[111.153,0.066],[111.172,-0.098],[111.132,-0.13],[111.129,-0.179],[111.107,-0.205],[111.121,-0.243],[111.027,-0.33],[111.035,-0.394],[111.084,-0.495]]]}},{"type":"Feature","properties":{"k":"61.10"},"geometry":{"type":"Polygon","coordinates":[[[111.573,-1.2],[111.409,-1.24],[111.4,-1.277],[111.376,-1.28],[111.356,-1.322],[111.314,-1.296],[111.306,-1.264],[111.256,-1.271],[111.231,-1.177],[111.263,-1.099],[111.207,-1.023],[111.169,-1.012],[111.164,-0.962],[111.127,-0.946],[111.161,-0.865],[111.194,-0.883],[111.212,-0.87],[111.231,-0.786],[111.215,-0.701],[111.245,-0.618],[111.191,-0.521],[111.414,-0.372],[111.476,-0.366],[111.537,-0.274],[111.684,-0.172],[111.729,-0.186],[111.736,-0.151],[111.824,-0.237],[112.027,-0.239],[112.099,-0.265],[112.121,-0.287],[112.121,-0.412],[112.194,-0.617],[112.147,-0.68],[112.162,-0.726],[112.023,-0.703],[112.029,-0.796],[111.954,-0.819],[111.908,-0.774],[111.902,-0.832],[111.919,-0.871],[111.873,-0.864],[111.854,-0.905],[111.73,-0.924],[111.625,-0.985],[111.623,-1.046],[111.571,-1.076],[111.554,-1.11],[111.573,-1.2]]]}},{"type":"Feature","properties":{"k":"61.11"},"geometry":{"type":"MultiPolygon","coordinates":[[[[108.684,-1.703],[108.787,-1.711],[108.678,-1.719],[108.684,-1.703]]],[[[109.092,-1.696],[109.097,-1.699],[109.095,-1.7],[109.092,-1.696]]],[[[109.114,-1.697],[109.111,-1.695],[109.115,-1.694],[109.114,-1.697]]],[[[108.761,-1.624],[108.764,-1.625],[108.761,-1.624],[108.761,-1.624]]],[[[108.786,-1.612],[108.786,-1.617],[108.783,-1.615],[108.786,-1.612]]],[[[108.899,-1.535],[108.913,-1.564],[108.939,-1.549],[108.983,-1.604],[108.922,-1.66],[108.834,-1.668],[108.819,-1.649],[108.84,-1.633],[108.84,-1.586],[108.79,-1.581],[108.835,-1.553],[108.846,-1.57],[108.876,-1.565],[108.899,-1.535]]],[[[108.753,-1.589],[108.749,-1.591],[108.753,-1.584],[108.753,-1.589]]],[[[108.762,-1.588],[108.762,-1.587],[108.763,-1.588],[108.762,-1.588]]],[[[108.766,-1.576],[108.777,-1.587],[108.764,-1.591],[108.766,-1.576]]],[[[108.784,-1.58],[108.784,-1.579],[108.785,-1.58],[108.784,-1.58]]],[[[108.738,-1.571],[108.731,-1.576],[108.731,-1.57],[108.738,-1.571]]],[[[108.783,-1.567],[108.781,-1.566],[108.782,-1.566],[108.783,-1.567]]],[[[108.806,-1.556],[108.807,-1.563],[108.796,-1.56],[108.806,-1.556]]],[[[108.782,-1.558],[108.782,-1.56],[108.78,-1.558],[108.782,-1.558]]],[[[108.773,-1.554],[108.778,-1.558],[108.77,-1.557],[108.773,-1.554]]],[[[108.827,-1.554],[108.825,-1.557],[108.826,-1.554],[108.827,-1.554]]],[[[108.752,-1.554],[108.753,-1.553],[108.752,-1.554],[108.752,-1.554]]],[[[109.04,-1.486],[109.057,-1.485],[109.053,-1.5],[109.04,-1.486]]],[[[109.113,-1.344],[109.117,-1.345],[109.116,-1.347],[109.113,-1.344]]],[[[109.11,-1.317],[109.11,-1.315],[109.111,-1.316],[109.11,-1.317]]],[[[108.88,-1.29],[108.88,-1.288],[108.881,-1.288],[108.88,-1.29]]],[[[108.903,-1.284],[108.899,-1.286],[108.902,-1.283],[108.903,-1.284]]],[[[108.891,-1.285],[108.89,-1.283],[108.891,-1.282],[108.891,-1.285]]],[[[108.871,-1.273],[108.869,-1.273],[108.872,-1.272],[108.871,-1.273]]],[[[109.296,-1.73],[109.297,-1.728],[109.297,-1.73],[109.296,-1.73]]],[[[109.296,-1.715],[109.295,-1.714],[109.297,-1.714],[109.296,-1.715]]],[[[109.151,-1.6],[109.157,-1.604],[109.151,-1.605],[109.151,-1.6]]],[[[109.194,-1.595],[109.189,-1.593],[109.19,-1.591],[109.194,-1.595]]],[[[109.201,-1.587],[109.206,-1.587],[109.207,-1.588],[109.201,-1.587]]],[[[109.156,-1.577],[109.156,-1.576],[109.156,-1.576],[109.156,-1.577]]],[[[109.16,-1.575],[109.159,-1.574],[109.16,-1.575],[109.16,-1.575]]],[[[109.228,-1.411],[109.228,-1.414],[109.227,-1.412],[109.228,-1.411]]],[[[109.218,-1.411],[109.224,-1.411],[109.224,-1.413],[109.218,-1.411]]],[[[109.141,-1.288],[109.163,-1.293],[109.136,-1.331],[109.141,-1.288]]],[[[109.134,-1.287],[109.124,-1.311],[109.114,-1.313],[109.122,-1.297],[109.134,-1.287]]],[[[109.129,-1.278],[109.134,-1.284],[109.127,-1.286],[109.129,-1.278]]],[[[109.153,-1.276],[109.179,-1.281],[109.175,-1.296],[109.153,-1.276]]],[[[109.192,-1.27],[109.188,-1.275],[109.186,-1.273],[109.192,-1.27]]],[[[109.172,-1.266],[109.171,-1.264],[109.172,-1.264],[109.172,-1.266]]],[[[109.205,-1.231],[109.208,-1.242],[109.2,-1.242],[109.205,-1.231]]],[[[109.255,-1.236],[109.253,-1.235],[109.255,-1.235],[109.255,-1.236]]],[[[109.298,-1.236],[109.297,-1.234],[109.299,-1.235],[109.298,-1.236]]],[[[109.203,-1.229],[109.203,-1.234],[109.203,-1.232],[109.203,-1.229]]],[[[109.296,-1.228],[109.298,-1.23],[109.296,-1.231],[109.296,-1.228]]],[[[109.26,-1.182],[109.269,-1.216],[109.242,-1.244],[109.217,-1.237],[109.227,-1.2],[109.26,-1.182]]],[[[109.284,-1.21],[109.283,-1.212],[109.282,-1.21],[109.284,-1.21]]],[[[109.277,-1.207],[109.271,-1.206],[109.274,-1.199],[109.277,-1.207]]],[[[109.3,-1.056],[109.299,-1.057],[109.299,-1.056],[109.3,-1.056]]],[[[109.334,-1.742],[109.333,-1.742],[109.334,-1.738],[109.334,-1.742]]],[[[109.332,-1.522],[109.334,-1.526],[109.329,-1.523],[109.332,-1.522]]],[[[109.339,-1.519],[109.346,-1.519],[109.342,-1.524],[109.339,-1.519]]],[[[109.352,-1.5],[109.351,-1.502],[109.35,-1.501],[109.352,-1.5]]],[[[109.387,-1.486],[109.384,-1.504],[109.38,-1.505],[109.377,-1.501],[109.387,-1.486]]],[[[109.379,-1.48],[109.378,-1.48],[109.38,-1.48],[109.379,-1.48]]],[[[109.383,-1.477],[109.383,-1.479],[109.382,-1.478],[109.383,-1.477]]],[[[109.888,-1.366],[109.886,-1.367],[109.888,-1.366],[109.888,-1.366]]],[[[109.897,-1.351],[109.906,-1.346],[109.9,-1.352],[109.897,-1.351]]],[[[110.033,-1.322],[110.034,-1.322],[110.034,-1.323],[110.033,-1.322]]],[[[110.03,-1.312],[110.029,-1.31],[110.03,-1.31],[110.03,-1.312]]],[[[110.015,-1.3],[110.014,-1.3],[110.015,-1.299],[110.015,-1.3]]],[[[109.312,-1.29],[109.311,-1.289],[109.312,-1.289],[109.312,-1.29]]],[[[109.948,-1.266],[109.951,-1.268],[109.95,-1.269],[109.948,-1.266]]],[[[109.938,-1.249],[109.938,-1.249],[109.938,-1.25],[109.938,-1.249]]],[[[109.404,-1.223],[109.403,-1.222],[109.404,-1.222],[109.404,-1.223]]],[[[109.906,-1.205],[109.906,-1.204],[109.906,-1.204],[109.906,-1.205]]],[[[109.489,-0.972],[109.554,-1.003],[109.597,-0.981],[109.637,-0.986],[109.646,-1.011],[109.675,-1.02],[109.715,-0.989],[109.762,-1.005],[109.756,-1.013],[109.756,-1.022],[109.766,-1.11],[109.781,-1.143],[109.69,-1.193],[109.688,-1.217],[109.591,-1.247],[109.501,-1.31],[109.43,-1.293],[109.38,-1.255],[109.406,-1.245],[109.426,-1.206],[109.458,-1.003],[109.489,-0.972]]],[[[109.817,-1.092],[109.817,-1.091],[109.817,-1.092],[109.817,-1.092]]],[[[109.932,-0.752],[110.057,-0.76],[110.219,-0.861],[110.353,-0.874],[110.404,-1.059],[110.394,-1.071],[110.471,-1.134],[110.443,-1.233],[110.353,-1.236],[110.271,-1.304],[110.069,-1.368],[110.02,-1.289],[109.964,-1.279],[109.936,-1.221],[109.907,-1.204],[109.947,-1.125],[109.819,-1.091],[109.804,-1.049],[109.768,-1.033],[109.763,-0.994],[109.732,-0.988],[109.727,-0.922],[109.803,-0.867],[109.8,-0.842],[109.894,-0.822],[109.894,-0.802],[109.932,-0.781],[109.932,-0.752]]],[[[109.453,-1.022],[109.454,-1.021],[109.455,-1.021],[109.453,-1.022]]],[[[109.758,-1.014],[109.758,-1.013],[109.758,-1.014],[109.758,-1.014]]]]}},{"type":"Feature","properties":{"k":"61.12"},"geometry":{"type":"MultiPolygon","coordinates":[[[[109.252,-0.941],[109.247,-0.949],[109.245,-0.947],[109.252,-0.941]]],[[[109.129,-0.202],[109.193,-0.219],[109.132,-0.236],[109.084,-0.27],[109.095,-0.329],[109.055,-0.27],[109.058,-0.217],[109.129,-0.202]]],[[[109.069,-0.19],[109.066,-0.196],[109.065,-0.195],[109.069,-0.19]]],[[[109.099,-0.169],[109.162,-0.189],[109.173,-0.201],[109.088,-0.19],[109.099,-0.169]]],[[[109.083,-0.171],[109.093,-0.175],[109.082,-0.174],[109.083,-0.171]]],[[[109.081,-0.166],[109.084,-0.171],[109.079,-0.168],[109.081,-0.166]]],[[[109.131,-0.146],[109.16,-0.178],[109.161,-0.185],[109.127,-0.167],[109.131,-0.146]]],[[[109.11,-0.118],[109.124,-0.168],[109.089,-0.151],[109.11,-0.118]]],[[[109.166,-0.092],[109.187,-0.138],[109.177,-0.194],[109.125,-0.117],[109.161,-0.058],[109.166,-0.092]]],[[[109.125,-0.11],[109.118,-0.108],[109.123,-0.103],[109.125,-0.11]]],[[[109.17,-0.09],[109.176,-0.103],[109.175,-0.103],[109.17,-0.09]]],[[[109.249,0.017],[109.244,0.024],[109.253,0.016],[109.249,0.017]]],[[[109.242,0.025],[109.238,0.022],[109.232,0.029],[109.242,0.025]]],[[[109.232,0.029],[109.228,0.031],[109.228,0.032],[109.232,0.029]]],[[[109.19,0.051],[109.221,0.037],[109.239,0.019],[109.179,0.036],[109.2,0.04],[109.19,0.051]]],[[[109.385,-0.963],[109.385,-0.962],[109.385,-0.961],[109.385,-0.963]]],[[[109.388,-0.961],[109.388,-0.959],[109.388,-0.96],[109.388,-0.961]]],[[[109.359,-0.945],[109.361,-0.948],[109.358,-0.95],[109.359,-0.945]]],[[[109.257,-0.94],[109.26,-0.943],[109.257,-0.943],[109.257,-0.94]]],[[[109.256,-0.662],[109.309,-0.703],[109.393,-0.707],[109.466,-0.754],[109.553,-0.744],[109.561,-0.763],[109.677,-0.832],[109.711,-0.832],[109.716,-0.871],[109.728,-0.873],[109.74,-0.862],[109.748,-0.872],[109.736,-0.881],[109.746,-0.899],[109.721,-0.913],[109.721,-0.974],[109.682,-1.014],[109.676,-1.003],[109.669,-0.997],[109.649,-0.999],[109.64,-0.976],[109.613,-0.972],[109.584,-0.898],[109.439,-0.852],[109.417,-0.865],[109.433,-0.896],[109.405,-0.933],[109.308,-0.906],[109.239,-0.812],[109.256,-0.662]]],[[[109.496,-0.703],[109.559,-0.716],[109.542,-0.732],[109.469,-0.732],[109.445,-0.708],[109.457,-0.72],[109.462,-0.721],[109.483,-0.718],[109.483,-0.708],[109.491,-0.708],[109.492,-0.706],[109.492,-0.7],[109.496,-0.703]]],[[[109.436,-0.676],[109.471,-0.689],[109.48,-0.69],[109.497,-0.702],[109.496,-0.703],[109.493,-0.699],[109.491,-0.7],[109.483,-0.706],[109.483,-0.717],[109.458,-0.719],[109.412,-0.674],[109.42,-0.669],[109.436,-0.676]]],[[[109.483,-0.687],[109.498,-0.689],[109.497,-0.695],[109.483,-0.687]]],[[[109.36,-0.657],[109.388,-0.659],[109.406,-0.675],[109.365,-0.675],[109.349,-0.656],[109.36,-0.657]]],[[[109.365,-0.618],[109.45,-0.661],[109.477,-0.686],[109.472,-0.688],[109.468,-0.68],[109.454,-0.671],[109.442,-0.667],[109.436,-0.674],[109.423,-0.667],[109.406,-0.673],[109.391,-0.658],[109.373,-0.648],[109.36,-0.653],[109.365,-0.618]]],[[[109.311,-0.612],[109.307,-0.613],[109.307,-0.613],[109.311,-0.612]]],[[[109.311,-0.611],[109.311,-0.61],[109.313,-0.609],[109.311,-0.611]]],[[[109.383,-0.611],[109.382,-0.61],[109.383,-0.609],[109.383,-0.611]]],[[[109.286,-0.6],[109.307,-0.601],[109.281,-0.613],[109.286,-0.6]]],[[[109.324,-0.582],[109.325,-0.574],[109.334,-0.574],[109.324,-0.582]]],[[[109.676,-1.004],[109.675,-1.003],[109.676,-1.004],[109.676,-1.004]]],[[[109.674,-1.004],[109.674,-1.003],[109.674,-1.004],[109.674,-1.004]]],[[[109.67,-1.003],[109.669,-1.003],[109.67,-1.003],[109.67,-1.003]]],[[[109.668,-1.001],[109.668,-1.0],[109.669,-1.001],[109.668,-1.001]]],[[[109.668,-1.0],[109.668,-0.999],[109.669,-0.999],[109.668,-1.0]]],[[[109.575,-0.733],[109.599,-0.748],[109.626,-0.751],[109.635,-0.791],[109.567,-0.757],[109.575,-0.733]]],[[[109.56,-0.746],[109.561,-0.746],[109.56,-0.747],[109.56,-0.746]]],[[[109.695,-0.716],[109.67,-0.739],[109.67,-0.752],[109.608,-0.745],[109.606,-0.734],[109.642,-0.732],[109.648,-0.719],[109.663,-0.726],[109.695,-0.716]]],[[[109.569,-0.712],[109.567,-0.744],[109.551,-0.733],[109.569,-0.712]]],[[[109.571,-0.712],[109.583,-0.72],[109.594,-0.716],[109.607,-0.726],[109.604,-0.732],[109.605,-0.744],[109.571,-0.712]]],[[[109.579,-0.717],[109.68,-0.702],[109.688,-0.713],[109.647,-0.717],[109.63,-0.732],[109.595,-0.715],[109.579,-0.717]]],[[[109.656,-0.672],[109.674,-0.697],[109.552,-0.707],[109.574,-0.692],[109.598,-0.695],[109.614,-0.684],[109.618,-0.691],[109.632,-0.69],[109.649,-0.684],[109.656,-0.672]]],[[[109.459,-0.631],[109.548,-0.656],[109.584,-0.653],[109.583,-0.686],[109.546,-0.703],[109.499,-0.694],[109.498,-0.688],[109.466,-0.664],[109.427,-0.643],[109.469,-0.641],[109.459,-0.631]]],[[[109.384,0.255],[109.496,0.225],[109.488,0.167],[109.51,0.128],[109.495,0.09],[109.522,0.039],[109.502,-0.031],[109.543,0.001],[109.581,-0.004],[109.57,0.007],[109.589,0.022],[109.572,0.039],[109.613,0.019],[109.633,0.05],[109.657,0.037],[109.65,0.051],[109.664,0.042],[109.67,0.072],[109.673,0.057],[109.75,0.093],[109.768,0.077],[109.869,0.086],[109.864,0.038],[109.835,0.022],[109.848,-0.046],[109.904,-0.107],[109.915,-0.15],[109.939,-0.143],[109.942,-0.225],[109.966,-0.281],[109.931,-0.319],[109.948,-0.346],[109.922,-0.357],[109.921,-0.402],[109.972,-0.433],[109.946,-0.444],[109.973,-0.475],[109.885,-0.554],[109.881,-0.586],[109.816,-0.641],[109.81,-0.668],[109.819,-0.682],[109.859,-0.658],[109.884,-0.692],[109.881,-0.718],[109.899,-0.732],[109.934,-0.72],[109.94,-0.76],[109.894,-0.822],[109.8,-0.842],[109.803,-0.867],[109.754,-0.895],[109.739,-0.883],[109.751,-0.875],[109.747,-0.863],[109.732,-0.862],[109.725,-0.871],[109.717,-0.867],[109.714,-0.828],[109.679,-0.829],[109.636,-0.796],[109.638,-0.786],[109.632,-0.751],[109.671,-0.754],[109.696,-0.72],[109.697,-0.716],[109.688,-0.714],[109.689,-0.712],[109.688,-0.709],[109.689,-0.706],[109.679,-0.701],[109.667,-0.7],[109.674,-0.698],[109.675,-0.695],[109.657,-0.671],[109.652,-0.675],[109.647,-0.683],[109.612,-0.683],[109.596,-0.694],[109.585,-0.651],[109.546,-0.652],[109.475,-0.616],[109.415,-0.631],[109.374,-0.585],[109.327,-0.587],[109.325,-0.584],[109.334,-0.576],[109.335,-0.573],[109.333,-0.572],[109.324,-0.573],[109.318,-0.593],[109.251,-0.605],[109.181,-0.542],[109.19,-0.568],[109.147,-0.566],[109.115,-0.51],[109.099,-0.349],[109.165,-0.37],[109.115,-0.344],[109.09,-0.275],[109.133,-0.238],[109.198,-0.221],[109.225,-0.248],[109.289,-0.283],[109.182,-0.196],[109.19,-0.136],[109.182,-0.098],[109.188,-0.091],[109.159,-0.04],[109.171,0.033],[109.287,0.002],[109.272,-0.027],[109.344,-0.097],[109.384,-0.052],[109.351,0.132],[109.355,0.218],[109.384,0.255]]]]}},{"type":"Feature","properties":{"k":"61.71","approx":1},"geometry":{"type":"Polygon","coordinates":[[[109.393,-0.022],[109.377,-0.061],[109.338,-0.077],[109.299,-0.061],[109.283,-0.022],[109.299,0.017],[109.338,0.033],[109.377,0.017],[109.393,-0.022]]]}},{"type":"Feature","properties":{"k":"61.72"},"geometry":{"type":"Polygon","coordinates":[[[109.172,0.95],[109.169,0.889],[109.055,0.841],[109.061,0.786],[109.031,0.75],[108.973,0.769],[108.872,0.84],[108.95,0.9],[108.978,0.983],[109.116,1.009],[109.172,0.95]]]}},{"type":"Feature","properties":{"k":"62.01"},"geometry":{"type":"MultiPolygon","coordinates":[[[[111.427,-2.911],[111.43,-2.91],[111.428,-2.912],[111.427,-2.911]]],[[[111.345,-2.909],[111.344,-2.717],[111.386,-2.631],[111.362,-2.574],[111.349,-2.334],[111.324,-2.279],[111.343,-2.167],[111.529,-2.127],[111.591,-2.044],[111.617,-1.971],[111.599,-1.688],[111.512,-1.468],[111.528,-1.339],[111.737,-1.416],[111.81,-1.478],[111.821,-1.622],[111.892,-1.726],[111.964,-1.954],[111.965,-2.069],[112.033,-2.107],[112.034,-2.2],[112.077,-2.247],[112.094,-2.309],[112.083,-2.447],[112.099,-2.759],[112.072,-2.953],[111.939,-3.301],[111.821,-3.535],[111.767,-3.504],[111.801,-3.462],[111.818,-3.392],[111.797,-3.193],[111.823,-3.03],[111.727,-2.867],[111.739,-2.824],[111.697,-2.796],[111.718,-2.846],[111.669,-2.895],[111.687,-2.92],[111.706,-2.905],[111.691,-2.941],[111.634,-2.958],[111.548,-3.023],[111.525,-2.977],[111.425,-2.918],[111.433,-2.91],[111.427,-2.903],[111.386,-2.92],[111.345,-2.909]]]]}},{"type":"Feature","properties":{"k":"62.02"},"geometry":{"type":"Polygon","coordinates":[[[112.127,-1.226],[112.308,-1.246],[112.49,-1.18],[112.66,-1.214],[112.783,-1.383],[112.886,-1.635],[112.937,-1.685],[113.004,-1.704],[113.044,-1.744],[113.125,-1.932],[113.199,-2.036],[113.216,-2.152],[113.142,-2.276],[113.132,-2.326],[113.179,-2.518],[113.077,-2.696],[113.105,-2.862],[113.186,-3.086],[113.089,-3.035],[113.033,-2.974],[113.013,-3.03],[112.982,-3.042],[112.942,-3.119],[112.996,-3.156],[113.04,-3.132],[112.929,-3.234],[112.795,-3.307],[112.744,-3.063],[112.83,-2.918],[112.845,-2.842],[112.66,-2.724],[112.535,-2.671],[112.482,-2.554],[112.407,-2.449],[112.389,-2.326],[112.4,-2.242],[112.338,-2.203],[112.31,-2.207],[112.268,-2.141],[112.214,-1.912],[112.141,-1.762],[112.085,-1.586],[112.081,-1.375],[112.127,-1.226]]]}},{"type":"Feature","properties":{"k":"62.03"},"geometry":{"type":"Polygon","coordinates":[[[114.172,-3.393],[114.152,-3.095],[114.293,-2.909],[114.234,-2.802],[114.26,-2.707],[114.305,-2.675],[114.368,-2.566],[114.383,-2.49],[114.374,-2.322],[114.307,-2.162],[114.199,-2.043],[113.99,-1.904],[113.909,-1.828],[113.895,-1.684],[113.841,-1.598],[113.766,-1.381],[113.909,-1.307],[113.966,-1.228],[113.989,-1.058],[113.972,-0.775],[113.859,-0.743],[113.776,-0.674],[113.61,-0.597],[113.663,-0.438],[113.705,-0.428],[113.839,-0.46],[113.98,-0.571],[114.046,-0.529],[114.135,-0.572],[114.181,-0.639],[114.196,-0.753],[114.236,-0.826],[114.445,-0.944],[114.649,-1.371],[114.613,-1.621],[114.652,-1.767],[114.608,-1.895],[114.583,-2.048],[114.531,-2.147],[114.54,-2.221],[114.614,-2.294],[114.741,-2.349],[114.88,-2.461],[114.863,-2.48],[114.865,-2.52],[114.798,-2.592],[114.789,-2.678],[114.761,-2.722],[114.68,-2.741],[114.664,-2.802],[114.591,-2.821],[114.498,-3.001],[114.478,-3.127],[114.398,-3.257],[114.351,-3.462],[114.314,-3.453],[114.224,-3.376],[114.172,-3.393]]]}},{"type":"Feature","properties":{"k":"62.04"},"geometry":{"type":"Polygon","coordinates":[[[115.037,-2.363],[114.88,-2.461],[114.741,-2.349],[114.614,-2.294],[114.54,-2.221],[114.531,-2.147],[114.583,-2.048],[114.608,-1.895],[114.652,-1.767],[114.613,-1.621],[114.636,-1.485],[114.851,-1.409],[115.08,-1.416],[115.223,-1.394],[115.355,-1.406],[115.4,-1.435],[115.387,-1.502],[115.305,-1.548],[115.103,-1.599],[114.977,-1.591],[114.862,-1.811],[114.833,-1.924],[114.796,-1.918],[114.816,-2.13],[114.837,-2.126],[114.933,-2.204],[115.037,-2.363]]]}},{"type":"Feature","properties":{"k":"62.05"},"geometry":{"type":"Polygon","coordinates":[[[115.756,-1.303],[115.689,-1.366],[115.64,-1.369],[115.522,-1.431],[115.4,-1.435],[115.355,-1.406],[115.26,-1.394],[115.08,-1.416],[114.851,-1.409],[114.636,-1.485],[114.642,-1.342],[114.568,-1.228],[114.451,-0.955],[114.411,-0.92],[114.739,-0.734],[114.81,-0.663],[115.02,-0.561],[115.085,-0.413],[115.102,-0.145],[115.144,-0.137],[115.156,-0.102],[115.195,-0.073],[115.299,-0.03],[115.322,-0.095],[115.27,-0.146],[115.271,-0.185],[115.238,-0.237],[115.252,-0.294],[115.228,-0.297],[115.238,-0.379],[115.26,-0.393],[115.245,-0.448],[115.354,-0.583],[115.369,-0.768],[115.39,-0.816],[115.501,-0.847],[115.578,-0.942],[115.659,-1.0],[115.673,-1.058],[115.743,-1.091],[115.755,-1.134],[115.798,-1.112],[115.846,-1.155],[115.769,-1.231],[115.756,-1.303]]]}},{"type":"Feature","properties":{"k":"62.06"},"geometry":{"type":"MultiPolygon","coordinates":[[[[113.362,-3.28],[113.359,-3.282],[113.36,-3.278],[113.362,-3.28]]],[[[113.397,-3.25],[113.406,-3.271],[113.366,-3.303],[113.365,-3.275],[113.397,-3.25]]],[[[113.19,-3.108],[113.105,-2.862],[113.077,-2.696],[113.179,-2.518],[113.132,-2.326],[113.142,-2.276],[113.216,-2.152],[113.194,-2.021],[113.125,-1.932],[113.044,-1.744],[113.004,-1.704],[112.937,-1.685],[112.886,-1.635],[112.783,-1.383],[112.66,-1.214],[112.49,-1.18],[112.279,-1.248],[112.138,-1.233],[112.1,-1.195],[112.024,-0.909],[111.979,-0.808],[112.034,-0.791],[112.023,-0.703],[112.162,-0.726],[112.147,-0.68],[112.197,-0.616],[112.243,-0.635],[112.302,-0.733],[112.329,-0.704],[112.365,-0.713],[112.433,-0.673],[112.476,-0.732],[112.488,-0.693],[112.588,-0.69],[112.627,-0.656],[112.691,-0.651],[112.699,-0.622],[112.742,-0.622],[112.754,-0.569],[112.846,-0.572],[112.993,-0.488],[113.058,-0.5],[113.112,-0.486],[113.146,-0.446],[113.159,-0.469],[113.187,-0.467],[113.212,-0.506],[113.257,-0.443],[113.211,-0.766],[113.112,-0.906],[112.994,-1.006],[113.203,-1.214],[113.281,-1.321],[113.464,-1.634],[113.567,-1.942],[113.613,-2.01],[113.706,-2.089],[113.752,-2.451],[113.722,-2.553],[113.626,-2.702],[113.592,-2.798],[113.584,-2.922],[113.607,-3.045],[113.579,-3.16],[113.591,-3.166],[113.536,-3.163],[113.45,-3.19],[113.428,-3.236],[113.392,-3.248],[113.343,-3.281],[113.19,-3.108]]]]}},{"type":"Feature","properties":{"k":"62.07"},"geometry":{"type":"Polygon","coordinates":[[[111.821,-3.535],[111.939,-3.301],[112.072,-2.953],[112.099,-2.759],[112.083,-2.447],[112.094,-2.309],[112.077,-2.247],[112.034,-2.2],[112.033,-2.107],[111.965,-2.069],[111.964,-1.954],[111.892,-1.726],[111.821,-1.622],[111.81,-1.478],[111.737,-1.416],[111.531,-1.341],[111.5,-1.309],[111.487,-1.247],[111.496,-1.22],[111.573,-1.2],[111.554,-1.111],[111.571,-1.076],[111.623,-1.046],[111.622,-0.988],[111.73,-0.924],[111.854,-0.905],[111.873,-0.864],[111.919,-0.871],[111.902,-0.832],[111.91,-0.773],[111.952,-0.818],[111.979,-0.808],[112.002,-0.847],[112.077,-1.144],[112.127,-1.226],[112.081,-1.375],[112.085,-1.586],[112.141,-1.762],[112.214,-1.912],[112.268,-2.141],[112.31,-2.207],[112.338,-2.203],[112.4,-2.242],[112.389,-2.326],[112.407,-2.449],[112.482,-2.554],[112.535,-2.671],[112.66,-2.724],[112.845,-2.842],[112.83,-2.918],[112.744,-3.063],[112.795,-3.307],[112.56,-3.447],[112.478,-3.411],[112.41,-3.347],[112.335,-3.316],[112.254,-3.314],[112.083,-3.404],[111.904,-3.54],[111.821,-3.535]]]}},{"type":"Feature","properties":{"k":"62.08"},"geometry":{"type":"Polygon","coordinates":[[[111.34,-2.732],[111.345,-2.909],[111.053,-3.051],[110.955,-3.065],[110.826,-2.984],[110.734,-2.989],[110.777,-2.925],[110.966,-2.858],[111.012,-2.795],[111.1,-2.771],[111.167,-2.71],[111.165,-2.673],[111.119,-2.653],[111.136,-2.611],[111.103,-2.424],[111.07,-2.301],[111.032,-2.244],[111.079,-2.158],[111.037,-2.073],[111.122,-2.013],[111.298,-1.994],[111.33,-2.056],[111.402,-2.086],[111.43,-2.132],[111.433,-2.157],[111.343,-2.167],[111.324,-2.248],[111.349,-2.334],[111.362,-2.574],[111.386,-2.631],[111.34,-2.732]]]}},{"type":"Feature","properties":{"k":"62.09"},"geometry":{"type":"Polygon","coordinates":[[[111.078,-2.037],[111.08,-1.988],[111.004,-1.991],[110.978,-1.972],[110.996,-1.906],[110.975,-1.855],[111.013,-1.775],[111.003,-1.694],[110.977,-1.667],[110.913,-1.717],[110.859,-1.675],[110.855,-1.633],[110.908,-1.585],[110.952,-1.577],[110.983,-1.537],[111.013,-1.562],[111.058,-1.535],[111.077,-1.562],[111.118,-1.552],[111.106,-1.492],[111.147,-1.472],[111.168,-1.476],[111.189,-1.515],[111.185,-1.431],[111.206,-1.44],[111.22,-1.408],[111.276,-1.426],[111.327,-1.335],[111.361,-1.319],[111.379,-1.278],[111.4,-1.277],[111.409,-1.24],[111.492,-1.228],[111.492,-1.29],[111.528,-1.339],[111.516,-1.492],[111.58,-1.619],[111.608,-1.744],[111.618,-1.954],[111.591,-2.044],[111.529,-2.127],[111.433,-2.157],[111.419,-2.105],[111.33,-2.056],[111.298,-1.994],[111.122,-2.013],[111.078,-2.037]]]}},{"type":"Feature","properties":{"k":"62.10"},"geometry":{"type":"Polygon","coordinates":[[[113.766,-1.381],[113.649,-1.408],[113.397,-1.522],[113.216,-1.23],[113.0,-1.024],[112.998,-0.99],[113.112,-0.906],[113.223,-0.736],[113.267,-0.423],[113.262,-0.389],[113.207,-0.343],[113.26,-0.273],[113.532,-0.454],[113.663,-0.438],[113.61,-0.597],[113.776,-0.674],[113.859,-0.743],[113.972,-0.775],[113.989,-1.058],[113.966,-1.228],[113.909,-1.307],[113.766,-1.381]]]}},{"type":"Feature","properties":{"k":"62.11"},"geometry":{"type":"Polygon","coordinates":[[[114.172,-3.393],[114.046,-3.344],[113.968,-3.364],[113.791,-3.46],[113.685,-3.47],[113.582,-3.446],[113.63,-3.333],[113.63,-3.26],[113.602,-3.172],[113.613,-3.144],[113.629,-3.145],[113.634,-3.133],[113.612,-3.143],[113.599,-3.166],[113.579,-3.16],[113.607,-3.045],[113.584,-2.886],[113.614,-2.727],[113.748,-2.49],[113.727,-2.178],[114.061,-2.125],[114.221,-2.076],[114.307,-2.162],[114.353,-2.252],[114.383,-2.49],[114.359,-2.588],[114.305,-2.675],[114.26,-2.707],[114.24,-2.766],[114.238,-2.818],[114.293,-2.909],[114.152,-3.095],[114.172,-3.393]]]}},{"type":"Feature","properties":{"k":"62.12"},"geometry":{"type":"Polygon","coordinates":[[[113.733,-0.425],[113.532,-0.454],[113.368,-0.355],[113.274,-0.269],[113.29,-0.241],[113.356,-0.219],[113.387,-0.164],[113.409,-0.162],[113.419,-0.141],[113.397,-0.125],[113.421,-0.115],[113.441,-0.066],[113.417,-0.045],[113.44,0.014],[113.41,0.05],[113.419,0.125],[113.327,0.178],[113.273,0.244],[113.343,0.279],[113.413,0.264],[113.453,0.275],[113.586,0.405],[113.658,0.443],[113.673,0.506],[113.775,0.566],[113.812,0.641],[113.843,0.666],[113.88,0.66],[113.889,0.641],[113.978,0.667],[114.005,0.655],[114.108,0.703],[114.155,0.668],[114.172,0.625],[114.148,0.588],[114.187,0.571],[114.197,0.542],[114.316,0.545],[114.412,0.496],[114.459,0.571],[114.519,0.566],[114.538,0.631],[114.615,0.642],[114.658,0.708],[114.7,0.729],[114.696,0.709],[114.714,0.705],[114.762,0.742],[114.779,0.731],[114.823,0.752],[114.877,0.699],[114.865,0.739],[114.909,0.793],[114.98,0.745],[115.013,0.607],[115.137,0.426],[115.131,0.38],[115.048,0.301],[115.018,0.33],[114.908,0.319],[114.861,0.233],[114.832,0.224],[114.801,0.176],[114.811,0.159],[114.787,0.107],[114.809,0.071],[114.835,0.079],[114.895,0.044],[114.932,-0.187],[114.99,-0.173],[115.043,-0.191],[115.102,-0.145],[115.085,-0.413],[115.02,-0.561],[114.81,-0.663],[114.739,-0.734],[114.411,-0.92],[114.236,-0.826],[114.196,-0.753],[114.181,-0.639],[114.135,-0.572],[114.046,-0.529],[113.98,-0.571],[113.881,-0.486],[113.733,-0.425]]]}},{"type":"Feature","properties":{"k":"62.13"},"geometry":{"type":"Polygon","coordinates":[[[115.387,-1.502],[115.31,-1.807],[115.351,-1.93],[115.278,-2.001],[115.326,-2.105],[115.3,-2.144],[115.291,-2.226],[115.248,-2.209],[115.037,-2.363],[114.933,-2.204],[114.837,-2.126],[114.816,-2.13],[114.796,-1.918],[114.833,-1.924],[114.862,-1.811],[114.977,-1.591],[115.078,-1.601],[115.207,-1.581],[115.387,-1.502]]]}},{"type":"Feature","properties":{"k":"62.71"},"geometry":{"type":"Polygon","coordinates":[[[114.221,-2.076],[114.061,-2.125],[113.727,-2.178],[113.695,-2.07],[113.613,-2.01],[113.567,-1.942],[113.488,-1.69],[113.397,-1.522],[113.649,-1.408],[113.766,-1.381],[113.841,-1.598],[113.895,-1.684],[113.925,-1.853],[114.11,-1.97],[114.221,-2.076]]]}},{"type":"Feature","properties":{"k":"63.01"},"geometry":{"type":"MultiPolygon","coordinates":[[[[114.618,-4.064],[114.614,-4.065],[114.617,-4.062],[114.618,-4.064]]],[[[114.513,-3.542],[114.743,-3.507],[114.807,-3.517],[114.865,-3.552],[114.91,-3.536],[114.932,-3.563],[114.913,-3.612],[114.963,-3.635],[114.928,-3.699],[114.945,-3.736],[114.977,-3.707],[115.264,-3.584],[115.282,-3.681],[115.333,-3.711],[115.325,-3.751],[115.342,-3.768],[115.32,-3.809],[115.378,-3.837],[115.38,-3.86],[115.013,-4.011],[114.717,-4.166],[114.638,-4.174],[114.62,-4.161],[114.638,-4.039],[114.604,-3.822],[114.619,-3.666],[114.573,-3.575],[114.513,-3.542]]]]}},{"type":"Feature","properties":{"k":"63.02"},"geometry":{"type":"MultiPolygon","coordinates":[[[[115.65,-4.943],[115.649,-4.941],[115.651,-4.942],[115.65,-4.943]]],[[[115.661,-4.927],[115.634,-4.939],[115.677,-4.891],[115.661,-4.927]]],[[[115.839,-4.78],[115.855,-4.785],[115.765,-4.838],[115.856,-4.754],[115.839,-4.78]]],[[[115.863,-4.775],[115.862,-4.778],[115.862,-4.775],[115.863,-4.775]]],[[[115.88,-4.749],[115.881,-4.754],[115.876,-4.751],[115.88,-4.749]]],[[[115.71,-4.727],[115.719,-4.706],[115.753,-4.689],[115.74,-4.709],[115.71,-4.727]]],[[[115.834,-4.384],[115.837,-4.383],[115.837,-4.387],[115.834,-4.384]]],[[[115.808,-4.376],[115.799,-4.362],[115.815,-4.369],[115.808,-4.376]]],[[[115.815,-4.331],[115.822,-4.333],[115.813,-4.335],[115.815,-4.331]]],[[[116.049,-4.089],[116.042,-4.077],[116.046,-4.076],[116.049,-4.089]]],[[[116.058,-4.079],[116.059,-4.077],[116.059,-4.079],[116.058,-4.079]]],[[[116.045,-4.07],[116.049,-4.064],[116.045,-4.075],[116.045,-4.07]]],[[[116.018,-3.451],[116.02,-3.428],[116.04,-3.42],[116.033,-3.438],[116.034,-3.448],[116.018,-3.451]]],[[[116.037,-3.441],[116.035,-3.438],[116.038,-3.436],[116.037,-3.441]]],[[[116.04,-3.39],[116.039,-3.388],[116.041,-3.386],[116.04,-3.39]]],[[[116.026,-3.406],[116.032,-3.366],[116.044,-3.357],[116.036,-3.397],[116.026,-3.406]]],[[[116.057,-3.387],[116.057,-3.353],[116.072,-3.349],[116.068,-3.381],[116.057,-3.387]]],[[[116.118,-3.274],[115.923,-3.074],[115.823,-3.043],[115.72,-2.973],[115.652,-2.897],[115.628,-2.832],[115.572,-2.794],[115.583,-2.743],[115.663,-2.669],[115.689,-2.596],[115.731,-2.588],[115.784,-2.512],[115.792,-2.418],[115.836,-2.387],[115.852,-2.397],[115.891,-2.378],[115.897,-2.338],[115.918,-2.344],[115.96,-2.32],[115.964,-2.292],[116.017,-2.33],[116.199,-2.335],[116.245,-2.361],[116.387,-2.36],[116.555,-2.416],[116.531,-2.537],[116.509,-2.563],[116.481,-2.571],[116.476,-2.513],[116.41,-2.491],[116.399,-2.529],[116.301,-2.521],[116.273,-2.542],[116.267,-2.536],[116.253,-2.536],[116.243,-2.526],[116.229,-2.527],[116.274,-2.545],[116.302,-2.533],[116.295,-2.581],[116.311,-2.536],[116.324,-2.574],[116.285,-2.62],[116.269,-2.61],[116.272,-2.638],[116.237,-2.616],[116.232,-2.617],[116.223,-2.623],[116.245,-2.622],[116.261,-2.651],[116.231,-2.668],[116.223,-2.685],[116.316,-2.61],[116.356,-2.549],[116.382,-2.587],[116.415,-2.579],[116.368,-2.663],[116.365,-2.878],[116.27,-3.003],[116.222,-3.007],[116.207,-2.939],[116.19,-2.927],[116.199,-2.917],[116.19,-2.897],[116.198,-2.916],[116.182,-2.924],[116.155,-2.9],[116.154,-2.841],[116.135,-2.826],[116.143,-2.794],[116.128,-2.82],[116.118,-2.812],[116.133,-2.864],[116.098,-2.862],[116.131,-2.887],[116.106,-2.917],[116.098,-2.905],[116.095,-2.904],[116.091,-2.907],[116.122,-2.965],[116.078,-2.947],[116.115,-2.972],[116.087,-2.987],[116.08,-2.979],[116.061,-2.966],[116.056,-2.969],[116.085,-2.99],[116.068,-2.994],[116.056,-3.008],[116.09,-2.996],[116.05,-3.036],[116.094,-2.998],[116.132,-2.995],[116.142,-3.013],[116.109,-3.009],[116.157,-3.014],[116.154,-3.031],[116.174,-3.062],[116.275,-3.129],[116.211,-3.128],[116.179,-3.161],[116.108,-3.142],[116.116,-3.127],[116.112,-3.112],[116.098,-3.145],[116.082,-3.136],[116.07,-3.135],[116.09,-3.147],[116.079,-3.164],[116.068,-3.152],[116.061,-3.153],[116.077,-3.168],[116.069,-3.186],[116.105,-3.148],[116.168,-3.166],[116.181,-3.243],[116.144,-3.268],[116.118,-3.274]]],[[[116.171,-4.403],[116.173,-4.402],[116.169,-4.406],[116.171,-4.403]]],[[[116.12,-4.228],[116.125,-4.228],[116.12,-4.234],[116.12,-4.228]]],[[[116.207,-4.102],[116.201,-4.086],[116.212,-4.088],[116.207,-4.102]]],[[[116.194,-4.088],[116.196,-4.089],[116.193,-4.089],[116.194,-4.088]]],[[[116.164,-4.058],[116.17,-4.046],[116.181,-4.045],[116.164,-4.058]]],[[[116.213,-4.028],[116.204,-4.037],[116.198,-4.025],[116.213,-4.028]]],[[[116.039,-3.481],[116.108,-3.358],[116.1,-3.345],[116.119,-3.346],[116.105,-3.34],[116.115,-3.305],[116.139,-3.307],[116.252,-3.212],[116.271,-3.221],[116.285,-3.204],[116.25,-3.375],[116.314,-3.475],[116.311,-3.507],[116.271,-3.526],[116.308,-3.591],[116.29,-3.611],[116.3,-3.711],[116.339,-3.728],[116.272,-3.817],[116.296,-3.863],[116.317,-3.863],[116.31,-3.917],[116.272,-3.908],[116.207,-3.953],[116.21,-3.985],[116.173,-3.997],[116.143,-4.036],[116.108,-4.036],[116.091,-4.085],[116.096,-4.056],[116.069,-4.037],[116.048,-4.062],[116.033,-4.029],[116.078,-3.929],[116.057,-3.904],[116.062,-3.85],[116.082,-3.832],[116.024,-3.73],[116.002,-3.638],[116.037,-3.579],[116.039,-3.481]]],[[[116.066,-3.322],[116.064,-3.32],[116.066,-3.32],[116.066,-3.322]]],[[[116.183,-3.236],[116.184,-3.244],[116.182,-3.243],[116.183,-3.236]]],[[[116.259,-3.095],[116.266,-3.092],[116.266,-3.098],[116.259,-3.095]]],[[[116.272,-3.09],[116.282,-3.083],[116.278,-3.094],[116.272,-3.09]]],[[[116.28,-3.069],[116.281,-3.072],[116.278,-3.071],[116.28,-3.069]]],[[[116.168,-3.042],[116.186,-3.04],[116.177,-3.059],[116.168,-3.042]]],[[[116.135,-2.975],[116.177,-2.998],[116.17,-3.038],[116.159,-3.012],[116.124,-2.988],[116.135,-2.975]]],[[[116.071,-2.998],[116.064,-3.003],[116.065,-2.999],[116.071,-2.998]]],[[[116.108,-2.991],[116.1,-2.982],[116.108,-2.983],[116.108,-2.991]]],[[[116.149,-2.899],[116.203,-2.944],[116.151,-2.937],[116.149,-2.899]]],[[[116.265,-2.643],[116.259,-2.644],[116.255,-2.64],[116.265,-2.643]]],[[[117.045,-5.095],[117.062,-5.098],[117.058,-5.102],[117.045,-5.095]]],[[[117.076,-5.046],[117.071,-5.046],[117.073,-5.044],[117.076,-5.046]]],[[[117.038,-5.049],[117.044,-5.046],[117.04,-5.053],[117.038,-5.049]]],[[[117.059,-5.038],[117.057,-5.033],[117.059,-5.034],[117.059,-5.038]]],[[[117.063,-5.024],[117.061,-5.023],[117.062,-5.021],[117.063,-5.024]]],[[[117.069,-5.021],[117.076,-5.022],[117.068,-5.024],[117.069,-5.021]]],[[[116.292,-3.922],[116.29,-3.921],[116.292,-3.921],[116.292,-3.922]]],[[[116.314,-3.844],[116.297,-3.842],[116.321,-3.816],[116.314,-3.844]]],[[[116.316,-3.783],[116.314,-3.785],[116.313,-3.783],[116.316,-3.783]]],[[[116.343,-3.704],[116.343,-3.708],[116.341,-3.704],[116.343,-3.704]]],[[[116.381,-3.673],[116.381,-3.669],[116.382,-3.67],[116.381,-3.673]]],[[[116.602,-3.659],[116.606,-3.658],[116.605,-3.662],[116.602,-3.659]]],[[[116.387,-3.655],[116.383,-3.657],[116.385,-3.654],[116.387,-3.655]]],[[[116.616,-3.657],[116.615,-3.658],[116.616,-3.655],[116.616,-3.657]]],[[[116.332,-3.592],[116.351,-3.603],[116.343,-3.617],[116.336,-3.616],[116.332,-3.592]]],[[[116.399,-3.628],[116.36,-3.652],[116.354,-3.603],[116.342,-3.566],[116.312,-3.556],[116.345,-3.452],[116.39,-3.413],[116.409,-3.36],[116.431,-3.368],[116.435,-3.422],[116.399,-3.628]]],[[[116.369,-3.37],[116.372,-3.369],[116.372,-3.372],[116.369,-3.37]]]]}},{"type":"Feature","properties":{"k":"63.03"},"geometry":{"type":"Polygon","coordinates":[[[114.513,-3.542],[114.512,-3.387],[114.581,-3.394],[114.624,-3.359],[114.632,-3.283],[114.781,-3.217],[114.823,-3.0],[115.104,-3.177],[115.188,-3.082],[115.331,-2.966],[115.348,-2.962],[115.35,-2.99],[115.444,-2.966],[115.556,-2.825],[115.607,-2.88],[115.588,-2.938],[115.555,-2.938],[115.507,-3.004],[115.489,-3.092],[115.415,-3.158],[115.407,-3.24],[115.371,-3.26],[115.393,-3.29],[115.457,-3.297],[115.459,-3.337],[115.436,-3.351],[115.405,-3.452],[115.417,-3.487],[115.334,-3.521],[115.246,-3.603],[115.12,-3.643],[114.943,-3.736],[114.928,-3.699],[114.963,-3.635],[114.913,-3.612],[114.932,-3.563],[114.913,-3.538],[114.921,-3.501],[114.9,-3.435],[114.716,-3.371],[114.649,-3.524],[114.513,-3.542]]]}},{"type":"Feature","properties":{"k":"63.04"},"geometry":{"type":"Polygon","coordinates":[[[114.865,-2.522],[114.813,-2.62],[114.803,-2.748],[114.833,-2.878],[114.796,-2.942],[114.823,-3.0],[114.783,-3.216],[114.626,-3.285],[114.559,-3.256],[114.552,-3.329],[114.502,-3.407],[114.507,-3.502],[114.435,-3.502],[114.352,-3.462],[114.398,-3.257],[114.478,-3.127],[114.498,-3.001],[114.591,-2.821],[114.664,-2.802],[114.68,-2.741],[114.759,-2.724],[114.789,-2.678],[114.799,-2.591],[114.865,-2.522]]]}},{"type":"Feature","properties":{"k":"63.05"},"geometry":{"type":"Polygon","coordinates":[[[115.531,-2.857],[115.444,-2.966],[115.35,-2.99],[115.34,-2.961],[115.188,-3.082],[115.121,-3.17],[115.079,-3.173],[114.859,-3.036],[114.8,-2.968],[114.799,-2.932],[114.833,-2.878],[114.803,-2.748],[114.814,-2.617],[114.867,-2.524],[114.959,-2.676],[114.974,-2.745],[115.11,-2.83],[115.228,-2.871],[115.259,-2.923],[115.36,-2.916],[115.39,-2.867],[115.531,-2.857]]]}},{"type":"Feature","properties":{"k":"63.06"},"geometry":{"type":"Polygon","coordinates":[[[115.599,-2.722],[115.527,-2.86],[115.39,-2.867],[115.36,-2.916],[115.259,-2.923],[115.228,-2.871],[115.11,-2.83],[114.974,-2.745],[114.959,-2.676],[114.865,-2.522],[115.012,-2.493],[115.167,-2.552],[115.154,-2.607],[115.167,-2.637],[115.201,-2.639],[115.225,-2.682],[115.338,-2.705],[115.445,-2.8],[115.457,-2.752],[115.498,-2.715],[115.599,-2.722]]]}},{"type":"Feature","properties":{"k":"63.07"},"geometry":{"type":"Polygon","coordinates":[[[115.689,-2.596],[115.663,-2.669],[115.621,-2.712],[115.498,-2.715],[115.457,-2.752],[115.445,-2.8],[115.337,-2.704],[115.222,-2.68],[115.209,-2.647],[115.167,-2.637],[115.154,-2.607],[115.168,-2.552],[115.246,-2.542],[115.346,-2.476],[115.375,-2.515],[115.401,-2.474],[115.446,-2.463],[115.59,-2.54],[115.611,-2.577],[115.689,-2.596]]]}},{"type":"Feature","properties":{"k":"63.08"},"geometry":{"type":"Polygon","coordinates":[[[114.863,-2.481],[115.139,-2.29],[115.248,-2.356],[115.337,-2.346],[115.299,-2.398],[115.341,-2.477],[115.235,-2.547],[115.141,-2.547],[114.991,-2.488],[114.871,-2.525],[114.863,-2.481]]]}},{"type":"Feature","properties":{"k":"63.09"},"geometry":{"type":"Polygon","coordinates":[[[115.139,-2.289],[115.248,-2.209],[115.292,-2.224],[115.3,-2.144],[115.326,-2.103],[115.278,-2.001],[115.351,-1.93],[115.31,-1.807],[115.4,-1.435],[115.524,-1.43],[115.64,-1.369],[115.689,-1.366],[115.757,-1.302],[115.745,-1.36],[115.708,-1.415],[115.671,-1.444],[115.654,-1.422],[115.674,-1.394],[115.647,-1.388],[115.571,-1.483],[115.543,-1.491],[115.537,-1.521],[115.546,-1.544],[115.582,-1.524],[115.6,-1.548],[115.613,-1.535],[115.637,-1.547],[115.629,-1.606],[115.652,-1.642],[115.668,-1.639],[115.668,-1.707],[115.701,-1.731],[115.728,-1.79],[115.725,-1.933],[115.679,-2.084],[115.619,-2.159],[115.576,-2.155],[115.566,-2.184],[115.5,-2.215],[115.472,-2.259],[115.342,-2.345],[115.248,-2.356],[115.139,-2.289]]]}},{"type":"Feature","properties":{"k":"63.10"},"geometry":{"type":"Polygon","coordinates":[[[115.38,-3.86],[115.378,-3.837],[115.32,-3.809],[115.342,-3.768],[115.325,-3.751],[115.333,-3.711],[115.282,-3.681],[115.264,-3.584],[115.334,-3.521],[115.417,-3.487],[115.405,-3.452],[115.436,-3.351],[115.459,-3.337],[115.457,-3.297],[115.397,-3.292],[115.37,-3.264],[115.41,-3.235],[115.415,-3.158],[115.493,-3.085],[115.507,-3.004],[115.555,-2.938],[115.588,-2.938],[115.609,-2.89],[115.556,-2.825],[115.572,-2.794],[115.628,-2.832],[115.652,-2.897],[115.72,-2.973],[115.823,-3.043],[115.923,-3.074],[116.018,-3.19],[116.094,-3.235],[116.118,-3.274],[116.092,-3.283],[116.079,-3.258],[116.085,-3.286],[116.031,-3.366],[115.996,-3.565],[115.969,-3.608],[115.844,-3.627],[115.716,-3.732],[115.659,-3.736],[115.38,-3.86]]]}},{"type":"Feature","properties":{"k":"63.11"},"geometry":{"type":"Polygon","coordinates":[[[115.698,-2.605],[115.611,-2.577],[115.59,-2.54],[115.454,-2.463],[115.401,-2.474],[115.367,-2.515],[115.299,-2.398],[115.379,-2.311],[115.566,-2.184],[115.575,-2.156],[115.621,-2.157],[115.683,-2.076],[115.701,-1.988],[115.73,-2.005],[115.71,-2.042],[115.819,-2.065],[115.792,-2.106],[115.782,-2.198],[115.818,-2.294],[115.836,-2.301],[115.816,-2.324],[115.836,-2.387],[115.784,-2.44],[115.794,-2.494],[115.739,-2.579],[115.698,-2.605]]]}},{"type":"Feature","properties":{"k":"63.71"},"geometry":{"type":"Polygon","coordinates":[[[114.512,-3.387],[114.555,-3.322],[114.559,-3.256],[114.632,-3.283],[114.624,-3.359],[114.573,-3.398],[114.512,-3.387]]]}},{"type":"Feature","properties":{"k":"63.72"},"geometry":{"type":"Polygon","coordinates":[[[114.913,-3.538],[114.865,-3.552],[114.807,-3.517],[114.743,-3.507],[114.649,-3.524],[114.716,-3.371],[114.9,-3.435],[114.921,-3.501],[114.913,-3.538]]]}},{"type":"Feature","properties":{"k":"64.01"},"geometry":{"type":"MultiPolygon","coordinates":[[[[117.374,-2.46],[117.378,-2.459],[117.376,-2.462],[117.374,-2.46]]],[[[117.323,-2.453],[117.327,-2.454],[117.327,-2.455],[117.323,-2.453]]],[[[117.401,-2.435],[117.397,-2.434],[117.399,-2.433],[117.401,-2.435]]],[[[117.324,-2.361],[117.329,-2.359],[117.327,-2.362],[117.324,-2.361]]],[[[117.232,-2.314],[117.23,-2.317],[117.23,-2.313],[117.232,-2.314]]],[[[117.412,-2.221],[117.409,-2.223],[117.408,-2.219],[117.412,-2.221]]],[[[116.392,-2.128],[116.463,-2.132],[116.503,-2.109],[116.524,-2.155],[116.403,-2.206],[116.387,-2.188],[116.393,-2.161],[116.392,-2.128]]],[[[116.355,-2.356],[116.245,-2.361],[116.199,-2.335],[116.017,-2.33],[115.968,-2.292],[115.96,-2.32],[115.918,-2.344],[115.897,-2.338],[115.891,-2.378],[115.853,-2.397],[115.836,-2.387],[115.816,-2.324],[115.836,-2.301],[115.818,-2.294],[115.782,-2.198],[115.792,-2.106],[115.819,-2.065],[115.736,-2.058],[115.707,-2.036],[115.73,-2.008],[115.7,-1.987],[115.732,-1.889],[115.727,-1.787],[115.701,-1.731],[115.668,-1.707],[115.669,-1.639],[115.652,-1.642],[115.629,-1.606],[115.637,-1.547],[115.613,-1.535],[115.6,-1.548],[115.582,-1.524],[115.548,-1.544],[115.537,-1.528],[115.543,-1.491],[115.571,-1.483],[115.647,-1.388],[115.674,-1.392],[115.654,-1.422],[115.673,-1.444],[115.741,-1.367],[115.767,-1.235],[115.847,-1.163],[115.792,-1.113],[115.826,-1.078],[115.873,-1.068],[116.201,-1.101],[116.306,-1.038],[116.39,-1.105],[116.32,-1.214],[116.306,-1.343],[116.402,-1.514],[116.54,-1.61],[116.327,-1.702],[116.299,-1.66],[116.268,-1.667],[116.259,-1.648],[116.234,-1.655],[116.236,-1.647],[116.225,-1.635],[116.234,-1.658],[116.248,-1.659],[116.256,-1.649],[116.269,-1.67],[116.299,-1.663],[116.317,-1.691],[116.31,-1.723],[116.232,-1.721],[116.214,-1.688],[116.175,-1.669],[116.202,-1.686],[116.188,-1.703],[116.206,-1.687],[116.209,-1.708],[116.231,-1.724],[116.277,-1.733],[116.279,-1.75],[116.252,-1.78],[116.205,-1.768],[116.183,-1.78],[116.177,-1.751],[116.165,-1.737],[116.154,-1.744],[116.175,-1.75],[116.181,-1.784],[116.164,-1.804],[116.158,-1.798],[116.159,-1.787],[116.153,-1.781],[116.133,-1.786],[116.157,-1.787],[116.146,-1.822],[116.116,-1.815],[116.125,-1.832],[116.164,-1.821],[116.184,-1.79],[116.193,-1.809],[116.196,-1.784],[116.205,-1.802],[116.2,-1.782],[116.263,-1.81],[116.344,-1.775],[116.365,-1.783],[116.363,-1.806],[116.387,-1.812],[116.365,-1.799],[116.373,-1.763],[116.451,-1.773],[116.451,-1.814],[116.417,-1.868],[116.362,-1.859],[116.344,-1.862],[116.337,-1.874],[116.326,-1.86],[116.304,-1.859],[116.267,-1.885],[116.26,-1.895],[116.261,-1.913],[116.248,-1.914],[116.261,-1.914],[116.263,-1.908],[116.263,-1.891],[116.303,-1.861],[116.336,-1.875],[116.35,-1.864],[116.338,-1.882],[116.334,-1.914],[116.304,-1.915],[116.341,-1.929],[116.356,-1.864],[116.436,-1.87],[116.459,-1.927],[116.456,-2.064],[116.36,-2.111],[116.339,-2.056],[116.33,-2.05],[116.283,-2.045],[116.238,-2.078],[116.19,-2.033],[116.162,-2.041],[116.188,-2.034],[116.218,-2.069],[116.187,-2.066],[116.172,-2.076],[116.232,-2.081],[116.248,-2.079],[116.286,-2.048],[116.326,-2.053],[116.349,-2.114],[116.34,-2.128],[116.314,-2.133],[116.308,-2.146],[116.296,-2.148],[116.287,-2.158],[116.308,-2.148],[116.305,-2.165],[116.237,-2.192],[116.195,-2.188],[116.159,-2.216],[116.194,-2.19],[116.219,-2.204],[116.277,-2.182],[116.312,-2.164],[116.316,-2.136],[116.392,-2.117],[116.383,-2.183],[116.399,-2.207],[116.392,-2.213],[116.368,-2.221],[116.362,-2.226],[116.352,-2.248],[116.378,-2.22],[116.371,-2.261],[116.326,-2.266],[116.32,-2.277],[116.369,-2.263],[116.355,-2.278],[116.362,-2.297],[116.385,-2.222],[116.511,-2.166],[116.549,-2.17],[116.546,-2.2],[116.51,-2.219],[116.494,-2.269],[116.468,-2.267],[116.463,-2.274],[116.528,-2.273],[116.499,-2.269],[116.509,-2.227],[116.588,-2.172],[116.59,-2.259],[116.555,-2.416],[116.355,-2.356]],[[116.194,-1.811],[116.193,-1.81],[116.193,-1.809],[116.194,-1.811]],[[116.197,-1.819],[116.198,-1.818],[116.194,-1.811],[116.197,-1.819]],[[116.199,-1.818],[116.199,-1.818],[116.198,-1.818],[116.199,-1.818]],[[116.206,-1.812],[116.205,-1.813],[116.2,-1.82],[116.201,-1.823],[116.205,-1.822],[116.206,-1.812]],[[116.205,-1.802],[116.206,-1.802],[116.205,-1.802],[116.205,-1.802]],[[116.211,-1.803],[116.211,-1.81],[116.215,-1.812],[116.211,-1.803]]],[[[116.25,-1.657],[116.247,-1.655],[116.249,-1.654],[116.25,-1.657]]],[[[117.941,-2.538],[117.945,-2.537],[117.945,-2.542],[117.941,-2.538]]],[[[117.656,-2.449],[117.654,-2.454],[117.652,-2.455],[117.656,-2.449]]],[[[117.544,-2.452],[117.548,-2.447],[117.545,-2.454],[117.544,-2.452]]],[[[117.484,-2.445],[117.485,-2.447],[117.482,-2.449],[117.484,-2.445]]],[[[117.552,-2.442],[117.549,-2.444],[117.551,-2.439],[117.552,-2.442]]],[[[117.594,-2.42],[117.591,-2.422],[117.592,-2.419],[117.594,-2.42]]],[[[117.762,-2.351],[117.761,-2.352],[117.761,-2.349],[117.762,-2.351]]],[[[117.659,-2.277],[117.663,-2.277],[117.663,-2.279],[117.659,-2.277]]]]}},{"type":"Feature","properties":{"k":"64.02"},"geometry":{"type":"MultiPolygon","coordinates":[[[[117.259,-0.851],[117.264,-0.868],[117.262,-0.887],[117.255,-0.882],[117.259,-0.851]]],[[[117.259,-0.849],[117.257,-0.852],[117.256,-0.848],[117.259,-0.849]]],[[[117.274,-0.85],[117.275,-0.888],[117.262,-0.845],[117.277,-0.808],[117.274,-0.85]]],[[[117.327,-0.903],[117.311,-0.855],[117.346,-0.836],[117.33,-0.797],[117.343,-0.781],[117.374,-0.839],[117.363,-0.855],[117.357,-0.876],[117.353,-0.879],[117.35,-0.873],[117.345,-0.871],[117.341,-0.874],[117.359,-0.895],[117.327,-0.903]]],[[[117.259,-0.846],[117.256,-0.844],[117.257,-0.839],[117.259,-0.846]]],[[[117.302,-0.849],[117.28,-0.874],[117.286,-0.796],[117.299,-0.809],[117.302,-0.849]]],[[[117.258,-0.833],[117.256,-0.835],[117.257,-0.824],[117.258,-0.833]]],[[[117.276,-0.808],[117.267,-0.81],[117.276,-0.803],[117.276,-0.808]]],[[[117.289,-0.791],[117.285,-0.771],[117.292,-0.764],[117.295,-0.776],[117.289,-0.791]]],[[[117.344,-0.767],[117.335,-0.758],[117.331,-0.728],[117.323,-0.715],[117.32,-0.687],[117.306,-0.657],[117.302,-0.614],[117.368,-0.663],[117.384,-0.699],[117.365,-0.695],[117.379,-0.698],[117.368,-0.719],[117.402,-0.764],[117.407,-0.753],[117.466,-0.808],[117.464,-0.822],[117.436,-0.786],[117.423,-0.781],[117.412,-0.787],[117.434,-0.788],[117.44,-0.816],[117.416,-0.837],[117.4,-0.809],[117.411,-0.84],[117.435,-0.845],[117.445,-0.889],[117.408,-0.882],[117.398,-0.853],[117.344,-0.767]]],[[[117.331,-0.767],[117.338,-0.769],[117.339,-0.774],[117.331,-0.767]]],[[[117.309,-0.677],[117.329,-0.767],[117.339,-0.775],[117.321,-0.8],[117.328,-0.785],[117.32,-0.779],[117.321,-0.743],[117.319,-0.733],[117.311,-0.729],[117.32,-0.769],[117.306,-0.775],[117.323,-0.786],[117.305,-0.804],[117.344,-0.833],[117.309,-0.84],[117.291,-0.731],[117.309,-0.677]]],[[[117.326,-0.726],[117.332,-0.741],[117.332,-0.747],[117.326,-0.726]]],[[[117.311,-0.573],[117.312,-0.569],[117.321,-0.575],[117.311,-0.573]]],[[[116.916,-1.061],[116.855,-1.028],[116.921,-0.939],[116.805,-0.838],[116.649,-0.835],[116.578,-0.909],[116.518,-0.851],[116.544,-0.712],[116.394,-0.635],[116.353,-0.458],[116.323,-0.433],[116.359,-0.342],[116.312,-0.269],[116.346,-0.234],[116.146,-0.142],[116.016,-0.039],[116.02,0.044],[116.052,0.116],[115.965,0.21],[115.928,0.228],[115.794,0.234],[115.784,0.341],[115.823,0.413],[115.809,0.532],[115.605,0.807],[115.593,0.851],[115.644,1.04],[115.629,1.162],[115.699,1.378],[115.918,1.437],[116.067,1.656],[116.141,1.543],[116.266,1.414],[116.215,1.011],[116.275,0.838],[116.32,0.562],[116.508,0.333],[116.563,0.181],[116.614,0.204],[116.886,0.238],[116.948,0.276],[117.007,0.387],[117.049,0.687],[117.1,0.635],[117.175,0.456],[117.183,0.269],[117.133,0.115],[117.201,0.068],[117.33,0.021],[117.515,-0.008],[117.52,-0.029],[117.476,-0.08],[117.442,-0.203],[117.417,-0.222],[117.465,-0.368],[117.459,-0.387],[117.439,-0.379],[117.435,-0.383],[117.437,-0.391],[117.428,-0.398],[117.424,-0.433],[117.455,-0.456],[117.437,-0.484],[117.432,-0.512],[117.43,-0.514],[117.424,-0.503],[117.419,-0.502],[117.416,-0.511],[117.408,-0.506],[117.4,-0.516],[117.409,-0.507],[117.416,-0.512],[117.425,-0.506],[117.412,-0.539],[117.42,-0.551],[117.363,-0.584],[117.311,-0.567],[117.283,-0.577],[117.303,-0.68],[117.286,-0.742],[117.277,-0.738],[117.283,-0.728],[117.276,-0.722],[117.284,-0.72],[117.279,-0.712],[117.275,-0.721],[117.281,-0.792],[117.266,-0.807],[117.191,-0.789],[117.184,-0.779],[117.189,-0.774],[117.184,-0.763],[117.18,-0.785],[117.189,-0.802],[117.151,-0.831],[117.171,-0.824],[117.196,-0.794],[117.248,-0.804],[117.249,-0.907],[117.169,-0.955],[117.017,-1.164],[116.941,-1.113],[116.916,-1.061]]],[[[117.439,-0.893],[117.446,-0.892],[117.442,-0.894],[117.439,-0.893]]],[[[117.361,-0.886],[117.365,-0.858],[117.375,-0.847],[117.393,-0.878],[117.361,-0.886]]],[[[117.384,-0.835],[117.381,-0.828],[117.383,-0.83],[117.384,-0.835]]],[[[117.493,-0.834],[117.466,-0.827],[117.47,-0.811],[117.493,-0.834]]],[[[117.471,-0.809],[117.481,-0.81],[117.489,-0.82],[117.471,-0.809]]],[[[117.459,-0.784],[117.459,-0.781],[117.459,-0.781],[117.459,-0.784]]],[[[117.468,-0.764],[117.492,-0.802],[117.437,-0.741],[117.463,-0.748],[117.468,-0.764]]],[[[117.387,-0.696],[117.436,-0.734],[117.407,-0.725],[117.435,-0.739],[117.455,-0.783],[117.38,-0.716],[117.387,-0.696]]],[[[117.516,-0.644],[117.507,-0.663],[117.485,-0.647],[117.478,-0.665],[117.459,-0.631],[117.498,-0.626],[117.5,-0.641],[117.516,-0.644]]],[[[117.412,-0.696],[117.285,-0.583],[117.309,-0.577],[117.344,-0.589],[117.366,-0.587],[117.444,-0.566],[117.472,-0.55],[117.477,-0.564],[117.509,-0.575],[117.494,-0.593],[117.487,-0.589],[117.484,-0.595],[117.475,-0.588],[117.464,-0.596],[117.57,-0.624],[117.563,-0.65],[117.537,-0.655],[117.499,-0.623],[117.45,-0.63],[117.451,-0.614],[117.446,-0.607],[117.439,-0.631],[117.43,-0.622],[117.422,-0.63],[117.412,-0.618],[117.422,-0.631],[117.46,-0.636],[117.468,-0.682],[117.454,-0.661],[117.425,-0.657],[117.421,-0.645],[117.413,-0.647],[117.412,-0.637],[117.382,-0.62],[117.371,-0.621],[117.412,-0.638],[117.411,-0.648],[117.421,-0.647],[117.423,-0.657],[117.433,-0.658],[117.424,-0.681],[117.418,-0.677],[117.421,-0.67],[117.416,-0.662],[117.384,-0.664],[117.418,-0.666],[117.407,-0.679],[117.412,-0.696]]],[[[117.348,-0.588],[117.354,-0.584],[117.357,-0.586],[117.348,-0.588]]],[[[117.447,-0.504],[117.455,-0.501],[117.446,-0.508],[117.447,-0.504]]],[[[117.499,-0.402],[117.501,-0.433],[117.506,-0.414],[117.501,-0.403],[117.518,-0.401],[117.533,-0.387],[117.507,-0.451],[117.443,-0.5],[117.468,-0.42],[117.519,-0.35],[117.541,-0.374],[117.499,-0.402]]],[[[117.426,-0.433],[117.438,-0.392],[117.44,-0.38],[117.456,-0.389],[117.461,-0.388],[117.467,-0.374],[117.46,-0.347],[117.491,-0.329],[117.451,-0.441],[117.426,-0.433]]],[[[117.507,-0.811],[117.5,-0.801],[117.512,-0.812],[117.507,-0.811]]],[[[117.523,-0.767],[117.514,-0.772],[117.5,-0.753],[117.523,-0.767]]],[[[117.385,-0.682],[117.412,-0.698],[117.416,-0.691],[117.409,-0.677],[117.426,-0.683],[117.437,-0.663],[117.472,-0.707],[117.464,-0.701],[117.448,-0.699],[117.446,-0.706],[117.519,-0.736],[117.606,-0.726],[117.617,-0.764],[117.599,-0.787],[117.551,-0.785],[117.522,-0.776],[117.524,-0.763],[117.498,-0.735],[117.493,-0.731],[117.485,-0.731],[117.506,-0.781],[117.556,-0.793],[117.545,-0.811],[117.514,-0.81],[117.462,-0.745],[117.385,-0.682]]],[[[117.522,-0.705],[117.499,-0.703],[117.522,-0.701],[117.522,-0.705]]],[[[117.524,-0.66],[117.529,-0.69],[117.472,-0.684],[117.487,-0.649],[117.502,-0.665],[117.524,-0.66]]],[[[117.507,-0.51],[117.495,-0.521],[117.491,-0.522],[117.507,-0.51]]],[[[117.512,-0.571],[117.471,-0.548],[117.42,-0.562],[117.421,-0.549],[117.415,-0.537],[117.591,-0.411],[117.623,-0.417],[117.606,-0.476],[117.588,-0.458],[117.596,-0.475],[117.581,-0.486],[117.505,-0.501],[117.448,-0.535],[117.504,-0.526],[117.535,-0.505],[117.527,-0.535],[117.547,-0.506],[117.589,-0.517],[117.579,-0.578],[117.554,-0.598],[117.516,-0.603],[117.512,-0.571]]],[[[117.551,-0.504],[117.566,-0.495],[117.575,-0.502],[117.573,-0.505],[117.551,-0.504]]],[[[117.597,-0.477],[117.593,-0.483],[117.592,-0.482],[117.597,-0.477]]],[[[117.537,-0.444],[117.529,-0.453],[117.525,-0.455],[117.537,-0.444]]],[[[117.521,-0.437],[117.529,-0.416],[117.54,-0.412],[117.521,-0.437]]],[[[117.536,-0.406],[117.533,-0.409],[117.534,-0.406],[117.536,-0.406]]],[[[117.511,-0.354],[117.486,-0.388],[117.497,-0.352],[117.511,-0.354]]]]}},{"type":"Feature","properties":{"k":"64.03"},"geometry":{"type":"MultiPolygon","coordinates":[[[[118.877,1.039],[118.805,1.017],[118.754,1.101],[118.612,1.094],[118.571,1.226],[118.543,1.254],[118.49,1.269],[118.432,1.255],[118.38,1.176],[118.252,1.196],[118.181,1.156],[118.055,1.18],[118.0,1.263],[117.91,1.329],[117.949,1.476],[117.937,1.522],[117.864,1.6],[117.71,1.692],[117.588,1.643],[117.501,1.542],[117.463,1.55],[117.404,1.605],[117.338,1.539],[117.339,1.483],[117.28,1.357],[117.228,1.336],[117.156,1.357],[116.987,1.487],[116.88,1.672],[116.786,1.691],[116.711,1.646],[116.591,1.648],[116.472,1.695],[116.404,1.758],[116.335,1.774],[116.282,1.856],[116.2,1.862],[116.177,1.908],[116.179,1.956],[116.203,2.002],[116.252,2.031],[116.303,2.291],[116.326,2.326],[116.422,2.349],[116.501,2.475],[116.558,2.422],[116.77,2.411],[116.996,2.496],[117.076,2.564],[117.244,2.602],[117.353,2.591],[117.468,2.5],[117.6,2.488],[117.715,2.356],[117.857,2.291],[117.885,2.357],[117.967,2.446],[117.998,2.436],[118.02,2.39],[118.006,2.367],[118.031,2.359],[118.046,2.379],[118.075,2.312],[118.085,2.326],[118.095,2.311],[118.078,2.25],[118.02,2.197],[117.936,2.18],[117.906,2.211],[117.895,2.196],[117.813,2.201],[117.69,2.18],[117.684,2.197],[117.654,2.209],[117.634,2.208],[117.655,2.182],[117.719,2.15],[117.72,2.105],[117.71,2.097],[117.712,2.109],[117.698,2.108],[117.709,2.096],[117.722,2.102],[117.726,2.084],[117.715,2.083],[117.711,2.078],[117.72,2.061],[117.701,2.058],[117.679,2.088],[117.656,2.094],[117.648,2.089],[117.639,2.081],[117.62,2.104],[117.632,2.108],[117.63,2.126],[117.629,2.109],[117.612,2.114],[117.626,2.124],[117.618,2.144],[117.609,2.114],[117.641,2.066],[117.651,2.065],[117.643,2.051],[117.637,2.063],[117.63,2.065],[117.634,2.051],[117.646,2.043],[117.675,2.058],[117.682,2.075],[117.708,2.03],[117.741,2.045],[117.749,2.026],[117.781,2.013],[117.773,1.994],[117.786,2.014],[117.837,2.009],[117.863,1.968],[117.843,1.95],[117.877,1.971],[117.86,1.893],[117.838,1.911],[117.828,1.949],[117.822,1.95],[117.83,1.913],[117.85,1.893],[117.835,1.886],[117.861,1.881],[117.844,1.859],[117.846,1.829],[117.861,1.83],[117.846,1.86],[117.872,1.881],[117.93,1.805],[118.047,1.784],[118.064,1.748],[118.058,1.739],[118.041,1.752],[118.035,1.751],[118.032,1.745],[118.023,1.744],[118.032,1.744],[118.038,1.751],[118.044,1.749],[118.127,1.64],[118.302,1.53],[118.385,1.501],[118.378,1.483],[118.411,1.487],[118.421,1.449],[118.379,1.427],[118.404,1.425],[118.425,1.433],[118.429,1.414],[118.409,1.401],[118.434,1.398],[118.436,1.379],[118.45,1.38],[118.462,1.4],[118.471,1.394],[118.457,1.368],[118.463,1.364],[118.48,1.385],[118.486,1.364],[118.514,1.377],[118.517,1.357],[118.562,1.367],[118.753,1.215],[118.77,1.167],[118.726,1.156],[118.778,1.153],[118.778,1.133],[118.831,1.099],[118.838,1.051],[118.917,1.065],[118.988,1.025],[118.877,1.039]],[[117.609,2.114],[117.608,2.112],[117.609,2.114],[117.609,2.114]],[[117.823,2.002],[117.824,2.002],[117.824,2.003],[117.823,2.002]],[[117.823,2.002],[117.821,1.989],[117.815,1.988],[117.822,1.988],[117.823,2.002]],[[117.839,1.896],[117.846,1.894],[117.846,1.894],[117.839,1.896]]],[[[117.72,2.035],[117.707,2.051],[117.72,2.057],[117.722,2.063],[117.713,2.08],[117.785,2.096],[117.79,2.099],[117.795,2.109],[117.801,2.112],[117.829,2.105],[117.809,2.088],[117.814,2.08],[117.833,2.096],[117.912,2.05],[117.846,2.025],[117.845,2.038],[117.862,2.034],[117.872,2.043],[117.847,2.04],[117.85,2.07],[117.829,2.054],[117.843,2.042],[117.808,2.027],[117.806,2.057],[117.79,2.036],[117.784,2.052],[117.77,2.057],[117.762,2.053],[117.789,2.035],[117.801,2.04],[117.782,2.022],[117.738,2.053],[117.72,2.035]]],[[[117.674,2.063],[117.651,2.057],[117.652,2.067],[117.64,2.077],[117.679,2.085],[117.674,2.063]]],[[[117.651,2.08],[117.642,2.082],[117.651,2.091],[117.651,2.08]]],[[[117.915,2.089],[117.867,2.085],[117.83,2.115],[117.874,2.144],[117.9,2.126],[117.898,2.105],[117.915,2.089]]],[[[117.772,2.168],[117.802,2.177],[117.803,2.122],[117.79,2.113],[117.781,2.121],[117.765,2.12],[117.789,2.099],[117.725,2.092],[117.729,2.137],[117.714,2.163],[117.766,2.165],[117.772,2.168]]],[[[117.869,2.148],[117.812,2.122],[117.802,2.185],[117.826,2.192],[117.844,2.169],[117.863,2.158],[117.958,2.123],[117.91,2.099],[117.902,2.126],[117.895,2.133],[117.869,2.148]]],[[[117.881,2.155],[117.828,2.192],[117.884,2.163],[117.881,2.155]]],[[[117.777,2.181],[117.715,2.165],[117.707,2.171],[117.777,2.181]]],[[[117.872,2.186],[117.891,2.19],[117.897,2.167],[117.872,2.186]]],[[[117.68,2.181],[117.673,2.18],[117.672,2.184],[117.68,2.181]]],[[[117.893,2.189],[117.905,2.207],[117.927,2.176],[117.918,2.157],[117.893,2.189]]],[[[117.654,2.193],[117.67,2.181],[117.652,2.193],[117.654,2.193]]],[[[117.645,2.205],[117.683,2.197],[117.685,2.182],[117.645,2.205]]],[[[118.134,2.331],[118.129,2.335],[118.133,2.334],[118.134,2.331]]],[[[118.221,2.359],[118.194,2.377],[118.197,2.382],[118.221,2.359]]],[[[118.544,1.368],[118.546,1.366],[118.543,1.364],[118.544,1.368]]],[[[118.555,1.376],[118.557,1.368],[118.554,1.372],[118.555,1.376]]],[[[118.462,1.372],[118.463,1.377],[118.465,1.376],[118.462,1.372]]],[[[118.542,1.392],[118.529,1.395],[118.544,1.396],[118.542,1.392]]],[[[118.425,1.404],[118.424,1.406],[118.425,1.406],[118.425,1.404]]],[[[118.45,1.384],[118.438,1.423],[118.466,1.433],[118.45,1.384]]],[[[118.506,1.415],[118.504,1.413],[118.505,1.416],[118.506,1.415]]],[[[118.468,1.427],[118.481,1.433],[118.462,1.45],[118.469,1.467],[118.472,1.455],[118.499,1.441],[118.489,1.439],[118.501,1.413],[118.531,1.387],[118.487,1.388],[118.468,1.427]]],[[[118.394,1.428],[118.395,1.427],[118.393,1.426],[118.394,1.428]]],[[[118.441,1.428],[118.439,1.43],[118.44,1.431],[118.441,1.428]]],[[[118.496,1.437],[118.499,1.437],[118.497,1.436],[118.496,1.437]]],[[[118.475,1.462],[118.472,1.463],[118.474,1.468],[118.475,1.462]]],[[[118.534,1.468],[118.536,1.467],[118.533,1.467],[118.534,1.468]]],[[[118.398,2.088],[118.399,2.084],[118.397,2.086],[118.398,2.088]]],[[[118.333,2.134],[118.324,2.137],[118.328,2.141],[118.333,2.134]]],[[[118.563,2.116],[118.505,2.136],[118.515,2.161],[118.538,2.162],[118.563,2.116]]],[[[118.24,2.287],[118.244,2.281],[118.239,2.285],[118.24,2.287]]],[[[118.836,1.116],[118.847,1.118],[118.846,1.113],[118.836,1.116]]],[[[118.789,1.135],[118.794,1.127],[118.787,1.131],[118.789,1.135]]],[[[118.696,1.265],[118.702,1.26],[118.699,1.261],[118.696,1.265]]],[[[118.906,1.516],[118.909,1.522],[118.912,1.523],[118.906,1.516]]],[[[118.638,1.523],[118.631,1.525],[118.636,1.526],[118.638,1.523]]],[[[118.944,1.56],[118.953,1.562],[118.944,1.558],[118.944,1.56]]],[[[118.998,1.788],[118.994,1.789],[118.997,1.79],[118.998,1.788]]],[[[118.734,2.105],[118.729,2.1],[118.73,2.103],[118.734,2.105]]],[[[118.735,2.116],[118.736,2.113],[118.734,2.115],[118.735,2.116]]],[[[118.653,2.222],[118.653,2.218],[118.651,2.221],[118.653,2.222]]],[[[118.638,2.229],[118.637,2.231],[118.64,2.231],[118.638,2.229]]],[[[118.638,2.233],[118.634,2.233],[118.636,2.235],[118.638,2.233]]],[[[118.638,2.248],[118.569,2.305],[118.585,2.226],[118.653,2.163],[118.567,2.235],[118.56,2.278],[118.571,2.313],[118.638,2.248]]],[[[118.597,2.258],[118.599,2.261],[118.602,2.256],[118.597,2.258]]],[[[118.592,2.263],[118.592,2.26],[118.589,2.262],[118.592,2.263]]]]}},{"type":"Feature","properties":{"k":"64.07"},"geometry":{"type":"Polygon","coordinates":[[[115.144,-0.137],[115.043,-0.191],[114.99,-0.173],[114.93,-0.185],[114.895,0.044],[114.835,0.079],[114.809,0.071],[114.788,0.097],[114.811,0.159],[114.801,0.176],[114.832,0.224],[114.861,0.233],[114.908,0.319],[115.018,0.33],[115.048,0.301],[115.133,0.387],[115.135,0.43],[115.038,0.558],[114.981,0.743],[114.944,0.775],[114.909,0.793],[114.865,0.739],[114.877,0.699],[114.823,0.752],[114.779,0.731],[114.762,0.742],[114.714,0.705],[114.696,0.709],[114.703,0.73],[114.659,0.709],[114.615,0.642],[114.538,0.631],[114.519,0.566],[114.459,0.571],[114.43,0.546],[114.433,0.51],[114.412,0.496],[114.316,0.545],[114.197,0.542],[114.187,0.571],[114.148,0.588],[114.172,0.625],[114.155,0.668],[114.108,0.703],[114.005,0.655],[113.978,0.667],[113.889,0.641],[113.88,0.66],[113.843,0.666],[113.844,0.704],[113.895,0.739],[113.889,0.787],[113.926,0.838],[113.875,0.893],[113.92,0.988],[113.896,1.053],[113.944,1.064],[113.988,1.145],[114.048,1.133],[114.08,1.162],[114.119,1.155],[114.142,1.2],[114.128,1.225],[114.163,1.267],[114.144,1.294],[114.15,1.38],[114.239,1.446],[114.376,1.492],[114.397,1.517],[114.541,1.434],[114.569,1.434],[114.588,1.466],[114.668,1.353],[114.921,1.278],[115.024,1.214],[115.105,1.111],[115.176,1.091],[115.474,1.099],[115.506,1.351],[115.699,1.378],[115.629,1.162],[115.642,1.015],[115.593,0.851],[115.649,0.736],[115.809,0.532],[115.823,0.413],[115.784,0.341],[115.794,0.234],[115.928,0.228],[115.965,0.21],[116.052,0.116],[116.02,0.044],[116.016,-0.039],[116.146,-0.142],[116.345,-0.234],[116.312,-0.269],[116.359,-0.342],[116.323,-0.433],[116.353,-0.458],[116.394,-0.635],[116.544,-0.712],[116.518,-0.852],[116.459,-0.88],[116.338,-1.012],[116.223,-1.096],[115.871,-1.068],[115.826,-1.078],[115.757,-1.136],[115.743,-1.091],[115.673,-1.058],[115.659,-1.0],[115.578,-0.942],[115.503,-0.849],[115.397,-0.821],[115.375,-0.788],[115.354,-0.583],[115.245,-0.448],[115.26,-0.393],[115.238,-0.379],[115.227,-0.306],[115.253,-0.291],[115.238,-0.237],[115.271,-0.185],[115.27,-0.146],[115.322,-0.095],[115.301,-0.032],[115.195,-0.073],[115.156,-0.102],[115.144,-0.137]]]}},{"type":"Feature","properties":{"k":"64.08"},"geometry":{"type":"MultiPolygon","coordinates":[[[[117.568,0.418],[117.568,0.416],[117.567,0.418],[117.568,0.418]]],[[[117.557,0.42],[117.561,0.422],[117.56,0.42],[117.557,0.42]]],[[[118.017,0.744],[118.008,0.714],[117.998,0.736],[118.017,0.744]]],[[[118.046,0.773],[118.039,0.777],[118.041,0.782],[118.046,0.773]]],[[[118.026,0.892],[118.015,0.892],[118.015,0.896],[118.026,0.892]]],[[[118.014,0.907],[118.012,0.906],[118.013,0.909],[118.014,0.907]]],[[[118.01,0.904],[117.992,0.924],[117.999,0.939],[118.009,0.928],[118.01,0.904]]],[[[117.557,0.369],[117.323,0.42],[117.299,0.349],[117.183,0.383],[117.151,0.527],[117.1,0.635],[117.049,0.687],[117.007,0.387],[116.948,0.276],[116.886,0.238],[116.614,0.204],[116.563,0.181],[116.508,0.333],[116.32,0.562],[116.275,0.838],[116.215,1.011],[116.266,1.414],[116.141,1.543],[116.067,1.656],[116.199,1.863],[116.282,1.856],[116.335,1.774],[116.395,1.763],[116.472,1.695],[116.591,1.648],[116.711,1.646],[116.786,1.691],[116.88,1.672],[117.012,1.461],[117.15,1.36],[117.214,1.336],[117.263,1.344],[117.303,1.386],[117.338,1.479],[117.337,1.537],[117.404,1.604],[117.463,1.55],[117.501,1.542],[117.588,1.643],[117.71,1.692],[117.864,1.6],[117.937,1.522],[117.949,1.476],[117.91,1.329],[118.0,1.263],[118.055,1.18],[118.181,1.156],[118.252,1.196],[118.38,1.176],[118.432,1.255],[118.49,1.269],[118.543,1.254],[118.571,1.226],[118.612,1.094],[118.754,1.101],[118.811,1.014],[118.877,1.039],[118.985,1.017],[118.965,0.943],[118.908,0.903],[118.893,0.875],[118.857,0.877],[118.791,0.801],[118.793,0.811],[118.726,0.823],[118.708,0.813],[118.673,0.857],[118.631,0.851],[118.589,0.81],[118.493,0.823],[118.479,0.861],[118.49,0.868],[118.491,0.877],[118.474,0.878],[118.48,0.89],[118.464,0.901],[118.478,0.901],[118.48,0.904],[118.464,0.914],[118.479,0.904],[118.463,0.902],[118.472,0.878],[118.489,0.876],[118.477,0.864],[118.478,0.832],[118.423,0.839],[118.366,0.803],[118.32,0.849],[118.064,0.903],[118.054,0.931],[118.072,0.949],[118.022,0.951],[117.991,1.0],[117.981,0.976],[117.962,1.0],[117.978,0.93],[118.019,0.867],[118.026,0.778],[117.972,0.773],[117.924,0.806],[117.913,0.836],[117.754,0.758],[117.712,0.696],[117.712,0.628],[117.698,0.638],[117.702,0.624],[117.675,0.617],[117.649,0.554],[117.644,0.536],[117.662,0.534],[117.644,0.535],[117.605,0.486],[117.608,0.425],[117.582,0.404],[117.565,0.423],[117.553,0.422],[117.557,0.369]],[[118.072,0.95],[118.074,0.958],[118.072,0.949],[118.072,0.95]]],[[[118.473,0.697],[118.478,0.695],[118.471,0.692],[118.473,0.697]]],[[[118.781,0.805],[118.784,0.804],[118.782,0.801],[118.781,0.805]]],[[[118.761,0.804],[118.763,0.805],[118.762,0.803],[118.761,0.804]]],[[[118.718,0.816],[118.717,0.817],[118.719,0.819],[118.718,0.816]]],[[[118.926,0.909],[118.929,0.909],[118.927,0.908],[118.926,0.909]]],[[[118.05,0.92],[118.052,0.923],[118.053,0.921],[118.05,0.92]]],[[[118.05,0.931],[118.055,0.937],[118.053,0.931],[118.05,0.931]]]]}},{"type":"Feature","properties":{"k":"64.09"},"geometry":{"type":"MultiPolygon","coordinates":[[[[116.421,-1.532],[116.306,-1.343],[116.32,-1.214],[116.39,-1.106],[116.306,-1.038],[116.501,-0.854],[116.53,-0.856],[116.578,-0.909],[116.655,-0.833],[116.805,-0.838],[116.921,-0.939],[116.857,-1.039],[116.754,-1.115],[116.754,-1.101],[116.729,-1.106],[116.738,-1.056],[116.795,-0.96],[116.75,-1.008],[116.742,-0.982],[116.747,-1.008],[116.741,-1.002],[116.747,-1.013],[116.735,-1.023],[116.738,-1.037],[116.715,-1.025],[116.733,-1.044],[116.728,-1.067],[116.722,-1.042],[116.721,-1.067],[116.702,-1.048],[116.726,-1.075],[116.718,-1.097],[116.704,-1.089],[116.713,-1.105],[116.697,-1.116],[116.708,-1.129],[116.691,-1.136],[116.706,-1.13],[116.711,-1.137],[116.721,-1.133],[116.75,-1.159],[116.74,-1.168],[116.767,-1.187],[116.711,-1.212],[116.708,-1.21],[116.71,-1.192],[116.706,-1.185],[116.705,-1.21],[116.688,-1.198],[116.661,-1.197],[116.659,-1.182],[116.651,-1.179],[116.664,-1.21],[116.744,-1.218],[116.778,-1.243],[116.762,-1.361],[116.6,-1.421],[116.54,-1.464],[116.53,-1.51],[116.56,-1.598],[116.536,-1.615],[116.421,-1.532]]],[[[116.757,-1.171],[116.753,-1.172],[116.754,-1.168],[116.757,-1.171]]],[[[116.745,-1.169],[116.749,-1.173],[116.743,-1.169],[116.745,-1.169]]],[[[116.744,-1.151],[116.746,-1.145],[116.746,-1.15],[116.744,-1.151]]],[[[116.717,-1.133],[116.712,-1.134],[116.717,-1.129],[116.717,-1.133]]],[[[116.71,-1.129],[116.711,-1.119],[116.714,-1.127],[116.71,-1.129]]],[[[116.715,-1.116],[116.732,-1.126],[116.727,-1.134],[116.715,-1.116]]],[[[116.727,-1.082],[116.727,-1.091],[116.725,-1.093],[116.727,-1.082]]],[[[116.731,-1.075],[116.733,-1.071],[116.732,-1.081],[116.731,-1.075]]],[[[116.745,-1.028],[116.738,-1.022],[116.746,-1.016],[116.745,-1.028]]]]}},{"type":"Feature","properties":{"k":"64.11"},"geometry":{"type":"Polygon","coordinates":[[[114.415,1.512],[114.563,1.434],[114.573,1.39],[114.6,1.395],[114.61,1.367],[114.697,1.357],[114.726,1.311],[114.717,1.273],[114.84,1.173],[114.885,1.212],[114.936,1.179],[114.98,1.193],[115.01,1.123],[115.174,1.116],[115.186,1.068],[115.25,1.047],[115.369,1.068],[115.418,1.144],[115.407,1.185],[115.426,1.219],[115.504,1.257],[115.476,1.214],[115.521,1.104],[115.52,0.953],[115.465,0.834],[115.466,0.771],[115.588,0.635],[115.642,0.617],[115.653,0.604],[115.636,0.557],[115.782,0.426],[115.76,0.326],[115.806,0.26],[115.82,0.196],[115.797,0.185],[115.803,0.166],[115.777,0.149],[115.472,0.138],[115.441,0.042],[115.405,0.021],[115.374,0.032],[115.324,-0.04],[115.302,-0.05],[115.297,-0.034],[115.194,-0.077],[115.155,-0.104],[115.148,-0.137],[115.081,-0.153],[115.043,-0.191],[114.987,-0.173],[114.934,-0.189],[114.895,0.039],[114.794,0.087],[114.801,0.176],[114.832,0.224],[114.861,0.233],[114.902,0.311],[114.944,0.331],[114.953,0.313],[115.019,0.327],[115.048,0.301],[115.127,0.372],[115.137,0.421],[115.04,0.554],[114.984,0.739],[114.944,0.775],[114.909,0.793],[114.865,0.739],[114.877,0.699],[114.823,0.752],[114.779,0.731],[114.762,0.742],[114.714,0.705],[114.696,0.709],[114.701,0.728],[114.658,0.704],[114.616,0.64],[114.539,0.63],[114.541,0.597],[114.518,0.565],[114.457,0.57],[114.425,0.541],[114.431,0.505],[114.409,0.495],[114.316,0.541],[114.194,0.541],[114.185,0.572],[114.147,0.588],[114.172,0.622],[114.152,0.67],[114.112,0.697],[114.064,0.691],[114.004,0.652],[113.978,0.667],[113.889,0.641],[113.88,0.66],[113.843,0.662],[113.844,0.703],[113.895,0.737],[113.891,0.786],[113.928,0.841],[113.878,0.896],[113.921,0.987],[113.895,1.022],[113.896,1.053],[113.941,1.064],[113.985,1.144],[114.031,1.149],[114.045,1.133],[114.085,1.165],[114.095,1.149],[114.118,1.155],[114.142,1.201],[114.128,1.225],[114.162,1.264],[114.142,1.296],[114.154,1.388],[114.223,1.417],[114.239,1.448],[114.415,1.512]]]}},{"type":"Feature","properties":{"k":"64.71"},"geometry":{"type":"MultiPolygon","coordinates":[[[[116.827,-1.212],[116.823,-1.213],[116.826,-1.21],[116.827,-1.212]]],[[[117.018,-1.166],[116.933,-1.254],[116.811,-1.282],[116.808,-1.222],[116.821,-1.218],[116.832,-1.21],[116.812,-1.207],[116.822,-1.199],[116.833,-1.185],[116.783,-1.212],[116.781,-1.148],[116.753,-1.116],[116.857,-1.04],[116.913,-1.056],[116.941,-1.113],[117.018,-1.166]]]]}},{"type":"Feature","properties":{"k":"64.72"},"geometry":{"type":"Polygon","coordinates":[[[117.099,-0.556],[117.026,-0.522],[117.006,-0.487],[117.162,-0.318],[117.247,-0.307],[117.335,-0.382],[117.333,-0.434],[117.278,-0.469],[117.267,-0.525],[117.231,-0.518],[117.218,-0.549],[117.176,-0.498],[117.099,-0.556]]]}},{"type":"Feature","properties":{"k":"64.74","approx":1},"geometry":{"type":"Polygon","coordinates":[[[117.509,0.07],[117.49,0.024],[117.444,0.005],[117.399,0.024],[117.38,0.07],[117.399,0.115],[117.444,0.134],[117.49,0.115],[117.509,0.07]]]}},{"type":"Feature","properties":{"k":"65.01"},"geometry":{"type":"MultiPolygon","coordinates":[[[[116.82,2.735],[116.825,2.734],[116.819,2.728],[116.82,2.735]]],[[[117.12,2.749],[117.116,2.747],[117.118,2.751],[117.12,2.749]]],[[[117.368,2.845],[117.379,2.874],[117.39,2.852],[117.412,2.856],[117.411,2.87],[117.418,2.859],[117.423,2.858],[117.43,2.858],[117.441,2.866],[117.45,2.865],[117.456,2.851],[117.461,2.848],[117.467,2.85],[117.471,2.862],[117.479,2.85],[117.497,2.848],[117.498,2.84],[117.503,2.856],[117.511,2.854],[117.506,2.845],[117.51,2.842],[117.515,2.846],[117.517,2.859],[117.544,2.842],[117.556,2.863],[117.567,2.847],[117.54,2.827],[117.541,2.807],[117.511,2.828],[117.483,2.819],[117.484,2.838],[117.477,2.842],[117.451,2.834],[117.45,2.845],[117.437,2.843],[117.427,2.829],[117.427,2.823],[117.418,2.829],[117.417,2.816],[117.411,2.824],[117.394,2.819],[117.417,2.815],[117.418,2.829],[117.426,2.821],[117.45,2.844],[117.451,2.833],[117.481,2.838],[117.483,2.818],[117.512,2.826],[117.541,2.806],[117.57,2.845],[117.583,2.837],[117.565,2.815],[117.575,2.801],[117.57,2.798],[117.569,2.808],[117.562,2.808],[117.568,2.797],[117.574,2.797],[117.582,2.807],[117.567,2.814],[117.583,2.835],[117.613,2.799],[117.605,2.786],[117.604,2.797],[117.593,2.81],[117.603,2.783],[117.588,2.793],[117.583,2.79],[117.606,2.757],[117.598,2.781],[117.603,2.78],[117.611,2.79],[117.628,2.78],[117.617,2.78],[117.621,2.761],[117.618,2.779],[117.63,2.775],[117.628,2.78],[117.61,2.791],[117.617,2.796],[117.635,2.792],[117.631,2.786],[117.632,2.78],[117.628,2.771],[117.635,2.766],[117.628,2.76],[117.635,2.765],[117.636,2.792],[117.677,2.785],[117.652,2.767],[117.649,2.755],[117.655,2.749],[117.653,2.767],[117.682,2.784],[117.683,2.772],[117.695,2.764],[117.695,2.748],[117.704,2.748],[117.698,2.74],[117.706,2.743],[117.704,2.749],[117.696,2.748],[117.695,2.765],[117.684,2.773],[117.69,2.785],[117.732,2.771],[117.744,2.74],[117.782,2.75],[117.803,2.619],[117.988,2.435],[117.959,2.428],[117.933,2.385],[117.864,2.394],[117.812,2.327],[117.747,2.328],[117.609,2.523],[117.572,2.502],[117.499,2.524],[117.401,2.607],[117.303,2.606],[117.243,2.578],[117.094,2.599],[117.061,2.582],[117.024,2.522],[116.942,2.508],[116.846,2.461],[116.823,2.399],[116.796,2.38],[116.733,2.53],[116.618,2.418],[116.565,2.453],[116.496,2.457],[116.488,2.398],[116.506,2.349],[116.476,2.317],[116.476,2.289],[116.457,2.28],[116.417,2.304],[116.335,2.29],[116.303,2.261],[116.29,2.236],[116.3,2.213],[116.35,2.167],[116.311,2.123],[116.293,2.125],[116.293,2.106],[116.185,2.147],[116.157,2.133],[116.13,2.168],[116.052,2.151],[115.997,2.229],[115.989,2.261],[116.041,2.264],[116.06,2.314],[116.11,2.359],[116.113,2.392],[116.182,2.409],[116.234,2.489],[116.266,2.48],[116.323,2.598],[116.314,2.665],[116.333,2.7],[116.431,2.781],[116.444,2.819],[116.494,2.83],[116.581,2.891],[116.609,2.95],[116.658,2.977],[116.661,3.006],[116.742,3.037],[116.748,3.07],[116.725,3.106],[116.742,3.172],[116.786,3.181],[116.808,3.225],[116.805,3.29],[116.756,3.387],[116.781,3.37],[116.835,3.393],[116.924,3.401],[116.962,3.387],[117.054,3.409],[117.081,3.403],[117.111,3.349],[117.173,3.358],[117.243,3.315],[117.295,3.427],[117.329,3.399],[117.323,3.362],[117.304,3.371],[117.293,3.363],[117.294,3.352],[117.305,3.343],[117.294,3.323],[117.304,3.31],[117.307,3.342],[117.296,3.365],[117.326,3.361],[117.331,3.381],[117.369,3.375],[117.391,3.344],[117.37,3.298],[117.331,3.298],[117.367,3.296],[117.334,3.265],[117.352,3.275],[117.352,3.245],[117.37,3.243],[117.38,3.269],[117.396,3.26],[117.378,3.231],[117.318,3.213],[117.306,3.243],[117.271,3.245],[117.287,3.277],[117.272,3.263],[117.271,3.279],[117.264,3.29],[117.268,3.257],[117.233,3.25],[117.157,3.263],[117.146,3.278],[117.109,3.298],[117.082,3.299],[117.183,3.247],[117.263,3.233],[117.246,3.217],[117.264,3.231],[117.278,3.197],[117.233,3.195],[117.198,3.177],[117.202,3.167],[117.308,3.208],[117.318,3.168],[117.272,3.163],[117.259,3.146],[117.25,3.151],[117.268,3.136],[117.253,3.124],[117.27,3.134],[117.272,3.159],[117.288,3.158],[117.28,3.14],[117.292,3.136],[117.291,3.158],[117.325,3.151],[117.344,3.183],[117.395,3.165],[117.389,3.14],[117.371,3.147],[117.358,3.136],[117.358,3.13],[117.365,3.125],[117.364,3.121],[117.349,3.14],[117.333,3.128],[117.353,3.109],[117.335,3.129],[117.349,3.139],[117.363,3.119],[117.366,3.124],[117.361,3.138],[117.389,3.139],[117.418,3.174],[117.466,3.13],[117.406,3.116],[117.385,3.097],[117.374,3.117],[117.367,3.118],[117.361,3.113],[117.363,3.09],[117.383,3.082],[117.368,3.084],[117.362,3.069],[117.352,3.08],[117.347,3.079],[117.345,3.073],[117.353,3.049],[117.377,3.043],[117.366,3.041],[117.365,3.032],[117.378,3.029],[117.361,3.023],[117.347,3.005],[117.379,3.028],[117.379,3.03],[117.371,3.034],[117.366,3.033],[117.367,3.038],[117.389,3.033],[117.334,2.929],[117.334,2.918],[117.319,2.921],[117.32,2.946],[117.315,2.956],[117.279,2.972],[117.315,2.954],[117.319,2.946],[117.317,2.924],[117.32,2.918],[117.335,2.917],[117.344,2.933],[117.342,2.914],[117.323,2.898],[117.36,2.824],[117.356,2.8],[117.348,2.818],[117.336,2.805],[117.333,2.823],[117.325,2.823],[117.319,2.81],[117.332,2.78],[117.321,2.786],[117.304,2.754],[117.288,2.757],[117.269,2.747],[117.274,2.763],[117.26,2.766],[117.258,2.746],[117.231,2.757],[117.21,2.748],[117.208,2.779],[117.195,2.779],[117.175,2.767],[117.179,2.755],[117.164,2.751],[117.151,2.737],[117.151,2.721],[117.112,2.757],[117.099,2.764],[117.088,2.765],[117.094,2.774],[117.094,2.782],[117.079,2.799],[116.985,2.804],[116.964,2.827],[116.948,2.825],[116.918,2.841],[116.909,2.838],[116.903,2.853],[116.829,2.736],[116.818,2.736],[116.816,2.721],[116.802,2.715],[116.793,2.702],[116.792,2.694],[116.76,2.693],[116.794,2.692],[116.803,2.714],[116.816,2.719],[116.83,2.735],[116.904,2.85],[116.907,2.837],[116.984,2.802],[117.077,2.798],[117.086,2.762],[117.151,2.72],[117.202,2.777],[117.21,2.746],[117.257,2.743],[117.262,2.764],[117.272,2.762],[117.264,2.751],[117.272,2.744],[117.303,2.751],[117.335,2.779],[117.328,2.822],[117.333,2.804],[117.34,2.805],[117.347,2.816],[117.353,2.798],[117.36,2.801],[117.364,2.817],[117.376,2.811],[117.381,2.812],[117.385,2.807],[117.392,2.818],[117.37,2.816],[117.379,2.83],[117.371,2.843],[117.368,2.845]]],[[[117.188,2.768],[117.195,2.776],[117.199,2.777],[117.188,2.768]]],[[[117.378,2.829],[117.37,2.817],[117.364,2.817],[117.37,2.838],[117.368,2.844],[117.378,2.829]]],[[[117.368,2.84],[117.364,2.83],[117.362,2.84],[117.368,2.84]]],[[[117.449,2.866],[117.447,2.869],[117.45,2.866],[117.449,2.866]]],[[[117.449,2.961],[117.443,2.956],[117.438,2.948],[117.435,2.95],[117.437,2.953],[117.435,2.955],[117.425,2.952],[117.416,2.934],[117.426,2.917],[117.41,2.912],[117.407,2.908],[117.413,2.89],[117.4,2.891],[117.392,2.876],[117.367,2.873],[117.356,2.846],[117.325,2.899],[117.344,2.913],[117.353,2.952],[117.366,2.936],[117.371,2.937],[117.375,2.941],[117.373,2.961],[117.398,2.956],[117.428,2.967],[117.449,2.961]]],[[[117.453,2.955],[117.455,2.95],[117.448,2.949],[117.447,2.945],[117.448,2.942],[117.454,2.936],[117.457,2.936],[117.447,2.917],[117.447,2.907],[117.434,2.91],[117.424,2.906],[117.428,2.921],[117.417,2.935],[117.425,2.951],[117.438,2.947],[117.453,2.955]]],[[[117.366,2.937],[117.364,2.941],[117.369,2.937],[117.366,2.937]]],[[[117.374,2.944],[117.364,2.944],[117.367,2.952],[117.374,2.944]]],[[[117.456,2.984],[117.457,2.997],[117.463,2.993],[117.456,2.984]]],[[[117.541,3.069],[117.552,3.038],[117.527,3.042],[117.525,3.046],[117.53,3.056],[117.528,3.061],[117.504,3.067],[117.496,3.061],[117.5,3.043],[117.489,3.045],[117.485,3.04],[117.476,3.004],[117.438,3.014],[117.455,2.997],[117.451,2.991],[117.45,2.987],[117.455,2.978],[117.462,2.972],[117.374,2.963],[117.367,2.953],[117.359,2.959],[117.401,3.03],[117.406,3.02],[117.414,3.02],[117.445,3.055],[117.478,3.061],[117.458,3.043],[117.459,3.028],[117.483,3.063],[117.495,3.066],[117.521,3.07],[117.541,3.069]]],[[[117.418,3.031],[117.398,3.038],[117.399,3.041],[117.418,3.031]]],[[[117.448,3.059],[117.447,3.065],[117.448,3.065],[117.448,3.059]]],[[[117.441,3.058],[117.441,3.066],[117.447,3.07],[117.441,3.058]]],[[[117.441,3.067],[117.445,3.074],[117.447,3.071],[117.441,3.067]]],[[[117.448,3.124],[117.478,3.098],[117.449,3.084],[117.454,3.093],[117.45,3.101],[117.433,3.096],[117.431,3.086],[117.44,3.082],[117.432,3.077],[117.441,3.081],[117.433,3.095],[117.453,3.095],[117.439,3.071],[117.432,3.047],[117.397,3.042],[117.389,3.018],[117.391,3.033],[117.381,3.058],[117.395,3.062],[117.407,3.081],[117.403,3.092],[117.389,3.096],[117.448,3.124]]],[[[117.46,3.082],[117.446,3.074],[117.46,3.082],[117.46,3.082]]],[[[117.364,3.114],[117.405,3.08],[117.378,3.058],[117.378,3.046],[117.354,3.05],[117.348,3.078],[117.363,3.067],[117.385,3.082],[117.364,3.114]]],[[[117.225,3.176],[117.218,3.18],[117.228,3.178],[117.225,3.176]]],[[[117.233,3.181],[117.22,3.183],[117.236,3.192],[117.233,3.181]]],[[[117.305,3.234],[117.282,3.207],[117.27,3.232],[117.305,3.234]]],[[[117.253,3.243],[117.251,3.246],[117.258,3.245],[117.253,3.243]]],[[[117.468,3.29],[117.412,3.25],[117.38,3.278],[117.384,3.283],[117.399,3.277],[117.444,3.28],[117.467,3.307],[117.468,3.29]]],[[[117.379,3.277],[117.376,3.282],[117.382,3.287],[117.379,3.277]]],[[[117.384,3.312],[117.363,3.256],[117.355,3.273],[117.384,3.312]]],[[[117.524,3.299],[117.516,3.277],[117.459,3.274],[117.473,3.296],[117.469,3.307],[117.462,3.31],[117.445,3.282],[117.396,3.278],[117.383,3.316],[117.404,3.308],[117.445,3.343],[117.524,3.299]]],[[[117.464,2.887],[117.473,2.874],[117.474,2.873],[117.478,2.872],[117.515,2.889],[117.514,2.846],[117.508,2.844],[117.512,2.854],[117.504,2.858],[117.501,2.857],[117.498,2.841],[117.498,2.848],[117.469,2.864],[117.46,2.85],[117.449,2.869],[117.436,2.876],[117.464,2.887]]],[[[117.53,2.904],[117.544,2.908],[117.543,2.9],[117.546,2.891],[117.558,2.886],[117.585,2.889],[117.592,2.863],[117.606,2.847],[117.66,2.845],[117.644,2.824],[117.644,2.829],[117.636,2.827],[117.637,2.832],[117.633,2.836],[117.627,2.834],[117.641,2.821],[117.616,2.821],[117.573,2.848],[117.573,2.861],[117.562,2.869],[117.558,2.869],[117.55,2.863],[117.543,2.844],[117.515,2.89],[117.476,2.873],[117.468,2.886],[117.455,2.894],[117.435,2.883],[117.435,2.88],[117.436,2.874],[117.446,2.87],[117.432,2.86],[117.41,2.871],[117.389,2.854],[117.417,2.895],[117.411,2.91],[117.424,2.904],[117.447,2.903],[117.464,2.935],[117.53,2.904]]],[[[117.531,2.906],[117.517,2.911],[117.543,2.909],[117.531,2.906]]],[[[117.497,2.921],[117.491,2.925],[117.489,2.926],[117.497,2.921]]],[[[117.456,2.95],[117.509,2.94],[117.525,2.939],[117.554,2.949],[117.554,2.947],[117.55,2.946],[117.549,2.944],[117.557,2.931],[117.544,2.925],[117.558,2.931],[117.559,2.952],[117.574,2.946],[117.571,2.938],[117.582,2.931],[117.507,2.917],[117.472,2.939],[117.455,2.936],[117.448,2.948],[117.453,2.948],[117.456,2.95]]],[[[117.501,2.955],[117.515,2.942],[117.489,2.948],[117.501,2.955]]],[[[117.505,2.958],[117.5,2.962],[117.508,2.957],[117.505,2.958]]],[[[117.486,2.957],[117.493,2.962],[117.499,2.961],[117.486,2.957]]],[[[117.475,2.958],[117.45,2.963],[117.476,2.968],[117.524,3.008],[117.557,3.011],[117.557,2.991],[117.544,2.994],[117.543,2.974],[117.542,2.985],[117.535,2.987],[117.527,2.985],[117.531,2.993],[117.525,2.989],[117.527,2.985],[117.53,2.982],[117.53,2.979],[117.516,2.989],[117.529,2.978],[117.542,2.984],[117.534,2.959],[117.531,2.971],[117.515,2.98],[117.475,2.958]]],[[[117.463,2.99],[117.463,2.989],[117.462,2.988],[117.463,2.99]]],[[[117.486,3.019],[117.477,2.97],[117.456,2.979],[117.465,2.99],[117.46,3.004],[117.477,3.002],[117.486,3.019]]],[[[117.498,2.997],[117.512,3.011],[117.514,3.011],[117.498,2.997]]],[[[117.514,3.005],[117.52,3.012],[117.525,3.011],[117.514,3.005]]],[[[117.514,3.015],[117.493,2.996],[117.496,3.005],[117.488,3.03],[117.514,3.015]]],[[[117.498,3.062],[117.529,3.057],[117.508,3.019],[117.488,3.033],[117.501,3.043],[117.498,3.062]]],[[[117.487,3.071],[117.495,3.074],[117.496,3.074],[117.487,3.071]]],[[[117.496,3.076],[117.471,3.066],[117.471,3.061],[117.451,3.06],[117.47,3.083],[117.496,3.076]]],[[[117.518,3.075],[117.522,3.073],[117.516,3.074],[117.518,3.075]]],[[[117.502,3.08],[117.512,3.073],[117.498,3.073],[117.502,3.08]]],[[[117.482,3.085],[117.481,3.089],[117.485,3.088],[117.482,3.085]]],[[[117.489,3.093],[117.489,3.097],[117.495,3.093],[117.489,3.093]]],[[[117.501,3.103],[117.498,3.094],[117.49,3.097],[117.496,3.103],[117.501,3.103]]],[[[117.53,3.101],[117.524,3.103],[117.53,3.101],[117.53,3.101]]],[[[117.501,3.104],[117.502,3.108],[117.505,3.108],[117.501,3.104]]],[[[117.524,3.11],[117.52,3.115],[117.533,3.115],[117.524,3.11]]],[[[117.5,3.4],[117.497,3.344],[117.452,3.351],[117.449,3.405],[117.5,3.4]]],[[[117.502,3.546],[117.609,3.502],[117.614,3.484],[117.546,3.473],[117.536,3.504],[117.53,3.49],[117.506,3.511],[117.442,3.512],[117.443,3.538],[117.413,3.55],[117.502,3.546]]],[[[117.492,3.571],[117.459,3.593],[117.496,3.575],[117.492,3.571]]],[[[117.624,2.8],[117.61,2.813],[117.63,2.799],[117.624,2.8]]],[[[117.649,2.802],[117.629,2.812],[117.64,2.812],[117.649,2.802]]],[[[117.701,2.841],[117.666,2.819],[117.701,2.839],[117.735,2.811],[117.677,2.798],[117.641,2.815],[117.691,2.852],[117.701,2.841]]],[[[117.631,2.832],[117.632,2.833],[117.632,2.832],[117.631,2.832]]],[[[117.572,2.861],[117.557,2.865],[117.558,2.868],[117.572,2.861]]],[[[117.546,2.909],[117.713,2.897],[117.716,2.87],[117.686,2.862],[117.676,2.883],[117.656,2.886],[117.684,2.863],[117.649,2.879],[117.672,2.857],[117.641,2.858],[117.638,2.884],[117.631,2.89],[117.62,2.893],[117.637,2.883],[117.615,2.874],[117.636,2.87],[117.632,2.85],[117.603,2.86],[117.612,2.871],[117.607,2.873],[117.606,2.885],[117.599,2.891],[117.606,2.872],[117.612,2.871],[117.598,2.86],[117.585,2.89],[117.546,2.892],[117.546,2.909]]],[[[117.569,2.914],[117.567,2.92],[117.575,2.918],[117.569,2.914]]],[[[117.684,2.936],[117.711,2.908],[117.58,2.911],[117.639,2.928],[117.684,2.936]]],[[[117.603,2.92],[117.6,2.924],[117.612,2.923],[117.603,2.92]]],[[[117.665,2.989],[117.669,2.97],[117.649,2.956],[117.622,2.97],[117.606,2.948],[117.623,2.942],[117.615,2.957],[117.63,2.96],[117.654,2.946],[117.666,2.965],[117.693,2.947],[117.571,2.923],[117.583,2.93],[117.583,2.933],[117.575,2.947],[117.561,2.953],[117.581,2.953],[117.589,2.975],[117.605,2.973],[117.596,2.957],[117.605,2.969],[117.605,2.974],[117.603,2.979],[117.665,2.989]]],[[[117.564,2.97],[117.521,2.942],[117.515,2.954],[117.5,2.963],[117.515,2.979],[117.534,2.958],[117.549,2.977],[117.545,2.991],[117.564,2.97]]],[[[117.626,2.986],[117.627,2.994],[117.639,2.988],[117.626,2.986]]],[[[117.622,3.06],[117.601,3.037],[117.624,3.043],[117.616,3.017],[117.587,3.021],[117.58,3.014],[117.56,3.033],[117.578,3.007],[117.603,3.013],[117.575,2.982],[117.55,3.028],[117.513,3.02],[117.523,3.042],[117.553,3.036],[117.554,3.058],[117.573,3.047],[117.622,3.06]]],[[[117.571,3.053],[117.552,3.074],[117.623,3.075],[117.619,3.068],[117.571,3.053]]],[[[117.533,3.074],[117.537,3.079],[117.547,3.076],[117.533,3.074]]],[[[117.636,3.071],[117.623,3.084],[117.639,3.074],[117.636,3.071]]],[[[117.564,3.095],[117.555,3.078],[117.498,3.084],[117.516,3.099],[117.564,3.095]]],[[[117.604,3.088],[117.579,3.094],[117.606,3.095],[117.604,3.088]]],[[[117.548,3.097],[117.545,3.104],[117.556,3.1],[117.548,3.097]]],[[[117.557,3.102],[117.558,3.104],[117.559,3.101],[117.557,3.102]]],[[[117.575,3.1],[117.562,3.11],[117.589,3.11],[117.575,3.1]]],[[[117.591,3.128],[117.619,3.12],[117.618,3.112],[117.599,3.108],[117.591,3.128]]],[[[117.874,3.473],[117.866,3.449],[117.845,3.454],[117.771,3.506],[117.755,3.563],[117.799,3.59],[117.821,3.575],[117.874,3.473]]],[[[117.661,3.53],[117.648,3.529],[117.639,3.529],[117.661,3.53]]],[[[117.567,3.548],[117.564,3.555],[117.574,3.55],[117.567,3.548]]],[[[117.614,3.581],[117.664,3.555],[117.623,3.539],[117.506,3.587],[117.614,3.581]]],[[[117.855,3.575],[117.85,3.584],[117.858,3.579],[117.855,3.575]]]]}},{"type":"Feature","properties":{"k":"65.02"},"geometry":{"type":"Polygon","coordinates":[[[115.646,3.432],[115.829,3.346],[116.016,3.38],[116.036,3.778],[115.999,3.923],[115.936,4.013],[115.924,4.097],[116.106,4.099],[116.371,3.983],[116.399,3.916],[116.388,3.772],[116.67,3.686],[116.77,3.626],[116.714,3.496],[116.793,3.362],[116.805,3.287],[116.748,3.181],[116.732,2.968],[116.636,2.927],[116.508,2.792],[116.417,2.755],[116.273,2.746],[116.204,2.687],[116.298,2.653],[116.322,2.587],[116.195,2.481],[116.078,2.3],[116.275,2.155],[116.257,2.049],[116.179,1.956],[116.177,1.908],[116.2,1.863],[116.176,1.817],[115.964,1.526],[115.93,1.451],[115.897,1.425],[115.783,1.394],[115.51,1.355],[115.471,1.098],[115.13,1.097],[115.024,1.214],[114.921,1.278],[114.661,1.358],[114.589,1.461],[114.61,1.51],[114.602,1.541],[114.614,1.579],[114.659,1.603],[114.708,1.676],[114.713,1.783],[114.697,1.813],[114.724,1.834],[114.724,1.86],[114.786,1.853],[114.824,1.898],[114.88,1.92],[114.853,1.966],[114.892,2.023],[114.867,2.035],[114.821,2.016],[114.807,2.045],[114.816,2.104],[114.787,2.127],[114.804,2.244],[114.918,2.261],[114.96,2.292],[114.945,2.323],[114.96,2.366],[114.995,2.352],[115.052,2.405],[115.092,2.405],[115.136,2.469],[115.198,2.471],[115.241,2.499],[115.24,2.53],[115.175,2.606],[115.117,2.589],[115.098,2.613],[115.121,2.663],[115.108,2.723],[115.144,2.753],[115.154,2.799],[115.099,2.825],[115.16,2.867],[115.178,2.936],[115.271,2.995],[115.293,3.049],[115.343,2.983],[115.404,2.988],[115.438,3.029],[115.514,3.05],[115.523,3.121],[115.573,3.174],[115.528,3.214],[115.554,3.382],[115.594,3.455],[115.629,3.414],[115.646,3.432]]]}},{"type":"Feature","properties":{"k":"65.03"},"geometry":{"type":"Polygon","coordinates":[[[117.231,3.607],[117.131,3.631],[116.998,3.596],[116.983,3.658],[116.957,3.686],[116.874,3.62],[116.777,3.623],[116.67,3.686],[116.388,3.772],[116.397,3.935],[116.355,3.996],[116.106,4.099],[115.924,4.097],[115.936,4.013],[115.999,3.923],[116.036,3.778],[116.028,3.424],[116.016,3.38],[115.829,3.346],[115.646,3.432],[115.656,3.451],[115.619,3.51],[115.581,3.662],[115.628,3.87],[115.57,3.934],[115.623,3.949],[115.656,3.988],[115.706,4.191],[115.732,4.192],[115.776,4.245],[115.825,4.225],[115.837,4.261],[115.879,4.295],[115.889,4.39],[115.934,4.355],[116.026,4.332],[116.041,4.291],[116.076,4.271],[116.116,4.333],[116.157,4.344],[116.17,4.384],[116.272,4.361],[116.358,4.383],[116.428,4.327],[116.445,4.289],[116.476,4.301],[116.489,4.332],[116.536,4.326],[116.532,4.361],[116.566,4.403],[116.624,4.331],[116.711,4.338],[116.749,4.382],[116.786,4.34],[116.829,4.326],[116.91,4.364],[117.0,4.34],[117.018,4.317],[117.045,4.344],[117.203,4.336],[117.248,4.372],[117.424,4.243],[117.465,4.177],[117.593,4.17],[117.521,4.101],[117.494,4.11],[117.499,4.135],[117.493,4.141],[117.476,4.139],[117.459,4.15],[117.442,4.151],[117.476,4.138],[117.496,4.137],[117.485,4.11],[117.416,4.141],[117.425,4.152],[117.422,4.156],[117.413,4.157],[117.42,4.166],[117.42,4.172],[117.417,4.176],[117.397,4.171],[117.418,4.173],[117.411,4.159],[117.421,4.148],[117.386,4.147],[117.355,4.166],[117.324,4.167],[117.338,4.202],[117.323,4.189],[117.314,4.197],[117.306,4.192],[117.301,4.202],[117.297,4.203],[117.289,4.193],[117.281,4.212],[117.276,4.196],[117.291,4.192],[117.299,4.202],[117.305,4.192],[117.321,4.189],[117.295,4.161],[117.355,4.162],[117.418,4.111],[117.375,4.097],[117.352,4.124],[117.329,4.125],[117.351,4.122],[117.353,4.103],[117.297,4.085],[117.353,4.098],[117.472,4.08],[117.46,4.045],[117.446,4.052],[117.432,4.04],[117.43,4.042],[117.433,4.049],[117.431,4.054],[117.414,4.056],[117.431,4.039],[117.455,4.046],[117.438,4.012],[117.448,3.99],[117.425,3.986],[117.45,3.99],[117.457,3.974],[117.445,3.97],[117.436,3.961],[117.44,3.941],[117.421,3.945],[117.413,3.934],[117.414,3.945],[117.41,3.951],[117.399,3.949],[117.388,3.932],[117.39,3.917],[117.4,3.948],[117.411,3.933],[117.438,3.938],[117.444,3.946],[117.441,3.965],[117.458,3.969],[117.457,3.932],[117.441,3.932],[117.439,3.929],[117.444,3.921],[117.465,3.909],[117.441,3.929],[117.496,3.913],[117.534,3.924],[117.598,3.876],[117.675,3.877],[117.734,3.835],[117.731,3.815],[117.725,3.818],[117.71,3.821],[117.686,3.805],[117.725,3.817],[117.779,3.786],[117.76,3.766],[117.793,3.761],[117.783,3.755],[117.665,3.788],[117.651,3.772],[117.618,3.78],[117.614,3.808],[117.603,3.817],[117.596,3.819],[117.573,3.806],[117.603,3.815],[117.617,3.777],[117.599,3.776],[117.595,3.797],[117.531,3.767],[117.468,3.769],[117.488,3.722],[117.436,3.69],[117.402,3.701],[117.404,3.718],[117.398,3.721],[117.386,3.717],[117.374,3.726],[117.365,3.748],[117.356,3.736],[117.366,3.737],[117.374,3.724],[117.386,3.716],[117.401,3.719],[117.403,3.714],[117.331,3.716],[117.299,3.752],[117.313,3.724],[117.292,3.72],[117.263,3.735],[117.251,3.731],[117.237,3.765],[117.215,3.77],[117.17,3.751],[117.204,3.759],[117.213,3.732],[117.22,3.768],[117.248,3.729],[117.291,3.716],[117.395,3.706],[117.384,3.678],[117.365,3.694],[117.339,3.705],[117.318,3.705],[117.376,3.679],[117.356,3.664],[117.339,3.671],[117.332,3.663],[117.32,3.674],[117.316,3.662],[117.357,3.663],[117.386,3.677],[117.399,3.696],[117.427,3.691],[117.429,3.672],[117.502,3.669],[117.521,3.64],[117.486,3.636],[117.478,3.647],[117.47,3.644],[117.486,3.634],[117.518,3.637],[117.492,3.597],[117.385,3.641],[117.231,3.607]]]}},{"type":"Feature","properties":{"k":"65.04"},"geometry":{"type":"MultiPolygon","coordinates":[[[[117.413,3.393],[117.411,3.33],[117.391,3.325],[117.39,3.369],[117.383,3.353],[117.369,3.375],[117.331,3.381],[117.305,3.45],[117.359,3.449],[117.369,3.415],[117.413,3.393]]],[[[117.284,3.467],[117.283,3.471],[117.297,3.468],[117.284,3.467]]],[[[117.341,3.472],[117.328,3.476],[117.344,3.471],[117.341,3.472]]],[[[117.325,3.49],[117.319,3.485],[117.317,3.486],[117.325,3.49]]],[[[116.972,3.592],[117.021,3.588],[117.128,3.623],[117.224,3.609],[117.193,3.539],[117.221,3.445],[117.188,3.432],[117.184,3.45],[117.149,3.463],[117.146,3.461],[117.147,3.451],[117.14,3.445],[117.125,3.468],[117.118,3.462],[117.138,3.444],[117.148,3.45],[117.148,3.462],[117.184,3.447],[117.186,3.432],[117.17,3.432],[117.171,3.415],[117.164,3.421],[117.161,3.419],[117.158,3.393],[117.173,3.416],[117.172,3.431],[117.18,3.427],[117.225,3.445],[117.213,3.422],[117.223,3.416],[117.238,3.434],[117.224,3.434],[117.23,3.444],[117.222,3.49],[117.253,3.474],[117.283,3.466],[117.322,3.464],[117.298,3.448],[117.308,3.413],[117.284,3.429],[117.276,3.385],[117.267,3.395],[117.26,3.392],[117.275,3.383],[117.243,3.315],[117.173,3.358],[117.111,3.349],[117.081,3.403],[116.835,3.393],[116.781,3.37],[116.703,3.432],[116.693,3.476],[116.728,3.496],[116.737,3.558],[116.761,3.59],[116.8,3.567],[116.831,3.622],[116.865,3.595],[116.921,3.616],[116.925,3.628],[116.916,3.664],[116.944,3.694],[116.951,3.611],[116.972,3.592]]],[[[117.237,3.589],[117.299,3.563],[117.4,3.55],[117.403,3.545],[117.392,3.541],[117.39,3.527],[117.379,3.533],[117.371,3.533],[117.363,3.506],[117.379,3.512],[117.375,3.531],[117.398,3.509],[117.407,3.54],[117.437,3.531],[117.44,3.507],[117.47,3.506],[117.45,3.483],[117.472,3.503],[117.508,3.493],[117.469,3.49],[117.465,3.479],[117.517,3.482],[117.485,3.434],[117.455,3.455],[117.324,3.494],[117.23,3.499],[117.201,3.541],[117.219,3.574],[117.237,3.589]]],[[[117.328,3.575],[117.328,3.578],[117.331,3.578],[117.328,3.575]]],[[[117.314,3.573],[117.311,3.583],[117.334,3.585],[117.314,3.573]]],[[[117.039,3.609],[117.049,3.617],[117.059,3.621],[117.057,3.614],[117.039,3.609]]],[[[117.319,3.617],[117.341,3.625],[117.371,3.624],[117.354,3.615],[117.319,3.617]]],[[[117.1,3.617],[117.097,3.626],[117.107,3.623],[117.1,3.617]]],[[[116.909,3.615],[116.92,3.637],[116.921,3.637],[116.921,3.617],[116.909,3.615]]],[[[117.379,3.639],[117.371,3.631],[117.367,3.635],[117.379,3.639]]],[[[116.908,3.633],[116.903,3.637],[116.907,3.642],[116.908,3.633]]],[[[116.962,3.627],[116.962,3.647],[116.969,3.656],[116.969,3.639],[116.962,3.627]]],[[[116.938,3.717],[117.297,3.639],[117.49,3.673],[117.488,3.659],[117.496,3.643],[117.476,3.651],[117.434,3.645],[117.428,3.627],[117.38,3.643],[117.259,3.62],[117.154,3.647],[117.082,3.639],[117.007,3.597],[116.966,3.606],[116.977,3.652],[116.973,3.693],[116.948,3.705],[116.908,3.675],[116.894,3.615],[116.858,3.606],[116.825,3.635],[116.796,3.571],[116.764,3.599],[116.761,3.662],[116.743,3.684],[116.938,3.717]]],[[[116.972,3.659],[116.975,3.659],[116.974,3.656],[116.972,3.659]]],[[[116.968,3.691],[116.962,3.694],[116.962,3.695],[116.968,3.691]]],[[[117.417,3.364],[117.415,3.38],[117.416,3.385],[117.417,3.364]]],[[[117.419,3.341],[117.421,3.384],[117.413,3.397],[117.403,3.406],[117.369,3.419],[117.367,3.443],[117.44,3.418],[117.435,3.351],[117.419,3.341]]],[[[117.428,3.455],[117.449,3.454],[117.46,3.441],[117.447,3.445],[117.428,3.455]]],[[[117.402,3.449],[117.403,3.453],[117.417,3.447],[117.402,3.449]]],[[[117.406,3.554],[117.412,3.56],[117.409,3.552],[117.406,3.554]]],[[[117.393,3.586],[117.413,3.584],[117.416,3.568],[117.404,3.57],[117.393,3.586]]],[[[117.403,3.571],[117.371,3.58],[117.367,3.582],[117.392,3.587],[117.403,3.571]]],[[[117.457,3.583],[117.438,3.564],[117.406,3.591],[117.322,3.588],[117.302,3.581],[117.291,3.599],[117.394,3.616],[117.457,3.583]]],[[[117.541,3.583],[117.507,3.596],[117.515,3.615],[117.546,3.606],[117.541,3.583]]],[[[117.484,3.638],[117.519,3.638],[117.494,3.6],[117.43,3.627],[117.435,3.644],[117.484,3.638]]],[[[117.385,3.636],[117.386,3.64],[117.39,3.636],[117.385,3.636]]],[[[117.502,3.671],[117.521,3.643],[117.491,3.654],[117.502,3.671]]],[[[117.729,3.719],[117.759,3.691],[117.753,3.689],[117.751,3.675],[117.735,3.671],[117.749,3.673],[117.753,3.677],[117.753,3.689],[117.76,3.69],[117.76,3.692],[117.769,3.679],[117.73,3.635],[117.708,3.669],[117.729,3.69],[117.729,3.719]]],[[[117.6,3.776],[117.631,3.779],[117.65,3.77],[117.665,3.787],[117.664,3.774],[117.712,3.745],[117.729,3.744],[117.704,3.73],[117.702,3.732],[117.705,3.74],[117.703,3.745],[117.692,3.74],[117.686,3.752],[117.661,3.749],[117.661,3.757],[117.645,3.769],[117.639,3.765],[117.636,3.773],[117.639,3.765],[117.661,3.756],[117.66,3.748],[117.685,3.75],[117.671,3.737],[117.685,3.748],[117.692,3.739],[117.703,3.742],[117.7,3.732],[117.704,3.728],[117.729,3.73],[117.729,3.691],[117.708,3.67],[117.715,3.634],[117.665,3.618],[117.588,3.632],[117.486,3.719],[117.478,3.758],[117.496,3.776],[117.532,3.769],[117.596,3.798],[117.6,3.776]]],[[[117.675,3.777],[117.814,3.724],[117.826,3.707],[117.78,3.688],[117.764,3.698],[117.767,3.699],[117.772,3.703],[117.773,3.707],[117.777,3.707],[117.779,3.709],[117.781,3.713],[117.788,3.714],[117.78,3.713],[117.779,3.709],[117.772,3.707],[117.766,3.699],[117.753,3.699],[117.775,3.713],[117.776,3.722],[117.751,3.701],[117.752,3.734],[117.737,3.721],[117.735,3.744],[117.675,3.777]]],[[[117.793,3.739],[117.781,3.744],[117.794,3.74],[117.793,3.739]]],[[[117.742,3.762],[117.809,3.756],[117.814,3.736],[117.805,3.733],[117.792,3.744],[117.742,3.762]]],[[[117.773,3.747],[117.754,3.752],[117.749,3.754],[117.773,3.747]]]]}},{"type":"Feature","properties":{"k":"65.71"},"geometry":{"type":"Polygon","coordinates":[[[117.63,3.243],[117.519,3.366],[117.52,3.416],[117.549,3.442],[117.615,3.441],[117.665,3.416],[117.656,3.252],[117.63,3.243]]]}},{"type":"Feature","properties":{"k":"71.01"},"geometry":{"type":"MultiPolygon","coordinates":[[[[123.115,0.924],[123.178,0.902],[123.198,0.92],[123.167,0.952],[123.211,0.94],[123.247,0.959],[123.261,0.915],[123.351,0.92],[123.356,0.902],[123.373,0.914],[123.396,0.899],[123.401,0.915],[123.417,0.891],[123.447,0.905],[123.529,0.886],[123.593,0.905],[123.7,0.859],[123.713,0.875],[123.736,0.866],[123.752,0.832],[123.756,0.855],[123.787,0.831],[123.804,0.839],[123.792,0.856],[123.841,0.839],[123.914,0.853],[123.937,0.835],[123.963,0.845],[123.932,0.86],[124.072,0.922],[124.09,0.923],[124.087,0.918],[124.094,0.912],[124.09,0.906],[124.095,0.899],[124.096,0.912],[124.09,0.922],[124.145,0.932],[124.202,0.99],[124.313,1.01],[124.373,0.96],[124.382,0.873],[124.427,0.832],[124.451,0.769],[124.482,0.769],[124.523,0.841],[124.563,0.871],[124.592,0.938],[124.704,0.847],[124.628,0.772],[124.631,0.713],[124.598,0.706],[124.594,0.683],[124.582,0.694],[124.556,0.652],[124.544,0.625],[124.566,0.619],[124.568,0.579],[124.538,0.588],[124.493,0.547],[124.513,0.472],[124.496,0.467],[124.489,0.487],[124.48,0.467],[124.448,0.465],[124.453,0.444],[124.402,0.455],[124.361,0.432],[124.357,0.452],[124.338,0.434],[124.324,0.446],[124.314,0.41],[124.273,0.428],[124.288,0.407],[124.219,0.383],[124.211,0.397],[124.08,0.388],[124.052,0.361],[124.044,0.376],[123.993,0.375],[123.86,0.327],[123.813,0.336],[123.783,0.313],[123.736,0.323],[123.629,0.292],[123.573,0.321],[123.493,0.307],[123.465,0.327],[123.517,0.447],[123.524,0.569],[123.491,0.633],[123.352,0.663],[123.262,0.731],[123.236,0.832],[123.129,0.887],[123.115,0.924]]],[[[123.811,0.864],[123.81,0.861],[123.81,0.864],[123.811,0.864]]],[[[123.805,0.871],[123.802,0.87],[123.803,0.872],[123.805,0.871]]],[[[123.791,0.88],[123.787,0.882],[123.787,0.882],[123.791,0.88]]],[[[123.977,0.904],[123.977,0.899],[123.973,0.904],[123.977,0.904]]],[[[123.397,0.915],[123.394,0.916],[123.397,0.915],[123.397,0.915]]],[[[123.266,0.922],[123.264,0.923],[123.265,0.924],[123.266,0.922]]],[[[123.263,0.924],[123.258,0.925],[123.26,0.927],[123.263,0.924]]],[[[124.353,0.418],[124.352,0.42],[124.354,0.419],[124.353,0.418]]],[[[124.357,0.429],[124.366,0.424],[124.362,0.42],[124.357,0.429]]],[[[124.48,0.45],[124.479,0.446],[124.476,0.446],[124.48,0.45]]],[[[124.463,0.451],[124.46,0.451],[124.461,0.453],[124.463,0.451]]],[[[124.565,0.575],[124.567,0.571],[124.566,0.571],[124.565,0.575]]],[[[124.633,0.713],[124.634,0.711],[124.632,0.711],[124.633,0.713]]],[[[124.656,0.783],[124.661,0.77],[124.65,0.778],[124.656,0.783]]],[[[124.684,0.812],[124.663,0.804],[124.661,0.805],[124.684,0.812]]]]}},{"type":"Feature","properties":{"k":"71.02"},"geometry":{"type":"Polygon","coordinates":[[[125.005,1.117],[124.883,0.998],[124.809,1.127],[124.73,1.137],[124.724,1.193],[124.755,1.222],[124.748,1.263],[124.712,1.278],[124.72,1.302],[124.574,1.391],[124.622,1.419],[124.674,1.395],[124.774,1.461],[124.826,1.425],[124.876,1.454],[124.865,1.378],[124.781,1.367],[124.743,1.3],[124.822,1.252],[124.881,1.333],[124.912,1.296],[124.946,1.304],[124.958,1.268],[124.942,1.241],[125.005,1.117]]]}},{"type":"Feature","properties":{"k":"71.03"},"geometry":{"type":"MultiPolygon","coordinates":[[[[126.761,3.855],[126.833,3.796],[126.852,3.754],[126.824,3.728],[126.751,3.785],[126.742,3.84],[126.761,3.855]]],[[[126.642,3.991],[126.721,3.915],[126.718,3.89],[126.686,3.868],[126.706,3.819],[126.696,3.81],[126.662,3.876],[126.667,3.931],[126.612,3.984],[126.608,4.042],[126.64,4.026],[126.642,3.991]]],[[[126.716,3.939],[126.71,3.947],[126.718,3.944],[126.716,3.939]]],[[[126.713,3.953],[126.707,3.954],[126.713,3.957],[126.713,3.953]]],[[[126.712,4.268],[126.709,4.265],[126.71,4.271],[126.712,4.268]]],[[[126.849,4.383],[126.912,4.27],[126.861,4.25],[126.871,4.217],[126.797,4.149],[126.808,4.032],[126.763,3.995],[126.682,3.993],[126.668,4.044],[126.733,4.11],[126.791,4.216],[126.781,4.248],[126.716,4.264],[126.707,4.322],[126.68,4.336],[126.703,4.429],[126.733,4.464],[126.72,4.512],[126.739,4.545],[126.784,4.525],[126.807,4.534],[126.832,4.491],[126.855,4.49],[126.87,4.43],[126.849,4.383]]],[[[126.698,4.284],[126.701,4.284],[126.698,4.281],[126.698,4.284]]],[[[126.582,5.543],[126.576,5.557],[126.584,5.566],[126.59,5.556],[126.582,5.543]]],[[[127.118,4.617],[127.132,4.613],[127.149,4.617],[127.142,4.607],[127.118,4.617]]],[[[127.156,4.627],[127.163,4.624],[127.157,4.622],[127.156,4.627]]],[[[127.158,4.638],[127.161,4.644],[127.162,4.642],[127.158,4.638]]],[[[127.141,4.687],[127.131,4.696],[127.134,4.704],[127.144,4.704],[127.141,4.687]]],[[[127.093,4.734],[127.079,4.716],[127.054,4.734],[127.068,4.742],[127.093,4.734]]],[[[127.11,4.746],[127.125,4.774],[127.142,4.77],[127.133,4.731],[127.11,4.746]]],[[[127.056,4.798],[127.066,4.801],[127.06,4.791],[127.056,4.798]]]]}},{"type":"Feature","properties":{"k":"71.04"},"geometry":{"type":"MultiPolygon","coordinates":[[[[125.364,2.082],[125.364,2.08],[125.363,2.082],[125.364,2.082]]],[[[125.399,2.105],[125.362,2.088],[125.359,2.073],[125.336,2.082],[125.342,2.105],[125.364,2.105],[125.361,2.13],[125.366,2.119],[125.389,2.114],[125.41,2.135],[125.399,2.105]]],[[[125.346,2.114],[125.353,2.117],[125.352,2.112],[125.346,2.114]]],[[[125.367,2.129],[125.371,2.126],[125.367,2.123],[125.367,2.129]]],[[[125.365,2.287],[125.345,2.306],[125.379,2.327],[125.386,2.305],[125.365,2.287]]],[[[125.419,2.37],[125.437,2.382],[125.466,2.353],[125.443,2.317],[125.405,2.321],[125.37,2.356],[125.391,2.385],[125.419,2.37]]],[[[125.309,2.352],[125.294,2.359],[125.302,2.365],[125.309,2.352]]],[[[125.447,2.684],[125.462,2.691],[125.462,2.68],[125.447,2.684]]],[[[125.379,2.659],[125.359,2.723],[125.369,2.786],[125.391,2.809],[125.426,2.808],[125.454,2.757],[125.406,2.726],[125.392,2.68],[125.431,2.649],[125.408,2.633],[125.379,2.659]]],[[[125.173,2.725],[125.159,2.736],[125.167,2.745],[125.176,2.741],[125.173,2.725]]],[[[125.452,2.945],[125.451,2.943],[125.45,2.945],[125.452,2.945]]],[[[125.447,3.144],[125.453,3.15],[125.456,3.141],[125.447,3.144]]],[[[125.384,3.913],[125.391,3.908],[125.387,3.907],[125.384,3.913]]],[[[125.325,4.227],[125.32,4.237],[125.332,4.232],[125.325,4.227]]],[[[125.437,4.661],[125.433,4.649],[125.435,4.663],[125.437,4.661]]],[[[125.436,4.677],[125.434,4.665],[125.428,4.669],[125.436,4.677]]],[[[125.432,4.675],[125.431,4.675],[125.434,4.676],[125.432,4.675]]],[[[125.477,2.646],[125.474,2.646],[125.476,2.647],[125.477,2.646]]],[[[125.481,2.656],[125.489,2.653],[125.488,2.648],[125.481,2.656]]],[[[125.473,2.658],[125.466,2.641],[125.441,2.639],[125.458,2.649],[125.449,2.67],[125.473,2.658]]],[[[125.478,2.661],[125.471,2.662],[125.472,2.663],[125.478,2.661]]],[[[125.476,2.666],[125.473,2.666],[125.474,2.668],[125.476,2.666]]],[[[125.478,2.943],[125.48,2.942],[125.479,2.939],[125.478,2.943]]],[[[125.477,2.947],[125.48,2.946],[125.477,2.944],[125.477,2.947]]],[[[125.485,3.063],[125.49,3.059],[125.483,3.063],[125.485,3.063]]],[[[125.503,3.094],[125.508,3.058],[125.503,3.059],[125.503,3.094]]],[[[125.482,3.101],[125.481,3.092],[125.476,3.094],[125.482,3.101]]],[[[125.487,3.095],[125.498,3.096],[125.497,3.091],[125.487,3.095]]],[[[125.52,3.172],[125.521,3.192],[125.54,3.18],[125.512,3.156],[125.499,3.172],[125.515,3.171],[125.502,3.177],[125.513,3.193],[125.52,3.172]]],[[[125.468,3.236],[125.45,3.234],[125.448,3.252],[125.467,3.253],[125.468,3.236]]],[[[125.584,3.403],[125.556,3.394],[125.552,3.417],[125.584,3.403]]],[[[125.56,3.579],[125.585,3.583],[125.641,3.491],[125.66,3.488],[125.64,3.513],[125.661,3.526],[125.655,3.505],[125.671,3.494],[125.676,3.426],[125.641,3.37],[125.62,3.388],[125.611,3.339],[125.611,3.37],[125.581,3.376],[125.586,3.404],[125.558,3.422],[125.569,3.437],[125.528,3.408],[125.525,3.438],[125.503,3.435],[125.485,3.468],[125.487,3.525],[125.511,3.569],[125.482,3.594],[125.504,3.606],[125.414,3.644],[125.397,3.674],[125.403,3.719],[125.446,3.737],[125.507,3.723],[125.575,3.643],[125.564,3.627],[125.594,3.611],[125.56,3.579]]],[[[125.564,3.795],[125.567,3.797],[125.566,3.793],[125.564,3.795]]],[[[125.481,4.727],[125.482,4.741],[125.492,4.746],[125.481,4.727]]],[[[125.677,3.059],[125.674,3.057],[125.676,3.062],[125.677,3.059]]],[[[125.565,3.337],[125.579,3.343],[125.57,3.332],[125.565,3.337]]],[[[125.599,3.35],[125.597,3.352],[125.6,3.351],[125.599,3.35]]],[[[125.58,3.361],[125.577,3.361],[125.578,3.364],[125.58,3.361]]],[[[125.573,3.368],[125.574,3.364],[125.572,3.365],[125.573,3.368]]],[[[125.706,3.453],[125.69,3.464],[125.712,3.475],[125.706,3.453]]],[[[125.727,3.481],[125.736,3.481],[125.73,3.476],[125.727,3.481]]],[[[125.656,3.528],[125.657,3.536],[125.663,3.53],[125.656,3.528]]],[[[125.636,3.538],[125.642,3.554],[125.645,3.543],[125.636,3.538]]],[[[125.58,3.768],[125.585,3.75],[125.558,3.745],[125.554,3.756],[125.58,3.768]]],[[[125.633,3.791],[125.608,3.788],[125.59,3.769],[125.59,3.79],[125.633,3.791]]],[[[125.575,3.805],[125.575,3.808],[125.576,3.807],[125.575,3.805]]],[[[125.725,3.87],[125.719,3.873],[125.72,3.874],[125.725,3.87]]],[[[125.703,4.227],[125.701,4.228],[125.702,4.229],[125.703,4.227]]],[[[125.689,4.433],[125.692,4.439],[125.697,4.432],[125.689,4.433]]],[[[125.631,4.592],[125.628,4.588],[125.626,4.589],[125.631,4.592]]],[[[125.599,4.647],[125.599,4.65],[125.603,4.646],[125.599,4.647]]]]}},{"type":"Feature","properties":{"k":"71.05"},"geometry":{"type":"MultiPolygon","coordinates":[[[[124.748,0.863],[124.737,0.86],[124.745,0.864],[124.748,0.863]]],[[[124.764,0.879],[124.764,0.874],[124.762,0.874],[124.764,0.879]]],[[[124.73,0.883],[124.74,0.883],[124.729,0.879],[124.73,0.883]]],[[[124.783,0.892],[124.782,0.888],[124.78,0.889],[124.783,0.892]]],[[[124.707,0.842],[124.592,0.938],[124.563,0.871],[124.523,0.84],[124.482,0.769],[124.451,0.769],[124.427,0.832],[124.382,0.873],[124.373,0.96],[124.297,1.009],[124.356,1.134],[124.353,1.165],[124.416,1.196],[124.517,1.189],[124.525,1.215],[124.564,1.181],[124.585,1.196],[124.612,1.254],[124.57,1.281],[124.55,1.271],[124.512,1.316],[124.57,1.384],[124.72,1.302],[124.712,1.278],[124.748,1.263],[124.755,1.222],[124.724,1.193],[124.73,1.137],[124.809,1.127],[124.894,0.994],[124.886,0.972],[124.79,0.945],[124.761,0.887],[124.718,0.896],[124.709,0.849],[124.737,0.858],[124.725,0.85],[124.707,0.842]]],[[[124.512,1.299],[124.503,1.301],[124.511,1.305],[124.512,1.299]]],[[[124.792,0.924],[124.788,0.921],[124.791,0.926],[124.792,0.924]]],[[[124.901,0.96],[124.902,0.961],[124.902,0.96],[124.901,0.96]]],[[[124.903,0.979],[124.912,0.97],[124.896,0.977],[124.903,0.979]]],[[[124.95,0.976],[124.951,0.978],[124.951,0.976],[124.95,0.976]]],[[[124.901,0.98],[124.902,0.982],[124.903,0.98],[124.901,0.98]]]]}},{"type":"Feature","properties":{"k":"71.06"},"geometry":{"type":"MultiPolygon","coordinates":[[[[124.824,1.584],[124.868,1.601],[124.941,1.694],[124.967,1.678],[124.962,1.728],[124.984,1.72],[124.981,1.75],[125.025,1.73],[125.013,1.694],[125.031,1.682],[125.111,1.665],[125.144,1.688],[125.177,1.683],[125.143,1.622],[125.159,1.576],[125.079,1.566],[125.064,1.502],[125.017,1.432],[125.018,1.403],[125.101,1.387],[125.067,1.359],[125.079,1.355],[125.054,1.242],[125.005,1.117],[124.942,1.241],[124.954,1.297],[124.909,1.298],[124.854,1.374],[124.94,1.511],[124.94,1.561],[124.879,1.58],[124.843,1.567],[124.824,1.584]]],[[[124.804,1.634],[124.799,1.63],[124.8,1.637],[124.804,1.634]]],[[[124.956,1.69],[124.948,1.691],[124.95,1.701],[124.956,1.69]]],[[[125.03,1.688],[125.017,1.697],[125.028,1.705],[125.03,1.688]]],[[[124.957,1.711],[124.958,1.711],[124.958,1.709],[124.957,1.711]]],[[[124.758,1.753],[124.781,1.699],[124.77,1.692],[124.731,1.728],[124.747,1.723],[124.758,1.753]]],[[[124.749,1.737],[124.734,1.744],[124.738,1.752],[124.749,1.737]]],[[[124.751,1.747],[124.746,1.747],[124.747,1.75],[124.751,1.747]]],[[[124.797,1.775],[124.788,1.783],[124.792,1.794],[124.798,1.794],[124.797,1.775]]],[[[125.159,1.637],[125.156,1.636],[125.156,1.637],[125.159,1.637]]],[[[125.154,1.744],[125.159,1.744],[125.158,1.741],[125.154,1.744]]],[[[125.034,1.764],[125.038,1.762],[125.037,1.761],[125.034,1.764]]],[[[125.06,1.771],[125.049,1.766],[125.058,1.787],[125.06,1.771]]],[[[125.136,1.848],[125.166,1.803],[125.189,1.801],[125.185,1.774],[125.148,1.757],[125.162,1.747],[125.149,1.746],[125.151,1.735],[125.113,1.811],[125.136,1.848]]],[[[125.059,1.793],[125.056,1.794],[125.059,1.796],[125.059,1.793]]],[[[125.099,1.832],[125.098,1.844],[125.099,1.843],[125.099,1.832]]],[[[125.099,1.888],[125.088,1.839],[125.052,1.804],[125.064,1.856],[125.099,1.888]]]]}},{"type":"Feature","properties":{"k":"71.07"},"geometry":{"type":"MultiPolygon","coordinates":[[[[124.727,0.855],[124.726,0.85],[124.722,0.85],[124.727,0.855]]],[[[124.737,0.86],[124.738,0.86],[124.738,0.859],[124.737,0.86]]],[[[124.741,0.861],[124.739,0.861],[124.742,0.862],[124.741,0.861]]],[[[124.748,0.863],[124.747,0.864],[124.747,0.864],[124.748,0.863]]],[[[124.746,0.864],[124.745,0.863],[124.744,0.863],[124.746,0.864]]],[[[124.766,0.877],[124.763,0.874],[124.764,0.878],[124.766,0.877]]],[[[124.73,0.883],[124.735,0.881],[124.728,0.879],[124.73,0.883]]],[[[124.735,0.883],[124.738,0.882],[124.735,0.882],[124.735,0.883]]],[[[124.837,1.122],[124.908,1.019],[124.895,0.981],[124.786,0.943],[124.761,0.888],[124.716,0.896],[124.706,0.858],[124.721,0.848],[124.699,0.844],[124.671,0.872],[124.651,0.956],[124.581,0.935],[124.58,1.008],[124.56,1.019],[124.55,1.089],[124.58,1.109],[124.588,1.084],[124.737,1.115],[124.77,1.096],[124.837,1.122]]],[[[124.782,0.889],[124.782,0.891],[124.783,0.892],[124.782,0.889]]],[[[124.79,0.925],[124.792,0.921],[124.789,0.919],[124.79,0.925]]],[[[124.79,0.93],[124.791,0.928],[124.787,0.927],[124.79,0.93]]],[[[124.88,0.954],[124.879,0.954],[124.88,0.955],[124.88,0.954]]],[[[124.902,0.96],[124.901,0.961],[124.903,0.961],[124.902,0.96]]],[[[124.896,0.976],[124.917,0.977],[124.918,0.976],[124.912,0.97],[124.896,0.976]]],[[[124.95,0.977],[124.951,0.976],[124.95,0.976],[124.95,0.977]]],[[[124.902,0.98],[124.902,0.981],[124.902,0.981],[124.902,0.98]]]]}},{"type":"Feature","properties":{"k":"71.08"},"geometry":{"type":"MultiPolygon","coordinates":[[[[123.265,0.921],[123.263,0.921],[123.265,0.923],[123.265,0.921]]],[[[123.258,0.923],[123.256,0.923],[123.256,0.923],[123.258,0.923]]],[[[123.26,0.921],[123.262,0.926],[123.262,0.921],[123.26,0.921]]],[[[123.256,0.925],[123.257,0.924],[123.256,0.924],[123.256,0.925]]],[[[123.186,0.958],[123.185,0.958],[123.185,0.959],[123.186,0.958]]],[[[123.253,0.955],[123.262,0.933],[123.254,0.922],[123.262,0.914],[123.343,0.907],[123.351,0.92],[123.35,0.905],[123.394,0.898],[123.4,0.915],[123.417,0.891],[123.443,0.904],[123.527,0.886],[123.584,0.895],[123.593,0.904],[123.681,0.875],[123.697,0.861],[123.676,0.819],[123.71,0.759],[123.7,0.733],[123.741,0.685],[123.726,0.638],[123.698,0.613],[123.643,0.608],[123.644,0.574],[123.609,0.562],[123.588,0.587],[123.509,0.584],[123.488,0.601],[123.491,0.623],[123.45,0.644],[123.383,0.64],[123.322,0.699],[123.274,0.698],[123.246,0.734],[123.271,0.803],[123.206,0.857],[123.121,0.89],[123.111,0.921],[123.178,0.902],[123.199,0.92],[123.168,0.951],[123.21,0.938],[123.253,0.955]]],[[[123.582,0.898],[123.581,0.898],[123.582,0.9],[123.582,0.898]]],[[[123.585,0.9],[123.583,0.899],[123.582,0.901],[123.585,0.9]]],[[[123.396,0.915],[123.394,0.915],[123.394,0.916],[123.396,0.915]]]]}},{"type":"Feature","properties":{"k":"71.09"},"geometry":{"type":"MultiPolygon","coordinates":[[[[125.335,2.084],[125.335,2.083],[125.335,2.083],[125.335,2.084]]],[[[125.334,2.086],[125.331,2.09],[125.332,2.091],[125.334,2.086]]],[[[125.334,2.092],[125.334,2.093],[125.334,2.093],[125.334,2.092]]],[[[125.332,2.093],[125.333,2.093],[125.333,2.092],[125.332,2.093]]],[[[125.34,2.1],[125.342,2.099],[125.34,2.098],[125.34,2.1]]],[[[125.342,2.105],[125.346,2.103],[125.343,2.1],[125.342,2.105]]],[[[125.344,2.115],[125.343,2.116],[125.344,2.116],[125.344,2.115]]],[[[125.344,2.117],[125.344,2.118],[125.344,2.118],[125.344,2.117]]],[[[125.349,2.121],[125.348,2.122],[125.349,2.123],[125.349,2.121]]],[[[125.348,2.122],[125.348,2.123],[125.348,2.123],[125.348,2.122]]],[[[125.308,2.355],[125.308,2.356],[125.308,2.356],[125.308,2.355]]],[[[125.305,2.355],[125.296,2.353],[125.3,2.365],[125.305,2.355]]],[[[125.305,2.358],[125.305,2.358],[125.305,2.358],[125.305,2.358]]],[[[125.305,2.361],[125.305,2.361],[125.305,2.361],[125.305,2.361]]],[[[125.186,2.73],[125.17,2.741],[125.18,2.745],[125.186,2.73]]],[[[125.365,2.082],[125.363,2.082],[125.363,2.083],[125.365,2.082]]],[[[125.41,2.134],[125.407,2.102],[125.393,2.106],[125.346,2.07],[125.338,2.095],[125.364,2.105],[125.361,2.13],[125.366,2.119],[125.391,2.113],[125.41,2.134]]],[[[125.35,2.121],[125.353,2.113],[125.347,2.114],[125.35,2.121]]],[[[125.37,2.126],[125.366,2.125],[125.368,2.129],[125.37,2.126]]],[[[125.378,2.329],[125.386,2.305],[125.364,2.287],[125.343,2.304],[125.378,2.329]]],[[[125.401,2.369],[125.433,2.384],[125.467,2.35],[125.444,2.317],[125.404,2.322],[125.369,2.363],[125.391,2.385],[125.401,2.369]]],[[[125.475,2.646],[125.477,2.647],[125.477,2.646],[125.475,2.646]]],[[[125.484,2.658],[125.488,2.649],[125.482,2.657],[125.484,2.658]]],[[[125.463,2.674],[125.466,2.642],[125.443,2.639],[125.46,2.656],[125.449,2.671],[125.463,2.674]]],[[[125.477,2.661],[125.474,2.661],[125.474,2.663],[125.477,2.661]]],[[[125.474,2.668],[125.476,2.666],[125.476,2.665],[125.474,2.668]]],[[[125.457,2.678],[125.448,2.685],[125.463,2.69],[125.457,2.678]]],[[[125.422,2.811],[125.455,2.764],[125.406,2.726],[125.393,2.683],[125.432,2.65],[125.406,2.632],[125.377,2.651],[125.359,2.739],[125.375,2.798],[125.422,2.811]]]]}},{"type":"Feature","properties":{"k":"71.10"},"geometry":{"type":"MultiPolygon","coordinates":[[[[124.566,0.569],[124.565,0.57],[124.566,0.569],[124.566,0.569]]],[[[124.565,0.574],[124.567,0.571],[124.566,0.571],[124.565,0.574]]],[[[124.618,0.702],[124.617,0.703],[124.618,0.703],[124.618,0.702]]],[[[124.624,0.71],[124.625,0.71],[124.625,0.709],[124.624,0.71]]],[[[124.652,0.956],[124.66,0.891],[124.7,0.841],[124.671,0.829],[124.629,0.774],[124.629,0.713],[124.598,0.706],[124.594,0.683],[124.582,0.696],[124.555,0.651],[124.544,0.624],[124.566,0.619],[124.569,0.579],[124.54,0.588],[124.494,0.547],[124.514,0.473],[124.496,0.466],[124.49,0.487],[124.476,0.466],[124.463,0.512],[124.436,0.534],[124.439,0.567],[124.338,0.614],[124.361,0.679],[124.344,0.701],[124.353,0.755],[124.416,0.769],[124.434,0.793],[124.465,0.731],[124.497,0.821],[124.56,0.868],[124.58,0.935],[124.652,0.956]]],[[[124.634,0.712],[124.632,0.713],[124.634,0.713],[124.634,0.712]]],[[[124.657,0.782],[124.66,0.769],[124.649,0.781],[124.657,0.782]]],[[[124.664,0.808],[124.685,0.807],[124.66,0.805],[124.664,0.808]]]]}},{"type":"Feature","properties":{"k":"71.11"},"geometry":{"type":"MultiPolygon","coordinates":[[[[124.314,0.408],[124.314,0.408],[124.314,0.408],[124.314,0.408]]],[[[124.316,0.408],[124.315,0.409],[124.315,0.409],[124.316,0.408]]],[[[124.352,0.42],[124.35,0.416],[124.35,0.416],[124.352,0.42]]],[[[124.357,0.429],[124.359,0.427],[124.358,0.427],[124.357,0.429]]],[[[124.358,0.429],[124.358,0.43],[124.359,0.43],[124.358,0.429]]],[[[124.335,0.436],[124.334,0.435],[124.332,0.435],[124.335,0.436]]],[[[124.338,0.617],[124.383,0.581],[124.439,0.567],[124.436,0.534],[124.463,0.512],[124.476,0.466],[124.45,0.466],[124.453,0.444],[124.413,0.455],[124.36,0.431],[124.356,0.453],[124.339,0.433],[124.323,0.446],[124.314,0.41],[124.271,0.429],[124.288,0.406],[124.22,0.382],[124.192,0.398],[124.08,0.387],[124.053,0.36],[124.047,0.377],[123.992,0.374],[123.859,0.328],[123.808,0.334],[123.787,0.314],[123.707,0.319],[123.676,0.295],[123.648,0.307],[123.622,0.293],[123.573,0.321],[123.477,0.317],[123.498,0.382],[123.55,0.433],[123.524,0.463],[123.523,0.49],[123.552,0.511],[123.528,0.541],[123.536,0.579],[123.588,0.587],[123.609,0.562],[123.711,0.57],[123.721,0.526],[123.691,0.486],[123.699,0.456],[123.738,0.465],[123.793,0.44],[123.86,0.459],[123.929,0.432],[123.957,0.459],[124.024,0.477],[124.051,0.513],[124.114,0.528],[124.139,0.559],[124.161,0.562],[124.179,0.523],[124.266,0.542],[124.338,0.617]]],[[[124.366,0.423],[124.362,0.422],[124.36,0.43],[124.366,0.423]]],[[[124.36,0.424],[124.359,0.426],[124.359,0.426],[124.36,0.424]]],[[[124.359,0.428],[124.358,0.428],[124.359,0.428],[124.359,0.428]]],[[[124.374,0.436],[124.373,0.437],[124.374,0.437],[124.374,0.436]]],[[[124.477,0.449],[124.479,0.446],[124.476,0.446],[124.477,0.449]]],[[[124.462,0.452],[124.461,0.45],[124.46,0.452],[124.462,0.452]]]]}},{"type":"Feature","properties":{"k":"71.71"},"geometry":{"type":"MultiPolygon","coordinates":[[[[124.899,1.452],[124.829,1.425],[124.782,1.45],[124.828,1.465],[124.844,1.512],[124.808,1.578],[124.94,1.561],[124.94,1.511],[124.899,1.452]]],[[[124.773,1.629],[124.781,1.595],[124.765,1.62],[124.736,1.617],[124.745,1.634],[124.773,1.629]]],[[[124.716,1.628],[124.688,1.619],[124.682,1.636],[124.703,1.649],[124.716,1.628]]]]}},{"type":"Feature","properties":{"k":"71.72"},"geometry":{"type":"MultiPolygon","coordinates":[[[[125.215,1.391],[125.217,1.389],[125.213,1.388],[125.215,1.391]]],[[[125.233,1.459],[125.231,1.459],[125.234,1.461],[125.233,1.459]]],[[[125.259,1.412],[125.174,1.387],[125.167,1.404],[125.186,1.432],[125.24,1.449],[125.293,1.551],[125.259,1.412]]],[[[125.064,1.407],[125.018,1.403],[125.017,1.432],[125.064,1.502],[125.079,1.566],[125.16,1.577],[125.246,1.515],[125.235,1.468],[125.207,1.444],[125.144,1.438],[125.091,1.38],[125.064,1.407]]],[[[125.294,1.544],[125.296,1.544],[125.295,1.543],[125.294,1.544]]]]}},{"type":"Feature","properties":{"k":"71.73"},"geometry":{"type":"Polygon","coordinates":[[[124.855,1.374],[124.881,1.33],[124.822,1.252],[124.743,1.3],[124.781,1.367],[124.855,1.374]]]}},{"type":"Feature","properties":{"k":"71.74"},"geometry":{"type":"Polygon","coordinates":[[[124.329,0.77],[124.355,0.755],[124.349,0.709],[124.294,0.694],[124.272,0.711],[124.275,0.741],[124.329,0.77]]]}},{"type":"Feature","properties":{"k":"72.01"},"geometry":{"type":"MultiPolygon","coordinates":[[[[121.995,-1.608],[122.011,-1.485],[121.995,-1.417],[121.944,-1.345],[121.782,-1.211],[121.855,-1.036],[121.854,-0.975],[121.947,-0.996],[122.022,-0.936],[122.102,-0.961],[122.149,-0.909],[122.162,-0.817],[122.19,-0.814],[122.203,-0.789],[122.416,-0.784],[122.46,-0.759],[122.526,-0.786],[122.58,-0.784],[122.616,-0.762],[122.637,-0.766],[122.628,-0.773],[122.686,-0.811],[122.726,-0.813],[122.791,-0.775],[122.96,-0.755],[122.95,-0.736],[122.893,-0.739],[122.867,-0.711],[122.781,-0.704],[122.724,-0.663],[122.778,-0.671],[122.808,-0.634],[122.841,-0.642],[122.863,-0.621],[122.885,-0.638],[122.897,-0.615],[122.954,-0.618],[122.939,-0.631],[122.955,-0.644],[122.968,-0.619],[123.041,-0.596],[123.057,-0.564],[123.167,-0.585],[123.198,-0.569],[123.26,-0.578],[123.411,-0.654],[123.382,-0.671],[123.422,-0.719],[123.444,-0.711],[123.426,-0.744],[123.459,-0.769],[123.434,-0.8],[123.444,-0.839],[123.391,-0.893],[123.397,-0.956],[123.344,-1.04],[123.269,-1.045],[123.252,-1.009],[123.143,-0.953],[123.134,-0.902],[123.153,-0.901],[123.151,-0.885],[123.1,-0.836],[123.062,-0.869],[123.075,-0.884],[123.064,-0.883],[123.059,-0.894],[123.076,-0.898],[123.043,-0.901],[123.042,-0.872],[123.025,-0.895],[123.041,-0.91],[123.006,-0.895],[122.804,-0.941],[122.787,-0.976],[122.797,-1.006],[122.729,-1.086],[122.714,-1.136],[122.667,-1.139],[122.662,-1.165],[122.637,-1.174],[122.632,-1.236],[122.56,-1.267],[122.561,-1.31],[122.419,-1.438],[122.391,-1.494],[122.325,-1.518],[122.348,-1.519],[122.218,-1.603],[122.158,-1.598],[122.091,-1.622],[122.033,-1.611],[122.007,-1.634],[121.995,-1.608]]],[[[122.061,-0.944],[122.059,-0.946],[122.059,-0.945],[122.061,-0.944]]],[[[123.071,-0.892],[123.068,-0.888],[123.069,-0.888],[123.071,-0.892]]],[[[122.646,-0.782],[122.644,-0.782],[122.646,-0.781],[122.646,-0.782]]],[[[122.75,-0.646],[122.746,-0.642],[122.755,-0.64],[122.75,-0.646]]],[[[122.837,-0.627],[122.834,-0.626],[122.836,-0.625],[122.837,-0.627]]],[[[122.579,-0.564],[122.581,-0.564],[122.581,-0.565],[122.579,-0.564]]],[[[122.811,-0.527],[122.813,-0.525],[122.812,-0.527],[122.811,-0.527]]],[[[122.646,-0.502],[122.652,-0.507],[122.644,-0.504],[122.646,-0.502]]],[[[122.6,-0.479],[122.617,-0.501],[122.564,-0.52],[122.525,-0.502],[122.6,-0.479]]],[[[122.515,-0.489],[122.514,-0.485],[122.515,-0.485],[122.515,-0.489]]],[[[122.635,-0.423],[122.633,-0.422],[122.634,-0.422],[122.635,-0.423]]],[[[123.14,-0.89],[123.14,-0.888],[123.141,-0.888],[123.14,-0.89]]],[[[123.082,-0.886],[123.079,-0.881],[123.079,-0.879],[123.082,-0.886]]],[[[123.077,-0.879],[123.077,-0.883],[123.075,-0.88],[123.077,-0.879]]],[[[123.451,-0.829],[123.449,-0.831],[123.448,-0.83],[123.451,-0.829]]],[[[123.453,-0.819],[123.459,-0.82],[123.459,-0.825],[123.453,-0.819]]],[[[123.389,-0.672],[123.388,-0.671],[123.388,-0.67],[123.389,-0.672]]],[[[123.357,-0.616],[123.361,-0.619],[123.357,-0.62],[123.357,-0.616]]],[[[123.348,-0.61],[123.352,-0.615],[123.347,-0.611],[123.348,-0.61]]],[[[123.333,-0.606],[123.337,-0.607],[123.334,-0.608],[123.333,-0.606]]],[[[123.096,-0.548],[123.095,-0.55],[123.094,-0.55],[123.096,-0.548]]],[[[123.093,-0.512],[123.104,-0.516],[123.103,-0.519],[123.093,-0.512]]]]}},{"type":"Feature","properties":{"k":"72.02"},"geometry":{"type":"MultiPolygon","coordinates":[[[[120.14,-1.198],[120.585,-1.111],[120.594,-1.167],[120.572,-1.199],[120.572,-1.256],[120.638,-1.309],[120.644,-1.363],[120.656,-1.391],[120.664,-1.39],[120.66,-1.381],[120.666,-1.384],[120.677,-1.416],[120.806,-1.352],[120.844,-1.359],[120.845,-1.403],[120.819,-1.412],[120.792,-1.469],[120.852,-1.535],[120.885,-1.607],[120.81,-1.747],[120.82,-1.833],[120.858,-1.88],[120.817,-2.02],[120.81,-2.212],[120.748,-2.229],[120.602,-2.142],[120.4,-1.885],[120.337,-2.053],[120.269,-2.021],[120.179,-2.027],[120.11,-1.998],[120.083,-1.944],[120.093,-1.887],[120.18,-1.845],[120.133,-1.667],[120.135,-1.565],[120.094,-1.544],[120.128,-1.5],[120.11,-1.451],[120.13,-1.376],[120.206,-1.315],[120.14,-1.198]]],[[[120.66,-1.39],[120.662,-1.388],[120.662,-1.39],[120.66,-1.39]]]]}},{"type":"Feature","properties":{"k":"72.03"},"geometry":{"type":"MultiPolygon","coordinates":[[[[119.798,-0.059],[119.799,-0.062],[119.797,-0.061],[119.798,-0.059]]],[[[119.799,-0.053],[119.802,-0.049],[119.806,-0.058],[119.799,-0.053]]],[[[119.806,-0.046],[119.803,-0.049],[119.805,-0.045],[119.806,-0.046]]],[[[119.799,-0.038],[119.8,-0.046],[119.794,-0.038],[119.799,-0.038]]],[[[119.782,-0.019],[119.784,-0.015],[119.787,-0.015],[119.782,-0.019]]],[[[119.624,0.088],[119.615,0.092],[119.618,0.097],[119.624,0.088]]],[[[119.799,0.574],[119.791,0.576],[119.79,0.581],[119.799,0.574]]],[[[119.892,-1.785],[119.757,-1.756],[119.778,-1.692],[119.729,-1.642],[119.734,-1.607],[119.671,-1.545],[119.659,-1.499],[119.695,-1.451],[119.623,-1.395],[119.591,-1.393],[119.57,-1.419],[119.529,-1.428],[119.501,-1.391],[119.452,-1.397],[119.422,-1.353],[119.509,-1.31],[119.504,-1.295],[119.468,-1.306],[119.474,-1.287],[119.58,-1.261],[119.611,-1.126],[119.584,-1.118],[119.57,-1.029],[119.551,-1.008],[119.552,-0.862],[119.613,-0.835],[119.624,-0.8],[119.681,-0.768],[119.684,-0.739],[119.661,-0.717],[119.709,-0.685],[119.732,-0.644],[119.811,-0.813],[119.764,-0.863],[119.743,-0.953],[119.818,-0.994],[119.901,-0.974],[119.938,-0.987],[120.06,-0.903],[120.113,-1.016],[120.087,-1.151],[120.145,-1.194],[120.15,-1.238],[120.206,-1.312],[120.13,-1.376],[120.11,-1.451],[120.128,-1.5],[120.094,-1.544],[120.135,-1.565],[120.133,-1.667],[120.18,-1.845],[120.094,-1.884],[120.089,-1.962],[119.996,-1.963],[119.891,-2.043],[119.816,-2.044],[119.818,-2.009],[119.874,-1.949],[119.86,-1.876],[119.909,-1.835],[119.892,-1.785]]],[[[119.988,-0.816],[119.923,-0.796],[119.991,-0.762],[119.933,-0.757],[119.99,-0.705],[119.928,-0.712],[119.978,-0.66],[120.029,-0.715],[120.045,-0.867],[120.018,-0.868],[119.988,-0.816]]],[[[120.14,0.629],[120.139,0.433],[120.026,0.245],[119.934,-0.226],[119.945,-0.394],[119.903,-0.545],[119.919,-0.613],[119.959,-0.647],[119.856,-0.745],[119.861,-0.715],[119.824,-0.69],[119.788,-0.597],[119.754,-0.439],[119.751,-0.367],[119.818,-0.194],[119.797,-0.154],[119.809,-0.135],[119.795,-0.123],[119.704,-0.139],[119.663,-0.108],[119.605,-0.009],[119.665,-0.019],[119.665,0.019],[119.732,-0.022],[119.776,-0.114],[119.821,-0.117],[119.84,-0.101],[119.883,-0.02],[119.877,0.082],[119.77,0.213],[119.808,0.236],[119.835,0.216],[119.901,0.219],[119.893,0.286],[119.871,0.294],[119.848,0.347],[119.888,0.393],[119.876,0.436],[119.901,0.479],[120.0,0.483],[120.047,0.514],[120.015,0.66],[120.038,0.718],[120.053,0.712],[120.1,0.751],[120.147,0.75],[120.174,0.715],[120.14,0.629]]],[[[119.899,0.482],[119.905,0.493],[119.907,0.482],[119.899,0.482]]],[[[119.878,0.522],[119.86,0.515],[119.851,0.506],[119.855,0.531],[119.878,0.522]]],[[[120.078,0.748],[120.079,0.749],[120.08,0.747],[120.078,0.748]]]]}},{"type":"Feature","properties":{"k":"72.04"},"geometry":{"type":"MultiPolygon","coordinates":[[[[120.581,0.763],[120.576,0.765],[120.579,0.766],[120.581,0.763]]],[[[121.092,1.153],[121.121,1.081],[121.045,1.049],[120.887,0.699],[120.683,0.587],[120.553,0.604],[120.416,0.716],[120.209,0.693],[120.147,0.75],[120.238,0.8],[120.247,0.957],[120.284,0.986],[120.354,0.984],[120.326,0.856],[120.364,0.829],[120.374,0.866],[120.397,0.792],[120.474,0.778],[120.531,0.791],[120.557,0.769],[120.548,0.756],[120.594,0.75],[120.591,0.764],[120.574,0.771],[120.609,0.808],[120.603,0.872],[120.636,0.939],[120.67,0.95],[120.671,0.966],[120.687,0.953],[120.679,0.972],[120.696,0.987],[120.728,0.963],[120.739,0.994],[120.81,1.033],[120.777,1.11],[120.789,1.164],[120.827,1.181],[120.809,1.326],[120.869,1.318],[120.902,1.356],[120.914,1.34],[120.904,1.318],[120.891,1.325],[120.895,1.304],[120.928,1.319],[120.942,1.35],[121.061,1.303],[121.101,1.316],[121.145,1.291],[121.191,1.26],[121.109,1.19],[121.092,1.153]]],[[[120.251,0.985],[120.232,0.968],[120.242,0.985],[120.251,0.985]]],[[[120.375,1.0],[120.378,0.999],[120.374,0.997],[120.375,1.0]]],[[[120.615,1.068],[120.665,1.04],[120.674,1.012],[120.641,1.047],[120.598,1.055],[120.615,1.068]]],[[[120.402,1.054],[120.393,1.011],[120.373,1.012],[120.379,1.075],[120.402,1.054]]],[[[120.665,1.049],[120.667,1.051],[120.667,1.046],[120.665,1.049]]],[[[120.662,1.077],[120.666,1.076],[120.663,1.076],[120.662,1.077]]],[[[120.718,0.983],[120.719,0.984],[120.719,0.983],[120.718,0.983]]],[[[120.687,0.987],[120.691,0.987],[120.688,0.984],[120.687,0.987]]],[[[120.736,0.998],[120.707,0.986],[120.699,0.993],[120.715,1.002],[120.736,0.998]]],[[[120.772,1.041],[120.778,1.043],[120.773,1.04],[120.772,1.041]]],[[[120.674,1.072],[120.669,1.077],[120.674,1.078],[120.674,1.072]]],[[[120.788,1.166],[120.784,1.167],[120.786,1.168],[120.788,1.166]]],[[[120.801,1.282],[120.806,1.281],[120.801,1.279],[120.801,1.282]]],[[[120.882,1.369],[120.892,1.367],[120.886,1.357],[120.882,1.369]]]]}},{"type":"Feature","properties":{"k":"72.05"},"geometry":{"type":"MultiPolygon","coordinates":[[[[122.215,1.02],[122.049,0.97],[122.013,0.937],[121.969,0.931],[121.831,0.977],[121.745,0.927],[121.525,0.851],[121.362,0.862],[121.272,0.804],[121.224,0.709],[121.147,0.681],[121.074,0.71],[120.93,0.684],[120.887,0.699],[121.045,1.049],[121.121,1.081],[121.092,1.144],[121.109,1.19],[121.191,1.26],[121.256,1.23],[121.338,1.262],[121.358,1.249],[121.404,1.263],[121.451,1.312],[121.469,1.301],[121.47,1.265],[121.414,1.238],[121.434,1.224],[121.422,1.183],[121.48,1.109],[121.556,1.062],[121.629,1.061],[121.652,1.04],[121.651,1.061],[121.684,1.071],[121.709,1.039],[121.711,1.081],[121.74,1.063],[121.825,1.092],[121.882,1.08],[121.927,1.103],[121.959,1.059],[121.953,1.04],[121.984,1.022],[122.065,1.074],[122.164,1.032],[122.187,1.056],[122.215,1.02]]],[[[121.964,1.051],[121.973,1.072],[121.975,1.062],[121.964,1.051]]],[[[121.81,1.094],[121.813,1.097],[121.811,1.093],[121.81,1.094]]],[[[121.834,1.12],[121.844,1.125],[121.84,1.117],[121.834,1.12]]],[[[121.364,1.268],[121.364,1.273],[121.365,1.271],[121.364,1.268]]]]}},{"type":"Feature","properties":{"k":"72.06"},"geometry":{"type":"MultiPolygon","coordinates":[[[[122.214,-2.885],[122.216,-2.886],[122.213,-2.887],[122.214,-2.885]]],[[[122.296,-3.197],[122.274,-3.136],[122.238,-3.138],[122.192,-3.095],[122.194,-3.032],[122.123,-3.012],[122.108,-2.965],[121.975,-2.956],[121.947,-2.985],[121.912,-2.985],[121.735,-2.932],[121.659,-2.876],[121.752,-2.726],[121.801,-2.709],[121.692,-2.539],[121.644,-2.534],[121.575,-2.494],[121.505,-2.49],[121.309,-2.364],[121.165,-2.332],[120.944,-2.231],[120.81,-2.212],[120.816,-2.025],[120.858,-1.88],[120.82,-1.833],[120.81,-1.747],[120.884,-1.606],[120.932,-1.628],[121.035,-1.619],[121.242,-1.483],[121.379,-1.44],[121.455,-1.366],[121.6,-1.452],[121.677,-1.43],[121.766,-1.33],[121.868,-1.282],[121.952,-1.354],[122.008,-1.45],[121.994,-1.573],[122.006,-1.634],[121.904,-1.701],[121.862,-1.672],[121.861,-1.702],[121.886,-1.706],[121.858,-1.709],[121.849,-1.694],[121.806,-1.732],[121.763,-1.854],[121.712,-1.924],[121.646,-1.958],[121.554,-1.956],[121.522,-1.898],[121.484,-1.871],[121.459,-1.877],[121.469,-1.857],[121.448,-1.866],[121.468,-1.836],[121.46,-1.815],[121.373,-1.808],[121.322,-1.761],[121.289,-1.842],[121.327,-1.864],[121.344,-1.843],[121.362,-1.875],[121.334,-1.876],[121.35,-1.897],[121.315,-1.925],[121.351,-1.95],[121.343,-2.005],[121.381,-1.976],[121.379,-1.917],[121.409,-1.906],[121.421,-1.957],[121.487,-2.017],[121.469,-2.031],[121.492,-2.02],[121.495,-2.045],[121.53,-2.046],[121.53,-2.066],[121.535,-2.048],[121.552,-2.168],[121.612,-2.187],[121.678,-2.173],[121.722,-2.196],[121.796,-2.288],[121.825,-2.294],[121.876,-2.404],[121.968,-2.528],[122.001,-2.627],[122.035,-2.658],[122.01,-2.676],[122.01,-2.719],[122.086,-2.788],[122.14,-2.788],[122.185,-2.823],[122.185,-2.871],[122.208,-2.899],[122.252,-2.878],[122.315,-2.911],[122.307,-2.957],[122.252,-3.026],[122.336,-3.086],[122.374,-3.141],[122.427,-3.127],[122.446,-3.163],[122.472,-3.15],[122.489,-3.18],[122.428,-3.193],[122.427,-3.28],[122.403,-3.241],[122.364,-3.257],[122.368,-3.226],[122.332,-3.234],[122.339,-3.193],[122.296,-3.197]],[[121.773,-1.81],[121.773,-1.81],[121.773,-1.809],[121.773,-1.81]],[[121.772,-1.813],[121.775,-1.811],[121.773,-1.81],[121.772,-1.813]],[[121.696,-1.924],[121.694,-1.923],[121.695,-1.924],[121.696,-1.924]]],[[[121.433,-1.96],[121.432,-1.956],[121.436,-1.956],[121.433,-1.96]]],[[[121.507,-1.95],[121.511,-1.95],[121.51,-1.955],[121.507,-1.95]]],[[[121.363,-1.942],[121.364,-1.946],[121.361,-1.949],[121.363,-1.942]]],[[[121.368,-1.944],[121.365,-1.947],[121.366,-1.942],[121.368,-1.944]]],[[[121.496,-1.942],[121.495,-1.945],[121.493,-1.944],[121.496,-1.942]]],[[[121.361,-1.941],[121.357,-1.944],[121.36,-1.941],[121.361,-1.941]]],[[[121.513,-1.936],[121.518,-1.937],[121.517,-1.939],[121.513,-1.936]]],[[[121.489,-1.933],[121.482,-1.939],[121.48,-1.93],[121.489,-1.933]]],[[[121.365,-1.937],[121.361,-1.931],[121.366,-1.929],[121.365,-1.937]]],[[[121.449,-1.933],[121.454,-1.933],[121.452,-1.937],[121.449,-1.933]]],[[[121.438,-1.915],[121.441,-1.944],[121.436,-1.948],[121.438,-1.915]]],[[[121.363,-1.925],[121.362,-1.923],[121.365,-1.925],[121.363,-1.925]]],[[[121.369,-1.919],[121.365,-1.905],[121.379,-1.9],[121.369,-1.919]]],[[[121.408,-1.857],[121.382,-1.865],[121.371,-1.85],[121.403,-1.835],[121.408,-1.857]]],[[[121.443,-1.851],[121.442,-1.849],[121.447,-1.849],[121.443,-1.851]]],[[[121.464,-1.831],[121.464,-1.833],[121.462,-1.832],[121.464,-1.831]]],[[[121.405,-1.813],[121.404,-1.815],[121.402,-1.813],[121.405,-1.813]]],[[[121.335,-1.779],[121.323,-1.782],[121.326,-1.774],[121.335,-1.779]]],[[[121.859,-1.721],[121.857,-1.717],[121.86,-1.718],[121.859,-1.721]]],[[[121.89,-1.707],[121.888,-1.708],[121.891,-1.706],[121.89,-1.707]]],[[[122.398,-3.345],[122.389,-3.352],[122.393,-3.342],[122.398,-3.345]]],[[[122.395,-3.341],[122.392,-3.341],[122.393,-3.339],[122.395,-3.341]]],[[[122.401,-3.312],[122.407,-3.329],[122.392,-3.332],[122.401,-3.312]]],[[[122.391,-3.303],[122.391,-3.307],[122.389,-3.304],[122.391,-3.303]]],[[[122.384,-3.284],[122.38,-3.302],[122.376,-3.299],[122.384,-3.284]]],[[[122.425,-3.284],[122.428,-3.283],[122.428,-3.286],[122.425,-3.284]]],[[[122.437,-3.271],[122.43,-3.292],[122.427,-3.289],[122.437,-3.271]]],[[[122.409,-3.275],[122.407,-3.274],[122.41,-3.273],[122.409,-3.275]]],[[[122.397,-3.277],[122.398,-3.271],[122.4,-3.274],[122.397,-3.277]]],[[[122.511,-3.269],[122.514,-3.271],[122.514,-3.273],[122.511,-3.269]]],[[[122.516,-3.067],[122.513,-3.09],[122.461,-3.062],[122.489,-3.076],[122.49,-3.058],[122.516,-3.067]]],[[[122.481,-3.056],[122.483,-3.061],[122.479,-3.06],[122.481,-3.056]]],[[[122.399,-3.059],[122.4,-3.056],[122.4,-3.059],[122.399,-3.059]]],[[[122.386,-3.061],[122.38,-3.057],[122.389,-3.052],[122.386,-3.061]]],[[[122.487,-3.057],[122.486,-3.055],[122.486,-3.054],[122.487,-3.057]]],[[[122.516,-3.053],[122.516,-3.057],[122.513,-3.056],[122.516,-3.053]]],[[[122.41,-3.016],[122.427,-3.051],[122.421,-3.061],[122.389,-3.038],[122.41,-3.016]]],[[[122.387,-3.044],[122.361,-3.043],[122.359,-3.033],[122.386,-3.03],[122.387,-3.044]]],[[[122.357,-3.027],[122.353,-3.031],[122.353,-3.028],[122.357,-3.027]]],[[[122.365,-3.026],[122.362,-3.026],[122.363,-3.023],[122.365,-3.026]]],[[[122.329,-3.023],[122.325,-3.019],[122.329,-3.02],[122.329,-3.023]]],[[[122.357,-3.008],[122.342,-3.027],[122.317,-3.002],[122.357,-3.008]]],[[[123.162,-3.562],[123.182,-3.613],[123.125,-3.611],[123.116,-3.64],[123.043,-3.594],[123.162,-3.562]]],[[[123.037,-3.545],[123.044,-3.551],[123.034,-3.546],[123.037,-3.545]]],[[[123.057,-3.525],[123.095,-3.503],[123.101,-3.504],[123.057,-3.525]]],[[[122.937,-3.412],[122.935,-3.413],[122.937,-3.41],[122.937,-3.412]]],[[[122.611,-3.388],[122.614,-3.39],[122.615,-3.392],[122.611,-3.388]]],[[[122.819,-3.387],[122.817,-3.386],[122.818,-3.385],[122.819,-3.387]]],[[[122.606,-3.379],[122.603,-3.379],[122.605,-3.376],[122.606,-3.379]]],[[[122.594,-3.363],[122.59,-3.364],[122.592,-3.361],[122.594,-3.363]]],[[[122.551,-3.288],[122.545,-3.288],[122.547,-3.286],[122.551,-3.288]]],[[[122.635,-3.222],[122.631,-3.221],[122.633,-3.218],[122.635,-3.222]]],[[[122.592,-3.144],[122.594,-3.146],[122.591,-3.146],[122.592,-3.144]]],[[[122.608,-3.131],[122.614,-3.124],[122.616,-3.132],[122.608,-3.131]]],[[[122.59,-3.118],[122.591,-3.119],[122.588,-3.119],[122.59,-3.118]]],[[[122.581,-3.113],[122.573,-3.118],[122.571,-3.115],[122.581,-3.113]]],[[[122.521,-3.093],[122.529,-3.096],[122.523,-3.099],[122.521,-3.093]]],[[[122.531,-3.096],[122.533,-3.094],[122.543,-3.094],[122.531,-3.096]]],[[[122.523,-3.091],[122.519,-3.09],[122.521,-3.089],[122.523,-3.091]]],[[[122.524,-3.087],[122.524,-3.089],[122.522,-3.088],[122.524,-3.087]]],[[[122.538,-3.086],[122.527,-3.086],[122.534,-3.079],[122.538,-3.086]]],[[[122.517,-3.057],[122.522,-3.062],[122.515,-3.059],[122.517,-3.057]]]]}},{"type":"Feature","properties":{"k":"72.07"},"geometry":{"type":"MultiPolygon","coordinates":[[[[123.142,-2.236],[123.139,-2.237],[123.14,-2.234],[123.142,-2.236]]],[[[123.144,-2.233],[123.144,-2.229],[123.147,-2.231],[123.144,-2.233]]],[[[123.149,-2.201],[123.161,-2.199],[123.145,-2.228],[123.149,-2.201]]],[[[123.18,-2.151],[123.181,-2.146],[123.182,-2.148],[123.18,-2.151]]],[[[123.198,-1.945],[123.199,-1.952],[123.196,-1.953],[123.198,-1.945]]],[[[123.142,-1.926],[123.152,-1.926],[123.143,-1.929],[123.142,-1.926]]],[[[123.141,-1.911],[123.14,-1.907],[123.142,-1.909],[123.141,-1.911]]],[[[123.181,-1.899],[123.183,-1.896],[123.187,-1.897],[123.181,-1.899]]],[[[123.13,-1.869],[123.095,-1.887],[123.084,-1.916],[123.051,-1.92],[123.059,-1.83],[123.096,-1.761],[123.145,-1.799],[123.13,-1.869]]],[[[123.121,-1.732],[123.121,-1.73],[123.123,-1.735],[123.121,-1.732]]],[[[123.157,-1.654],[123.156,-1.651],[123.158,-1.653],[123.157,-1.654]]],[[[123.176,-1.644],[123.176,-1.636],[123.178,-1.637],[123.176,-1.644]]],[[[123.197,-1.624],[123.195,-1.623],[123.196,-1.621],[123.197,-1.624]]],[[[122.838,-1.596],[122.846,-1.597],[122.842,-1.604],[122.838,-1.596]]],[[[123.132,-1.555],[123.131,-1.558],[123.129,-1.558],[123.132,-1.555]]],[[[122.782,-1.539],[122.782,-1.537],[122.786,-1.538],[122.782,-1.539]]],[[[122.786,-1.533],[122.784,-1.526],[122.789,-1.53],[122.786,-1.533]]],[[[122.788,-1.528],[122.789,-1.524],[122.79,-1.526],[122.788,-1.528]]],[[[122.789,-1.511],[122.781,-1.526],[122.781,-1.502],[122.789,-1.511]]],[[[122.791,-1.506],[122.795,-1.51],[122.794,-1.511],[122.791,-1.506]]],[[[122.801,-1.498],[122.803,-1.508],[122.8,-1.499],[122.801,-1.498]]],[[[122.793,-1.496],[122.791,-1.491],[122.794,-1.493],[122.793,-1.496]]],[[[122.739,-1.493],[122.74,-1.491],[122.741,-1.494],[122.739,-1.493]]],[[[122.773,-1.485],[122.774,-1.485],[122.775,-1.487],[122.773,-1.485]]],[[[123.159,-1.407],[123.163,-1.406],[123.161,-1.408],[123.159,-1.407]]],[[[123.119,-1.299],[123.038,-1.421],[122.999,-1.516],[122.946,-1.547],[122.908,-1.599],[122.85,-1.579],[122.826,-1.493],[122.79,-1.481],[122.793,-1.384],[122.826,-1.286],[122.868,-1.253],[122.906,-1.181],[122.946,-1.185],[122.972,-1.215],[123.107,-1.16],[123.146,-1.21],[123.163,-1.152],[123.191,-1.151],[123.248,-1.229],[123.236,-1.236],[123.218,-1.27],[123.189,-1.264],[123.184,-1.319],[123.242,-1.397],[123.283,-1.359],[123.282,-1.317],[123.314,-1.304],[123.374,-1.221],[123.412,-1.224],[123.403,-1.247],[123.427,-1.269],[123.446,-1.266],[123.442,-1.234],[123.486,-1.269],[123.56,-1.282],[123.539,-1.396],[123.509,-1.46],[123.473,-1.463],[123.459,-1.519],[123.44,-1.505],[123.412,-1.531],[123.371,-1.498],[123.354,-1.524],[123.355,-1.472],[123.328,-1.453],[123.324,-1.417],[123.297,-1.412],[123.257,-1.444],[123.236,-1.596],[123.261,-1.625],[123.243,-1.649],[123.228,-1.599],[123.156,-1.641],[123.15,-1.613],[123.099,-1.601],[123.108,-1.566],[123.127,-1.567],[123.184,-1.511],[123.159,-1.411],[123.167,-1.416],[123.165,-1.303],[123.142,-1.297],[123.122,-1.318],[123.119,-1.299]]],[[[122.75,-1.333],[122.751,-1.335],[122.748,-1.335],[122.75,-1.333]]],[[[123.116,-1.324],[123.12,-1.329],[123.115,-1.334],[123.116,-1.324]]],[[[123.401,-2.203],[123.406,-2.201],[123.401,-2.208],[123.401,-2.203]]],[[[123.445,-2.131],[123.444,-2.132],[123.444,-2.13],[123.445,-2.131]]],[[[123.447,-2.127],[123.441,-2.133],[123.438,-2.13],[123.445,-2.12],[123.45,-2.134],[123.447,-2.127]]],[[[123.257,-2.105],[123.257,-2.108],[123.256,-2.106],[123.257,-2.105]]],[[[123.323,-2.106],[123.319,-2.106],[123.322,-2.104],[123.323,-2.106]]],[[[123.331,-2.097],[123.332,-2.093],[123.333,-2.095],[123.331,-2.097]]],[[[123.272,-2.065],[123.278,-2.063],[123.277,-2.067],[123.272,-2.065]]],[[[123.254,-1.98],[123.257,-1.983],[123.255,-1.988],[123.254,-1.98]]],[[[123.382,-1.883],[123.37,-1.889],[123.36,-1.872],[123.37,-1.868],[123.382,-1.883]]],[[[123.377,-1.869],[123.379,-1.865],[123.38,-1.868],[123.377,-1.869]]],[[[123.376,-1.866],[123.372,-1.87],[123.373,-1.864],[123.376,-1.866]]],[[[123.353,-1.741],[123.354,-1.74],[123.353,-1.743],[123.353,-1.741]]],[[[123.309,-1.722],[123.356,-1.677],[123.38,-1.674],[123.385,-1.722],[123.339,-1.736],[123.316,-1.781],[123.272,-1.799],[123.309,-1.722]]],[[[123.448,-1.694],[123.454,-1.686],[123.451,-1.695],[123.448,-1.694]]],[[[123.454,-1.683],[123.457,-1.684],[123.456,-1.686],[123.454,-1.683]]],[[[123.21,-1.627],[123.209,-1.627],[123.211,-1.623],[123.21,-1.627]]],[[[123.23,-1.623],[123.23,-1.621],[123.231,-1.622],[123.23,-1.623]]],[[[123.451,-1.581],[123.457,-1.577],[123.455,-1.583],[123.451,-1.581]]],[[[123.46,-1.573],[123.456,-1.575],[123.46,-1.572],[123.46,-1.573]]],[[[123.396,-1.521],[123.398,-1.523],[123.397,-1.524],[123.396,-1.521]]],[[[123.263,-1.451],[123.26,-1.457],[123.26,-1.451],[123.263,-1.451]]],[[[123.289,-1.42],[123.286,-1.423],[123.288,-1.42],[123.289,-1.42]]],[[[123.22,-1.317],[123.217,-1.308],[123.224,-1.313],[123.22,-1.317]]],[[[123.241,-1.238],[123.243,-1.237],[123.243,-1.238],[123.241,-1.238]]],[[[123.327,-1.201],[123.298,-1.282],[123.275,-1.215],[123.314,-1.174],[123.327,-1.201]]],[[[123.407,-1.22],[123.41,-1.22],[123.409,-1.221],[123.407,-1.22]]],[[[123.41,-1.216],[123.411,-1.214],[123.412,-1.218],[123.41,-1.216]]],[[[123.278,-1.177],[123.279,-1.157],[123.299,-1.146],[123.304,-1.156],[123.278,-1.177]]],[[[123.662,-2.154],[123.68,-2.174],[123.671,-2.179],[123.662,-2.154]]],[[[123.676,-2.157],[123.679,-2.157],[123.679,-2.159],[123.676,-2.157]]],[[[123.666,-2.15],[123.668,-2.148],[123.672,-2.153],[123.666,-2.15]]],[[[123.659,-2.143],[123.654,-2.143],[123.653,-2.14],[123.659,-2.143]]],[[[123.634,-2.133],[123.647,-2.128],[123.642,-2.137],[123.634,-2.133]]],[[[123.606,-2.143],[123.589,-2.122],[123.595,-2.116],[123.609,-2.124],[123.606,-2.143]]],[[[123.543,-2.101],[123.559,-2.094],[123.561,-2.107],[123.543,-2.101]]],[[[123.597,-2.061],[123.59,-2.061],[123.591,-2.058],[123.597,-2.061]]],[[[123.486,-1.979],[123.493,-2.003],[123.477,-2.0],[123.486,-1.979]]],[[[123.492,-1.99],[123.493,-1.988],[123.495,-1.991],[123.492,-1.99]]],[[[123.491,-1.985],[123.496,-1.984],[123.496,-1.989],[123.491,-1.985]]],[[[123.632,-1.951],[123.635,-1.943],[123.638,-1.955],[123.632,-1.951]]],[[[123.466,-1.944],[123.48,-1.936],[123.49,-1.941],[123.483,-1.952],[123.466,-1.944]]],[[[123.638,-1.936],[123.638,-1.931],[123.64,-1.93],[123.638,-1.936]]],[[[123.635,-1.933],[123.636,-1.93],[123.636,-1.934],[123.635,-1.933]]],[[[123.564,-1.931],[123.568,-1.928],[123.566,-1.934],[123.564,-1.931]]],[[[123.661,-1.966],[123.643,-1.953],[123.647,-1.896],[123.653,-1.898],[123.661,-1.966]]],[[[123.539,-1.912],[123.535,-1.936],[123.528,-1.924],[123.539,-1.912]]],[[[123.635,-1.926],[123.638,-1.919],[123.637,-1.926],[123.635,-1.926]]],[[[123.636,-1.913],[123.639,-1.905],[123.641,-1.909],[123.636,-1.913]]],[[[123.687,-1.91],[123.681,-1.93],[123.671,-1.882],[123.687,-1.91]]],[[[123.54,-1.756],[123.525,-1.773],[123.536,-1.733],[123.54,-1.756]]],[[[123.532,-1.476],[123.559,-1.598],[123.576,-1.61],[123.598,-1.592],[123.623,-1.624],[123.62,-1.639],[123.604,-1.631],[123.62,-1.651],[123.614,-1.697],[123.569,-1.728],[123.49,-1.715],[123.474,-1.681],[123.479,-1.616],[123.499,-1.592],[123.479,-1.583],[123.479,-1.547],[123.506,-1.497],[123.528,-1.507],[123.532,-1.476]]],[[[123.471,-1.56],[123.466,-1.561],[123.469,-1.556],[123.471,-1.56]]],[[[123.467,-1.554],[123.48,-1.529],[123.477,-1.546],[123.467,-1.554]]],[[[123.566,-1.474],[123.565,-1.498],[123.563,-1.507],[123.551,-1.483],[123.566,-1.474]]],[[[123.509,-1.492],[123.516,-1.48],[123.513,-1.494],[123.509,-1.492]]],[[[123.557,-1.472],[123.562,-1.469],[123.56,-1.473],[123.557,-1.472]]],[[[123.808,-2.111],[123.809,-2.107],[123.81,-2.108],[123.808,-2.111]]],[[[123.915,-2.09],[123.927,-2.11],[123.908,-2.093],[123.915,-2.09]]],[[[123.756,-2.105],[123.763,-2.105],[123.744,-2.091],[123.756,-2.105]]],[[[123.858,-2.103],[123.867,-2.094],[123.872,-2.097],[123.858,-2.103]]],[[[123.888,-2.095],[123.894,-2.096],[123.902,-2.097],[123.888,-2.095]]],[[[123.897,-2.091],[123.899,-2.089],[123.898,-2.092],[123.897,-2.091]]],[[[123.916,-2.088],[123.915,-2.082],[123.923,-2.094],[123.916,-2.088]]],[[[123.903,-2.088],[123.904,-2.086],[123.905,-2.087],[123.903,-2.088]]],[[[123.743,-2.081],[123.744,-2.081],[123.746,-2.084],[123.743,-2.081]]],[[[123.91,-2.079],[123.912,-2.084],[123.906,-2.083],[123.91,-2.079]]],[[[123.917,-2.072],[123.922,-2.073],[123.914,-2.077],[123.917,-2.072]]],[[[123.897,-2.082],[123.845,-2.066],[123.862,-2.007],[123.88,-2.029],[123.897,-2.082]]],[[[123.763,-2.061],[123.756,-2.036],[123.77,-2.021],[123.766,-2.004],[123.785,-2.028],[123.763,-2.061]]],[[[123.789,-2.024],[123.786,-2.022],[123.788,-2.021],[123.789,-2.024]]],[[[123.76,-2.02],[123.761,-2.018],[123.761,-2.021],[123.76,-2.02]]],[[[123.749,-2.018],[123.756,-2.011],[123.752,-2.024],[123.749,-2.018]]],[[[123.872,-2.006],[123.867,-2.006],[123.878,-2.001],[123.872,-2.006]]],[[[123.847,-1.942],[123.859,-2.006],[123.84,-1.994],[123.825,-2.027],[123.771,-1.943],[123.778,-1.924],[123.775,-1.892],[123.783,-1.88],[123.847,-1.942]]],[[[123.688,-1.941],[123.689,-1.944],[123.688,-1.947],[123.688,-1.941]]],[[[123.729,-1.899],[123.739,-1.953],[123.699,-1.959],[123.729,-1.899]]],[[[123.777,-1.921],[123.767,-1.925],[123.771,-1.903],[123.777,-1.921]]],[[[123.684,-1.896],[123.686,-1.895],[123.686,-1.897],[123.684,-1.896]]],[[[123.679,-1.891],[123.683,-1.895],[123.681,-1.898],[123.679,-1.891]]],[[[123.806,-1.89],[123.807,-1.889],[123.808,-1.891],[123.806,-1.89]]],[[[123.696,-1.862],[123.694,-1.907],[123.685,-1.863],[123.696,-1.862]]],[[[123.755,-1.877],[123.765,-1.865],[123.767,-1.886],[123.755,-1.877]]],[[[124.032,-1.86],[124.026,-1.895],[123.996,-1.811],[124.007,-1.814],[124.032,-1.86]]]]}},{"type":"Feature","properties":{"k":"72.08"},"geometry":{"type":"MultiPolygon","coordinates":[[[[120.459,-0.983],[120.462,-0.991],[120.457,-0.985],[120.459,-0.983]]],[[[120.219,-0.816],[120.215,-0.816],[120.216,-0.814],[120.219,-0.816]]],[[[120.043,-0.374],[120.042,-0.376],[120.04,-0.372],[120.043,-0.374]]],[[[120.089,-1.155],[120.111,-0.999],[120.043,-0.862],[120.029,-0.715],[119.919,-0.613],[119.903,-0.545],[119.943,-0.411],[119.933,-0.241],[120.004,0.169],[120.032,0.258],[120.135,0.417],[120.14,0.629],[120.174,0.715],[120.232,0.693],[120.404,0.719],[120.552,0.604],[120.66,0.582],[120.877,0.698],[120.931,0.684],[121.074,0.71],[121.111,0.684],[121.162,0.688],[121.248,0.588],[121.339,0.575],[121.341,0.474],[121.273,0.495],[121.234,0.459],[121.176,0.459],[121.156,0.415],[121.078,0.398],[121.028,0.44],[120.963,0.414],[120.953,0.431],[120.933,0.4],[120.898,0.396],[120.856,0.442],[120.815,0.449],[120.811,0.474],[120.768,0.457],[120.688,0.512],[120.507,0.513],[120.436,0.466],[120.41,0.477],[120.306,0.42],[120.201,0.263],[120.158,0.228],[120.124,0.163],[120.136,0.132],[120.106,0.093],[120.095,-0.031],[120.035,-0.065],[120.041,-0.137],[120.009,-0.18],[120.008,-0.285],[120.031,-0.305],[120.035,-0.37],[120.073,-0.442],[120.049,-0.494],[120.06,-0.633],[120.134,-0.775],[120.175,-0.799],[120.198,-0.847],[120.222,-0.846],[120.311,-0.966],[120.411,-0.924],[120.461,-0.993],[120.51,-0.998],[120.584,-1.111],[120.145,-1.194],[120.089,-1.155]]],[[[120.647,0.326],[120.649,0.326],[120.648,0.325],[120.647,0.326]]],[[[120.618,0.395],[120.615,0.398],[120.614,0.4],[120.618,0.395]]],[[[121.255,0.306],[121.257,0.31],[121.256,0.306],[121.255,0.306]]],[[[120.815,0.363],[120.811,0.365],[120.814,0.367],[120.815,0.363]]],[[[121.338,0.364],[121.337,0.365],[121.339,0.367],[121.338,0.364]]],[[[120.956,0.415],[120.957,0.411],[120.955,0.413],[120.956,0.415]]],[[[121.225,0.434],[121.222,0.433],[121.224,0.435],[121.225,0.434]]]]}},{"type":"Feature","properties":{"k":"72.09"},"geometry":{"type":"MultiPolygon","coordinates":[[[[121.855,-1.036],[121.782,-1.211],[121.868,-1.282],[121.782,-1.319],[121.7,-1.411],[121.633,-1.449],[121.59,-1.45],[121.455,-1.366],[121.334,-1.466],[121.242,-1.483],[121.139,-1.563],[121.035,-1.619],[120.979,-1.627],[120.885,-1.607],[120.852,-1.535],[120.792,-1.469],[120.819,-1.412],[120.845,-1.403],[120.913,-1.417],[120.981,-1.399],[121.038,-1.415],[121.038,-1.434],[121.059,-1.441],[121.112,-1.43],[121.163,-1.367],[121.222,-1.203],[121.279,-1.159],[121.305,-1.102],[121.448,-0.974],[121.48,-0.9],[121.587,-0.867],[121.595,-0.826],[121.632,-0.806],[121.663,-0.812],[121.667,-0.921],[121.761,-0.971],[121.815,-0.957],[121.855,-0.969],[121.855,-1.036]]],[[[121.666,-0.887],[121.667,-0.883],[121.668,-0.884],[121.666,-0.887]]],[[[121.757,-0.742],[121.772,-0.738],[121.769,-0.755],[121.757,-0.742]]],[[[121.632,-0.59],[121.621,-0.591],[121.626,-0.582],[121.632,-0.59]]],[[[121.66,-0.533],[121.658,-0.534],[121.661,-0.531],[121.66,-0.533]]],[[[121.861,-0.526],[121.871,-0.514],[121.874,-0.53],[121.861,-0.526]]],[[[121.76,-0.509],[121.761,-0.509],[121.758,-0.51],[121.76,-0.509]]],[[[121.919,-0.447],[121.917,-0.517],[121.885,-0.54],[121.863,-0.497],[121.836,-0.496],[121.862,-0.518],[121.829,-0.532],[121.798,-0.506],[121.775,-0.498],[121.745,-0.511],[121.738,-0.496],[121.699,-0.563],[121.656,-0.571],[121.649,-0.541],[121.67,-0.531],[121.69,-0.475],[121.705,-0.48],[121.693,-0.471],[121.721,-0.473],[121.738,-0.449],[121.769,-0.459],[121.755,-0.432],[121.766,-0.414],[121.793,-0.443],[121.851,-0.409],[121.866,-0.409],[121.883,-0.424],[121.898,-0.425],[121.919,-0.447]]],[[[121.718,-0.469],[121.719,-0.465],[121.72,-0.466],[121.718,-0.469]]],[[[121.698,-0.465],[121.7,-0.466],[121.696,-0.465],[121.698,-0.465]]],[[[121.804,-0.429],[121.803,-0.428],[121.803,-0.426],[121.804,-0.429]]],[[[121.796,-0.431],[121.8,-0.419],[121.806,-0.416],[121.796,-0.431]]],[[[121.791,-0.417],[121.799,-0.411],[121.798,-0.418],[121.791,-0.417]]],[[[121.796,-0.402],[121.799,-0.401],[121.798,-0.403],[121.796,-0.402]]],[[[121.816,-0.389],[121.827,-0.397],[121.817,-0.409],[121.813,-0.406],[121.816,-0.389]]],[[[121.867,-0.362],[121.841,-0.359],[121.878,-0.35],[121.867,-0.362]]],[[[121.848,-0.353],[121.851,-0.353],[121.851,-0.355],[121.848,-0.353]]],[[[121.829,-0.352],[121.837,-0.351],[121.834,-0.353],[121.829,-0.352]]],[[[121.644,-0.126],[121.653,-0.192],[121.616,-0.216],[121.563,-0.175],[121.604,-0.128],[121.644,-0.126]]],[[[121.929,-0.475],[121.928,-0.475],[121.929,-0.472],[121.929,-0.475]]],[[[121.924,-0.457],[121.921,-0.455],[121.922,-0.455],[121.924,-0.457]]],[[[122.083,-0.441],[122.083,-0.443],[122.082,-0.442],[122.083,-0.441]]],[[[122.081,-0.44],[122.082,-0.441],[122.081,-0.441],[122.081,-0.44]]],[[[122.071,-0.44],[122.074,-0.441],[122.07,-0.442],[122.071,-0.44]]],[[[122.095,-0.44],[122.093,-0.439],[122.096,-0.439],[122.095,-0.44]]],[[[122.022,-0.434],[122.017,-0.431],[122.019,-0.43],[122.022,-0.434]]],[[[122.078,-0.433],[122.077,-0.429],[122.079,-0.431],[122.078,-0.433]]],[[[122.065,-0.43],[122.059,-0.428],[122.062,-0.426],[122.065,-0.43]]],[[[122.014,-0.424],[122.012,-0.426],[122.012,-0.424],[122.014,-0.424]]],[[[122.1,-0.405],[122.097,-0.409],[122.098,-0.406],[122.1,-0.405]]],[[[121.876,-0.413],[121.862,-0.37],[121.9,-0.334],[121.917,-0.337],[121.928,-0.371],[121.967,-0.359],[121.949,-0.335],[121.941,-0.347],[121.925,-0.335],[121.951,-0.324],[121.981,-0.332],[121.974,-0.347],[122.001,-0.339],[121.981,-0.356],[122.012,-0.372],[122.04,-0.339],[122.061,-0.35],[122.055,-0.372],[122.068,-0.397],[122.044,-0.426],[122.009,-0.402],[122.01,-0.422],[121.953,-0.42],[121.922,-0.433],[121.924,-0.449],[121.905,-0.427],[121.876,-0.413]]],[[[122.014,-0.353],[122.012,-0.353],[122.014,-0.352],[122.014,-0.353]]],[[[122.037,-0.325],[122.031,-0.324],[122.036,-0.321],[122.037,-0.325]]],[[[121.943,-0.314],[121.948,-0.321],[121.943,-0.319],[121.943,-0.314]]],[[[121.985,-0.312],[121.981,-0.316],[121.979,-0.313],[121.985,-0.312]]],[[[121.962,-0.31],[121.962,-0.312],[121.96,-0.312],[121.962,-0.31]]],[[[122.013,-0.287],[122.013,-0.279],[122.017,-0.277],[122.013,-0.287]]],[[[122.084,-0.264],[122.07,-0.261],[122.029,-0.275],[122.088,-0.241],[122.084,-0.264]]],[[[122.103,-0.445],[122.101,-0.444],[122.103,-0.444],[122.103,-0.445]]],[[[122.101,-0.442],[122.103,-0.44],[122.104,-0.443],[122.101,-0.442]]],[[[122.105,-0.437],[122.099,-0.435],[122.099,-0.434],[122.105,-0.437]]],[[[122.112,-0.438],[122.111,-0.437],[122.111,-0.434],[122.112,-0.438]]],[[[122.117,-0.425],[122.118,-0.424],[122.119,-0.426],[122.117,-0.425]]],[[[122.106,-0.425],[122.104,-0.426],[122.104,-0.424],[122.106,-0.425]]],[[[122.148,-0.412],[122.149,-0.414],[122.145,-0.414],[122.148,-0.412]]],[[[122.154,-0.403],[122.155,-0.404],[122.154,-0.405],[122.154,-0.403]]],[[[122.151,-0.402],[122.126,-0.425],[122.116,-0.411],[122.094,-0.401],[122.092,-0.412],[122.108,-0.435],[122.094,-0.43],[122.091,-0.438],[122.097,-0.447],[122.087,-0.44],[122.089,-0.431],[122.066,-0.427],[122.083,-0.396],[122.06,-0.354],[122.091,-0.272],[122.113,-0.342],[122.142,-0.34],[122.151,-0.402]]],[[[122.144,-0.337],[122.142,-0.337],[122.143,-0.335],[122.144,-0.337]]],[[[122.232,-0.303],[122.238,-0.308],[122.233,-0.314],[122.232,-0.303]]],[[[122.253,-0.255],[122.227,-0.227],[122.24,-0.206],[122.264,-0.238],[122.283,-0.22],[122.292,-0.247],[122.312,-0.236],[122.38,-0.273],[122.368,-0.33],[122.397,-0.39],[122.361,-0.353],[122.341,-0.286],[122.33,-0.294],[122.302,-0.259],[122.253,-0.255]]],[[[122.265,-0.286],[122.269,-0.289],[122.264,-0.29],[122.265,-0.286]]],[[[122.315,-0.283],[122.316,-0.284],[122.314,-0.282],[122.315,-0.283]]],[[[122.154,-0.271],[122.148,-0.267],[122.151,-0.265],[122.154,-0.271]]],[[[122.126,-0.259],[122.114,-0.267],[122.115,-0.254],[122.126,-0.259]]],[[[122.246,-0.259],[122.246,-0.26],[122.244,-0.259],[122.246,-0.259]]],[[[122.148,-0.242],[122.209,-0.21],[122.186,-0.251],[122.233,-0.259],[122.245,-0.292],[122.18,-0.28],[122.176,-0.251],[122.151,-0.262],[122.148,-0.242]]]]}},{"type":"Feature","properties":{"k":"72.10"},"geometry":{"type":"Polygon","coordinates":[[[119.812,-0.868],[119.831,-0.942],[119.876,-0.923],[119.933,-0.944],[119.929,-0.921],[120.023,-0.883],[120.072,-0.913],[120.057,-0.968],[120.078,-0.988],[120.076,-1.017],[120.113,-1.016],[120.129,-1.044],[120.219,-1.065],[120.228,-1.126],[120.267,-1.152],[120.293,-1.133],[120.358,-1.147],[120.342,-1.187],[120.29,-1.202],[120.27,-1.232],[120.232,-1.225],[120.225,-1.251],[120.186,-1.274],[120.257,-1.322],[120.288,-1.379],[120.265,-1.386],[120.278,-1.407],[120.25,-1.413],[120.222,-1.456],[120.167,-1.461],[120.099,-1.557],[120.143,-1.571],[120.136,-1.651],[120.178,-1.781],[120.108,-1.803],[120.101,-1.824],[120.145,-1.887],[120.124,-1.906],[120.103,-1.9],[120.1,-1.984],[119.991,-1.966],[119.901,-2.056],[119.866,-2.012],[119.857,-1.877],[119.876,-1.862],[119.858,-1.822],[119.871,-1.778],[119.797,-1.739],[119.751,-1.644],[119.728,-1.644],[119.733,-1.605],[119.667,-1.531],[119.71,-1.434],[119.764,-1.424],[119.728,-1.348],[119.745,-1.255],[119.806,-1.135],[119.804,-1.089],[119.758,-1.013],[119.683,-1.014],[119.65,-0.994],[119.651,-0.957],[119.705,-0.935],[119.731,-0.9],[119.746,-0.919],[119.785,-0.904],[119.812,-0.868]]]}},{"type":"Feature","properties":{"k":"72.11"},"geometry":{"type":"MultiPolygon","coordinates":[[[[123.463,-2.217],[123.467,-2.219],[123.412,-2.242],[123.397,-2.224],[123.398,-2.209],[123.408,-2.235],[123.463,-2.217]]],[[[123.442,-2.22],[123.439,-2.22],[123.443,-2.219],[123.442,-2.22]]],[[[123.46,-2.208],[123.454,-2.213],[123.451,-2.215],[123.46,-2.208]]],[[[123.145,-2.224],[123.145,-2.211],[123.156,-2.197],[123.16,-2.207],[123.145,-2.224]]],[[[123.46,-2.208],[123.463,-2.205],[123.463,-2.207],[123.46,-2.208]]],[[[123.407,-2.201],[123.401,-2.203],[123.405,-2.199],[123.407,-2.201]]],[[[123.451,-2.131],[123.451,-2.134],[123.449,-2.135],[123.451,-2.131]]],[[[123.444,-2.132],[123.445,-2.132],[123.444,-2.132],[123.444,-2.132]]],[[[123.443,-2.132],[123.444,-2.131],[123.444,-2.132],[123.443,-2.132]]],[[[123.439,-2.132],[123.44,-2.134],[123.438,-2.129],[123.439,-2.132]]],[[[123.45,-2.13],[123.45,-2.13],[123.449,-2.13],[123.45,-2.13]]],[[[123.448,-2.129],[123.449,-2.13],[123.449,-2.13],[123.448,-2.129]]],[[[123.447,-2.129],[123.447,-2.128],[123.447,-2.129],[123.447,-2.129]]],[[[123.45,-2.128],[123.449,-2.128],[123.449,-2.128],[123.45,-2.128]]],[[[123.439,-2.127],[123.439,-2.126],[123.439,-2.127],[123.439,-2.127]]],[[[123.44,-2.126],[123.44,-2.126],[123.44,-2.126],[123.44,-2.126]]],[[[123.444,-2.12],[123.451,-2.126],[123.451,-2.13],[123.448,-2.125],[123.44,-2.127],[123.444,-2.12]]],[[[123.59,-2.123],[123.591,-2.123],[123.591,-2.123],[123.59,-2.123]]],[[[123.563,-2.11],[123.563,-2.11],[123.563,-2.111],[123.563,-2.11]]],[[[123.544,-2.096],[123.559,-2.108],[123.543,-2.102],[123.544,-2.096]]],[[[123.493,-2.002],[123.492,-2.003],[123.491,-2.002],[123.493,-2.002]]],[[[123.49,-2.003],[123.49,-2.001],[123.491,-2.003],[123.49,-2.003]]],[[[123.485,-2.003],[123.489,-2.0],[123.489,-2.003],[123.485,-2.003]]],[[[123.491,-1.994],[123.491,-1.998],[123.489,-1.995],[123.491,-1.994]]],[[[123.488,-1.995],[123.486,-1.995],[123.488,-1.994],[123.488,-1.995]]],[[[123.482,-1.983],[123.49,-1.989],[123.479,-2.002],[123.482,-1.983]]],[[[123.493,-1.99],[123.496,-1.991],[123.495,-1.992],[123.493,-1.99]]],[[[123.492,-1.984],[123.497,-1.985],[123.496,-1.989],[123.492,-1.984]]],[[[123.48,-1.951],[123.482,-1.951],[123.481,-1.952],[123.48,-1.951]]],[[[123.486,-1.948],[123.484,-1.952],[123.483,-1.951],[123.486,-1.948]]],[[[123.48,-1.952],[123.465,-1.947],[123.487,-1.937],[123.489,-1.947],[123.48,-1.946],[123.48,-1.952]]],[[[123.57,-1.931],[123.565,-1.931],[123.569,-1.929],[123.57,-1.931]]],[[[123.535,-1.929],[123.536,-1.928],[123.536,-1.929],[123.535,-1.929]]],[[[123.528,-1.924],[123.533,-1.922],[123.535,-1.936],[123.528,-1.924]]],[[[123.534,-1.925],[123.534,-1.925],[123.534,-1.925],[123.534,-1.925]]],[[[123.089,-1.767],[123.145,-1.799],[123.144,-1.853],[123.061,-1.926],[123.048,-1.911],[123.069,-1.888],[123.059,-1.83],[123.089,-1.767]]],[[[123.38,-1.673],[123.385,-1.723],[123.339,-1.733],[123.316,-1.782],[123.276,-1.798],[123.312,-1.718],[123.38,-1.673]]],[[[123.533,-1.48],[123.564,-1.548],[123.56,-1.599],[123.577,-1.611],[123.592,-1.594],[123.623,-1.625],[123.621,-1.64],[123.604,-1.632],[123.62,-1.652],[123.613,-1.699],[123.568,-1.729],[123.537,-1.726],[123.518,-1.701],[123.513,-1.725],[123.489,-1.714],[123.473,-1.654],[123.501,-1.597],[123.48,-1.584],[123.479,-1.548],[123.505,-1.498],[123.528,-1.509],[123.533,-1.48]]],[[[123.659,-2.145],[123.654,-2.142],[123.655,-2.141],[123.659,-2.145]]],[[[123.606,-2.143],[123.606,-2.143],[123.606,-2.143],[123.606,-2.143]]],[[[123.603,-2.137],[123.609,-2.139],[123.605,-2.14],[123.603,-2.137]]],[[[123.602,-2.136],[123.602,-2.137],[123.601,-2.136],[123.602,-2.136]]],[[[123.61,-2.136],[123.609,-2.134],[123.609,-2.134],[123.61,-2.136]]],[[[123.6,-2.135],[123.6,-2.135],[123.599,-2.134],[123.6,-2.135]]],[[[123.598,-2.133],[123.602,-2.134],[123.602,-2.135],[123.598,-2.133]]],[[[123.632,-2.128],[123.644,-2.134],[123.642,-2.137],[123.632,-2.128]]],[[[123.594,-2.129],[123.594,-2.13],[123.594,-2.129],[123.594,-2.129]]],[[[123.597,-2.13],[123.596,-2.129],[123.597,-2.129],[123.597,-2.13]]],[[[123.647,-2.129],[123.647,-2.129],[123.647,-2.13],[123.647,-2.129]]],[[[123.642,-2.132],[123.643,-2.13],[123.647,-2.133],[123.642,-2.132]]],[[[123.604,-2.123],[123.608,-2.125],[123.609,-2.133],[123.604,-2.123]]],[[[123.595,-2.127],[123.594,-2.127],[123.594,-2.127],[123.595,-2.127]]],[[[123.598,-2.123],[123.602,-2.124],[123.604,-2.131],[123.598,-2.123]]],[[[123.596,-2.126],[123.596,-2.125],[123.596,-2.126],[123.596,-2.126]]],[[[123.643,-2.126],[123.644,-2.125],[123.644,-2.126],[123.643,-2.126]]],[[[123.59,-2.122],[123.591,-2.122],[123.591,-2.122],[123.59,-2.122]]],[[[123.594,-2.121],[123.595,-2.122],[123.591,-2.125],[123.594,-2.121]]],[[[123.592,-2.119],[123.593,-2.121],[123.591,-2.121],[123.592,-2.119]]],[[[123.602,-2.118],[123.6,-2.12],[123.599,-2.119],[123.602,-2.118]]],[[[123.59,-2.06],[123.597,-2.063],[123.595,-2.066],[123.59,-2.06]]],[[[123.64,-1.954],[123.638,-1.954],[123.64,-1.954],[123.64,-1.954]]],[[[123.636,-1.954],[123.636,-1.954],[123.637,-1.954],[123.636,-1.954]]],[[[123.631,-1.948],[123.633,-1.948],[123.636,-1.954],[123.631,-1.948]]],[[[123.635,-1.936],[123.635,-1.935],[123.636,-1.936],[123.635,-1.936]]],[[[123.64,-1.931],[123.638,-1.936],[123.636,-1.937],[123.64,-1.931]]],[[[123.635,-1.933],[123.636,-1.933],[123.636,-1.934],[123.635,-1.933]]],[[[123.654,-1.898],[123.664,-1.958],[123.659,-1.967],[123.645,-1.956],[123.654,-1.898]]],[[[123.637,-1.931],[123.636,-1.931],[123.636,-1.931],[123.637,-1.931]]],[[[123.636,-1.927],[123.637,-1.927],[123.636,-1.928],[123.636,-1.927]]],[[[123.641,-1.927],[123.641,-1.924],[123.641,-1.927],[123.641,-1.927]]],[[[123.637,-1.926],[123.636,-1.925],[123.637,-1.923],[123.637,-1.926]]],[[[123.638,-1.923],[123.637,-1.921],[123.637,-1.92],[123.638,-1.923]]],[[[123.638,-1.92],[123.638,-1.919],[123.638,-1.92],[123.638,-1.92]]],[[[123.644,-1.912],[123.643,-1.912],[123.643,-1.911],[123.644,-1.912]]],[[[123.639,-1.911],[123.639,-1.911],[123.639,-1.912],[123.639,-1.911]]],[[[123.635,-1.909],[123.637,-1.911],[123.638,-1.914],[123.635,-1.909]]],[[[123.664,-2.153],[123.681,-2.164],[123.678,-2.178],[123.67,-2.179],[123.664,-2.153]]],[[[123.669,-2.149],[123.672,-2.155],[123.666,-2.15],[123.669,-2.149]]],[[[123.805,-2.118],[123.805,-2.117],[123.806,-2.117],[123.805,-2.118]]],[[[123.808,-2.109],[123.808,-2.111],[123.805,-2.111],[123.808,-2.109]]],[[[123.755,-2.109],[123.756,-2.108],[123.763,-2.106],[123.755,-2.109]]],[[[123.755,-2.102],[123.756,-2.103],[123.755,-2.103],[123.755,-2.102]]],[[[123.865,-2.101],[123.866,-2.1],[123.866,-2.1],[123.865,-2.101]]],[[[123.86,-2.098],[123.861,-2.104],[123.858,-2.104],[123.86,-2.098]]],[[[123.871,-2.096],[123.868,-2.101],[123.866,-2.1],[123.871,-2.096]]],[[[123.745,-2.098],[123.75,-2.095],[123.748,-2.103],[123.745,-2.098]]],[[[123.754,-2.098],[123.752,-2.097],[123.752,-2.096],[123.754,-2.098]]],[[[123.745,-2.082],[123.744,-2.083],[123.744,-2.081],[123.745,-2.082]]],[[[123.768,-2.015],[123.785,-2.029],[123.762,-2.061],[123.757,-2.027],[123.768,-2.015]]],[[[123.789,-2.024],[123.786,-2.027],[123.787,-2.022],[123.789,-2.024]]],[[[123.76,-2.023],[123.759,-2.024],[123.759,-2.023],[123.76,-2.023]]],[[[123.76,-2.023],[123.76,-2.023],[123.76,-2.023],[123.76,-2.023]]],[[[123.761,-2.022],[123.76,-2.02],[123.762,-2.02],[123.761,-2.022]]],[[[123.755,-2.022],[123.754,-2.023],[123.757,-2.017],[123.755,-2.022]]],[[[123.761,-2.019],[123.762,-2.019],[123.762,-2.019],[123.761,-2.019]]],[[[123.754,-2.013],[123.756,-2.017],[123.752,-2.016],[123.754,-2.013]]],[[[123.763,-2.014],[123.764,-2.014],[123.764,-2.014],[123.763,-2.014]]],[[[123.799,-2.012],[123.79,-2.011],[123.799,-2.01],[123.799,-2.012]]],[[[123.786,-2.002],[123.778,-2.006],[123.777,-2.004],[123.786,-2.002]]],[[[123.778,-1.887],[123.864,-1.98],[123.856,-2.013],[123.841,-1.992],[123.825,-2.027],[123.785,-1.984],[123.782,-1.93],[123.771,-1.943],[123.778,-1.927],[123.778,-1.887]]],[[[123.734,-1.95],[123.712,-1.964],[123.698,-1.952],[123.728,-1.898],[123.734,-1.95]]],[[[123.772,-1.904],[123.777,-1.923],[123.772,-1.935],[123.767,-1.924],[123.772,-1.904]]],[[[123.675,-1.882],[123.689,-1.915],[123.681,-1.93],[123.663,-1.891],[123.675,-1.882]]],[[[123.693,-1.897],[123.694,-1.898],[123.693,-1.898],[123.693,-1.897]]],[[[123.686,-1.897],[123.685,-1.896],[123.686,-1.897],[123.686,-1.897]]],[[[123.691,-1.896],[123.691,-1.897],[123.69,-1.896],[123.691,-1.896]]],[[[123.692,-1.896],[123.693,-1.896],[123.693,-1.896],[123.692,-1.896]]],[[[123.697,-1.89],[123.696,-1.889],[123.697,-1.889],[123.697,-1.89]]],[[[123.697,-1.864],[123.702,-1.873],[123.704,-1.893],[123.694,-1.909],[123.701,-1.876],[123.692,-1.865],[123.682,-1.876],[123.685,-1.863],[123.697,-1.864]]],[[[123.697,-1.879],[123.697,-1.879],[123.697,-1.879],[123.697,-1.879]]],[[[123.755,-1.876],[123.771,-1.886],[123.759,-1.886],[123.755,-1.876]]],[[[123.691,-1.874],[123.692,-1.876],[123.691,-1.875],[123.691,-1.874]]],[[[123.69,-1.874],[123.69,-1.874],[123.691,-1.874],[123.69,-1.874]]],[[[123.69,-1.872],[123.69,-1.872],[123.69,-1.872],[123.69,-1.872]]],[[[123.926,-2.11],[123.933,-2.102],[123.932,-2.11],[123.926,-2.11]]],[[[123.927,-2.1],[123.928,-2.1],[123.927,-2.1],[123.927,-2.1]]],[[[123.925,-2.099],[123.925,-2.099],[123.925,-2.099],[123.925,-2.099]]],[[[123.924,-2.099],[123.924,-2.098],[123.924,-2.098],[123.924,-2.099]]],[[[123.922,-2.097],[123.922,-2.099],[123.921,-2.099],[123.922,-2.097]]],[[[123.927,-2.098],[123.927,-2.099],[123.927,-2.098],[123.927,-2.098]]],[[[123.925,-2.098],[123.926,-2.097],[123.925,-2.099],[123.925,-2.098]]],[[[123.921,-2.098],[123.92,-2.098],[123.921,-2.097],[123.921,-2.098]]],[[[123.918,-2.097],[123.92,-2.095],[123.921,-2.097],[123.918,-2.097]]],[[[123.9,-2.096],[123.901,-2.096],[123.901,-2.097],[123.9,-2.096]]],[[[123.896,-2.099],[123.893,-2.097],[123.901,-2.098],[123.896,-2.099]]],[[[123.923,-2.095],[123.924,-2.095],[123.923,-2.096],[123.923,-2.095]]],[[[123.91,-2.094],[123.909,-2.096],[123.908,-2.095],[123.91,-2.094]]],[[[123.916,-2.094],[123.918,-2.094],[123.917,-2.096],[123.916,-2.094]]],[[[123.914,-2.093],[123.915,-2.094],[123.914,-2.094],[123.914,-2.093]]],[[[123.91,-2.092],[123.911,-2.094],[123.91,-2.094],[123.91,-2.092]]],[[[123.912,-2.093],[123.913,-2.093],[123.913,-2.094],[123.912,-2.093]]],[[[123.897,-2.092],[123.897,-2.093],[123.897,-2.093],[123.897,-2.092]]],[[[123.915,-2.092],[123.915,-2.093],[123.915,-2.093],[123.915,-2.092]]],[[[123.898,-2.093],[123.898,-2.092],[123.898,-2.092],[123.898,-2.093]]],[[[123.915,-2.088],[123.922,-2.092],[123.923,-2.095],[123.915,-2.088]]],[[[123.898,-2.091],[123.898,-2.091],[123.898,-2.091],[123.898,-2.091]]],[[[123.899,-2.09],[123.899,-2.09],[123.899,-2.09],[123.899,-2.09]]],[[[123.899,-2.09],[123.899,-2.09],[123.899,-2.09],[123.899,-2.09]]],[[[123.91,-2.089],[123.911,-2.089],[123.911,-2.089],[123.91,-2.089]]],[[[123.903,-2.088],[123.901,-2.088],[123.901,-2.088],[123.903,-2.088]]],[[[123.918,-2.087],[123.918,-2.087],[123.919,-2.087],[123.918,-2.087]]],[[[123.904,-2.086],[123.905,-2.085],[123.905,-2.086],[123.904,-2.086]]],[[[123.908,-2.085],[123.908,-2.085],[123.908,-2.085],[123.908,-2.085]]],[[[123.915,-2.083],[123.917,-2.085],[123.917,-2.086],[123.915,-2.083]]],[[[123.91,-2.08],[123.907,-2.085],[123.906,-2.084],[123.91,-2.08]]],[[[123.912,-2.08],[123.913,-2.08],[123.913,-2.081],[123.912,-2.08]]],[[[123.916,-2.073],[123.917,-2.074],[123.914,-2.077],[123.916,-2.073]]],[[[123.862,-2.008],[123.897,-2.075],[123.889,-2.088],[123.845,-2.066],[123.862,-2.008]]],[[[123.889,-2.005],[123.906,-2.007],[123.895,-2.024],[123.889,-2.005]]],[[[124.028,-1.896],[124.01,-1.876],[123.992,-1.817],[124.028,-1.896]]],[[[123.992,-1.817],[124.024,-1.844],[124.031,-1.895],[123.992,-1.817]]],[[[124.181,-1.768],[124.16,-1.787],[124.15,-1.771],[124.16,-1.782],[124.169,-1.752],[124.155,-1.769],[124.14,-1.751],[124.168,-1.737],[124.181,-1.768]]]]}},{"type":"Feature","properties":{"k":"72.12"},"geometry":{"type":"MultiPolygon","coordinates":[[[[121.363,-1.943],[121.364,-1.948],[121.36,-1.949],[121.363,-1.943]]],[[[121.368,-1.945],[121.365,-1.945],[121.367,-1.942],[121.368,-1.945]]],[[[121.36,-1.94],[121.36,-1.946],[121.357,-1.944],[121.36,-1.94]]],[[[121.358,-1.941],[121.357,-1.942],[121.357,-1.942],[121.358,-1.941]]],[[[121.361,-1.932],[121.363,-1.931],[121.363,-1.939],[121.361,-1.932]]],[[[121.331,-1.934],[121.332,-1.933],[121.332,-1.933],[121.331,-1.934]]],[[[121.363,-1.925],[121.364,-1.925],[121.362,-1.924],[121.363,-1.925]]],[[[121.379,-1.9],[121.369,-1.92],[121.365,-1.922],[121.365,-1.905],[121.379,-1.9]]],[[[121.344,-1.84],[121.343,-1.839],[121.343,-1.838],[121.344,-1.84]]],[[[121.343,-1.837],[121.343,-1.836],[121.343,-1.836],[121.343,-1.837]]],[[[121.432,-1.957],[121.435,-1.958],[121.43,-1.96],[121.432,-1.957]]],[[[121.494,-1.947],[121.493,-1.944],[121.495,-1.943],[121.494,-1.947]]],[[[121.484,-1.942],[121.483,-1.942],[121.484,-1.942],[121.484,-1.942]]],[[[121.501,-1.94],[121.498,-1.941],[121.501,-1.94],[121.501,-1.94]]],[[[121.48,-1.931],[121.492,-1.94],[121.487,-1.943],[121.48,-1.931]]],[[[121.496,-1.934],[121.498,-1.935],[121.497,-1.935],[121.496,-1.934]]],[[[121.439,-1.918],[121.441,-1.945],[121.437,-1.949],[121.432,-1.933],[121.439,-1.918]]],[[[121.449,-1.932],[121.454,-1.934],[121.452,-1.937],[121.449,-1.932]]],[[[121.478,-1.931],[121.478,-1.93],[121.479,-1.93],[121.478,-1.931]]],[[[121.344,-1.842],[121.362,-1.875],[121.331,-1.88],[121.35,-1.898],[121.312,-1.93],[121.351,-1.951],[121.343,-2.006],[121.381,-1.977],[121.377,-1.916],[121.409,-1.907],[121.421,-1.957],[121.453,-2.0],[121.499,-2.027],[121.511,-2.058],[121.53,-2.046],[121.531,-2.07],[121.535,-2.049],[121.545,-2.11],[121.526,-2.134],[121.544,-2.149],[121.485,-2.192],[121.493,-2.252],[121.459,-2.304],[121.441,-2.407],[121.231,-2.362],[121.182,-2.376],[121.099,-2.276],[121.034,-2.276],[120.961,-2.234],[120.842,-2.219],[120.841,-2.038],[120.93,-1.913],[120.864,-1.842],[120.834,-1.761],[120.882,-1.625],[121.007,-1.624],[121.074,-1.581],[121.188,-1.567],[121.211,-1.512],[121.257,-1.476],[121.352,-1.473],[121.433,-1.405],[121.466,-1.405],[121.475,-1.375],[121.506,-1.376],[121.571,-1.425],[121.664,-1.365],[121.724,-1.359],[121.823,-1.306],[121.869,-1.316],[121.949,-1.283],[121.968,-1.292],[121.973,-1.342],[122.029,-1.354],[122.053,-1.423],[122.013,-1.453],[122.043,-1.493],[122.032,-1.575],[122.064,-1.617],[122.03,-1.613],[121.959,-1.679],[121.904,-1.702],[121.863,-1.671],[121.861,-1.702],[121.887,-1.706],[121.859,-1.71],[121.851,-1.693],[121.808,-1.731],[121.763,-1.855],[121.712,-1.925],[121.654,-1.957],[121.564,-1.958],[121.489,-1.873],[121.458,-1.877],[121.47,-1.857],[121.448,-1.867],[121.468,-1.837],[121.446,-1.795],[121.418,-1.822],[121.372,-1.808],[121.323,-1.764],[121.289,-1.843],[121.327,-1.864],[121.344,-1.842]]]]}},{"type":"Feature","properties":{"k":"72.71"},"geometry":{"type":"Polygon","coordinates":[[[119.856,-0.745],[119.95,-0.649],[119.978,-0.66],[119.928,-0.712],[119.99,-0.705],[119.933,-0.757],[119.991,-0.762],[119.923,-0.796],[119.991,-0.818],[120.06,-0.903],[119.938,-0.987],[119.901,-0.974],[119.828,-0.995],[119.743,-0.953],[119.763,-0.864],[119.804,-0.818],[119.838,-0.88],[119.87,-0.882],[119.882,-0.823],[119.856,-0.745]]]}},{"type":"Feature","properties":{"k":"73.01"},"geometry":{"type":"MultiPolygon","coordinates":[[[[120.589,-7.105],[120.591,-7.104],[120.59,-7.106],[120.589,-7.105]]],[[[120.561,-7.073],[120.612,-7.081],[120.612,-7.089],[120.564,-7.093],[120.561,-7.073]]],[[[120.561,-7.068],[120.566,-7.063],[120.557,-7.071],[120.561,-7.068]]],[[[120.597,-7.065],[120.599,-7.067],[120.596,-7.066],[120.597,-7.065]]],[[[120.542,-7.069],[120.552,-7.056],[120.553,-7.057],[120.542,-7.069]]],[[[120.601,-7.065],[120.603,-7.057],[120.604,-7.064],[120.601,-7.065]]],[[[120.518,-6.989],[120.529,-7.0],[120.528,-7.003],[120.518,-6.989]]],[[[120.279,-6.693],[120.279,-6.687],[120.28,-6.689],[120.279,-6.693]]],[[[120.43,-6.66],[120.439,-6.672],[120.428,-6.718],[120.43,-6.66]]],[[[120.426,-6.651],[120.426,-6.646],[120.428,-6.649],[120.426,-6.651]]],[[[120.441,-6.641],[120.426,-6.642],[120.42,-6.597],[120.435,-6.58],[120.441,-6.641]]],[[[120.428,-6.489],[120.424,-6.469],[120.43,-6.469],[120.428,-6.489]]],[[[120.451,-6.341],[120.451,-6.349],[120.446,-6.348],[120.451,-6.341]]],[[[120.45,-6.325],[120.452,-6.324],[120.451,-6.325],[120.45,-6.325]]],[[[120.421,-6.122],[120.427,-6.197],[120.414,-6.209],[120.392,-6.179],[120.409,-6.123],[120.433,-6.107],[120.421,-6.122]]],[[[120.472,-6.382],[120.48,-6.281],[120.446,-6.267],[120.433,-6.19],[120.445,-6.166],[120.427,-6.18],[120.466,-6.093],[120.445,-5.956],[120.461,-5.793],[120.493,-5.768],[120.53,-5.844],[120.568,-6.056],[120.525,-6.223],[120.538,-6.327],[120.496,-6.391],[120.51,-6.443],[120.484,-6.498],[120.454,-6.382],[120.472,-6.382]]],[[[120.474,-5.745],[120.489,-5.738],[120.493,-5.751],[120.485,-5.755],[120.474,-5.745]]],[[[121.043,-7.364],[121.042,-7.367],[121.042,-7.364],[121.043,-7.364]]],[[[120.92,-7.285],[121.004,-7.281],[121.064,-7.302],[121.052,-7.327],[121.0,-7.333],[120.83,-7.299],[120.795,-7.271],[120.84,-7.26],[120.92,-7.285]]],[[[120.67,-7.151],[120.668,-7.149],[120.669,-7.147],[120.67,-7.151]]],[[[120.621,-7.003],[120.75,-7.079],[120.786,-7.06],[120.767,-7.135],[120.656,-7.123],[120.68,-7.143],[120.668,-7.147],[120.632,-7.133],[120.634,-7.098],[120.62,-7.098],[120.618,-7.082],[120.604,-7.075],[120.628,-7.049],[120.621,-7.003]]],[[[121.062,-7.043],[121.064,-7.043],[121.063,-7.046],[121.062,-7.043]]],[[[120.604,-7.041],[120.602,-7.043],[120.603,-7.04],[120.604,-7.041]]],[[[120.62,-7.042],[120.618,-7.042],[120.617,-7.04],[120.62,-7.042]]],[[[120.612,-7.039],[120.613,-7.04],[120.612,-7.042],[120.612,-7.039]]],[[[120.753,-7.018],[120.754,-7.02],[120.752,-7.019],[120.753,-7.018]]],[[[120.79,-6.957],[120.786,-6.961],[120.785,-6.96],[120.79,-6.957]]],[[[120.79,-6.883],[120.79,-6.881],[120.793,-6.88],[120.79,-6.883]]],[[[120.808,-6.794],[120.796,-6.867],[120.788,-6.779],[120.808,-6.794]]],[[[120.967,-6.753],[120.972,-6.752],[120.968,-6.765],[120.967,-6.753]]],[[[120.975,-6.705],[120.976,-6.703],[120.978,-6.703],[120.975,-6.705]]],[[[121.027,-6.574],[121.024,-6.58],[121.025,-6.566],[121.027,-6.574]]],[[[120.996,-6.537],[121.004,-6.536],[120.998,-6.546],[120.996,-6.537]]],[[[120.992,-6.505],[120.98,-6.505],[121.001,-6.494],[120.992,-6.505]]],[[[121.803,-7.491],[121.801,-7.491],[121.805,-7.482],[121.803,-7.491]]],[[[121.801,-7.487],[121.752,-7.495],[121.723,-7.491],[121.791,-7.473],[121.801,-7.487]]],[[[122.085,-7.426],[122.089,-7.422],[122.091,-7.425],[122.085,-7.426]]],[[[121.84,-7.371],[121.781,-7.424],[121.746,-7.414],[121.759,-7.344],[121.82,-7.33],[121.84,-7.371]]],[[[121.081,-7.305],[121.168,-7.358],[121.099,-7.398],[121.06,-7.371],[121.081,-7.362],[121.081,-7.305]]],[[[121.064,-7.298],[121.065,-7.299],[121.065,-7.303],[121.064,-7.298]]],[[[121.731,-7.295],[121.753,-7.262],[121.78,-7.275],[121.773,-7.287],[121.731,-7.295]]],[[[121.757,-7.228],[121.739,-7.23],[121.751,-7.222],[121.757,-7.228]]],[[[121.12,-7.074],[121.121,-7.069],[121.121,-7.079],[121.12,-7.074]]],[[[121.1,-7.064],[121.095,-7.066],[121.098,-7.058],[121.1,-7.064]]],[[[121.216,-7.007],[121.218,-7.003],[121.219,-7.004],[121.216,-7.007]]],[[[122.222,-6.901],[122.22,-6.907],[122.219,-6.896],[122.222,-6.901]]],[[[121.097,-6.57],[121.101,-6.57],[121.099,-6.574],[121.097,-6.57]]],[[[121.079,-6.57],[121.079,-6.565],[121.081,-6.567],[121.079,-6.57]]],[[[121.137,-6.495],[121.133,-6.496],[121.133,-6.49],[121.137,-6.495]]],[[[121.134,-6.468],[121.129,-6.456],[121.136,-6.468],[121.134,-6.468]]],[[[121.095,-6.412],[121.1,-6.407],[121.097,-6.413],[121.095,-6.412]]]]}},{"type":"Feature","properties":{"k":"73.02"},"geometry":{"type":"MultiPolygon","coordinates":[[[[120.481,-5.679],[120.474,-5.681],[120.479,-5.676],[120.481,-5.679]]],[[[120.426,-5.64],[120.446,-5.646],[120.422,-5.657],[120.426,-5.64]]],[[[120.112,-5.589],[120.099,-5.502],[120.058,-5.436],[120.017,-5.393],[119.934,-5.358],[119.953,-5.307],[120.048,-5.347],[120.153,-5.305],[120.178,-5.322],[120.337,-5.287],[120.358,-5.331],[120.403,-5.339],[120.434,-5.445],[120.424,-5.463],[120.451,-5.477],[120.445,-5.556],[120.472,-5.623],[120.394,-5.587],[120.359,-5.526],[120.317,-5.508],[120.277,-5.538],[120.222,-5.54],[120.112,-5.589]]]]}},{"type":"Feature","properties":{"k":"73.03"},"geometry":{"type":"Polygon","coordinates":[[[120.112,-5.589],[119.936,-5.544],[119.911,-5.573],[119.91,-5.555],[119.89,-5.552],[119.881,-5.499],[119.932,-5.403],[119.934,-5.358],[120.017,-5.393],[120.058,-5.436],[120.099,-5.502],[120.112,-5.589]]]}},{"type":"Feature","properties":{"k":"73.04"},"geometry":{"type":"MultiPolygon","coordinates":[[[[119.602,-5.648],[119.598,-5.65],[119.596,-5.647],[119.602,-5.648]]],[[[119.524,-5.545],[119.51,-5.512],[119.549,-5.487],[119.647,-5.469],[119.651,-5.507],[119.682,-5.508],[119.718,-5.564],[119.777,-5.574],[119.805,-5.558],[119.871,-5.438],[119.911,-5.442],[119.88,-5.505],[119.911,-5.574],[119.84,-5.636],[119.832,-5.663],[119.848,-5.651],[119.85,-5.664],[119.792,-5.701],[119.704,-5.703],[119.647,-5.683],[119.656,-5.64],[119.612,-5.613],[119.585,-5.614],[119.58,-5.657],[119.559,-5.651],[119.545,-5.635],[119.553,-5.595],[119.561,-5.618],[119.579,-5.604],[119.513,-5.57],[119.524,-5.545]]]]}},{"type":"Feature","properties":{"k":"73.05"},"geometry":{"type":"MultiPolygon","coordinates":[[[[118.457,-5.503],[118.45,-5.508],[118.452,-5.5],[118.457,-5.503]]],[[[118.63,-5.502],[118.628,-5.498],[118.631,-5.503],[118.63,-5.502]]],[[[118.436,-5.409],[118.422,-5.398],[118.429,-5.394],[118.436,-5.409]]],[[[117.941,-5.407],[117.927,-5.39],[117.921,-5.353],[117.952,-5.383],[117.941,-5.407]]],[[[117.899,-5.26],[117.89,-5.297],[117.889,-5.234],[117.899,-5.26]]],[[[117.659,-5.223],[117.651,-5.228],[117.658,-5.222],[117.659,-5.223]]],[[[118.103,-5.209],[118.104,-5.211],[118.101,-5.211],[118.103,-5.209]]],[[[117.656,-5.222],[117.653,-5.192],[117.662,-5.176],[117.682,-5.197],[117.656,-5.222]]],[[[117.89,-5.174],[117.881,-5.169],[117.889,-5.171],[117.89,-5.174]]],[[[118.147,-5.115],[118.155,-5.135],[118.139,-5.126],[118.147,-5.115]]],[[[118.147,-5.112],[118.148,-5.114],[118.145,-5.113],[118.147,-5.112]]],[[[117.921,-5.053],[117.914,-5.052],[117.919,-5.048],[117.921,-5.053]]],[[[118.627,-5.491],[118.634,-5.49],[118.63,-5.499],[118.627,-5.491]]],[[[119.319,-5.497],[119.298,-5.499],[119.297,-5.468],[119.264,-5.462],[119.275,-5.451],[119.301,-5.456],[119.299,-5.471],[119.318,-5.476],[119.299,-5.489],[119.319,-5.488],[119.321,-5.497],[119.318,-5.513],[119.309,-5.52],[119.304,-5.508],[119.299,-5.514],[119.292,-5.513],[119.306,-5.525],[119.27,-5.534],[119.245,-5.507],[119.256,-5.485],[119.255,-5.503],[119.277,-5.501],[119.275,-5.476],[119.285,-5.471],[119.295,-5.512],[119.303,-5.501],[119.314,-5.515],[119.319,-5.497]]],[[[119.407,-5.486],[119.405,-5.484],[119.406,-5.482],[119.407,-5.486]]],[[[119.421,-5.484],[119.421,-5.482],[119.422,-5.485],[119.421,-5.484]]],[[[119.305,-5.47],[119.306,-5.466],[119.309,-5.466],[119.305,-5.47]]],[[[119.226,-5.471],[119.223,-5.451],[119.235,-5.444],[119.238,-5.456],[119.226,-5.471]]],[[[119.392,-5.441],[119.395,-5.457],[119.374,-5.432],[119.392,-5.441]]],[[[119.222,-5.444],[119.224,-5.435],[119.23,-5.435],[119.222,-5.444]]],[[[119.414,-5.242],[119.385,-5.283],[119.391,-5.375],[119.373,-5.418],[119.425,-5.42],[119.469,-5.314],[119.504,-5.322],[119.559,-5.296],[119.643,-5.398],[119.647,-5.469],[119.556,-5.484],[119.51,-5.512],[119.504,-5.559],[119.46,-5.578],[119.479,-5.598],[119.487,-5.585],[119.487,-5.605],[119.461,-5.608],[119.425,-5.576],[119.42,-5.548],[119.439,-5.536],[119.415,-5.492],[119.43,-5.487],[119.423,-5.468],[119.416,-5.489],[119.399,-5.452],[119.405,-5.457],[119.413,-5.451],[119.36,-5.412],[119.354,-5.326],[119.384,-5.216],[119.414,-5.242]]],[[[119.193,-5.395],[119.191,-5.402],[119.189,-5.401],[119.193,-5.395]]],[[[119.343,-5.324],[119.343,-5.326],[119.341,-5.325],[119.343,-5.324]]]]}},{"type":"Feature","properties":{"k":"73.06"},"geometry":{"type":"Polygon","coordinates":[[[119.934,-5.358],[119.911,-5.442],[119.871,-5.438],[119.805,-5.558],[119.777,-5.574],[119.727,-5.57],[119.682,-5.508],[119.651,-5.507],[119.643,-5.398],[119.562,-5.296],[119.504,-5.322],[119.465,-5.316],[119.421,-5.424],[119.368,-5.41],[119.391,-5.375],[119.384,-5.287],[119.416,-5.24],[119.417,-5.203],[119.457,-5.183],[119.493,-5.198],[119.513,-5.178],[119.583,-5.196],[119.626,-5.176],[119.822,-5.219],[119.865,-5.196],[119.883,-5.121],[120.004,-5.14],[120.022,-5.196],[119.934,-5.358]]]}},{"type":"Feature","properties":{"k":"73.07"},"geometry":{"type":"MultiPolygon","coordinates":[[[[120.337,-5.287],[120.178,-5.322],[120.153,-5.305],[120.048,-5.347],[119.953,-5.307],[120.022,-5.202],[120.004,-5.14],[120.056,-5.132],[120.079,-5.086],[120.132,-5.048],[120.161,-5.074],[120.187,-5.071],[120.207,-5.099],[120.234,-5.089],[120.291,-5.111],[120.273,-5.16],[120.337,-5.287]]],[[[120.391,-5.126],[120.392,-5.115],[120.397,-5.123],[120.391,-5.126]]],[[[120.413,-5.113],[120.411,-5.112],[120.414,-5.109],[120.413,-5.113]]],[[[120.418,-5.095],[120.421,-5.094],[120.418,-5.101],[120.418,-5.095]]],[[[120.401,-5.069],[120.399,-5.069],[120.399,-5.067],[120.401,-5.069]]],[[[120.426,-5.07],[120.423,-5.069],[120.424,-5.066],[120.426,-5.07]]],[[[120.422,-5.047],[120.415,-5.054],[120.414,-5.05],[120.422,-5.047]]],[[[120.399,-5.043],[120.395,-5.043],[120.397,-5.041],[120.399,-5.043]]],[[[120.39,-5.041],[120.392,-5.039],[120.394,-5.041],[120.39,-5.041]]]]}},{"type":"Feature","properties":{"k":"73.08"},"geometry":{"type":"MultiPolygon","coordinates":[[[[120.313,-4.95],[120.316,-4.952],[120.314,-4.954],[120.313,-4.95]]],[[[120.29,-5.11],[120.234,-5.089],[120.207,-5.099],[120.187,-5.071],[120.161,-5.074],[120.132,-5.048],[120.043,-5.137],[119.883,-5.121],[119.87,-5.059],[119.888,-4.957],[119.936,-4.881],[119.926,-4.858],[119.949,-4.797],[119.975,-4.773],[119.88,-4.711],[119.823,-4.742],[119.818,-4.765],[119.761,-4.771],[119.749,-4.757],[119.819,-4.717],[119.766,-4.697],[119.752,-4.653],[119.807,-4.535],[119.984,-4.534],[120.048,-4.508],[120.066,-4.446],[120.053,-4.4],[120.093,-4.399],[120.084,-4.326],[120.061,-4.321],[120.065,-4.263],[120.143,-4.221],[120.226,-4.236],[120.26,-4.276],[120.37,-4.227],[120.365,-4.299],[120.393,-4.342],[120.361,-4.374],[120.348,-4.425],[120.402,-4.479],[120.377,-4.512],[120.397,-4.6],[120.459,-4.658],[120.4,-4.71],[120.384,-4.838],[120.337,-4.84],[120.306,-4.868],[120.29,-5.11]]],[[[120.407,-4.544],[120.406,-4.546],[120.402,-4.548],[120.407,-4.544]]]]}},{"type":"Feature","properties":{"k":"73.09"},"geometry":{"type":"MultiPolygon","coordinates":[[[[119.093,-5.034],[119.095,-5.03],[119.098,-5.033],[119.093,-5.034]]],[[[119.076,-4.979],[119.08,-4.979],[119.075,-4.982],[119.076,-4.979]]],[[[119.327,-4.969],[119.329,-4.968],[119.328,-4.97],[119.327,-4.969]]],[[[119.286,-4.967],[119.288,-4.968],[119.286,-4.969],[119.286,-4.967]]],[[[119.32,-4.926],[119.322,-4.928],[119.321,-4.93],[119.32,-4.926]]],[[[119.268,-4.88],[119.265,-4.882],[119.266,-4.879],[119.268,-4.88]]],[[[119.803,-4.766],[119.885,-4.712],[119.976,-4.779],[119.949,-4.797],[119.926,-4.858],[119.936,-4.881],[119.888,-4.957],[119.87,-5.059],[119.882,-5.145],[119.859,-5.202],[119.813,-5.22],[119.696,-5.184],[119.626,-5.176],[119.538,-5.195],[119.498,-5.173],[119.486,-5.152],[119.525,-5.13],[119.531,-5.079],[119.477,-5.061],[119.466,-5.026],[119.526,-4.924],[119.514,-4.887],[119.595,-4.9],[119.622,-4.885],[119.684,-4.948],[119.795,-4.927],[119.803,-4.766]]],[[[119.341,-4.944],[119.342,-4.945],[119.341,-4.947],[119.341,-4.944]]],[[[119.398,-4.941],[119.401,-4.946],[119.397,-4.948],[119.398,-4.941]]],[[[119.42,-4.941],[119.419,-4.945],[119.419,-4.94],[119.42,-4.941]]],[[[119.359,-4.897],[119.36,-4.896],[119.36,-4.898],[119.359,-4.897]]],[[[119.34,-4.885],[119.341,-4.886],[119.34,-4.888],[119.34,-4.885]]]]}},{"type":"Feature","properties":{"k":"73.10"},"geometry":{"type":"MultiPolygon","coordinates":[[[[119.387,-4.855],[119.383,-4.857],[119.383,-4.855],[119.387,-4.855]]],[[[119.344,-4.846],[119.342,-4.846],[119.343,-4.845],[119.344,-4.846]]],[[[119.405,-4.844],[119.402,-4.845],[119.402,-4.844],[119.405,-4.844]]],[[[119.422,-4.82],[119.42,-4.822],[119.419,-4.818],[119.422,-4.82]]],[[[119.236,-4.81],[119.235,-4.813],[119.234,-4.811],[119.236,-4.81]]],[[[119.064,-4.741],[119.062,-4.737],[119.064,-4.736],[119.064,-4.741]]],[[[119.353,-4.716],[119.354,-4.718],[119.352,-4.717],[119.353,-4.716]]],[[[119.066,-4.714],[119.062,-4.72],[119.061,-4.718],[119.066,-4.714]]],[[[119.363,-4.711],[119.365,-4.71],[119.364,-4.712],[119.363,-4.711]]],[[[119.33,-4.705],[119.329,-4.707],[119.328,-4.704],[119.33,-4.705]]],[[[119.119,-4.691],[119.121,-4.69],[119.124,-4.69],[119.119,-4.691]]],[[[119.222,-4.558],[119.224,-4.557],[119.224,-4.559],[119.222,-4.558]]],[[[119.432,-4.785],[119.432,-4.79],[119.429,-4.785],[119.432,-4.785]]],[[[119.434,-4.777],[119.438,-4.771],[119.436,-4.777],[119.434,-4.777]]],[[[119.446,-4.773],[119.447,-4.77],[119.447,-4.773],[119.446,-4.773]]],[[[119.464,-4.766],[119.463,-4.768],[119.461,-4.766],[119.464,-4.766]]],[[[119.507,-4.869],[119.481,-4.751],[119.602,-4.556],[119.656,-4.652],[119.652,-4.726],[119.686,-4.727],[119.688,-4.782],[119.73,-4.796],[119.757,-4.786],[119.757,-4.768],[119.803,-4.766],[119.804,-4.92],[119.684,-4.948],[119.622,-4.885],[119.574,-4.9],[119.507,-4.869]]],[[[119.435,-4.748],[119.43,-4.75],[119.432,-4.747],[119.435,-4.748]]],[[[119.451,-4.74],[119.451,-4.74],[119.449,-4.739],[119.451,-4.74]]],[[[119.473,-4.712],[119.474,-4.699],[119.477,-4.703],[119.473,-4.712]]],[[[119.462,-4.697],[119.449,-4.709],[119.448,-4.704],[119.462,-4.697]]],[[[119.468,-4.69],[119.469,-4.687],[119.47,-4.692],[119.468,-4.69]]],[[[119.502,-4.654],[119.503,-4.657],[119.501,-4.655],[119.502,-4.654]]]]}},{"type":"Feature","properties":{"k":"73.11"},"geometry":{"type":"MultiPolygon","coordinates":[[[[119.571,-4.488],[119.571,-4.487],[119.572,-4.488],[119.571,-4.488]]],[[[119.807,-4.535],[119.753,-4.659],[119.766,-4.697],[119.819,-4.717],[119.813,-4.733],[119.749,-4.757],[119.757,-4.784],[119.743,-4.794],[119.688,-4.782],[119.686,-4.727],[119.652,-4.726],[119.653,-4.646],[119.581,-4.529],[119.603,-4.473],[119.597,-4.416],[119.64,-4.302],[119.604,-4.264],[119.612,-4.249],[119.601,-4.253],[119.596,-4.249],[119.609,-4.238],[119.594,-4.241],[119.605,-4.233],[119.625,-4.236],[119.612,-4.203],[119.638,-4.173],[119.605,-4.103],[119.621,-4.066],[119.712,-4.082],[119.747,-4.127],[119.728,-4.176],[119.757,-4.199],[119.726,-4.208],[119.715,-4.24],[119.751,-4.284],[119.759,-4.472],[119.807,-4.535]]],[[[119.599,-4.34],[119.599,-4.356],[119.591,-4.363],[119.599,-4.34]]],[[[119.614,-4.218],[119.613,-4.215],[119.615,-4.217],[119.614,-4.218]]],[[[119.619,-4.182],[119.619,-4.179],[119.621,-4.181],[119.619,-4.182]]],[[[119.607,-4.142],[119.606,-4.145],[119.605,-4.142],[119.607,-4.142]]]]}},{"type":"Feature","properties":{"k":"73.12"},"geometry":{"type":"Polygon","coordinates":[[[119.807,-4.535],[119.759,-4.472],[119.751,-4.284],[119.714,-4.237],[119.758,-4.19],[119.729,-4.179],[119.727,-4.152],[119.747,-4.127],[119.804,-4.129],[119.822,-4.108],[119.903,-4.111],[119.935,-4.133],[119.926,-4.158],[119.951,-4.186],[119.935,-4.229],[119.958,-4.272],[120.033,-4.269],[120.042,-4.294],[120.062,-4.292],[120.061,-4.321],[120.091,-4.343],[120.093,-4.399],[120.053,-4.4],[120.062,-4.484],[120.037,-4.515],[119.975,-4.535],[119.807,-4.535]]]}},{"type":"Feature","properties":{"k":"73.13"},"geometry":{"type":"Polygon","coordinates":[[[120.37,-4.225],[120.293,-4.248],[120.266,-4.275],[120.244,-4.272],[120.226,-4.236],[120.143,-4.221],[120.068,-4.258],[120.062,-4.292],[120.042,-4.294],[120.033,-4.269],[119.962,-4.274],[119.935,-4.229],[119.951,-4.186],[119.928,-4.163],[119.935,-4.133],[119.891,-4.107],[119.881,-4.029],[119.916,-3.944],[120.014,-3.938],[120.058,-3.861],[120.13,-3.843],[120.148,-3.783],[120.191,-3.777],[120.213,-3.726],[120.236,-3.711],[120.285,-3.722],[120.344,-3.66],[120.381,-3.695],[120.438,-3.693],[120.442,-3.737],[120.359,-3.85],[120.337,-3.935],[120.361,-4.024],[120.331,-4.104],[120.381,-4.164],[120.37,-4.225]]]}},{"type":"Feature","properties":{"k":"73.14"},"geometry":{"type":"Polygon","coordinates":[[[120.324,-3.664],[120.285,-3.722],[120.236,-3.711],[120.191,-3.777],[120.149,-3.783],[120.13,-3.843],[120.058,-3.861],[120.014,-3.938],[119.912,-3.948],[119.881,-4.024],[119.893,-4.109],[119.847,-4.103],[119.768,-4.132],[119.712,-4.082],[119.666,-3.962],[119.718,-3.897],[119.749,-3.782],[119.793,-3.733],[119.873,-3.827],[119.954,-3.811],[119.921,-3.695],[119.991,-3.657],[120.088,-3.488],[120.172,-3.499],[120.191,-3.585],[120.324,-3.664]]]}},{"type":"Feature","properties":{"k":"73.15"},"geometry":{"type":"MultiPolygon","coordinates":[[[[119.606,-3.999],[119.602,-3.994],[119.607,-3.998],[119.606,-3.999]]],[[[119.793,-3.733],[119.747,-3.785],[119.717,-3.901],[119.637,-3.976],[119.637,-3.958],[119.612,-3.984],[119.584,-3.976],[119.584,-4.021],[119.613,-4.004],[119.587,-4.039],[119.571,-3.951],[119.452,-3.714],[119.456,-3.659],[119.517,-3.572],[119.476,-3.504],[119.493,-3.479],[119.463,-3.375],[119.435,-3.346],[119.448,-3.326],[119.429,-3.253],[119.508,-3.297],[119.552,-3.276],[119.611,-3.293],[119.651,-3.368],[119.692,-3.378],[119.714,-3.463],[119.703,-3.541],[119.751,-3.631],[119.75,-3.688],[119.793,-3.733]]]]}},{"type":"Feature","properties":{"k":"73.16"},"geometry":{"type":"Polygon","coordinates":[[[119.873,-3.827],[119.75,-3.688],[119.751,-3.631],[119.703,-3.541],[119.713,-3.454],[119.69,-3.396],[119.696,-3.359],[119.722,-3.352],[119.715,-3.303],[119.771,-3.275],[119.782,-3.244],[119.831,-3.252],[119.844,-3.289],[119.882,-3.261],[119.932,-3.266],[119.943,-3.295],[119.994,-3.308],[120.089,-3.485],[119.993,-3.654],[119.921,-3.695],[119.954,-3.811],[119.873,-3.827]]]}},{"type":"Feature","properties":{"k":"73.17"},"geometry":{"type":"MultiPolygon","coordinates":[[[[120.324,-3.664],[120.191,-3.585],[120.172,-3.499],[120.088,-3.488],[120.027,-3.38],[120.016,-3.301],[119.979,-3.25],[119.985,-3.186],[120.031,-3.067],[120.071,-3.045],[120.066,-2.993],[120.111,-2.997],[120.151,-3.075],[120.171,-3.067],[120.179,-3.081],[120.248,-3.046],[120.263,-3.088],[120.257,-3.162],[120.382,-3.202],[120.389,-3.251],[120.418,-3.249],[120.399,-3.289],[120.405,-3.431],[120.38,-3.504],[120.419,-3.572],[120.414,-3.667],[120.438,-3.692],[120.381,-3.695],[120.35,-3.661],[120.324,-3.664]]],[[[120.295,-2.918],[120.237,-2.95],[120.222,-2.938],[120.246,-2.919],[120.233,-2.906],[120.044,-2.929],[120.058,-2.909],[120.035,-2.894],[120.018,-2.911],[119.986,-2.877],[119.871,-2.699],[120.004,-2.663],[120.151,-2.694],[120.281,-2.832],[120.295,-2.918]]]]}},{"type":"Feature","properties":{"k":"73.18"},"geometry":{"type":"Polygon","coordinates":[[[119.692,-3.378],[119.651,-3.368],[119.611,-3.293],[119.552,-3.276],[119.505,-3.296],[119.413,-3.248],[119.39,-3.212],[119.421,-3.177],[119.485,-3.185],[119.546,-3.131],[119.629,-3.122],[119.534,-2.942],[119.511,-2.842],[119.525,-2.793],[119.493,-2.741],[119.635,-2.758],[119.728,-2.728],[119.761,-2.684],[119.751,-2.605],[119.892,-2.723],[119.962,-2.846],[120.037,-2.932],[120.072,-3.042],[120.031,-3.067],[119.977,-3.234],[120.016,-3.301],[120.027,-3.38],[119.994,-3.308],[119.943,-3.295],[119.936,-3.267],[119.882,-3.261],[119.844,-3.289],[119.834,-3.255],[119.788,-3.244],[119.771,-3.275],[119.715,-3.303],[119.722,-3.352],[119.692,-3.378]]]}},{"type":"Feature","properties":{"k":"73.22"},"geometry":{"type":"Polygon","coordinates":[[[120.299,-2.908],[120.269,-2.814],[120.151,-2.694],[120.004,-2.663],[119.871,-2.699],[119.751,-2.605],[119.7,-2.554],[119.721,-2.5],[119.689,-2.438],[119.716,-2.393],[119.69,-2.336],[119.597,-2.29],[119.63,-2.163],[119.734,-2.074],[119.765,-2.083],[119.811,-2.043],[119.881,-2.047],[119.999,-1.963],[120.094,-1.962],[120.122,-2.007],[120.179,-2.027],[120.269,-2.021],[120.337,-2.053],[120.4,-1.885],[120.468,-1.952],[120.538,-2.069],[120.495,-2.281],[120.54,-2.324],[120.53,-2.375],[120.549,-2.438],[120.601,-2.499],[120.61,-2.57],[120.662,-2.663],[120.57,-2.692],[120.582,-2.67],[120.564,-2.671],[120.565,-2.691],[120.574,-2.705],[120.528,-2.763],[120.45,-2.827],[120.354,-2.86],[120.299,-2.908]]]}},{"type":"Feature","properties":{"k":"73.24"},"geometry":{"type":"MultiPolygon","coordinates":[[[[120.405,-2.845],[120.407,-2.843],[120.406,-2.846],[120.405,-2.845]]],[[[120.535,-2.755],[120.532,-2.757],[120.531,-2.755],[120.535,-2.755]]],[[[121.04,-2.694],[121.045,-2.696],[121.041,-2.697],[121.04,-2.694]]],[[[120.977,-2.67],[120.976,-2.669],[120.977,-2.668],[120.977,-2.67]]],[[[121.028,-2.663],[121.029,-2.666],[121.025,-2.661],[121.028,-2.663]]],[[[121.058,-2.643],[121.058,-2.645],[121.055,-2.641],[121.058,-2.643]]],[[[120.61,-2.57],[120.601,-2.499],[120.549,-2.438],[120.53,-2.375],[120.54,-2.324],[120.495,-2.281],[120.538,-2.069],[120.629,-2.164],[120.727,-2.221],[120.784,-2.228],[120.826,-2.207],[120.944,-2.231],[121.165,-2.332],[121.329,-2.372],[121.505,-2.49],[121.575,-2.494],[121.644,-2.534],[121.692,-2.539],[121.801,-2.709],[121.742,-2.735],[121.657,-2.878],[121.571,-2.913],[121.498,-2.986],[121.374,-3.009],[121.321,-3.063],[121.287,-3.071],[121.216,-2.975],[121.173,-2.967],[121.112,-2.842],[121.109,-2.78],[121.07,-2.78],[120.985,-2.831],[120.973,-2.82],[120.972,-2.805],[120.991,-2.818],[121.011,-2.807],[121.026,-2.769],[121.084,-2.743],[121.098,-2.716],[121.079,-2.695],[121.047,-2.702],[121.059,-2.673],[121.037,-2.694],[121.036,-2.665],[121.052,-2.66],[121.063,-2.642],[121.069,-2.647],[121.074,-2.643],[121.055,-2.638],[121.073,-2.619],[121.073,-2.615],[121.067,-2.606],[121.066,-2.591],[121.066,-2.609],[121.072,-2.616],[121.049,-2.644],[121.052,-2.656],[121.03,-2.658],[121.036,-2.655],[121.038,-2.642],[121.047,-2.639],[121.037,-2.619],[121.033,-2.655],[121.019,-2.619],[121.005,-2.62],[121.022,-2.671],[121.006,-2.679],[120.999,-2.664],[120.999,-2.679],[120.977,-2.667],[120.993,-2.647],[120.988,-2.64],[120.97,-2.671],[120.951,-2.65],[120.907,-2.663],[120.889,-2.64],[120.857,-2.658],[120.816,-2.62],[120.792,-2.622],[120.8,-2.609],[120.746,-2.637],[120.666,-2.639],[120.662,-2.663],[120.61,-2.57]],[[121.066,-2.591],[121.066,-2.591],[121.066,-2.591],[121.066,-2.591]],[[121.066,-2.591],[121.056,-2.581],[121.054,-2.581],[121.066,-2.591]],[[120.949,-2.65],[120.949,-2.65],[120.949,-2.65],[120.949,-2.65]],[[120.945,-2.65],[120.948,-2.647],[120.946,-2.646],[120.945,-2.65]]]]}},{"type":"Feature","properties":{"k":"73.26"},"geometry":{"type":"Polygon","coordinates":[[[119.844,-2.612],[119.874,-2.756],[119.941,-2.782],[119.96,-2.808],[119.955,-2.848],[120.043,-2.924],[120.053,-2.986],[120.085,-3.009],[120.069,-3.049],[120.022,-3.082],[120.008,-3.174],[119.985,-3.189],[119.956,-3.175],[119.977,-3.131],[119.967,-3.065],[119.948,-3.074],[119.923,-3.047],[119.894,-3.046],[119.896,-3.019],[119.853,-3.047],[119.838,-3.002],[119.822,-3.031],[119.803,-3.03],[119.784,-2.935],[119.712,-2.946],[119.687,-2.881],[119.675,-2.769],[119.747,-2.716],[119.752,-2.672],[119.844,-2.612]]]}},{"type":"Feature","properties":{"k":"73.71"},"geometry":{"type":"MultiPolygon","coordinates":[[[[119.259,-5.158],[119.258,-5.159],[119.258,-5.157],[119.259,-5.158]]],[[[119.414,-5.242],[119.38,-5.196],[119.387,-5.163],[119.404,-5.169],[119.409,-5.113],[119.444,-5.1],[119.451,-5.132],[119.495,-5.121],[119.478,-5.097],[119.45,-5.109],[119.472,-5.078],[119.448,-5.087],[119.476,-5.061],[119.52,-5.065],[119.526,-5.13],[119.486,-5.152],[119.513,-5.178],[119.493,-5.198],[119.457,-5.183],[119.417,-5.203],[119.414,-5.242]]],[[[119.267,-5.149],[119.263,-5.146],[119.267,-5.145],[119.267,-5.149]]],[[[119.394,-5.139],[119.39,-5.137],[119.392,-5.137],[119.394,-5.139]]],[[[119.344,-5.126],[119.343,-5.127],[119.342,-5.124],[119.344,-5.126]]],[[[119.321,-5.079],[119.321,-5.083],[119.32,-5.08],[119.321,-5.079]]],[[[119.331,-5.047],[119.328,-5.047],[119.33,-5.046],[119.331,-5.047]]],[[[119.279,-5.037],[119.276,-5.037],[119.278,-5.036],[119.279,-5.037]]]]}},{"type":"Feature","properties":{"k":"73.72"},"geometry":{"type":"Polygon","coordinates":[[[119.712,-4.082],[119.621,-4.067],[119.621,-4.002],[119.667,-3.956],[119.712,-4.082]]]}},{"type":"Feature","properties":{"k":"73.73"},"geometry":{"type":"MultiPolygon","coordinates":[[[[120.179,-3.081],[120.171,-3.067],[120.151,-3.075],[120.111,-2.997],[120.045,-2.976],[120.018,-2.911],[120.035,-2.894],[120.058,-2.909],[120.044,-2.929],[120.171,-2.906],[120.246,-2.919],[120.222,-2.938],[120.236,-2.95],[120.197,-2.952],[120.189,-2.977],[120.242,-3.049],[120.179,-3.081]]],[[[120.201,-2.967],[120.197,-2.963],[120.201,-2.962],[120.201,-2.967]]],[[[120.201,-2.96],[120.2,-2.958],[120.204,-2.959],[120.201,-2.96]]]]}},{"type":"Feature","properties":{"k":"74.01"},"geometry":{"type":"MultiPolygon","coordinates":[[[[121.39,-4.17],[121.389,-4.169],[121.392,-4.168],[121.39,-4.17]]],[[[121.369,-4.083],[121.371,-4.101],[121.355,-4.09],[121.369,-4.083]]],[[[121.408,-4.084],[121.408,-4.083],[121.411,-4.084],[121.408,-4.084]]],[[[121.337,-4.084],[121.334,-4.077],[121.338,-4.077],[121.337,-4.084]]],[[[121.231,-3.911],[121.229,-3.911],[121.23,-3.91],[121.231,-3.911]]],[[[121.222,-3.87],[121.227,-3.867],[121.224,-3.874],[121.222,-3.87]]],[[[121.468,-4.208],[121.504,-4.201],[121.472,-4.226],[121.468,-4.208]]],[[[121.49,-4.178],[121.484,-4.174],[121.485,-4.161],[121.49,-4.178]]],[[[121.486,-4.154],[121.482,-4.155],[121.484,-4.152],[121.486,-4.154]]],[[[121.446,-4.161],[121.394,-4.165],[121.404,-4.137],[121.383,-4.105],[121.405,-4.114],[121.412,-4.085],[121.427,-4.087],[121.421,-4.115],[121.471,-4.11],[121.458,-4.138],[121.429,-4.13],[121.446,-4.161]]],[[[121.479,-4.122],[121.482,-4.119],[121.482,-4.122],[121.479,-4.122]]],[[[121.101,-3.744],[121.239,-3.67],[121.251,-3.621],[121.126,-3.49],[121.152,-3.439],[121.135,-3.414],[121.151,-3.315],[121.232,-3.23],[121.404,-3.258],[121.415,-3.34],[121.46,-3.401],[121.51,-3.547],[121.543,-3.592],[121.553,-3.703],[121.622,-3.739],[121.673,-3.732],[121.714,-3.78],[121.793,-3.73],[121.828,-3.736],[121.975,-3.845],[122.0,-4.078],[121.969,-4.245],[121.921,-4.356],[121.888,-4.376],[121.795,-4.376],[121.797,-4.435],[121.706,-4.532],[121.608,-4.568],[121.47,-4.589],[121.525,-4.403],[121.527,-4.244],[121.561,-4.244],[121.541,-4.255],[121.55,-4.267],[121.581,-4.243],[121.6,-4.189],[121.589,-4.177],[121.608,-4.18],[121.617,-4.152],[121.608,-4.065],[121.508,-4.02],[121.455,-4.008],[121.452,-4.024],[121.414,-3.998],[121.346,-3.988],[121.291,-3.879],[121.257,-3.919],[121.243,-3.913],[121.263,-3.884],[121.235,-3.87],[121.259,-3.854],[121.252,-3.836],[121.169,-3.826],[121.101,-3.744]]]]}},{"type":"Feature","properties":{"k":"74.02"},"geometry":{"type":"MultiPolygon","coordinates":[[[[122.695,-3.912],[122.692,-3.928],[122.678,-3.914],[122.695,-3.912]]],[[[122.697,-3.9],[122.726,-3.903],[122.706,-3.913],[122.697,-3.9]]],[[[122.718,-3.887],[122.708,-3.893],[122.708,-3.887],[122.718,-3.887]]],[[[121.619,-3.426],[121.672,-3.429],[121.67,-3.473],[121.764,-3.485],[121.794,-3.585],[121.856,-3.561],[121.92,-3.565],[122.042,-3.622],[122.058,-3.701],[122.081,-3.72],[122.145,-3.724],[122.177,-3.771],[122.213,-3.747],[122.269,-3.772],[122.314,-3.872],[122.414,-3.87],[122.432,-3.841],[122.478,-3.823],[122.525,-3.898],[122.647,-3.895],[122.666,-3.901],[122.665,-3.928],[122.618,-3.952],[122.539,-3.944],[122.507,-3.912],[122.481,-3.912],[122.452,-3.943],[122.44,-4.011],[122.363,-4.0],[122.347,-4.029],[122.313,-4.025],[122.311,-4.006],[122.296,-4.028],[122.303,-4.001],[122.284,-4.009],[122.271,-3.987],[122.269,-4.007],[122.222,-4.008],[122.181,-4.045],[122.179,-4.069],[122.091,-4.118],[121.994,-4.135],[121.956,-4.046],[121.966,-3.89],[121.931,-3.835],[121.855,-3.786],[121.864,-3.758],[121.791,-3.729],[121.748,-3.769],[121.701,-3.78],[121.672,-3.734],[121.619,-3.739],[121.612,-3.684],[121.58,-3.647],[121.503,-3.452],[121.554,-3.388],[121.619,-3.426]]],[[[121.638,-2.895],[121.921,-2.991],[122.006,-2.959],[122.079,-2.963],[121.812,-3.237],[121.735,-3.246],[121.672,-3.221],[121.678,-3.202],[121.65,-3.169],[121.591,-3.162],[121.554,-3.204],[121.431,-3.275],[121.442,-3.17],[121.361,-3.054],[121.358,-2.976],[121.457,-3.014],[121.525,-2.963],[121.547,-2.923],[121.638,-2.895]]]]}},{"type":"Feature","properties":{"k":"74.03"},"geometry":{"type":"MultiPolygon","coordinates":[[[[122.331,-4.914],[122.341,-4.928],[122.326,-4.93],[122.331,-4.914]]],[[[122.336,-4.91],[122.339,-4.909],[122.339,-4.911],[122.336,-4.91]]],[[[122.263,-4.869],[122.266,-4.875],[122.263,-4.874],[122.263,-4.869]]],[[[122.349,-4.729],[122.357,-4.739],[122.351,-4.74],[122.349,-4.729]]],[[[122.302,-4.717],[122.305,-4.686],[122.317,-4.688],[122.302,-4.717]]],[[[122.38,-4.674],[122.348,-4.714],[122.324,-4.725],[122.35,-4.682],[122.38,-4.674]]],[[[122.335,-4.683],[122.329,-4.695],[122.326,-4.694],[122.335,-4.683]]],[[[122.305,-4.667],[122.304,-4.665],[122.306,-4.663],[122.305,-4.667]]],[[[122.302,-4.65],[122.299,-4.668],[122.296,-4.667],[122.302,-4.65]]],[[[122.346,-4.64],[122.364,-4.641],[122.343,-4.665],[122.346,-4.64]]],[[[122.351,-4.621],[122.328,-4.655],[122.313,-4.662],[122.315,-4.647],[122.351,-4.621]]],[[[122.323,-4.625],[122.315,-4.609],[122.331,-4.608],[122.323,-4.625]]],[[[122.352,-4.586],[122.347,-4.586],[122.352,-4.583],[122.352,-4.586]]],[[[122.295,-4.577],[122.302,-4.576],[122.3,-4.583],[122.295,-4.577]]],[[[122.321,-4.58],[122.333,-4.577],[122.328,-4.585],[122.321,-4.58]]],[[[122.79,-4.978],[122.794,-4.967],[122.795,-4.977],[122.79,-4.978]]],[[[122.802,-4.933],[122.801,-4.936],[122.799,-4.934],[122.802,-4.933]]],[[[122.39,-5.22],[122.31,-5.192],[122.328,-5.103],[122.395,-5.071],[122.404,-5.091],[122.411,-5.091],[122.398,-5.071],[122.382,-5.069],[122.378,-4.958],[122.35,-4.925],[122.321,-4.826],[122.374,-4.74],[122.477,-4.74],[122.478,-4.723],[122.491,-4.725],[122.533,-4.706],[122.589,-4.666],[122.596,-4.635],[122.626,-4.642],[122.665,-4.611],[122.701,-4.618],[122.741,-4.649],[122.72,-4.692],[122.746,-4.779],[122.725,-4.847],[122.737,-4.88],[122.77,-4.902],[122.763,-4.969],[122.722,-4.965],[122.677,-5.037],[122.633,-5.064],[122.589,-5.16],[122.585,-5.188],[122.61,-5.202],[122.535,-5.227],[122.39,-5.22]]],[[[122.499,-4.718],[122.497,-4.716],[122.5,-4.716],[122.499,-4.718]]],[[[122.401,-4.719],[122.398,-4.714],[122.402,-4.714],[122.401,-4.719]]],[[[122.464,-4.715],[122.465,-4.713],[122.467,-4.716],[122.464,-4.715]]],[[[122.477,-4.7],[122.48,-4.702],[122.478,-4.704],[122.477,-4.7]]],[[[122.381,-4.696],[122.391,-4.696],[122.381,-4.699],[122.381,-4.696]]],[[[122.591,-4.643],[122.587,-4.642],[122.59,-4.639],[122.591,-4.643]]],[[[122.395,-4.634],[122.388,-4.645],[122.387,-4.644],[122.395,-4.634]]],[[[122.729,-4.605],[122.708,-4.588],[122.738,-4.603],[122.729,-4.605]]],[[[122.696,-4.579],[122.695,-4.581],[122.693,-4.58],[122.696,-4.579]]],[[[122.699,-4.576],[122.683,-4.574],[122.688,-4.565],[122.699,-4.576]]],[[[122.692,-4.566],[122.692,-4.568],[122.69,-4.566],[122.692,-4.566]]],[[[122.713,-4.517],[122.743,-4.531],[122.729,-4.544],[122.743,-4.575],[122.688,-4.546],[122.713,-4.517]]],[[[122.815,-4.916],[122.816,-4.912],[122.817,-4.914],[122.815,-4.916]]],[[[123.034,-4.833],[123.065,-4.801],[123.118,-4.797],[123.114,-4.847],[123.034,-4.833]]],[[[123.057,-4.805],[123.051,-4.812],[123.051,-4.801],[123.057,-4.805]]],[[[123.101,-4.795],[123.102,-4.795],[123.103,-4.796],[123.101,-4.795]]],[[[123.048,-4.778],[123.053,-4.779],[123.05,-4.785],[123.048,-4.778]]],[[[123.044,-4.779],[123.047,-4.782],[123.045,-4.781],[123.044,-4.779]]],[[[123.074,-4.776],[123.072,-4.77],[123.075,-4.772],[123.074,-4.776]]],[[[123.156,-4.776],[123.136,-4.774],[123.137,-4.762],[123.141,-4.77],[123.156,-4.776]]],[[[123.048,-4.773],[123.03,-4.767],[123.031,-4.753],[123.048,-4.773]]],[[[123.109,-4.743],[123.127,-4.761],[123.122,-4.766],[123.109,-4.743]]],[[[122.76,-5.113],[122.802,-5.028],[122.79,-5.02],[122.74,-5.057],[122.74,-5.04],[122.812,-4.982],[122.832,-4.921],[122.806,-4.867],[122.813,-4.829],[122.84,-4.835],[122.856,-4.785],[122.829,-4.677],[122.867,-4.526],[122.95,-4.425],[123.043,-4.369],[123.079,-4.367],[123.079,-4.402],[123.045,-4.424],[123.114,-4.483],[123.139,-4.483],[123.209,-4.613],[123.178,-4.669],[123.199,-4.685],[123.2,-4.656],[123.211,-4.696],[123.213,-4.859],[123.176,-4.841],[123.176,-4.772],[123.133,-4.757],[123.152,-4.736],[123.113,-4.691],[123.103,-4.737],[123.106,-4.788],[123.127,-4.773],[123.113,-4.796],[123.078,-4.791],[123.079,-4.75],[123.056,-4.77],[123.035,-4.745],[123.025,-4.739],[123.031,-4.721],[123.024,-4.737],[123.027,-4.743],[123.033,-4.746],[123.022,-4.764],[123.04,-4.801],[122.995,-4.827],[123.009,-4.908],[123.0,-4.939],[122.969,-4.953],[122.952,-5.02],[122.979,-5.054],[122.973,-5.082],[122.915,-5.076],[122.786,-5.1],[122.787,-5.087],[122.76,-5.113]]],[[[123.135,-4.735],[123.122,-4.74],[123.126,-4.723],[123.135,-4.735]]],[[[123.201,-4.643],[123.196,-4.645],[123.198,-4.635],[123.201,-4.643]]],[[[122.941,-4.434],[122.94,-4.433],[122.942,-4.433],[122.941,-4.434]]]]}},{"type":"Feature","properties":{"k":"74.04"},"geometry":{"type":"MultiPolygon","coordinates":[[[[122.525,-5.501],[122.504,-5.564],[122.488,-5.563],[122.471,-5.53],[122.525,-5.501]]],[[[122.064,-5.492],[122.03,-5.519],[121.993,-5.523],[122.049,-5.489],[122.064,-5.492]]],[[[121.938,-5.487],[121.941,-5.489],[121.94,-5.491],[121.938,-5.487]]],[[[122.088,-5.475],[122.071,-5.488],[122.074,-5.473],[122.088,-5.475]]],[[[122.044,-5.416],[122.049,-5.462],[121.947,-5.493],[121.936,-5.435],[122.044,-5.416]]],[[[122.483,-5.376],[122.485,-5.378],[122.483,-5.378],[122.483,-5.376]]],[[[122.508,-5.229],[122.627,-5.194],[122.578,-5.248],[122.623,-5.25],[122.646,-5.285],[122.64,-5.356],[122.619,-5.372],[122.616,-5.347],[122.594,-5.367],[122.594,-5.436],[122.566,-5.412],[122.547,-5.44],[122.519,-5.436],[122.537,-5.261],[122.479,-5.302],[122.498,-5.346],[122.486,-5.373],[122.468,-5.362],[122.465,-5.403],[122.409,-5.401],[122.382,-5.336],[122.446,-5.314],[122.376,-5.327],[122.382,-5.367],[122.364,-5.389],[122.268,-5.384],[122.269,-5.311],[122.315,-5.238],[122.305,-5.195],[122.508,-5.229]]],[[[121.501,-4.719],[121.507,-4.727],[121.505,-4.73],[121.501,-4.719]]],[[[122.688,-6.178],[122.727,-6.206],[122.696,-6.212],[122.666,-6.185],[122.688,-6.178]]],[[[122.544,-5.628],[122.557,-5.652],[122.542,-5.688],[122.457,-5.694],[122.508,-5.624],[122.544,-5.628]]],[[[122.513,-5.597],[122.501,-5.596],[122.514,-5.59],[122.513,-5.597]]],[[[122.897,-5.561],[122.894,-5.564],[122.896,-5.561],[122.897,-5.561]]],[[[122.644,-5.546],[122.8,-5.485],[122.808,-5.458],[122.787,-5.452],[122.771,-5.371],[122.733,-5.363],[122.687,-5.319],[122.732,-5.242],[122.768,-5.255],[122.812,-5.219],[122.785,-5.185],[122.756,-5.229],[122.757,-5.186],[122.737,-5.174],[122.791,-5.097],[122.975,-5.073],[122.966,-5.132],[122.921,-5.176],[122.938,-5.21],[122.954,-5.217],[123.0,-5.152],[123.033,-5.136],[123.068,-5.162],[123.06,-5.192],[123.088,-5.175],[123.107,-5.195],[123.093,-5.216],[123.115,-5.205],[123.151,-5.246],[123.183,-5.247],[123.225,-5.278],[123.134,-5.398],[123.016,-5.444],[122.996,-5.401],[122.975,-5.395],[122.872,-5.456],[122.844,-5.523],[122.877,-5.506],[122.897,-5.517],[122.894,-5.566],[122.801,-5.698],[122.754,-5.695],[122.765,-5.666],[122.752,-5.639],[122.723,-5.691],[122.713,-5.62],[122.672,-5.685],[122.637,-5.696],[122.573,-5.534],[122.644,-5.546]]],[[[122.682,-5.295],[122.699,-5.254],[122.713,-5.238],[122.699,-5.283],[122.682,-5.295]]],[[[122.735,-5.189],[122.735,-5.202],[122.717,-5.213],[122.718,-5.208],[122.735,-5.189]]]]}},{"type":"Feature","properties":{"k":"74.05"},"geometry":{"type":"MultiPolygon","coordinates":[[[[122.218,-4.49],[122.216,-4.489],[122.218,-4.488],[122.218,-4.49]]],[[[122.248,-4.488],[122.249,-4.486],[122.249,-4.489],[122.248,-4.488]]],[[[122.681,-4.482],[122.683,-4.483],[122.681,-4.483],[122.681,-4.482]]],[[[122.143,-4.412],[122.073,-4.36],[122.061,-4.318],[122.154,-4.286],[122.159,-4.239],[122.2,-4.204],[122.255,-4.188],[122.258,-4.16],[122.197,-4.126],[122.191,-4.075],[122.206,-4.024],[122.246,-4.004],[122.338,-4.031],[122.436,-4.005],[122.551,-4.076],[122.649,-4.002],[122.672,-4.037],[122.651,-4.083],[122.679,-4.159],[122.712,-4.164],[122.696,-4.137],[122.715,-4.131],[122.764,-4.159],[122.816,-4.136],[122.835,-4.153],[122.837,-4.125],[122.802,-4.097],[122.779,-4.093],[122.767,-4.058],[122.834,-4.056],[122.886,-4.123],[122.906,-4.233],[122.88,-4.295],[122.907,-4.324],[122.884,-4.413],[122.848,-4.42],[122.832,-4.449],[122.693,-4.329],[122.66,-4.339],[122.703,-4.405],[122.757,-4.427],[122.761,-4.481],[122.744,-4.51],[122.692,-4.469],[122.676,-4.484],[122.696,-4.502],[122.671,-4.508],[122.662,-4.454],[122.588,-4.396],[122.569,-4.412],[122.558,-4.4],[122.563,-4.417],[122.526,-4.437],[122.514,-4.42],[122.524,-4.439],[122.505,-4.456],[122.419,-4.432],[122.341,-4.477],[122.263,-4.493],[122.25,-4.485],[122.237,-4.487],[122.209,-4.472],[122.218,-4.482],[122.168,-4.518],[122.165,-4.497],[122.145,-4.497],[122.156,-4.454],[122.143,-4.412]],[[122.525,-4.417],[122.525,-4.417],[122.525,-4.417],[122.525,-4.417]],[[122.524,-4.416],[122.515,-4.413],[122.525,-4.417],[122.524,-4.416]]],[[[122.729,-4.128],[122.724,-4.124],[122.729,-4.125],[122.729,-4.128]]],[[[122.67,-4.123],[122.672,-4.119],[122.673,-4.12],[122.67,-4.123]]],[[[122.668,-4.103],[122.668,-4.1],[122.669,-4.103],[122.668,-4.103]]],[[[122.776,-4.038],[122.778,-4.037],[122.778,-4.039],[122.776,-4.038]]],[[[122.882,-4.416],[122.881,-4.418],[122.88,-4.415],[122.882,-4.416]]],[[[122.903,-4.176],[122.908,-4.181],[122.907,-4.186],[122.903,-4.176]]],[[[122.901,-4.159],[122.895,-4.147],[122.897,-4.147],[122.901,-4.159]]],[[[122.894,-4.142],[122.897,-4.146],[122.895,-4.146],[122.894,-4.142]]],[[[122.815,-4.133],[122.812,-4.135],[122.813,-4.132],[122.815,-4.133]]],[[[122.829,-4.132],[122.832,-4.132],[122.83,-4.133],[122.829,-4.132]]],[[[122.795,-4.103],[122.794,-4.101],[122.797,-4.1],[122.795,-4.103]]]]}},{"type":"Feature","properties":{"k":"74.06"},"geometry":{"type":"MultiPolygon","coordinates":[[[[121.759,-5.342],[121.755,-5.346],[121.754,-5.345],[121.759,-5.342]]],[[[121.774,-5.259],[121.763,-5.275],[121.767,-5.256],[121.774,-5.259]]],[[[121.787,-5.255],[121.783,-5.256],[121.782,-5.256],[121.787,-5.255]]],[[[121.818,-5.188],[121.816,-5.187],[121.818,-5.187],[121.818,-5.188]]],[[[121.811,-5.17],[121.811,-5.163],[121.812,-5.163],[121.811,-5.17]]],[[[121.821,-5.148],[121.817,-5.141],[121.822,-5.142],[121.821,-5.148]]],[[[121.865,-5.145],[121.869,-5.142],[121.868,-5.145],[121.865,-5.145]]],[[[121.859,-5.136],[121.861,-5.141],[121.857,-5.137],[121.859,-5.136]]],[[[121.838,-5.12],[121.844,-5.135],[121.826,-5.154],[121.827,-5.136],[121.838,-5.12]]],[[[121.508,-4.838],[121.511,-4.836],[121.51,-4.839],[121.508,-4.838]]],[[[121.652,-4.812],[121.651,-4.814],[121.651,-4.811],[121.652,-4.812]]],[[[121.608,-4.568],[121.707,-4.53],[121.744,-4.476],[121.781,-4.455],[121.803,-4.412],[121.789,-4.389],[121.799,-4.373],[121.909,-4.377],[121.933,-4.438],[122.008,-4.474],[122.023,-4.5],[122.144,-4.497],[122.164,-4.514],[122.162,-4.529],[122.118,-4.537],[122.106,-4.507],[122.107,-4.54],[122.084,-4.551],[122.044,-4.643],[122.019,-4.648],[122.036,-4.661],[122.044,-4.766],[122.12,-4.818],[122.026,-4.871],[122.023,-4.893],[121.984,-4.902],[121.876,-4.874],[121.814,-4.834],[121.684,-4.851],[121.664,-4.811],[121.636,-4.809],[121.627,-4.777],[121.616,-4.796],[121.551,-4.773],[121.507,-4.736],[121.489,-4.69],[121.467,-4.685],[121.47,-4.589],[121.608,-4.568]]],[[[122.052,-5.323],[122.058,-5.32],[122.054,-5.325],[122.052,-5.323]]],[[[122.076,-5.287],[122.063,-5.308],[122.058,-5.305],[122.057,-5.296],[122.076,-5.287]]],[[[121.936,-5.435],[121.922,-5.403],[121.873,-5.385],[121.793,-5.265],[121.808,-5.208],[121.838,-5.192],[121.823,-5.169],[121.843,-5.146],[121.882,-5.154],[121.84,-5.114],[121.85,-5.098],[121.855,-5.109],[121.868,-5.119],[121.875,-5.107],[121.85,-5.095],[121.894,-5.056],[121.896,-5.09],[121.935,-5.111],[121.939,-5.074],[121.968,-5.063],[121.992,-5.158],[122.012,-5.168],[122.01,-5.152],[122.034,-5.148],[122.075,-5.232],[122.035,-5.242],[122.052,-5.27],[122.034,-5.348],[122.049,-5.413],[121.936,-5.435]]],[[[122.076,-5.223],[122.074,-5.225],[122.075,-5.222],[122.076,-5.223]]],[[[121.948,-4.909],[121.948,-4.912],[121.946,-4.91],[121.948,-4.909]]],[[[122.038,-4.894],[122.049,-4.88],[122.058,-4.884],[122.051,-4.89],[122.038,-4.894]]],[[[122.06,-4.885],[122.062,-4.884],[122.064,-4.886],[122.06,-4.885]]],[[[122.075,-4.857],[122.074,-4.853],[122.078,-4.857],[122.075,-4.857]]],[[[122.118,-4.843],[122.111,-4.846],[122.119,-4.837],[122.118,-4.843]]],[[[122.194,-4.839],[122.195,-4.834],[122.197,-4.835],[122.194,-4.839]]],[[[122.136,-4.827],[122.121,-4.82],[122.141,-4.817],[122.136,-4.827]]],[[[122.153,-4.814],[122.143,-4.817],[122.152,-4.808],[122.153,-4.814]]]]}},{"type":"Feature","properties":{"k":"74.07"},"geometry":{"type":"MultiPolygon","coordinates":[[[[123.819,-5.58],[123.824,-5.595],[123.819,-5.599],[123.819,-5.58]]],[[[123.819,-5.577],[123.824,-5.573],[123.829,-5.575],[123.819,-5.577]]],[[[123.838,-5.552],[123.883,-5.576],[123.872,-5.592],[123.828,-5.582],[123.838,-5.552]]],[[[123.78,-5.589],[123.713,-5.506],[123.69,-5.469],[123.73,-5.478],[123.824,-5.558],[123.808,-5.579],[123.818,-5.602],[123.78,-5.589]]],[[[123.773,-5.457],[123.787,-5.477],[123.761,-5.476],[123.773,-5.457]]],[[[123.644,-5.428],[123.629,-5.436],[123.585,-5.412],[123.612,-5.402],[123.644,-5.428]]],[[[123.592,-5.397],[123.591,-5.39],[123.605,-5.395],[123.592,-5.397]]],[[[123.64,-5.393],[123.633,-5.386],[123.643,-5.387],[123.64,-5.393]]],[[[123.533,-5.351],[123.539,-5.353],[123.532,-5.356],[123.533,-5.351]]],[[[123.497,-5.336],[123.53,-5.376],[123.541,-5.378],[123.528,-5.381],[123.479,-5.359],[123.463,-5.334],[123.497,-5.336]]],[[[123.645,-5.298],[123.634,-5.375],[123.582,-5.383],[123.539,-5.341],[123.519,-5.261],[123.585,-5.246],[123.645,-5.298]]],[[[123.65,-5.3],[123.648,-5.294],[123.65,-5.296],[123.65,-5.3]]],[[[124.616,-6.119],[124.598,-6.133],[124.601,-6.116],[124.616,-6.119]]],[[[124.042,-5.908],[124.082,-6.014],[124.046,-6.035],[124.047,-5.985],[123.986,-5.967],[123.969,-5.937],[123.986,-5.879],[124.042,-5.908]]],[[[123.946,-5.819],[123.923,-5.824],[123.903,-5.801],[123.94,-5.804],[123.946,-5.819]]],[[[124.332,-5.798],[124.334,-5.803],[124.331,-5.801],[124.332,-5.798]]],[[[123.871,-5.783],[123.868,-5.786],[123.87,-5.78],[123.871,-5.783]]],[[[123.895,-5.777],[123.9,-5.76],[123.925,-5.783],[123.895,-5.777]]],[[[124.006,-5.762],[123.921,-5.774],[123.893,-5.729],[123.984,-5.735],[124.006,-5.762]]],[[[124.487,-5.716],[124.488,-5.719],[124.483,-5.719],[124.487,-5.716]]],[[[123.874,-5.552],[123.873,-5.544],[123.877,-5.546],[123.874,-5.552]]],[[[123.866,-5.532],[123.859,-5.559],[123.845,-5.55],[123.866,-5.532]]],[[[124.351,-5.349],[124.332,-5.341],[124.323,-5.322],[124.35,-5.336],[124.351,-5.349]]],[[[124.304,-5.301],[124.287,-5.291],[124.293,-5.287],[124.304,-5.301]]]]}},{"type":"Feature","properties":{"k":"74.08"},"geometry":{"type":"Polygon","coordinates":[[[120.994,-2.827],[121.084,-2.774],[121.109,-2.78],[121.112,-2.842],[121.173,-2.967],[121.216,-2.975],[121.284,-3.071],[121.321,-3.063],[121.353,-3.023],[121.412,-3.153],[121.404,-3.258],[121.232,-3.23],[121.151,-3.315],[121.135,-3.414],[121.152,-3.439],[121.126,-3.49],[121.251,-3.621],[121.251,-3.654],[121.145,-3.703],[121.101,-3.744],[120.905,-3.576],[120.866,-3.444],[120.92,-3.354],[120.957,-3.329],[120.973,-3.263],[121.019,-3.244],[121.036,-3.205],[121.069,-3.205],[121.043,-3.036],[121.075,-3.006],[121.091,-3.014],[121.061,-2.954],[121.086,-2.969],[121.079,-2.865],[121.069,-2.854],[121.069,-2.877],[121.051,-2.869],[121.036,-2.82],[121.027,-2.848],[120.995,-2.836],[121.014,-2.861],[120.997,-2.872],[120.994,-2.827]]]}},{"type":"Feature","properties":{"k":"74.09"},"geometry":{"type":"MultiPolygon","coordinates":[[[[122.294,-3.535],[122.346,-3.543],[122.334,-3.564],[122.365,-3.578],[122.282,-3.593],[122.294,-3.535]]],[[[122.283,-3.561],[122.272,-3.561],[122.28,-3.557],[122.283,-3.561]]],[[[122.487,-3.485],[122.483,-3.49],[122.483,-3.481],[122.487,-3.485]]],[[[122.401,-3.465],[122.393,-3.467],[122.397,-3.461],[122.401,-3.465]]],[[[122.392,-3.461],[122.397,-3.458],[122.395,-3.463],[122.392,-3.461]]],[[[122.413,-3.397],[122.464,-3.464],[122.463,-3.486],[122.439,-3.479],[122.451,-3.506],[122.41,-3.482],[122.398,-3.445],[122.413,-3.397]]],[[[122.097,-3.008],[122.18,-3.034],[122.172,-3.086],[122.227,-3.14],[122.285,-3.143],[122.315,-3.168],[122.295,-3.222],[122.311,-3.275],[122.279,-3.315],[122.293,-3.315],[122.293,-3.361],[122.376,-3.385],[122.391,-3.409],[122.383,-3.46],[122.358,-3.465],[122.347,-3.41],[122.315,-3.427],[122.328,-3.375],[122.309,-3.387],[122.276,-3.365],[122.268,-3.401],[122.239,-3.391],[122.302,-3.47],[122.288,-3.494],[122.282,-3.483],[122.261,-3.485],[122.247,-3.498],[122.284,-3.491],[122.282,-3.551],[122.267,-3.523],[122.254,-3.543],[122.271,-3.54],[122.267,-3.561],[122.2,-3.567],[122.196,-3.609],[122.341,-3.747],[122.363,-3.756],[122.393,-3.729],[122.402,-3.753],[122.444,-3.753],[122.473,-3.824],[122.415,-3.87],[122.314,-3.872],[122.269,-3.772],[122.213,-3.747],[122.177,-3.771],[122.145,-3.724],[122.081,-3.72],[122.043,-3.665],[122.055,-3.645],[122.042,-3.622],[121.995,-3.59],[121.856,-3.561],[121.794,-3.585],[121.764,-3.485],[121.67,-3.473],[121.663,-3.421],[121.619,-3.426],[121.554,-3.388],[121.503,-3.452],[121.43,-3.335],[121.431,-3.275],[121.554,-3.204],[121.591,-3.162],[121.65,-3.169],[121.678,-3.202],[121.672,-3.221],[121.764,-3.252],[121.828,-3.228],[122.079,-2.963],[122.097,-3.008]]]]}},{"type":"Feature","properties":{"k":"74.10"},"geometry":{"type":"MultiPolygon","coordinates":[[[[123.052,-4.832],[123.051,-4.83],[123.052,-4.83],[123.052,-4.832]]],[[[123.055,-4.83],[123.055,-4.829],[123.055,-4.829],[123.055,-4.83]]],[[[123.08,-4.8],[123.117,-4.803],[123.113,-4.853],[123.095,-4.835],[123.089,-4.86],[123.034,-4.839],[123.057,-4.836],[123.061,-4.818],[123.045,-4.82],[123.073,-4.814],[123.08,-4.8]]],[[[123.052,-4.817],[123.051,-4.808],[123.056,-4.81],[123.052,-4.817]]],[[[123.114,-4.791],[123.111,-4.802],[123.101,-4.798],[123.114,-4.791]]],[[[123.045,-4.787],[123.045,-4.785],[123.046,-4.787],[123.045,-4.787]]],[[[123.049,-4.788],[123.052,-4.785],[123.051,-4.789],[123.049,-4.788]]],[[[123.037,-4.777],[123.045,-4.78],[123.045,-4.784],[123.037,-4.777]]],[[[123.075,-4.778],[123.07,-4.781],[123.071,-4.776],[123.075,-4.778]]],[[[123.037,-4.776],[123.036,-4.774],[123.038,-4.774],[123.037,-4.776]]],[[[123.112,-4.77],[123.111,-4.775],[123.11,-4.77],[123.112,-4.77]]],[[[123.046,-4.775],[123.038,-4.773],[123.037,-4.765],[123.046,-4.775]]],[[[123.037,-4.765],[123.03,-4.771],[123.033,-4.76],[123.037,-4.765]]],[[[123.077,-4.372],[123.078,-4.406],[123.045,-4.429],[123.081,-4.464],[123.1,-4.459],[123.115,-4.489],[123.139,-4.487],[123.209,-4.618],[123.193,-4.623],[123.184,-4.639],[123.192,-4.648],[123.18,-4.651],[123.186,-4.663],[123.176,-4.667],[123.178,-4.672],[123.177,-4.673],[123.177,-4.677],[123.178,-4.679],[123.201,-4.7],[123.198,-4.662],[123.207,-4.68],[123.213,-4.864],[123.174,-4.843],[123.176,-4.776],[123.163,-4.778],[123.165,-4.768],[123.153,-4.763],[123.133,-4.763],[123.149,-4.734],[123.114,-4.701],[123.1,-4.8],[123.075,-4.792],[123.079,-4.749],[123.056,-4.776],[123.033,-4.752],[123.024,-4.771],[123.04,-4.807],[122.994,-4.833],[123.001,-4.942],[122.969,-4.958],[122.955,-5.008],[122.979,-5.066],[122.973,-5.122],[122.949,-5.155],[122.901,-5.127],[122.843,-5.122],[122.828,-5.103],[122.879,-5.033],[122.925,-4.864],[122.929,-4.617],[122.849,-4.614],[122.848,-4.596],[122.908,-4.465],[122.993,-4.399],[123.077,-4.372]]],[[[123.071,-4.763],[123.07,-4.761],[123.072,-4.763],[123.071,-4.763]]],[[[123.03,-4.764],[123.031,-4.759],[123.032,-4.758],[123.03,-4.764]]],[[[123.165,-4.802],[123.168,-4.805],[123.165,-4.805],[123.165,-4.802]]],[[[123.114,-4.774],[123.12,-4.787],[123.113,-4.787],[123.114,-4.774]]],[[[123.138,-4.766],[123.149,-4.779],[123.157,-4.779],[123.148,-4.782],[123.136,-4.779],[123.138,-4.766]]],[[[123.154,-4.767],[123.153,-4.765],[123.154,-4.765],[123.154,-4.767]]],[[[123.11,-4.755],[123.127,-4.766],[123.122,-4.771],[123.11,-4.755]]],[[[123.125,-4.732],[123.135,-4.741],[123.134,-4.753],[123.122,-4.746],[123.125,-4.732]]],[[[123.125,-4.73],[123.126,-4.729],[123.125,-4.73],[123.125,-4.73]]],[[[123.126,-4.725],[123.126,-4.724],[123.127,-4.725],[123.126,-4.725]]],[[[123.199,-4.688],[123.199,-4.687],[123.2,-4.687],[123.199,-4.688]]],[[[123.195,-4.681],[123.193,-4.678],[123.195,-4.678],[123.195,-4.681]]],[[[123.186,-4.667],[123.183,-4.681],[123.178,-4.677],[123.186,-4.667]]],[[[123.191,-4.67],[123.193,-4.672],[123.191,-4.672],[123.191,-4.67]]],[[[123.201,-4.648],[123.197,-4.642],[123.198,-4.641],[123.201,-4.648]]],[[[123.186,-4.638],[123.186,-4.637],[123.186,-4.638],[123.186,-4.638]]],[[[123.186,-4.637],[123.186,-4.637],[123.187,-4.638],[123.186,-4.637]]]]}},{"type":"Feature","properties":{"k":"74.11"},"geometry":{"type":"Polygon","coordinates":[[[121.297,-3.291],[121.361,-3.379],[121.462,-3.388],[121.524,-3.478],[121.533,-3.544],[121.612,-3.684],[121.619,-3.739],[121.672,-3.734],[121.701,-3.78],[121.748,-3.769],[121.791,-3.729],[121.832,-3.736],[121.865,-3.759],[121.863,-3.795],[121.931,-3.835],[121.961,-3.88],[121.956,-4.046],[122.015,-4.205],[122.004,-4.373],[121.882,-4.38],[121.804,-4.42],[121.775,-4.298],[121.734,-4.261],[121.777,-4.167],[121.762,-4.05],[121.676,-3.98],[121.698,-3.953],[121.686,-3.931],[121.665,-3.905],[121.623,-3.897],[121.604,-3.825],[121.522,-3.75],[121.431,-3.705],[121.421,-3.616],[121.361,-3.64],[121.337,-3.695],[121.29,-3.692],[121.253,-3.661],[121.237,-3.606],[121.12,-3.492],[121.155,-3.438],[121.123,-3.413],[121.161,-3.294],[121.221,-3.256],[121.228,-3.23],[121.253,-3.227],[121.278,-3.233],[121.297,-3.291]]]}},{"type":"Feature","properties":{"k":"74.12"},"geometry":{"type":"Polygon","coordinates":[[[123.011,-3.982],[123.087,-4.025],[123.192,-4.013],[123.254,-4.07],[123.247,-4.129],[123.136,-4.26],[123.07,-4.252],[122.99,-4.205],[122.947,-4.125],[122.942,-4.054],[122.97,-4.058],[123.011,-3.982]]]}},{"type":"Feature","properties":{"k":"74.13"},"geometry":{"type":"MultiPolygon","coordinates":[[[[122.206,-4.935],[122.211,-4.935],[122.205,-4.937],[122.206,-4.935]]],[[[122.171,-4.93],[122.17,-4.928],[122.171,-4.928],[122.171,-4.93]]],[[[122.183,-4.915],[122.168,-4.926],[122.183,-4.912],[122.183,-4.915]]],[[[122.209,-4.908],[122.217,-4.906],[122.208,-4.911],[122.209,-4.908]]],[[[122.203,-4.904],[122.201,-4.906],[122.201,-4.905],[122.203,-4.904]]],[[[122.297,-4.897],[122.296,-4.896],[122.298,-4.897],[122.297,-4.897]]],[[[122.222,-4.892],[122.225,-4.889],[122.225,-4.891],[122.222,-4.892]]],[[[122.266,-4.877],[122.257,-4.878],[122.265,-4.873],[122.266,-4.877]]],[[[122.238,-4.877],[122.241,-4.877],[122.238,-4.88],[122.238,-4.877]]],[[[122.276,-4.842],[122.285,-4.848],[122.282,-4.849],[122.276,-4.842]]],[[[122.196,-4.84],[122.184,-4.846],[122.183,-4.843],[122.196,-4.84]]],[[[122.222,-4.827],[122.222,-4.827],[122.222,-4.827],[122.222,-4.827]]],[[[122.227,-4.763],[122.222,-4.769],[122.22,-4.768],[122.227,-4.763]]],[[[122.299,-4.72],[122.296,-4.699],[122.316,-4.693],[122.316,-4.703],[122.299,-4.72]]],[[[122.311,-4.665],[122.311,-4.662],[122.311,-4.662],[122.311,-4.665]]],[[[122.309,-4.659],[122.305,-4.654],[122.309,-4.651],[122.309,-4.659]]],[[[122.324,-4.63],[122.315,-4.618],[122.331,-4.617],[122.324,-4.63]]],[[[122.322,-4.604],[122.322,-4.604],[122.322,-4.604],[122.322,-4.604]]],[[[122.322,-4.588],[122.322,-4.59],[122.321,-4.589],[122.322,-4.588]]],[[[122.297,-4.563],[122.29,-4.553],[122.294,-4.549],[122.297,-4.563]]],[[[122.342,-4.935],[122.321,-4.934],[122.33,-4.921],[122.342,-4.935]]],[[[122.598,-4.642],[122.627,-4.647],[122.634,-4.68],[122.654,-4.684],[122.637,-4.701],[122.658,-4.736],[122.564,-4.813],[122.66,-4.902],[122.601,-4.956],[122.584,-5.008],[122.553,-4.972],[122.455,-4.922],[122.404,-4.915],[122.353,-4.934],[122.318,-4.838],[122.374,-4.746],[122.476,-4.745],[122.478,-4.729],[122.585,-4.675],[122.598,-4.642]]],[[[122.349,-4.735],[122.356,-4.746],[122.348,-4.742],[122.349,-4.735]]],[[[122.399,-4.732],[122.403,-4.737],[122.399,-4.737],[122.399,-4.732]]],[[[122.418,-4.733],[122.411,-4.738],[122.409,-4.733],[122.418,-4.733]]],[[[122.468,-4.726],[122.464,-4.734],[122.46,-4.729],[122.468,-4.726]]],[[[122.397,-4.72],[122.402,-4.721],[122.399,-4.726],[122.397,-4.72]]],[[[122.459,-4.702],[122.467,-4.721],[122.449,-4.716],[122.459,-4.702]]],[[[122.412,-4.715],[122.422,-4.698],[122.426,-4.7],[122.412,-4.715]]],[[[122.389,-4.701],[122.38,-4.707],[122.381,-4.702],[122.389,-4.701]]],[[[122.366,-4.7],[122.324,-4.729],[122.378,-4.67],[122.366,-4.7]]],[[[122.412,-4.698],[122.412,-4.69],[122.418,-4.691],[122.412,-4.698]]],[[[122.329,-4.691],[122.334,-4.694],[122.327,-4.699],[122.329,-4.691]]],[[[122.432,-4.683],[122.431,-4.695],[122.426,-4.691],[122.432,-4.683]]],[[[122.429,-4.683],[122.433,-4.674],[122.436,-4.676],[122.429,-4.683]]],[[[122.345,-4.642],[122.355,-4.657],[122.341,-4.661],[122.345,-4.642]]],[[[122.349,-4.627],[122.328,-4.656],[122.316,-4.663],[122.316,-4.65],[122.349,-4.627]]],[[[122.331,-4.627],[122.339,-4.62],[122.332,-4.63],[122.331,-4.627]]],[[[122.348,-4.589],[122.351,-4.593],[122.347,-4.595],[122.348,-4.589]]],[[[122.319,-4.569],[122.329,-4.557],[122.331,-4.558],[122.319,-4.569]]]]}},{"type":"Feature","properties":{"k":"74.14"},"geometry":{"type":"MultiPolygon","coordinates":[[[[122.048,-5.498],[122.063,-5.5],[121.993,-5.531],[122.048,-5.498]]],[[[121.936,-5.503],[121.936,-5.502],[121.937,-5.502],[121.936,-5.503]]],[[[121.939,-5.503],[121.939,-5.501],[121.94,-5.501],[121.939,-5.503]]],[[[121.94,-5.494],[121.939,-5.497],[121.936,-5.495],[121.94,-5.494]]],[[[122.071,-5.496],[122.09,-5.487],[122.085,-5.503],[122.071,-5.496]]],[[[122.045,-5.412],[122.05,-5.469],[121.948,-5.501],[121.955,-5.413],[122.045,-5.412]]],[[[122.307,-5.156],[122.346,-5.154],[122.355,-5.185],[122.441,-5.234],[122.504,-5.232],[122.521,-5.199],[122.562,-5.224],[122.626,-5.211],[122.577,-5.255],[122.624,-5.258],[122.646,-5.297],[122.64,-5.364],[122.619,-5.38],[122.622,-5.355],[122.595,-5.37],[122.596,-5.442],[122.567,-5.419],[122.546,-5.449],[122.52,-5.445],[122.538,-5.268],[122.481,-5.309],[122.498,-5.355],[122.484,-5.381],[122.469,-5.369],[122.465,-5.41],[122.407,-5.406],[122.383,-5.346],[122.439,-5.321],[122.377,-5.332],[122.382,-5.376],[122.365,-5.397],[122.272,-5.396],[122.268,-5.322],[122.315,-5.245],[122.307,-5.156]]],[[[122.306,-5.232],[122.311,-5.236],[122.306,-5.236],[122.306,-5.232]]]]}},{"type":"Feature","properties":{"k":"74.15"},"geometry":{"type":"MultiPolygon","coordinates":[[[[122.673,-6.187],[122.697,-6.19],[122.737,-6.22],[122.698,-6.219],[122.673,-6.187]]],[[[122.513,-5.633],[122.555,-5.655],[122.544,-5.696],[122.457,-5.702],[122.513,-5.633]]],[[[122.674,-5.504],[122.789,-5.498],[122.791,-5.613],[122.821,-5.662],[122.803,-5.705],[122.755,-5.706],[122.773,-5.673],[122.757,-5.649],[122.716,-5.695],[122.714,-5.628],[122.649,-5.709],[122.61,-5.664],[122.574,-5.547],[122.674,-5.504]]],[[[122.51,-5.598],[122.51,-5.611],[122.501,-5.607],[122.51,-5.598]]],[[[122.525,-5.51],[122.508,-5.567],[122.487,-5.57],[122.472,-5.539],[122.525,-5.51]]]]}},{"type":"Feature","properties":{"k":"74.71","approx":1},"geometry":{"type":"Polygon","coordinates":[[[122.595,-3.973],[122.57,-4.032],[122.512,-4.056],[122.453,-4.032],[122.429,-3.973],[122.453,-3.914],[122.512,-3.89],[122.57,-3.914],[122.595,-3.973]]]}},{"type":"Feature","properties":{"k":"74.72"},"geometry":{"type":"MultiPolygon","coordinates":[[[[122.631,-5.429],[122.623,-5.438],[122.631,-5.416],[122.631,-5.429]]],[[[122.68,-5.545],[122.556,-5.518],[122.565,-5.482],[122.649,-5.438],[122.639,-5.41],[122.619,-5.405],[122.655,-5.324],[122.676,-5.308],[122.733,-5.363],[122.771,-5.371],[122.787,-5.452],[122.808,-5.458],[122.8,-5.485],[122.68,-5.545]]]]}},{"type":"Feature","properties":{"k":"75.01"},"geometry":{"type":"Polygon","coordinates":[[[122.146,0.833],[121.981,0.937],[122.222,1.025],[122.234,0.993],[122.242,1.01],[122.314,1.006],[122.336,1.041],[122.362,0.996],[122.394,1.013],[122.419,0.991],[122.444,0.998],[122.452,1.032],[122.49,0.989],[122.561,0.96],[122.613,0.944],[122.624,0.964],[122.688,0.896],[122.722,0.887],[122.713,0.868],[122.741,0.881],[122.765,0.862],[122.774,0.879],[122.796,0.836],[122.823,0.84],[122.848,0.801],[122.951,0.894],[122.951,0.923],[122.976,0.939],[122.946,0.938],[122.945,0.964],[122.986,0.968],[123.021,0.932],[123.047,0.94],[123.069,0.917],[123.084,0.93],[123.088,0.906],[123.094,0.93],[123.112,0.927],[123.129,0.887],[123.236,0.832],[123.249,0.758],[123.129,0.774],[123.111,0.799],[123.064,0.81],[123.06,0.585],[123.0,0.519],[123.004,0.49],[122.823,0.496],[122.692,0.473],[122.685,0.504],[122.648,0.52],[122.643,0.476],[122.619,0.506],[122.597,0.645],[122.494,0.761],[122.436,0.785],[122.439,0.877],[122.399,0.885],[122.274,0.839],[122.146,0.833]]]}},{"type":"Feature","properties":{"k":"75.02"},"geometry":{"type":"MultiPolygon","coordinates":[[[[122.229,0.429],[122.231,0.434],[122.233,0.432],[122.229,0.429]]],[[[122.328,0.459],[122.332,0.461],[122.332,0.455],[122.328,0.459]]],[[[122.351,0.466],[122.346,0.466],[122.35,0.468],[122.351,0.466]]],[[[122.359,0.467],[122.362,0.474],[122.366,0.475],[122.359,0.467]]],[[[122.354,0.485],[122.357,0.484],[122.354,0.482],[122.354,0.485]]],[[[122.453,0.496],[122.439,0.499],[122.451,0.501],[122.453,0.496]]],[[[122.387,0.499],[122.385,0.499],[122.386,0.501],[122.387,0.499]]],[[[122.174,0.487],[122.124,0.563],[122.129,0.723],[122.103,0.855],[122.18,0.828],[122.274,0.839],[122.399,0.885],[122.439,0.877],[122.436,0.785],[122.494,0.761],[122.597,0.645],[122.624,0.486],[122.592,0.495],[122.602,0.509],[122.578,0.493],[122.553,0.514],[122.552,0.492],[122.544,0.507],[122.53,0.488],[122.51,0.512],[122.464,0.501],[122.447,0.517],[122.436,0.499],[122.401,0.52],[122.355,0.509],[122.352,0.493],[122.333,0.509],[122.324,0.492],[122.318,0.508],[122.315,0.489],[122.281,0.475],[122.233,0.486],[122.159,0.469],[122.174,0.487]]]]}},{"type":"Feature","properties":{"k":"75.03"},"geometry":{"type":"Polygon","coordinates":[[[123.153,0.407],[123.169,0.426],[123.149,0.473],[123.162,0.606],[123.092,0.611],[123.06,0.585],[123.071,0.814],[123.129,0.774],[123.248,0.758],[123.352,0.663],[123.487,0.636],[123.524,0.569],[123.516,0.434],[123.465,0.327],[123.346,0.306],[123.285,0.317],[123.227,0.349],[123.195,0.393],[123.153,0.407]]]}},{"type":"Feature","properties":{"k":"75.04"},"geometry":{"type":"Polygon","coordinates":[[[121.34,0.474],[121.346,0.569],[121.248,0.588],[121.162,0.688],[121.224,0.709],[121.272,0.804],[121.352,0.858],[121.525,0.851],[121.859,0.978],[121.981,0.937],[122.103,0.855],[122.117,0.827],[122.124,0.563],[122.174,0.496],[122.153,0.461],[122.116,0.498],[121.98,0.452],[121.859,0.442],[121.805,0.41],[121.719,0.523],[121.683,0.514],[121.635,0.544],[121.642,0.525],[121.621,0.522],[121.619,0.547],[121.603,0.548],[121.601,0.527],[121.533,0.555],[121.513,0.529],[121.519,0.497],[121.494,0.479],[121.443,0.466],[121.44,0.5],[121.409,0.471],[121.409,0.488],[121.34,0.474]]]}},{"type":"Feature","properties":{"k":"75.05"},"geometry":{"type":"MultiPolygon","coordinates":[[[[122.594,0.876],[122.474,0.878],[122.415,0.884],[122.318,0.929],[122.298,0.915],[122.257,0.927],[122.211,0.898],[122.172,0.913],[122.13,0.904],[122.106,0.933],[122.078,0.899],[122.031,0.885],[121.99,0.897],[121.983,0.926],[122.042,0.99],[122.179,1.037],[122.222,1.025],[122.232,0.993],[122.241,1.01],[122.315,1.005],[122.334,1.041],[122.362,0.996],[122.394,1.014],[122.433,0.994],[122.445,0.998],[122.452,1.032],[122.492,0.988],[122.611,0.944],[122.624,0.964],[122.65,0.949],[122.687,0.896],[122.722,0.886],[122.716,0.882],[122.713,0.867],[122.739,0.881],[122.765,0.862],[122.772,0.88],[122.802,0.851],[122.796,0.835],[122.823,0.84],[122.847,0.801],[122.952,0.894],[122.95,0.923],[122.976,0.94],[122.946,0.938],[122.939,0.959],[122.986,0.968],[123.022,0.933],[123.047,0.94],[123.067,0.916],[123.085,0.93],[123.087,0.907],[123.095,0.93],[123.115,0.926],[123.121,0.89],[123.207,0.857],[123.274,0.788],[123.251,0.754],[123.191,0.753],[123.167,0.754],[123.16,0.776],[123.133,0.768],[123.085,0.806],[123.037,0.782],[123.01,0.79],[122.983,0.729],[122.932,0.714],[122.918,0.689],[122.9,0.7],[122.902,0.758],[122.776,0.756],[122.645,0.849],[122.601,0.845],[122.594,0.876]],[[122.508,0.885],[122.508,0.885],[122.508,0.883],[122.508,0.885]]],[[[122.803,0.865],[122.803,0.866],[122.803,0.865],[122.803,0.865]]],[[[122.8,0.867],[122.8,0.867],[122.8,0.866],[122.8,0.867]]],[[[122.802,0.866],[122.8,0.869],[122.803,0.867],[122.802,0.866]]],[[[122.798,0.869],[122.798,0.869],[122.798,0.869],[122.798,0.869]]],[[[122.719,0.881],[122.72,0.883],[122.721,0.882],[122.719,0.881]]],[[[122.74,0.885],[122.742,0.883],[122.739,0.885],[122.74,0.885]]],[[[122.756,0.906],[122.812,0.891],[122.807,0.874],[122.756,0.906]]],[[[122.739,0.909],[122.74,0.91],[122.74,0.909],[122.739,0.909]]],[[[122.523,0.993],[122.522,0.987],[122.521,0.991],[122.523,0.993]]],[[[122.653,0.995],[122.667,0.997],[122.665,0.986],[122.653,0.995]]],[[[122.638,0.996],[122.636,0.997],[122.637,0.998],[122.638,0.996]]],[[[122.506,1.004],[122.508,1.004],[122.506,1.003],[122.506,1.004]]],[[[122.44,1.006],[122.436,1.004],[122.436,1.008],[122.44,1.006]]],[[[122.392,1.015],[122.393,1.015],[122.392,1.015],[122.392,1.015]]],[[[122.817,0.847],[122.816,0.849],[122.816,0.849],[122.817,0.847]]],[[[122.807,0.865],[122.805,0.864],[122.805,0.864],[122.807,0.865]]],[[[122.803,0.866],[122.804,0.867],[122.804,0.867],[122.803,0.866]]],[[[122.877,0.87],[122.877,0.871],[122.877,0.87],[122.877,0.87]]],[[[122.807,0.874],[122.808,0.875],[122.808,0.874],[122.807,0.874]]],[[[122.853,0.896],[122.892,0.889],[122.895,0.854],[122.878,0.864],[122.884,0.89],[122.853,0.896]]],[[[122.818,0.89],[122.817,0.89],[122.818,0.89],[122.818,0.89]]],[[[122.815,0.892],[122.816,0.892],[122.815,0.892],[122.815,0.892]]],[[[122.848,0.906],[122.846,0.904],[122.846,0.905],[122.848,0.906]]],[[[122.872,0.926],[122.88,0.926],[122.878,0.92],[122.872,0.926]]],[[[122.861,0.923],[122.861,0.924],[122.862,0.923],[122.861,0.923]]],[[[122.866,0.926],[122.863,0.927],[122.864,0.927],[122.866,0.926]]],[[[122.862,0.936],[122.862,0.936],[122.862,0.936],[122.862,0.936]]],[[[122.859,0.939],[122.857,0.936],[122.858,0.94],[122.859,0.939]]],[[[122.889,0.966],[122.89,0.966],[122.889,0.966],[122.889,0.966]]],[[[122.894,0.853],[122.894,0.853],[122.893,0.853],[122.894,0.853]]],[[[122.898,0.855],[122.899,0.856],[122.899,0.856],[122.898,0.855]]],[[[122.895,0.858],[122.896,0.859],[122.896,0.858],[122.895,0.858]]],[[[123.038,0.946],[123.038,0.944],[123.038,0.944],[123.038,0.946]]],[[[123.037,0.951],[123.039,0.95],[123.037,0.949],[123.037,0.951]]],[[[122.939,0.953],[122.939,0.954],[122.94,0.954],[122.939,0.953]]],[[[122.938,0.956],[122.938,0.957],[122.938,0.956],[122.938,0.956]]],[[[122.893,0.967],[122.891,0.963],[122.889,0.963],[122.893,0.967]]],[[[122.948,0.966],[122.948,0.966],[122.948,0.966],[122.948,0.966]]],[[[122.947,0.973],[122.948,0.973],[122.948,0.973],[122.947,0.973]]],[[[122.944,0.976],[122.945,0.976],[122.945,0.976],[122.944,0.976]]],[[[122.939,0.983],[122.939,0.983],[122.939,0.983],[122.939,0.983]]],[[[122.932,0.988],[122.933,0.982],[122.929,0.986],[122.932,0.988]]]]}},{"type":"Feature","properties":{"k":"75.71","approx":1},"geometry":{"type":"Polygon","coordinates":[[[123.102,0.532],[123.09,0.502],[123.059,0.489],[123.029,0.502],[123.017,0.532],[123.029,0.562],[123.059,0.575],[123.09,0.562],[123.102,0.532]]]}},{"type":"Feature","properties":{"k":"76.01"},"geometry":{"type":"Polygon","coordinates":[[[119.552,-0.862],[119.551,-1.008],[119.57,-1.029],[119.584,-1.118],[119.611,-1.126],[119.582,-1.258],[119.57,-1.275],[119.474,-1.287],[119.468,-1.306],[119.504,-1.295],[119.509,-1.31],[119.422,-1.353],[119.452,-1.397],[119.501,-1.391],[119.529,-1.428],[119.57,-1.419],[119.591,-1.393],[119.623,-1.395],[119.696,-1.452],[119.659,-1.503],[119.671,-1.545],[119.737,-1.612],[119.73,-1.644],[119.756,-1.653],[119.778,-1.692],[119.754,-1.752],[119.861,-1.768],[119.834,-1.803],[119.797,-1.793],[119.686,-1.836],[119.56,-1.806],[119.436,-1.738],[119.36,-1.767],[119.331,-1.815],[119.311,-1.798],[119.301,-1.708],[119.282,-1.69],[119.326,-1.588],[119.289,-1.453],[119.292,-1.39],[119.332,-1.35],[119.304,-1.269],[119.341,-1.168],[119.377,-1.165],[119.386,-1.137],[119.464,-1.069],[119.552,-0.862]]]}},{"type":"Feature","properties":{"k":"76.02"},"geometry":{"type":"MultiPolygon","coordinates":[[[[118.889,-2.613],[118.894,-2.643],[118.889,-2.654],[118.878,-2.626],[118.889,-2.613]]],[[[119.122,-2.473],[119.125,-2.471],[119.125,-2.474],[119.122,-2.473]]],[[[119.331,-1.815],[119.36,-1.767],[119.436,-1.738],[119.487,-1.776],[119.657,-1.836],[119.797,-1.793],[119.834,-1.803],[119.861,-1.768],[119.907,-1.799],[119.902,-1.851],[119.86,-1.876],[119.874,-1.949],[119.817,-2.011],[119.817,-2.045],[119.765,-2.083],[119.734,-2.074],[119.63,-2.163],[119.597,-2.29],[119.69,-2.336],[119.716,-2.393],[119.689,-2.438],[119.721,-2.5],[119.7,-2.554],[119.751,-2.605],[119.758,-2.693],[119.728,-2.728],[119.644,-2.756],[119.509,-2.739],[119.418,-2.773],[119.367,-2.764],[119.34,-2.705],[119.233,-2.713],[119.158,-2.672],[119.115,-2.678],[119.078,-2.725],[119.08,-2.86],[119.048,-2.907],[118.88,-2.92],[118.885,-2.887],[118.846,-2.85],[118.769,-2.867],[118.757,-2.786],[118.782,-2.744],[118.779,-2.686],[118.818,-2.619],[118.873,-2.681],[118.981,-2.628],[119.009,-2.585],[119.031,-2.582],[119.044,-2.507],[119.144,-2.47],[119.126,-2.465],[119.142,-2.392],[119.121,-2.322],[119.152,-2.24],[119.145,-2.2],[119.188,-2.151],[119.222,-2.015],[119.212,-1.998],[119.288,-1.952],[119.332,-1.96],[119.364,-1.853],[119.351,-1.817],[119.331,-1.815]]],[[[119.336,-1.939],[119.324,-1.945],[119.323,-1.938],[119.336,-1.939]]],[[[119.333,-1.934],[119.329,-1.933],[119.33,-1.933],[119.333,-1.934]]]]}},{"type":"Feature","properties":{"k":"76.03"},"geometry":{"type":"Polygon","coordinates":[[[119.39,-3.212],[119.438,-3.264],[119.433,-3.304],[119.366,-3.318],[119.332,-3.298],[119.347,-3.284],[119.319,-3.252],[119.248,-3.231],[119.242,-3.181],[119.197,-3.153],[119.177,-3.081],[119.117,-3.118],[119.087,-3.107],[119.076,-3.126],[119.065,-3.108],[119.056,-3.056],[119.08,-3.027],[119.067,-2.982],[119.102,-2.915],[119.08,-2.856],[119.078,-2.725],[119.104,-2.682],[119.158,-2.672],[119.233,-2.713],[119.34,-2.705],[119.374,-2.767],[119.439,-2.771],[119.495,-2.743],[119.521,-2.785],[119.511,-2.842],[119.532,-2.936],[119.629,-3.122],[119.546,-3.131],[119.485,-3.185],[119.405,-3.184],[119.39,-3.212]]]}},{"type":"Feature","properties":{"k":"76.04"},"geometry":{"type":"MultiPolygon","coordinates":[[[[119.359,-3.487],[119.359,-3.488],[119.355,-3.488],[119.359,-3.487]]],[[[119.229,-3.481],[119.235,-3.481],[119.228,-3.484],[119.229,-3.481]]],[[[119.371,-3.467],[119.364,-3.484],[119.365,-3.469],[119.371,-3.467]]],[[[119.415,-3.478],[119.415,-3.467],[119.419,-3.469],[119.415,-3.478]]],[[[119.396,-3.473],[119.389,-3.467],[119.392,-3.466],[119.396,-3.473]]],[[[119.375,-3.467],[119.376,-3.469],[119.375,-3.466],[119.375,-3.467]]],[[[119.381,-3.461],[119.379,-3.46],[119.38,-3.459],[119.381,-3.461]]],[[[119.007,-3.532],[118.92,-3.411],[118.909,-3.178],[118.955,-3.163],[118.947,-3.107],[118.963,-3.095],[119.044,-3.09],[119.076,-3.126],[119.087,-3.107],[119.117,-3.118],[119.177,-3.081],[119.197,-3.153],[119.242,-3.181],[119.248,-3.231],[119.319,-3.252],[119.347,-3.284],[119.332,-3.298],[119.366,-3.318],[119.442,-3.293],[119.435,-3.346],[119.463,-3.375],[119.493,-3.479],[119.474,-3.503],[119.427,-3.46],[119.41,-3.467],[119.389,-3.446],[119.373,-3.463],[119.305,-3.426],[119.237,-3.479],[119.144,-3.492],[119.107,-3.516],[119.064,-3.503],[119.007,-3.532]]]]}},{"type":"Feature","properties":{"k":"76.05"},"geometry":{"type":"Polygon","coordinates":[[[118.88,-2.92],[118.991,-2.901],[119.042,-2.911],[119.08,-2.86],[119.102,-2.915],[119.067,-2.982],[119.08,-3.027],[119.056,-3.056],[119.064,-3.111],[119.04,-3.089],[118.963,-3.095],[118.947,-3.107],[118.955,-3.163],[118.911,-3.175],[118.902,-3.197],[118.925,-3.301],[118.909,-3.331],[118.92,-3.411],[119.007,-3.532],[118.996,-3.565],[118.967,-3.545],[118.935,-3.569],[118.879,-3.475],[118.846,-3.38],[118.841,-3.329],[118.858,-3.301],[118.829,-3.169],[118.775,-3.104],[118.796,-3.071],[118.839,-3.08],[118.859,-3.031],[118.847,-2.992],[118.88,-2.92]]]}},{"type":"Feature","properties":{"k":"76.06"},"geometry":{"type":"MultiPolygon","coordinates":[[[[119.445,-1.734],[119.511,-1.793],[119.66,-1.838],[119.705,-1.838],[119.799,-1.795],[119.839,-1.804],[119.871,-1.781],[119.858,-1.822],[119.875,-1.863],[119.857,-1.877],[119.87,-2.018],[119.821,-2.055],[119.814,-2.102],[119.767,-2.124],[119.691,-2.209],[119.652,-2.198],[119.637,-2.147],[119.478,-2.14],[119.434,-2.195],[119.412,-2.185],[119.335,-2.202],[119.313,-2.229],[119.29,-2.22],[119.198,-2.314],[119.134,-2.308],[119.145,-2.201],[119.188,-2.153],[119.223,-2.014],[119.213,-1.998],[119.29,-1.953],[119.333,-1.962],[119.364,-1.857],[119.346,-1.779],[119.413,-1.732],[119.445,-1.734]]],[[[119.323,-1.937],[119.336,-1.942],[119.324,-1.946],[119.323,-1.937]]],[[[119.329,-1.934],[119.333,-1.935],[119.331,-1.936],[119.329,-1.934]]]]}},{"type":"Feature","properties":{"k":"81.01"},"geometry":{"type":"MultiPolygon","coordinates":[[[[127.914,-3.686],[127.91,-3.68],[127.915,-3.679],[127.914,-3.686]]],[[[127.907,-3.675],[127.91,-3.671],[127.912,-3.673],[127.907,-3.675]]],[[[128.794,-3.641],[128.81,-3.68],[128.767,-3.693],[128.76,-3.648],[128.794,-3.641]]],[[[127.904,-3.651],[127.911,-3.649],[127.905,-3.656],[127.904,-3.651]]],[[[128.614,-3.655],[128.605,-3.646],[128.605,-3.627],[128.609,-3.631],[128.614,-3.655]]],[[[128.263,-3.581],[128.223,-3.587],[128.181,-3.621],[128.082,-3.64],[128.055,-3.671],[128.059,-3.696],[128.1,-3.713],[128.039,-3.734],[127.995,-3.783],[127.939,-3.77],[127.92,-3.682],[128.026,-3.592],[128.171,-3.586],[128.254,-3.496],[128.345,-3.507],[128.353,-3.529],[128.322,-3.565],[128.354,-3.598],[128.352,-3.635],[128.29,-3.622],[128.263,-3.581]]],[[[128.446,-3.511],[128.551,-3.539],[128.576,-3.587],[128.538,-3.616],[128.511,-3.606],[128.498,-3.624],[128.465,-3.615],[128.403,-3.634],[128.423,-3.566],[128.415,-3.531],[128.446,-3.511]]],[[[128.644,-3.63],[128.609,-3.597],[128.627,-3.585],[128.596,-3.551],[128.555,-3.53],[128.567,-3.497],[128.603,-3.497],[128.683,-3.544],[128.695,-3.494],[128.715,-3.498],[128.731,-3.515],[128.732,-3.619],[128.655,-3.573],[128.66,-3.619],[128.644,-3.63]]],[[[128.379,-3.529],[128.376,-3.532],[128.375,-3.532],[128.379,-3.529]]],[[[128.662,-3.15],[128.628,-3.116],[128.635,-3.079],[128.723,-3.072],[128.756,-3.014],[128.753,-2.85],[128.811,-2.867],[128.92,-2.852],[129.032,-2.796],[129.068,-2.812],[129.065,-2.906],[129.08,-2.892],[129.083,-2.938],[129.13,-2.969],[129.157,-2.948],[129.196,-2.96],[129.176,-2.94],[129.185,-2.922],[129.219,-2.953],[129.223,-2.923],[129.346,-2.858],[129.377,-2.789],[129.519,-2.798],[129.528,-2.772],[129.548,-2.8],[129.62,-2.803],[129.636,-2.826],[129.785,-2.864],[129.813,-2.914],[129.877,-2.896],[129.88,-2.933],[129.881,-2.911],[129.9,-2.914],[129.911,-2.944],[130.017,-2.985],[129.986,-3.163],[129.905,-3.163],[129.815,-3.322],[129.763,-3.332],[129.728,-3.315],[129.506,-3.308],[129.498,-3.328],[129.566,-3.414],[129.566,-3.447],[129.538,-3.47],[129.405,-3.417],[129.252,-3.408],[129.083,-3.341],[128.936,-3.357],[128.91,-3.328],[128.928,-3.336],[128.971,-3.264],[128.966,-3.227],[128.931,-3.21],[128.862,-3.21],[128.84,-3.244],[128.73,-3.308],[128.662,-3.15]]],[[[129.16,-2.919],[129.167,-2.924],[129.167,-2.927],[129.16,-2.919]]],[[[129.169,-2.922],[129.179,-2.916],[129.18,-2.925],[129.169,-2.922]]],[[[129.059,-2.785],[129.067,-2.783],[129.06,-2.788],[129.059,-2.785]]],[[[129.046,-2.78],[129.044,-2.783],[129.043,-2.781],[129.046,-2.78]]],[[[129.024,-2.764],[129.025,-2.762],[129.025,-2.765],[129.024,-2.764]]],[[[128.999,-2.759],[129.003,-2.754],[129.005,-2.758],[128.999,-2.759]]],[[[129.023,-2.754],[129.022,-2.743],[129.027,-2.747],[129.023,-2.754]]],[[[128.986,-2.739],[128.979,-2.749],[128.997,-2.729],[128.986,-2.739]]]]}},{"type":"Feature","properties":{"k":"81.02"},"geometry":{"type":"MultiPolygon","coordinates":[[[[132.471,-6.016],[132.441,-6.038],[132.428,-6.008],[132.454,-6.019],[132.467,-5.99],[132.471,-6.016]]],[[[132.454,-6.008],[132.455,-6.011],[132.452,-6.009],[132.454,-6.008]]],[[[132.464,-5.915],[132.461,-5.905],[132.47,-5.902],[132.464,-5.915]]],[[[132.525,-5.921],[132.527,-5.876],[132.535,-5.878],[132.54,-5.908],[132.525,-5.921]]],[[[132.17,-5.741],[132.198,-5.72],[132.186,-5.768],[132.17,-5.741]]],[[[132.275,-5.696],[132.265,-5.704],[132.273,-5.693],[132.275,-5.696]]],[[[132.251,-5.7],[132.235,-5.707],[132.242,-5.701],[132.251,-5.7]]],[[[131.934,-5.661],[131.941,-5.669],[131.936,-5.675],[131.934,-5.661]]],[[[132.26,-5.639],[132.261,-5.634],[132.262,-5.641],[132.26,-5.639]]],[[[132.242,-5.621],[132.252,-5.625],[132.247,-5.629],[132.242,-5.621]]],[[[132.253,-5.586],[132.306,-5.59],[132.302,-5.615],[132.319,-5.626],[132.294,-5.656],[132.283,-5.6],[132.253,-5.586]]],[[[132.336,-5.609],[132.314,-5.612],[132.319,-5.601],[132.336,-5.609]]],[[[132.31,-5.596],[132.312,-5.598],[132.31,-5.598],[132.31,-5.596]]],[[[132.247,-5.594],[132.244,-5.594],[132.247,-5.593],[132.247,-5.594]]],[[[132.251,-5.589],[132.251,-5.587],[132.253,-5.588],[132.251,-5.589]]],[[[132.008,-5.597],[132.0,-5.575],[132.002,-5.572],[132.008,-5.597]]],[[[131.926,-5.577],[131.933,-5.578],[131.928,-5.582],[131.926,-5.577]]],[[[132.343,-5.546],[132.379,-5.543],[132.337,-5.584],[132.302,-5.531],[132.344,-5.529],[132.343,-5.546]]],[[[132.025,-5.326],[132.01,-5.366],[131.975,-5.387],[131.962,-5.369],[131.989,-5.31],[132.012,-5.304],[132.025,-5.326]]],[[[132.014,-5.182],[132.02,-5.154],[132.024,-5.185],[132.014,-5.182]]],[[[132.017,-5.142],[132.02,-5.138],[132.019,-5.151],[132.017,-5.142]]],[[[132.001,-5.117],[132.015,-5.118],[132.006,-5.121],[132.001,-5.117]]],[[[132.558,-5.86],[132.542,-5.869],[132.525,-5.839],[132.542,-5.841],[132.558,-5.86]]],[[[132.594,-5.859],[132.603,-5.835],[132.61,-5.856],[132.594,-5.859]]],[[[132.582,-5.818],[132.583,-5.838],[132.566,-5.82],[132.582,-5.818]]],[[[132.592,-5.811],[132.594,-5.822],[132.589,-5.811],[132.592,-5.811]]],[[[132.622,-5.795],[132.623,-5.814],[132.617,-5.794],[132.622,-5.795]]],[[[132.574,-5.796],[132.574,-5.795],[132.577,-5.795],[132.574,-5.796]]],[[[132.634,-5.782],[132.627,-5.786],[132.63,-5.779],[132.634,-5.782]]],[[[132.562,-5.78],[132.565,-5.786],[132.561,-5.784],[132.562,-5.78]]],[[[132.578,-5.757],[132.576,-5.757],[132.579,-5.755],[132.578,-5.757]]],[[[132.561,-5.747],[132.56,-5.752],[132.559,-5.744],[132.561,-5.747]]],[[[132.65,-5.746],[132.663,-5.741],[132.655,-5.755],[132.65,-5.746]]],[[[132.572,-5.74],[132.57,-5.742],[132.568,-5.741],[132.572,-5.74]]],[[[132.565,-5.73],[132.556,-5.731],[132.56,-5.726],[132.565,-5.73]]],[[[132.556,-5.729],[132.554,-5.726],[132.556,-5.723],[132.556,-5.729]]],[[[132.63,-5.723],[132.635,-5.723],[132.632,-5.729],[132.63,-5.723]]],[[[132.579,-5.716],[132.556,-5.713],[132.558,-5.707],[132.579,-5.716]]],[[[132.619,-5.695],[132.619,-5.708],[132.613,-5.7],[132.619,-5.695]]],[[[132.63,-5.691],[132.636,-5.688],[132.631,-5.692],[132.63,-5.691]]],[[[132.59,-5.628],[132.584,-5.615],[132.592,-5.626],[132.59,-5.628]]],[[[132.668,-5.58],[132.667,-5.578],[132.671,-5.577],[132.668,-5.58]]],[[[132.585,-5.566],[132.594,-5.569],[132.589,-5.572],[132.585,-5.566]]],[[[132.57,-5.565],[132.562,-5.563],[132.559,-5.558],[132.57,-5.565]]],[[[132.874,-5.863],[132.877,-5.861],[132.876,-5.864],[132.874,-5.863]]],[[[132.789,-5.776],[132.813,-5.851],[132.78,-5.942],[132.723,-5.952],[132.719,-5.893],[132.693,-5.951],[132.695,-5.911],[132.663,-5.902],[132.69,-5.835],[132.674,-5.748],[132.713,-5.831],[132.704,-5.845],[132.714,-5.833],[132.699,-5.755],[132.693,-5.732],[132.686,-5.745],[132.649,-5.713],[132.653,-5.672],[132.634,-5.675],[132.641,-5.638],[132.611,-5.594],[132.671,-5.63],[132.711,-5.591],[132.712,-5.651],[132.701,-5.629],[132.691,-5.657],[132.719,-5.661],[132.742,-5.644],[132.739,-5.691],[132.763,-5.746],[132.761,-5.718],[132.779,-5.728],[132.773,-5.742],[132.772,-5.768],[132.78,-5.78],[132.768,-5.782],[132.774,-5.814],[132.789,-5.776]]],[[[132.78,-5.77],[132.782,-5.731],[132.789,-5.775],[132.78,-5.77]]],[[[132.802,-5.769],[132.783,-5.728],[132.794,-5.723],[132.802,-5.769]]],[[[132.761,-5.733],[132.762,-5.735],[132.76,-5.733],[132.761,-5.733]]],[[[132.755,-5.705],[132.767,-5.712],[132.759,-5.715],[132.755,-5.705]]],[[[133.0,-5.643],[132.998,-5.643],[133.0,-5.64],[133.0,-5.643]]],[[[133.121,-5.563],[133.084,-5.627],[133.04,-5.647],[132.962,-5.744],[132.943,-5.823],[132.952,-5.875],[132.844,-6.008],[132.868,-5.904],[132.887,-5.903],[132.873,-5.879],[132.891,-5.858],[132.882,-5.842],[132.936,-5.778],[132.941,-5.687],[132.973,-5.643],[132.979,-5.657],[133.005,-5.649],[133.074,-5.388],[133.12,-5.281],[133.132,-5.293],[133.154,-5.272],[133.192,-5.327],[133.168,-5.356],[133.121,-5.563]]],[[[132.735,-5.647],[132.719,-5.634],[132.713,-5.621],[132.725,-5.623],[132.735,-5.647]]],[[[132.977,-5.633],[132.982,-5.625],[132.983,-5.64],[132.977,-5.633]]],[[[132.72,-5.613],[132.719,-5.615],[132.718,-5.613],[132.72,-5.613]]],[[[132.792,-5.692],[132.799,-5.653],[132.774,-5.691],[132.762,-5.666],[132.753,-5.676],[132.742,-5.615],[132.752,-5.574],[132.798,-5.522],[132.794,-5.569],[132.816,-5.543],[132.8,-5.606],[132.816,-5.676],[132.792,-5.692]]],[[[132.726,-5.599],[132.727,-5.599],[132.726,-5.601],[132.726,-5.599]]],[[[132.681,-5.583],[132.679,-5.585],[132.673,-5.577],[132.681,-5.583]]],[[[132.718,-5.594],[132.728,-5.573],[132.733,-5.595],[132.718,-5.594]]],[[[132.723,-5.552],[132.721,-5.556],[132.721,-5.552],[132.723,-5.552]]],[[[132.75,-5.54],[132.721,-5.549],[132.704,-5.554],[132.686,-5.539],[132.739,-5.529],[132.75,-5.54]]],[[[132.731,-5.495],[132.744,-5.497],[132.733,-5.508],[132.731,-5.495]]],[[[132.764,-5.475],[132.761,-5.496],[132.749,-5.504],[132.748,-5.493],[132.764,-5.475]]],[[[132.735,-5.468],[132.737,-5.467],[132.734,-5.471],[132.735,-5.468]]],[[[132.7,-5.455],[132.701,-5.439],[132.713,-5.448],[132.7,-5.455]]],[[[132.714,-5.44],[132.726,-5.447],[132.723,-5.451],[132.714,-5.44]]]]}},{"type":"Feature","properties":{"k":"81.03"},"geometry":{"type":"MultiPolygon","coordinates":[[[[128.517,-8.349],[128.514,-8.347],[128.512,-8.343],[128.517,-8.349]]],[[[128.504,-8.336],[128.496,-8.336],[128.498,-8.321],[128.504,-8.336]]],[[[128.092,-8.207],[128.222,-8.211],[128.234,-8.273],[128.15,-8.278],[128.079,-8.258],[128.092,-8.207]]],[[[127.659,-8.239],[127.601,-8.213],[127.67,-8.161],[127.695,-8.154],[127.752,-8.184],[127.729,-8.219],[127.659,-8.239]]],[[[128.392,-8.192],[128.384,-8.197],[128.391,-8.192],[128.392,-8.192]]],[[[128.408,-8.187],[128.403,-8.193],[128.399,-8.191],[128.408,-8.187]]],[[[128.125,-8.153],[128.046,-8.26],[127.962,-8.248],[127.945,-8.221],[127.863,-8.216],[127.795,-8.186],[127.762,-8.113],[127.812,-8.105],[127.951,-8.147],[128.089,-8.136],[128.125,-8.153]]],[[[128.585,-8.164],[128.587,-8.163],[128.589,-8.165],[128.585,-8.164]]],[[[128.559,-8.159],[128.562,-8.16],[128.562,-8.161],[128.559,-8.159]]],[[[125.747,-7.987],[125.764,-8.014],[125.736,-8.059],[125.722,-7.981],[125.734,-7.966],[125.747,-7.987]]],[[[125.758,-7.98],[125.755,-7.98],[125.756,-7.979],[125.758,-7.98]]],[[[125.754,-7.97],[125.746,-7.98],[125.747,-7.966],[125.754,-7.97]]],[[[126.843,-7.734],[126.82,-7.755],[126.806,-7.741],[126.696,-7.751],[126.55,-7.823],[126.468,-7.974],[126.421,-7.931],[126.368,-7.935],[126.329,-7.914],[126.174,-7.926],[126.131,-7.891],[126.071,-7.888],[125.948,-7.916],[125.806,-8.015],[125.789,-8.007],[125.827,-7.916],[125.806,-7.862],[125.871,-7.815],[125.862,-7.768],[125.915,-7.744],[125.933,-7.681],[125.971,-7.654],[126.034,-7.697],[126.184,-7.728],[126.237,-7.688],[126.324,-7.695],[126.38,-7.637],[126.44,-7.631],[126.47,-7.589],[126.625,-7.556],[126.64,-7.605],[126.684,-7.621],[126.722,-7.667],[126.809,-7.654],[126.843,-7.734]]],[[[125.907,-7.675],[125.926,-7.659],[125.931,-7.666],[125.921,-7.678],[125.907,-7.675]]],[[[127.427,-7.637],[127.437,-7.631],[127.438,-7.635],[127.427,-7.637]]],[[[127.618,-7.613],[127.613,-7.612],[127.626,-7.602],[127.618,-7.613]]],[[[127.63,-7.597],[127.631,-7.6],[127.629,-7.599],[127.63,-7.597]]],[[[127.634,-7.59],[127.638,-7.589],[127.635,-7.591],[127.634,-7.59]]],[[[127.605,-7.591],[127.597,-7.62],[127.589,-7.548],[127.605,-7.591]]],[[[127.34,-7.65],[127.324,-7.612],[127.371,-7.586],[127.355,-7.529],[127.372,-7.494],[127.443,-7.524],[127.487,-7.521],[127.47,-7.59],[127.409,-7.601],[127.381,-7.652],[127.34,-7.65]]],[[[127.557,-7.549],[127.558,-7.544],[127.56,-7.546],[127.557,-7.549]]],[[[127.542,-7.544],[127.536,-7.533],[127.546,-7.526],[127.542,-7.544]]],[[[127.545,-7.532],[127.549,-7.528],[127.548,-7.533],[127.545,-7.532]]],[[[127.274,-7.52],[127.295,-7.511],[127.3,-7.517],[127.294,-7.531],[127.274,-7.52]]],[[[127.551,-7.522],[127.552,-7.518],[127.554,-7.521],[127.551,-7.522]]],[[[128.554,-7.354],[128.566,-7.377],[128.557,-7.383],[128.554,-7.354]]],[[[128.564,-7.316],[128.554,-7.299],[128.564,-7.281],[128.573,-7.291],[128.564,-7.316]]],[[[128.405,-7.218],[128.4,-7.219],[128.403,-7.216],[128.405,-7.218]]],[[[128.397,-7.221],[128.397,-7.217],[128.398,-7.219],[128.397,-7.221]]],[[[128.594,-7.066],[128.701,-7.116],[128.687,-7.138],[128.655,-7.139],[128.69,-7.164],[128.651,-7.217],[128.526,-7.147],[128.54,-7.108],[128.594,-7.066]]],[[[126.656,-6.638],[126.667,-6.637],[126.662,-6.642],[126.656,-6.638]]],[[[127.55,-5.511],[127.556,-5.51],[127.555,-5.514],[127.55,-5.511]]],[[[127.551,-5.493],[127.556,-5.504],[127.549,-5.494],[127.551,-5.493]]],[[[127.509,-5.476],[127.52,-5.475],[127.524,-5.482],[127.509,-5.476]]],[[[127.785,-5.396],[127.789,-5.407],[127.783,-5.398],[127.785,-5.396]]],[[[127.753,-5.369],[127.754,-5.366],[127.755,-5.373],[127.753,-5.369]]],[[[127.778,-5.346],[127.777,-5.343],[127.779,-5.344],[127.778,-5.346]]],[[[130.921,-8.257],[130.917,-8.262],[130.914,-8.262],[130.921,-8.257]]],[[[130.704,-8.264],[130.712,-8.249],[130.714,-8.251],[130.704,-8.264]]],[[[128.933,-8.228],[128.939,-8.246],[128.868,-8.23],[128.826,-8.198],[128.963,-8.185],[129.033,-8.224],[129.017,-8.261],[128.933,-8.228]]],[[[130.929,-8.199],[130.916,-8.143],[130.936,-8.126],[130.944,-8.14],[130.998,-8.144],[130.985,-8.115],[131.018,-8.078],[131.082,-8.112],[131.067,-8.162],[131.125,-8.116],[131.167,-8.12],[131.142,-8.16],[131.055,-8.207],[130.984,-8.238],[130.924,-8.23],[130.888,-8.246],[130.899,-8.287],[130.82,-8.34],[130.757,-8.342],[130.819,-8.253],[130.929,-8.199]]],[[[128.726,-8.198],[128.728,-8.2],[128.727,-8.201],[128.726,-8.198]]],[[[128.717,-8.195],[128.718,-8.191],[128.721,-8.195],[128.717,-8.195]]],[[[128.79,-8.164],[128.788,-8.202],[128.78,-8.172],[128.756,-8.162],[128.79,-8.164]]],[[[128.721,-8.18],[128.693,-8.186],[128.682,-8.167],[128.699,-8.165],[128.721,-8.18]]],[[[128.751,-8.162],[128.75,-8.159],[128.752,-8.161],[128.751,-8.162]]],[[[128.728,-8.16],[128.733,-8.156],[128.74,-8.159],[128.728,-8.16]]],[[[129.812,-8.205],[129.857,-8.133],[129.925,-8.091],[129.917,-8.13],[129.88,-8.149],[129.837,-8.209],[129.812,-8.205]]],[[[128.685,-8.152],[128.679,-8.15],[128.681,-8.148],[128.685,-8.152]]],[[[129.706,-8.04],[129.581,-7.894],[129.597,-7.822],[129.676,-7.785],[129.819,-7.816],[129.858,-7.844],[129.843,-7.873],[129.868,-7.905],[129.793,-8.043],[129.754,-8.055],[129.706,-8.04]]],[[[129.548,-7.864],[129.57,-7.911],[129.534,-7.949],[129.514,-7.926],[129.513,-7.844],[129.548,-7.864]]],[[[130.079,-7.789],[130.059,-7.768],[130.029,-7.767],[130.039,-7.753],[130.093,-7.762],[130.079,-7.789]]],[[[131.006,-7.768],[131.004,-7.769],[131.005,-7.768],[131.006,-7.768]]],[[[130.95,-7.773],[130.943,-7.751],[130.954,-7.737],[130.95,-7.773]]],[[[131.029,-7.754],[131.023,-7.753],[131.027,-7.749],[131.029,-7.754]]],[[[131.021,-7.751],[131.021,-7.753],[131.019,-7.752],[131.021,-7.751]]],[[[131.005,-7.761],[130.997,-7.746],[131.005,-7.736],[131.015,-7.746],[131.005,-7.761]]],[[[130.937,-7.747],[130.935,-7.746],[130.939,-7.745],[130.937,-7.747]]],[[[130.0,-7.742],[129.988,-7.714],[130.002,-7.696],[130.026,-7.745],[130.0,-7.742]]],[[[130.946,-7.639],[130.952,-7.644],[130.945,-7.646],[130.946,-7.639]]],[[[130.951,-7.562],[130.95,-7.56],[130.952,-7.561],[130.951,-7.562]]],[[[129.716,-7.573],[129.661,-7.555],[129.666,-7.528],[129.691,-7.552],[129.726,-7.551],[129.716,-7.573]]],[[[130.945,-7.546],[130.894,-7.578],[130.832,-7.554],[130.839,-7.5],[130.937,-7.531],[130.966,-7.509],[130.989,-7.515],[130.97,-7.519],[130.996,-7.528],[130.988,-7.547],[130.954,-7.543],[130.98,-7.564],[130.945,-7.546]]],[[[131.029,-7.516],[131.03,-7.513],[131.032,-7.517],[131.029,-7.516]]],[[[130.991,-7.514],[131.004,-7.509],[131.003,-7.521],[130.991,-7.514]]],[[[131.012,-7.499],[131.008,-7.506],[131.008,-7.501],[131.012,-7.499]]],[[[130.988,-7.498],[130.991,-7.5],[130.989,-7.501],[130.988,-7.498]]],[[[130.821,-7.476],[130.836,-7.498],[130.809,-7.482],[130.824,-7.472],[130.835,-7.484],[130.821,-7.476]]],[[[129.156,-6.986],[129.135,-6.989],[129.124,-6.966],[129.158,-6.954],[129.156,-6.986]]],[[[129.533,-6.713],[129.51,-6.763],[129.487,-6.754],[129.5,-6.714],[129.533,-6.713]]],[[[129.527,-6.703],[129.53,-6.704],[129.528,-6.705],[129.527,-6.703]]],[[[130.032,-6.32],[130.017,-6.323],[129.998,-6.304],[130.021,-6.301],[130.032,-6.32]]],[[[129.982,-6.302],[129.985,-6.296],[129.988,-6.304],[129.982,-6.302]]],[[[130.299,-5.544],[130.311,-5.546],[130.308,-5.549],[130.299,-5.544]]],[[[131.088,-8.08],[131.091,-8.09],[131.082,-8.092],[131.088,-8.08]]],[[[131.19,-8.079],[131.203,-8.052],[131.216,-8.051],[131.211,-8.072],[131.19,-8.079]]],[[[131.268,-8.06],[131.279,-8.035],[131.292,-8.032],[131.281,-8.062],[131.268,-8.06]]],[[[131.292,-8.041],[131.296,-8.039],[131.29,-8.046],[131.292,-8.041]]],[[[131.294,-8.036],[131.294,-8.033],[131.295,-8.034],[131.294,-8.036]]],[[[131.195,-8.031],[131.192,-8.036],[131.191,-8.033],[131.195,-8.031]]],[[[131.106,-8.037],[131.081,-8.036],[131.083,-8.011],[131.106,-8.037]]],[[[131.067,-8.014],[131.07,-8.017],[131.066,-8.019],[131.067,-8.014]]],[[[131.325,-8.014],[131.326,-8.013],[131.326,-8.016],[131.325,-8.014]]],[[[131.251,-7.99],[131.258,-7.997],[131.255,-8.001],[131.251,-7.99]]],[[[131.281,-7.947],[131.28,-7.946],[131.282,-7.946],[131.281,-7.947]]],[[[131.101,-7.877],[131.104,-7.875],[131.103,-7.878],[131.101,-7.877]]],[[[131.105,-7.755],[131.101,-7.756],[131.105,-7.752],[131.105,-7.755]]],[[[131.111,-7.755],[131.112,-7.752],[131.115,-7.751],[131.111,-7.755]]],[[[131.117,-7.748],[131.117,-7.75],[131.114,-7.75],[131.117,-7.748]]],[[[131.112,-7.75],[131.109,-7.747],[131.112,-7.745],[131.112,-7.75]]],[[[131.098,-7.736],[131.079,-7.744],[131.08,-7.768],[131.067,-7.763],[131.092,-7.723],[131.098,-7.736]]],[[[131.119,-7.741],[131.121,-7.742],[131.119,-7.745],[131.119,-7.741]]],[[[131.119,-7.737],[131.114,-7.737],[131.117,-7.734],[131.119,-7.737]]],[[[131.081,-7.732],[131.08,-7.737],[131.079,-7.735],[131.081,-7.732]]],[[[131.104,-7.721],[131.102,-7.725],[131.092,-7.722],[131.104,-7.721]]],[[[131.038,-7.713],[131.033,-7.713],[131.036,-7.708],[131.038,-7.713]]],[[[131.109,-7.69],[131.113,-7.692],[131.11,-7.694],[131.109,-7.69]]],[[[131.115,-7.677],[131.079,-7.707],[131.054,-7.704],[131.061,-7.682],[131.036,-7.688],[131.026,-7.71],[131.04,-7.724],[130.967,-7.741],[130.97,-7.681],[131.044,-7.656],[131.046,-7.673],[131.099,-7.635],[131.124,-7.64],[131.115,-7.677]]],[[[131.113,-7.686],[131.119,-7.686],[131.116,-7.689],[131.113,-7.686]]],[[[131.046,-7.655],[131.054,-7.655],[131.049,-7.661],[131.046,-7.655]]],[[[131.153,-7.546],[131.127,-7.534],[131.137,-7.516],[131.152,-7.524],[131.153,-7.546]]],[[[131.154,-7.53],[131.164,-7.525],[131.164,-7.531],[131.154,-7.53]]],[[[131.039,-7.52],[131.038,-7.521],[131.039,-7.518],[131.039,-7.52]]],[[[131.171,-7.423],[131.132,-7.468],[131.086,-7.481],[131.06,-7.524],[131.032,-7.513],[131.059,-7.484],[131.029,-7.502],[131.012,-7.498],[131.004,-7.504],[130.969,-7.49],[130.98,-7.436],[131.013,-7.422],[131.16,-7.404],[131.171,-7.423]]],[[[131.198,-7.425],[131.198,-7.434],[131.194,-7.433],[131.198,-7.425]]],[[[131.04,-7.418],[131.039,-7.415],[131.041,-7.417],[131.04,-7.418]]],[[[131.174,-7.41],[131.187,-7.401],[131.181,-7.413],[131.174,-7.41]]],[[[131.333,-7.407],[131.316,-7.408],[131.326,-7.389],[131.333,-7.407]]],[[[131.201,-7.383],[131.2,-7.385],[131.199,-7.383],[131.201,-7.383]]],[[[131.287,-7.335],[131.28,-7.321],[131.303,-7.339],[131.261,-7.359],[131.269,-7.38],[131.208,-7.358],[131.257,-7.303],[131.287,-7.335]]],[[[131.232,-7.326],[131.231,-7.323],[131.233,-7.324],[131.232,-7.326]]],[[[131.336,-7.957],[131.338,-7.954],[131.34,-7.957],[131.336,-7.957]]],[[[131.362,-7.929],[131.359,-7.933],[131.356,-7.932],[131.362,-7.929]]],[[[131.456,-7.843],[131.454,-7.85],[131.446,-7.848],[131.456,-7.843]]],[[[131.428,-7.841],[131.44,-7.843],[131.441,-7.851],[131.428,-7.841]]],[[[131.62,-7.649],[131.621,-7.649],[131.621,-7.651],[131.62,-7.649]]],[[[131.227,-7.493],[131.324,-7.419],[131.344,-7.447],[131.355,-7.396],[131.382,-7.396],[131.366,-7.372],[131.393,-7.36],[131.386,-7.344],[131.452,-7.346],[131.433,-7.317],[131.446,-7.281],[131.457,-7.287],[131.482,-7.234],[131.535,-7.226],[131.518,-7.181],[131.532,-7.145],[131.654,-7.118],[131.65,-7.179],[131.71,-7.144],[131.691,-7.162],[131.719,-7.165],[131.718,-7.189],[131.743,-7.222],[131.653,-7.231],[131.632,-7.259],[131.652,-7.351],[131.681,-7.373],[131.678,-7.391],[131.648,-7.395],[131.658,-7.429],[131.707,-7.423],[131.668,-7.452],[131.672,-7.497],[131.65,-7.503],[131.667,-7.512],[131.621,-7.647],[131.584,-7.662],[131.553,-7.724],[131.484,-7.731],[131.48,-7.782],[131.452,-7.777],[131.461,-7.811],[131.431,-7.815],[131.363,-7.871],[131.361,-7.888],[131.381,-7.895],[131.344,-7.908],[131.327,-7.936],[131.355,-7.933],[131.331,-7.956],[131.342,-7.992],[131.292,-8.031],[131.286,-8.002],[131.306,-7.962],[131.293,-7.924],[131.232,-8.007],[131.102,-7.996],[131.119,-7.902],[131.103,-7.867],[131.096,-7.881],[131.103,-7.894],[131.079,-7.867],[131.107,-7.823],[131.136,-7.837],[131.151,-7.825],[131.143,-7.802],[131.115,-7.795],[131.136,-7.783],[131.112,-7.787],[131.155,-7.772],[131.131,-7.769],[131.142,-7.736],[131.117,-7.759],[131.125,-7.735],[131.118,-7.724],[131.106,-7.742],[131.122,-7.682],[131.171,-7.722],[131.231,-7.719],[131.249,-7.736],[131.273,-7.704],[131.239,-7.725],[131.211,-7.701],[131.186,-7.705],[131.156,-7.672],[131.195,-7.65],[131.173,-7.646],[131.201,-7.585],[131.184,-7.59],[131.227,-7.493]]],[[[131.387,-7.281],[131.383,-7.291],[131.381,-7.285],[131.387,-7.281]]],[[[131.395,-7.251],[131.409,-7.253],[131.404,-7.266],[131.395,-7.251]]],[[[131.374,-7.242],[131.376,-7.242],[131.375,-7.244],[131.374,-7.242]]],[[[131.458,-7.234],[131.471,-7.246],[131.454,-7.241],[131.458,-7.234]]],[[[131.711,-7.238],[131.714,-7.239],[131.713,-7.24],[131.711,-7.238]]],[[[131.475,-7.238],[131.48,-7.236],[131.48,-7.238],[131.475,-7.238]]],[[[131.406,-7.231],[131.38,-7.241],[131.365,-7.232],[131.389,-7.2],[131.406,-7.231]]],[[[131.405,-7.219],[131.405,-7.221],[131.403,-7.22],[131.405,-7.219]]],[[[131.493,-7.2],[131.452,-7.201],[131.487,-7.163],[131.493,-7.2]]],[[[131.504,-7.181],[131.5,-7.182],[131.501,-7.179],[131.504,-7.181]]],[[[131.721,-7.185],[131.728,-7.18],[131.724,-7.186],[131.721,-7.185]]],[[[131.714,-7.155],[131.754,-7.116],[131.918,-7.103],[131.987,-7.213],[131.95,-7.255],[131.909,-7.229],[131.901,-7.184],[131.872,-7.168],[131.779,-7.165],[131.763,-7.183],[131.727,-7.177],[131.714,-7.155]]],[[[131.495,-7.129],[131.5,-7.131],[131.494,-7.136],[131.495,-7.129]]],[[[131.483,-7.122],[131.475,-7.125],[131.479,-7.119],[131.483,-7.122]]],[[[131.612,-7.118],[131.615,-7.122],[131.612,-7.121],[131.612,-7.118]]],[[[131.446,-7.14],[131.432,-7.125],[131.444,-7.097],[131.454,-7.105],[131.446,-7.14]]],[[[131.467,-7.099],[131.463,-7.103],[131.463,-7.098],[131.467,-7.099]]],[[[131.654,-7.086],[131.647,-7.093],[131.655,-7.079],[131.654,-7.086]]],[[[131.433,-7.091],[131.432,-7.068],[131.446,-7.093],[131.433,-7.091]]],[[[131.989,-7.079],[131.987,-7.074],[131.992,-7.074],[131.989,-7.079]]],[[[131.565,-7.05],[131.561,-7.054],[131.563,-7.048],[131.565,-7.05]]],[[[132.009,-6.987],[131.958,-7.058],[131.909,-7.08],[131.919,-7.046],[132.009,-6.987]]],[[[131.591,-6.985],[131.593,-6.979],[131.594,-6.982],[131.591,-6.985]]],[[[131.605,-6.98],[131.608,-6.981],[131.605,-6.983],[131.605,-6.98]]],[[[131.586,-6.981],[131.576,-6.981],[131.577,-6.976],[131.586,-6.981]]],[[[131.595,-6.972],[131.596,-6.967],[131.598,-6.976],[131.595,-6.972]]],[[[131.515,-6.877],[131.488,-6.921],[131.459,-6.918],[131.474,-6.872],[131.515,-6.877]]],[[[131.528,-6.832],[131.509,-6.83],[131.537,-6.811],[131.528,-6.832]]],[[[131.624,-6.678],[131.6,-6.73],[131.577,-6.712],[131.563,-6.724],[131.565,-6.762],[131.593,-6.756],[131.575,-6.784],[131.52,-6.797],[131.518,-6.751],[131.562,-6.706],[131.564,-6.679],[131.624,-6.678]]],[[[131.596,-6.656],[131.591,-6.66],[131.588,-6.655],[131.596,-6.656]]]]}},{"type":"Feature","properties":{"k":"81.04"},"geometry":{"type":"MultiPolygon","coordinates":[[[[127.163,-3.824],[127.199,-3.815],[127.238,-3.84],[127.244,-3.874],[127.223,-3.905],[127.164,-3.889],[127.142,-3.853],[127.163,-3.824]]],[[[126.733,-3.858],[126.734,-3.856],[126.734,-3.858],[126.733,-3.858]]],[[[126.85,-3.815],[126.845,-3.809],[126.851,-3.813],[126.85,-3.815]]],[[[126.496,-3.779],[126.497,-3.782],[126.494,-3.781],[126.496,-3.779]]],[[[126.386,-3.718],[126.233,-3.619],[126.181,-3.612],[126.151,-3.525],[126.074,-3.478],[126.01,-3.367],[126.014,-3.309],[125.995,-3.291],[126.013,-3.291],[126.017,-3.175],[126.09,-3.112],[126.137,-3.163],[126.203,-3.186],[126.228,-3.179],[126.228,-3.138],[126.261,-3.132],[126.3,-3.093],[126.79,-3.059],[126.862,-3.092],[126.89,-3.127],[126.986,-3.139],[127.108,-3.226],[127.117,-3.281],[127.071,-3.261],[127.031,-3.274],[127.043,-3.33],[127.073,-3.324],[127.076,-3.373],[127.135,-3.379],[127.165,-3.336],[127.268,-3.387],[127.249,-3.45],[127.251,-3.594],[127.22,-3.663],[127.191,-3.677],[127.137,-3.661],[127.051,-3.689],[126.953,-3.772],[126.811,-3.805],[126.741,-3.857],[126.721,-3.846],[126.685,-3.861],[126.563,-3.793],[126.515,-3.795],[126.522,-3.782],[126.502,-3.786],[126.494,-3.772],[126.413,-3.732],[126.4,-3.709],[126.386,-3.718]]],[[[125.997,-3.252],[125.998,-3.227],[126.007,-3.217],[126.006,-3.242],[125.997,-3.252]]],[[[126.009,-3.202],[126.007,-3.21],[126.004,-3.207],[126.009,-3.202]]]]}},{"type":"Feature","properties":{"k":"81.05"},"geometry":{"type":"MultiPolygon","coordinates":[[[[130.047,-4.607],[130.03,-4.589],[130.041,-4.579],[130.047,-4.607]]],[[[129.686,-4.562],[129.678,-4.555],[129.693,-4.541],[129.686,-4.562]]],[[[129.933,-4.573],[129.868,-4.564],[129.861,-4.55],[129.92,-4.545],[129.946,-4.508],[129.951,-4.56],[129.933,-4.573]]],[[[129.699,-4.535],[129.695,-4.538],[129.696,-4.534],[129.699,-4.535]]],[[[129.785,-4.523],[129.769,-4.535],[129.765,-4.516],[129.785,-4.523]]],[[[129.878,-4.505],[129.892,-4.535],[129.866,-4.526],[129.878,-4.505]]],[[[129.907,-4.506],[129.904,-4.532],[129.895,-4.529],[129.901,-4.518],[129.892,-4.504],[129.907,-4.506]]],[[[129.886,-4.503],[129.888,-4.504],[129.886,-4.504],[129.886,-4.503]]],[[[129.936,-4.5],[129.938,-4.495],[129.937,-4.5],[129.936,-4.5]]],[[[129.707,-4.327],[129.707,-4.323],[129.709,-4.324],[129.707,-4.327]]],[[[130.896,-3.888],[130.902,-3.878],[130.903,-3.882],[130.896,-3.888]]],[[[130.857,-3.868],[130.861,-3.874],[130.856,-3.868],[130.857,-3.868]]],[[[130.719,-3.845],[130.717,-3.847],[130.718,-3.844],[130.719,-3.845]]],[[[130.873,-3.527],[130.868,-3.529],[130.869,-3.525],[130.873,-3.527]]],[[[130.816,-3.471],[130.814,-3.473],[130.813,-3.472],[130.816,-3.471]]],[[[130.83,-3.471],[130.827,-3.472],[130.827,-3.472],[130.83,-3.471]]],[[[129.905,-3.163],[129.986,-3.163],[130.017,-2.985],[130.051,-3.005],[130.17,-2.988],[130.183,-3.01],[130.279,-2.975],[130.352,-2.974],[130.44,-3.031],[130.445,-3.061],[130.48,-3.073],[130.495,-3.103],[130.578,-3.124],[130.632,-3.239],[130.632,-3.33],[130.664,-3.401],[130.804,-3.406],[130.838,-3.455],[130.836,-3.469],[130.816,-3.467],[130.808,-3.474],[130.806,-3.487],[130.882,-3.594],[130.875,-3.624],[130.833,-3.658],[130.822,-3.703],[130.821,-3.833],[130.847,-3.874],[130.796,-3.862],[130.805,-3.853],[130.768,-3.829],[130.754,-3.838],[130.619,-3.792],[130.567,-3.72],[130.484,-3.707],[130.414,-3.631],[130.328,-3.615],[130.298,-3.587],[130.133,-3.533],[130.098,-3.501],[130.017,-3.483],[129.971,-3.426],[129.957,-3.356],[129.815,-3.322],[129.905,-3.163]]],[[[130.78,-3.298],[130.804,-3.328],[130.77,-3.326],[130.78,-3.298]]],[[[130.764,-3.307],[130.764,-3.308],[130.762,-3.31],[130.764,-3.307]]],[[[131.866,-4.756],[131.866,-4.762],[131.864,-4.759],[131.866,-4.756]]],[[[131.758,-4.728],[131.741,-4.788],[131.728,-4.701],[131.758,-4.728]]],[[[131.704,-4.611],[131.689,-4.594],[131.692,-4.585],[131.704,-4.597],[131.704,-4.611]]],[[[131.788,-4.544],[131.788,-4.546],[131.783,-4.542],[131.788,-4.544]]],[[[131.608,-4.425],[131.681,-4.505],[131.68,-4.54],[131.651,-4.531],[131.608,-4.425]]],[[[131.607,-4.405],[131.591,-4.409],[131.578,-4.379],[131.607,-4.405]]],[[[131.558,-4.348],[131.554,-4.344],[131.558,-4.344],[131.558,-4.348]]],[[[131.292,-4.072],[131.377,-4.128],[131.401,-4.172],[131.299,-4.127],[131.273,-4.077],[131.292,-4.072]]],[[[131.244,-4.004],[131.243,-4.056],[131.219,-4.036],[131.207,-3.979],[131.244,-4.004]]],[[[131.423,-3.951],[131.447,-4.04],[131.438,-4.079],[131.418,-4.072],[131.367,-3.974],[131.423,-3.951]]],[[[131.202,-3.923],[131.205,-3.926],[131.2,-3.925],[131.202,-3.923]]],[[[131.171,-3.919],[131.182,-3.92],[131.165,-3.919],[131.171,-3.919]]],[[[131.093,-3.917],[131.09,-3.915],[131.097,-3.916],[131.093,-3.917]]],[[[131.048,-3.91],[131.048,-3.917],[131.045,-3.917],[131.048,-3.91]]],[[[131.058,-3.906],[131.054,-3.909],[131.053,-3.909],[131.058,-3.906]]],[[[130.989,-3.9],[130.994,-3.899],[130.996,-3.9],[130.989,-3.9]]],[[[130.948,-3.883],[130.923,-3.907],[130.911,-3.9],[130.933,-3.868],[130.948,-3.883]]],[[[130.964,-3.882],[130.958,-3.878],[130.96,-3.875],[130.964,-3.882]]],[[[131.06,-3.644],[131.061,-3.642],[131.062,-3.642],[131.06,-3.644]]]]}},{"type":"Feature","properties":{"k":"81.06"},"geometry":{"type":"MultiPolygon","coordinates":[[[[127.59,-3.362],[127.588,-3.354],[127.59,-3.355],[127.59,-3.362]]],[[[127.617,-3.369],[127.596,-3.348],[127.509,-3.33],[127.487,-3.299],[127.526,-3.281],[127.525,-3.259],[127.531,-3.266],[127.562,-3.265],[127.572,-3.256],[127.658,-3.354],[127.617,-3.369]]],[[[127.474,-3.301],[127.475,-3.302],[127.471,-3.304],[127.474,-3.301]]],[[[127.614,-3.297],[127.615,-3.301],[127.612,-3.3],[127.614,-3.297]]],[[[127.532,-3.262],[127.536,-3.256],[127.538,-3.258],[127.532,-3.262]]],[[[127.56,-3.262],[127.542,-3.253],[127.549,-3.246],[127.56,-3.262]]],[[[127.638,-3.226],[127.72,-3.159],[127.772,-3.156],[127.78,-3.17],[127.799,-3.181],[127.795,-3.253],[127.706,-3.26],[127.638,-3.226]]],[[[127.835,-3.156],[127.804,-3.157],[127.806,-3.172],[127.775,-3.157],[127.835,-3.156]]],[[[127.931,-3.101],[127.93,-3.103],[127.928,-3.101],[127.931,-3.101]]],[[[127.865,-3.008],[127.878,-2.96],[127.894,-2.959],[127.914,-2.95],[127.925,-2.934],[127.941,-2.94],[127.921,-2.912],[128.002,-2.935],[127.915,-3.039],[127.828,-3.034],[127.865,-3.008]]],[[[127.866,-2.965],[127.867,-2.961],[127.869,-2.963],[127.866,-2.965]]],[[[127.919,-2.922],[127.89,-2.957],[127.874,-2.957],[127.919,-2.922]]],[[[127.909,-2.924],[127.883,-2.925],[127.911,-2.918],[127.909,-2.924]]],[[[128.144,-3.31],[128.138,-3.314],[128.148,-3.301],[128.144,-3.31]]],[[[128.205,-3.225],[128.203,-3.226],[128.204,-3.223],[128.205,-3.225]]],[[[128.173,-3.229],[128.155,-3.232],[128.17,-3.216],[128.173,-3.229]]],[[[128.723,-3.072],[128.662,-3.072],[128.628,-3.092],[128.73,-3.308],[128.672,-3.37],[128.697,-3.415],[128.673,-3.433],[128.595,-3.427],[128.47,-3.46],[128.404,-3.427],[128.269,-3.204],[128.221,-3.217],[128.194,-3.2],[128.203,-3.218],[128.179,-3.228],[128.158,-3.161],[128.194,-3.142],[128.2,-3.079],[128.154,-3.07],[128.084,-3.145],[128.055,-3.34],[128.017,-3.381],[127.986,-3.38],[127.946,-3.467],[127.96,-3.528],[127.921,-3.569],[127.895,-3.489],[127.943,-3.352],[127.888,-3.272],[127.872,-3.19],[127.837,-3.158],[127.912,-3.151],[127.952,-3.107],[127.984,-3.107],[127.999,-3.071],[128.001,-3.083],[128.114,-3.063],[128.087,-3.021],[128.122,-3.001],[128.118,-2.971],[128.079,-2.987],[128.071,-2.973],[128.134,-2.936],[128.129,-2.905],[128.165,-2.882],[128.162,-2.864],[128.397,-2.87],[128.508,-2.833],[128.561,-2.853],[128.662,-2.839],[128.708,-2.862],[128.753,-2.85],[128.756,-3.014],[128.723,-3.072]]],[[[127.939,-3.119],[127.936,-3.118],[127.938,-3.116],[127.939,-3.119]]],[[[127.933,-3.108],[127.935,-3.107],[127.935,-3.11],[127.933,-3.108]]],[[[127.945,-3.1],[127.945,-3.097],[127.946,-3.097],[127.945,-3.1]]],[[[128.083,-3.056],[128.079,-3.056],[128.081,-3.052],[128.083,-3.056]]],[[[128.088,-3.049],[128.091,-3.046],[128.09,-3.054],[128.088,-3.049]]],[[[128.074,-3.037],[128.074,-3.033],[128.076,-3.035],[128.074,-3.037]]],[[[128.079,-3.022],[128.072,-3.024],[128.072,-3.023],[128.079,-3.022]]],[[[128.086,-3.021],[128.083,-3.023],[128.083,-3.021],[128.086,-3.021]]],[[[128.05,-3.001],[128.058,-3.01],[128.051,-3.019],[128.05,-3.001]]]]}},{"type":"Feature","properties":{"k":"81.07"},"geometry":{"type":"MultiPolygon","coordinates":[[[[134.189,-6.833],[134.188,-6.833],[134.186,-6.831],[134.189,-6.833]]],[[[134.181,-6.826],[134.178,-6.83],[134.177,-6.825],[134.181,-6.826]]],[[[134.286,-6.64],[134.282,-6.645],[134.282,-6.644],[134.286,-6.64]]],[[[134.287,-6.288],[134.267,-6.316],[134.304,-6.293],[134.309,-6.305],[134.297,-6.321],[134.294,-6.342],[134.299,-6.361],[134.339,-6.387],[134.326,-6.409],[134.362,-6.391],[134.366,-6.409],[134.405,-6.398],[134.435,-6.443],[134.461,-6.434],[134.479,-6.488],[134.504,-6.522],[134.476,-6.543],[134.497,-6.55],[134.489,-6.567],[134.481,-6.57],[134.472,-6.564],[134.466,-6.566],[134.5,-6.586],[134.525,-6.574],[134.531,-6.589],[134.464,-6.681],[134.429,-6.647],[134.402,-6.673],[134.432,-6.658],[134.43,-6.676],[134.448,-6.694],[134.389,-6.732],[134.403,-6.756],[134.365,-6.8],[134.359,-6.8],[134.34,-6.813],[134.332,-6.811],[134.342,-6.815],[134.354,-6.809],[134.349,-6.82],[134.351,-6.829],[134.36,-6.806],[134.374,-6.821],[134.332,-6.862],[134.214,-6.906],[134.198,-6.942],[134.15,-6.87],[134.166,-6.886],[134.151,-6.85],[134.176,-6.857],[134.191,-6.849],[134.193,-6.835],[134.181,-6.825],[134.17,-6.822],[134.191,-6.846],[134.151,-6.847],[134.147,-6.852],[134.15,-6.866],[134.095,-6.85],[134.052,-6.774],[134.084,-6.695],[134.115,-6.449],[134.137,-6.482],[134.181,-6.484],[134.145,-6.538],[134.199,-6.485],[134.234,-6.614],[134.26,-6.642],[134.278,-6.641],[134.28,-6.659],[134.292,-6.664],[134.281,-6.649],[134.297,-6.633],[134.261,-6.639],[134.236,-6.611],[134.218,-6.547],[134.233,-6.51],[134.196,-6.466],[134.216,-6.445],[134.184,-6.458],[134.216,-6.428],[134.199,-6.425],[134.14,-6.463],[134.116,-6.417],[134.138,-6.317],[134.118,-6.243],[134.137,-6.246],[134.096,-6.167],[134.134,-6.168],[134.167,-6.214],[134.223,-6.222],[134.287,-6.288]]],[[[134.216,-6.545],[134.213,-6.532],[134.226,-6.517],[134.216,-6.545]]],[[[134.216,-6.524],[134.212,-6.526],[134.217,-6.522],[134.216,-6.524]]],[[[134.214,-6.518],[134.214,-6.522],[134.21,-6.525],[134.214,-6.518]]],[[[134.173,-6.464],[134.183,-6.467],[134.174,-6.47],[134.173,-6.464]]],[[[134.209,-6.431],[134.212,-6.431],[134.21,-6.433],[134.209,-6.431]]],[[[134.34,-6.394],[134.345,-6.397],[134.34,-6.398],[134.34,-6.394]]],[[[134.346,-6.366],[134.344,-6.367],[134.345,-6.364],[134.346,-6.366]]],[[[134.326,-6.359],[134.326,-6.363],[134.324,-6.362],[134.326,-6.359]]],[[[134.331,-6.362],[134.342,-6.357],[134.335,-6.367],[134.331,-6.362]]],[[[134.344,-6.354],[134.342,-6.359],[134.343,-6.354],[134.344,-6.354]]],[[[134.35,-6.351],[134.349,-6.356],[134.347,-6.355],[134.35,-6.351]]],[[[134.308,-6.352],[134.305,-6.354],[134.304,-6.347],[134.308,-6.352]]],[[[134.347,-6.349],[134.349,-6.347],[134.348,-6.349],[134.347,-6.349]]],[[[134.328,-6.344],[134.333,-6.349],[134.33,-6.351],[134.328,-6.344]]],[[[134.308,-6.343],[134.304,-6.346],[134.305,-6.343],[134.308,-6.343]]],[[[134.298,-6.346],[134.297,-6.33],[134.301,-6.336],[134.298,-6.346]]],[[[134.321,-6.362],[134.304,-6.331],[134.297,-6.328],[134.326,-6.289],[134.339,-6.318],[134.321,-6.362]]],[[[134.354,-6.3],[134.344,-6.324],[134.34,-6.325],[134.344,-6.313],[134.354,-6.3]]],[[[134.313,-6.299],[134.309,-6.282],[134.316,-6.3],[134.313,-6.299]]],[[[134.328,-6.289],[134.329,-6.291],[134.327,-6.289],[134.328,-6.289]]],[[[134.322,-6.288],[134.311,-6.283],[134.314,-6.278],[134.315,-6.283],[134.322,-6.288]]],[[[134.308,-6.281],[134.307,-6.287],[134.304,-6.283],[134.308,-6.281]]],[[[134.294,-6.286],[134.22,-6.195],[134.164,-6.188],[134.199,-6.128],[134.181,-6.122],[134.151,-6.151],[134.116,-6.107],[134.123,-6.039],[134.152,-6.004],[134.161,-6.039],[134.227,-6.016],[134.246,-6.073],[134.28,-6.061],[134.244,-6.095],[134.233,-6.126],[134.27,-6.148],[134.275,-6.172],[134.284,-6.159],[134.304,-6.17],[134.326,-6.233],[134.332,-6.233],[134.338,-6.226],[134.349,-6.229],[134.359,-6.224],[134.357,-6.238],[134.366,-6.253],[134.386,-6.242],[134.393,-6.258],[134.423,-6.281],[134.343,-6.343],[134.361,-6.305],[134.354,-6.299],[134.339,-6.315],[134.33,-6.293],[134.338,-6.291],[134.334,-6.282],[134.33,-6.291],[134.328,-6.288],[134.317,-6.282],[134.315,-6.276],[134.294,-6.286]]],[[[134.336,-6.228],[134.334,-6.23],[134.335,-6.227],[134.336,-6.228]]],[[[134.351,-6.226],[134.35,-6.228],[134.347,-6.227],[134.351,-6.226]]],[[[134.344,-6.224],[134.349,-6.225],[134.347,-6.227],[134.344,-6.224]]],[[[134.323,-6.219],[134.335,-6.223],[134.329,-6.232],[134.323,-6.219]]],[[[134.34,-6.212],[134.336,-6.211],[134.34,-6.21],[134.34,-6.212]]],[[[134.207,-6.205],[134.225,-6.204],[134.222,-6.218],[134.207,-6.205]]],[[[134.313,-6.193],[134.313,-6.189],[134.314,-6.19],[134.313,-6.193]]],[[[134.314,-6.185],[134.314,-6.187],[134.312,-6.186],[134.314,-6.185]]],[[[134.311,-6.185],[134.307,-6.173],[134.31,-6.171],[134.311,-6.185]]],[[[134.269,-6.139],[134.281,-6.122],[134.286,-6.142],[134.269,-6.139]]],[[[134.243,-6.112],[134.246,-6.114],[134.242,-6.116],[134.243,-6.112]]],[[[134.174,-5.923],[134.17,-5.916],[134.181,-5.92],[134.174,-5.923]]],[[[134.323,-5.863],[134.317,-5.862],[134.32,-5.859],[134.323,-5.863]]],[[[134.313,-5.844],[134.303,-5.832],[134.315,-5.832],[134.313,-5.844]]],[[[134.238,-5.764],[134.252,-5.82],[134.198,-5.831],[134.196,-5.752],[134.238,-5.764]]],[[[134.321,-5.771],[134.322,-5.78],[134.313,-5.776],[134.321,-5.771]]],[[[134.331,-5.775],[134.326,-5.775],[134.331,-5.772],[134.331,-5.775]]],[[[134.327,-5.768],[134.325,-5.771],[134.323,-5.77],[134.327,-5.768]]],[[[134.245,-5.768],[134.244,-5.77],[134.243,-5.766],[134.245,-5.768]]],[[[134.338,-5.696],[134.337,-5.704],[134.331,-5.694],[134.338,-5.696]]],[[[134.244,-5.627],[134.305,-5.564],[134.347,-5.576],[134.278,-5.646],[134.244,-5.627]]],[[[134.286,-5.521],[134.255,-5.554],[134.252,-5.489],[134.273,-5.485],[134.286,-5.521]]],[[[134.479,-6.832],[134.483,-6.834],[134.482,-6.837],[134.479,-6.832]]],[[[134.359,-6.802],[134.358,-6.806],[134.356,-6.805],[134.359,-6.802]]],[[[134.417,-6.781],[134.419,-6.784],[134.418,-6.785],[134.417,-6.781]]],[[[134.414,-6.736],[134.414,-6.731],[134.416,-6.732],[134.414,-6.736]]],[[[134.446,-6.719],[134.442,-6.728],[134.439,-6.723],[134.446,-6.719]]],[[[134.47,-6.706],[134.468,-6.7],[134.471,-6.699],[134.47,-6.706]]],[[[134.449,-6.69],[134.458,-6.69],[134.453,-6.696],[134.449,-6.69]]],[[[134.434,-6.674],[134.438,-6.671],[134.438,-6.675],[134.434,-6.674]]],[[[134.437,-6.662],[134.441,-6.662],[134.439,-6.666],[134.437,-6.662]]],[[[134.48,-6.471],[134.481,-6.475],[134.479,-6.475],[134.48,-6.471]]],[[[134.475,-6.456],[134.482,-6.466],[134.482,-6.471],[134.475,-6.456]]],[[[134.435,-6.44],[134.436,-6.438],[134.437,-6.439],[134.435,-6.44]]],[[[134.463,-6.435],[134.468,-6.433],[134.464,-6.438],[134.463,-6.435]]],[[[134.453,-6.431],[134.451,-6.434],[134.45,-6.433],[134.453,-6.431]]],[[[134.427,-6.422],[134.425,-6.426],[134.425,-6.424],[134.427,-6.422]]],[[[134.347,-6.395],[134.351,-6.396],[134.348,-6.397],[134.347,-6.395]]],[[[134.367,-6.395],[134.364,-6.401],[134.365,-6.39],[134.367,-6.395]]],[[[134.37,-6.388],[134.367,-6.387],[134.369,-6.385],[134.37,-6.388]]],[[[134.36,-6.384],[134.35,-6.382],[134.352,-6.379],[134.36,-6.384]]],[[[134.359,-6.37],[134.36,-6.376],[134.358,-6.377],[134.359,-6.37]]],[[[134.351,-6.355],[134.361,-6.362],[134.349,-6.367],[134.351,-6.355]]],[[[134.381,-6.316],[134.383,-6.316],[134.38,-6.318],[134.381,-6.316]]],[[[134.435,-6.272],[134.441,-6.279],[134.433,-6.281],[134.435,-6.272]]],[[[134.426,-6.284],[134.427,-6.265],[134.432,-6.282],[134.426,-6.284]]],[[[134.435,-6.264],[134.442,-6.268],[134.431,-6.264],[134.435,-6.264]]],[[[134.46,-6.261],[134.458,-6.267],[134.456,-6.265],[134.46,-6.261]]],[[[134.399,-6.259],[134.412,-6.251],[134.421,-6.26],[134.399,-6.259]]],[[[134.398,-6.255],[134.393,-6.253],[134.396,-6.25],[134.398,-6.255]]],[[[134.446,-6.264],[134.428,-6.24],[134.435,-6.233],[134.438,-6.241],[134.443,-6.245],[134.446,-6.264]]],[[[134.394,-6.241],[134.403,-6.248],[134.399,-6.251],[134.394,-6.241]]],[[[134.44,-6.263],[134.4,-6.238],[134.417,-6.224],[134.44,-6.263]]],[[[134.361,-6.233],[134.368,-6.25],[134.358,-6.24],[134.361,-6.233]]],[[[134.439,-6.239],[134.44,-6.241],[134.438,-6.24],[134.439,-6.239]]],[[[134.363,-6.23],[134.382,-6.239],[134.371,-6.248],[134.363,-6.23]]],[[[134.382,-6.235],[134.379,-6.232],[134.382,-6.229],[134.382,-6.235]]],[[[134.36,-6.229],[134.361,-6.232],[134.36,-6.232],[134.36,-6.229]]],[[[134.426,-6.229],[134.431,-6.228],[134.431,-6.232],[134.426,-6.229]]],[[[134.431,-6.227],[134.436,-6.227],[134.432,-6.23],[134.431,-6.227]]],[[[134.383,-6.223],[134.386,-6.226],[134.384,-6.229],[134.383,-6.223]]],[[[134.425,-6.224],[134.425,-6.227],[134.424,-6.226],[134.425,-6.224]]],[[[134.434,-6.224],[134.437,-6.224],[134.429,-6.224],[134.434,-6.224]]],[[[134.425,-6.219],[134.424,-6.224],[134.42,-6.221],[134.425,-6.219]]],[[[134.365,-6.219],[134.362,-6.22],[134.363,-6.218],[134.365,-6.219]]],[[[134.361,-6.216],[134.361,-6.219],[134.36,-6.218],[134.361,-6.216]]],[[[134.369,-6.218],[134.367,-6.219],[134.367,-6.213],[134.369,-6.218]]],[[[134.359,-6.214],[134.359,-6.217],[134.356,-6.214],[134.359,-6.214]]],[[[134.365,-6.216],[134.362,-6.213],[134.365,-6.211],[134.365,-6.216]]],[[[134.486,-5.53],[134.476,-5.521],[134.486,-5.518],[134.486,-5.53]]],[[[134.468,-5.462],[134.466,-5.443],[134.495,-5.423],[134.484,-5.446],[134.486,-5.448],[134.468,-5.462]]],[[[134.478,-5.377],[134.467,-5.372],[134.472,-5.367],[134.478,-5.377]]],[[[134.49,-7.063],[134.533,-7.075],[134.523,-7.101],[134.472,-7.088],[134.49,-7.063]]],[[[134.53,-6.948],[134.49,-6.953],[134.488,-6.943],[134.511,-6.93],[134.53,-6.948]]],[[[134.522,-6.907],[134.542,-6.903],[134.548,-6.91],[134.527,-6.92],[134.522,-6.907]]],[[[134.529,-6.783],[134.532,-6.784],[134.53,-6.786],[134.529,-6.783]]],[[[134.554,-6.753],[134.511,-6.774],[134.531,-6.76],[134.535,-6.747],[134.554,-6.753]]],[[[134.528,-6.761],[134.521,-6.752],[134.532,-6.754],[134.528,-6.761]]],[[[134.506,-6.71],[134.53,-6.748],[134.479,-6.76],[134.506,-6.71]]],[[[134.473,-6.695],[134.487,-6.683],[134.497,-6.685],[134.484,-6.71],[134.473,-6.695]]],[[[134.529,-6.689],[134.516,-6.711],[134.491,-6.705],[134.512,-6.662],[134.529,-6.689]]],[[[134.528,-6.661],[134.532,-6.659],[134.53,-6.664],[134.528,-6.661]]],[[[134.583,-6.61],[134.601,-6.598],[134.606,-6.603],[134.591,-6.631],[134.583,-6.61]]],[[[134.485,-6.57],[134.487,-6.569],[134.487,-6.57],[134.485,-6.57]]],[[[134.551,-6.544],[134.553,-6.543],[134.552,-6.545],[134.551,-6.544]]],[[[134.559,-6.536],[134.551,-6.541],[134.55,-6.536],[134.559,-6.536]]],[[[134.561,-6.543],[134.578,-6.508],[134.593,-6.522],[134.561,-6.543]]],[[[134.563,-6.534],[134.562,-6.535],[134.561,-6.535],[134.563,-6.534]]],[[[134.556,-6.523],[134.554,-6.529],[134.554,-6.525],[134.556,-6.523]]],[[[134.553,-6.534],[134.565,-6.515],[134.571,-6.489],[134.576,-6.486],[134.58,-6.477],[134.583,-6.476],[134.583,-6.496],[134.553,-6.534]]],[[[134.575,-6.483],[134.575,-6.486],[134.573,-6.485],[134.575,-6.483]]],[[[134.576,-6.481],[134.573,-6.481],[134.578,-6.476],[134.576,-6.481]]],[[[134.48,-6.457],[134.491,-6.46],[134.485,-6.468],[134.48,-6.457]]],[[[134.456,-6.427],[134.438,-6.438],[134.431,-6.418],[134.406,-6.397],[134.368,-6.397],[134.384,-6.374],[134.364,-6.378],[134.362,-6.35],[134.376,-6.321],[134.453,-6.274],[134.478,-6.3],[134.503,-6.303],[134.523,-6.336],[134.533,-6.341],[134.526,-6.359],[134.536,-6.343],[134.599,-6.388],[134.611,-6.433],[134.598,-6.462],[134.549,-6.475],[134.574,-6.483],[134.547,-6.537],[134.517,-6.531],[134.504,-6.496],[134.481,-6.489],[134.506,-6.421],[134.482,-6.448],[134.469,-6.429],[134.456,-6.427]]],[[[134.533,-6.332],[134.527,-6.337],[134.523,-6.329],[134.533,-6.332]]],[[[134.544,-6.332],[134.523,-6.325],[134.544,-6.303],[134.538,-6.321],[134.544,-6.332]]],[[[134.52,-6.318],[134.511,-6.283],[134.492,-6.284],[134.478,-6.298],[134.458,-6.268],[134.469,-6.261],[134.461,-6.259],[134.447,-6.264],[134.447,-6.238],[134.434,-6.23],[134.448,-6.231],[134.454,-6.224],[134.424,-6.218],[134.396,-6.235],[134.384,-6.221],[134.373,-6.229],[134.371,-6.214],[134.366,-6.209],[134.359,-6.209],[134.348,-6.221],[134.341,-6.209],[134.334,-6.211],[134.313,-6.173],[134.283,-6.146],[134.288,-6.138],[134.289,-6.128],[134.271,-6.089],[134.291,-6.071],[134.283,-6.045],[134.327,-6.023],[134.347,-6.044],[134.382,-6.02],[134.418,-6.025],[134.428,-6.021],[134.439,-6.014],[134.466,-5.978],[134.469,-5.96],[134.489,-5.96],[134.506,-5.949],[134.535,-5.919],[134.596,-5.944],[134.577,-5.974],[134.569,-5.968],[134.553,-5.974],[134.569,-5.982],[134.569,-5.978],[134.577,-5.976],[134.584,-5.971],[134.608,-5.944],[134.659,-5.945],[134.646,-5.973],[134.658,-5.963],[134.721,-6.022],[134.698,-6.034],[134.689,-6.055],[134.728,-6.024],[134.737,-6.057],[134.751,-6.046],[134.774,-6.078],[134.763,-6.087],[134.782,-6.093],[134.732,-6.161],[134.7,-6.142],[134.712,-6.175],[134.678,-6.191],[134.768,-6.159],[134.73,-6.301],[134.702,-6.302],[134.728,-6.307],[134.722,-6.327],[134.629,-6.379],[134.57,-6.341],[134.576,-6.354],[134.548,-6.351],[134.542,-6.338],[134.546,-6.331],[134.54,-6.319],[134.563,-6.291],[134.52,-6.318]]],[[[134.494,-6.295],[134.49,-6.298],[134.492,-6.294],[134.494,-6.295]]],[[[134.492,-6.293],[134.489,-6.296],[134.488,-6.292],[134.492,-6.293]]],[[[134.502,-6.289],[134.505,-6.289],[134.502,-6.294],[134.502,-6.289]]],[[[134.599,-5.944],[134.598,-5.949],[134.597,-5.946],[134.599,-5.944]]],[[[134.604,-5.943],[134.603,-5.946],[134.603,-5.944],[134.604,-5.943]]],[[[134.335,-5.727],[134.37,-5.706],[134.355,-5.686],[134.415,-5.641],[134.453,-5.532],[134.489,-5.574],[134.48,-5.558],[134.504,-5.532],[134.504,-5.555],[134.513,-5.564],[134.528,-5.565],[134.537,-5.632],[134.546,-5.651],[134.573,-5.657],[134.576,-5.677],[134.615,-5.725],[134.638,-5.714],[134.649,-5.728],[134.661,-5.725],[134.654,-5.747],[134.676,-5.772],[134.689,-5.777],[134.691,-5.798],[134.697,-5.807],[134.714,-5.817],[134.697,-5.841],[134.673,-5.844],[134.67,-5.851],[134.698,-5.843],[134.705,-5.832],[134.769,-5.853],[134.759,-5.867],[134.772,-5.889],[134.739,-5.909],[134.737,-5.882],[134.71,-5.89],[134.702,-5.911],[134.75,-5.941],[134.732,-5.94],[134.745,-5.967],[134.713,-5.978],[134.67,-5.923],[134.637,-5.929],[134.634,-5.867],[134.609,-5.939],[134.587,-5.935],[134.625,-5.876],[134.625,-5.858],[134.586,-5.933],[134.534,-5.917],[134.468,-5.958],[134.431,-6.018],[134.379,-6.016],[134.356,-6.033],[134.324,-6.018],[134.302,-6.02],[134.336,-5.947],[134.298,-5.927],[134.298,-5.898],[134.316,-5.904],[134.337,-5.882],[134.332,-5.859],[134.371,-5.848],[134.369,-5.803],[134.423,-5.786],[134.443,-5.801],[134.425,-5.784],[134.396,-5.789],[134.368,-5.769],[134.334,-5.798],[134.322,-5.786],[134.336,-5.771],[134.325,-5.759],[134.306,-5.765],[134.314,-5.752],[134.26,-5.759],[134.211,-5.719],[134.251,-5.662],[134.335,-5.727]]],[[[134.509,-5.525],[134.498,-5.509],[134.514,-5.514],[134.509,-5.525]]],[[[134.493,-5.487],[134.501,-5.42],[134.56,-5.449],[134.556,-5.435],[134.577,-5.44],[134.572,-5.418],[134.603,-5.425],[134.606,-5.471],[134.611,-5.421],[134.649,-5.44],[134.655,-5.495],[134.666,-5.481],[134.684,-5.506],[134.706,-5.516],[134.699,-5.548],[134.675,-5.539],[134.699,-5.568],[134.649,-5.56],[134.623,-5.582],[134.61,-5.567],[134.553,-5.558],[134.531,-5.569],[134.523,-5.556],[134.514,-5.562],[134.519,-5.511],[134.486,-5.492],[134.529,-5.49],[134.532,-5.484],[134.518,-5.48],[134.493,-5.487]]],[[[134.519,-5.486],[134.516,-5.486],[134.518,-5.484],[134.519,-5.486]]],[[[134.56,-5.429],[134.56,-5.425],[134.564,-5.427],[134.56,-5.429]]],[[[134.598,-5.415],[134.592,-5.421],[134.592,-5.416],[134.598,-5.415]]],[[[134.592,-5.394],[134.592,-5.405],[134.578,-5.4],[134.592,-5.394]]],[[[134.567,-5.398],[134.565,-5.4],[134.565,-5.397],[134.567,-5.398]]],[[[134.596,-5.391],[134.611,-5.382],[134.62,-5.399],[134.608,-5.408],[134.596,-5.391]]],[[[134.599,-5.389],[134.595,-5.383],[134.604,-5.383],[134.599,-5.389]]],[[[134.601,-5.358],[134.571,-5.396],[134.56,-5.389],[134.578,-5.362],[134.601,-5.358]]],[[[134.608,-5.369],[134.611,-5.374],[134.605,-5.374],[134.608,-5.369]]],[[[134.603,-5.351],[134.581,-5.352],[134.542,-5.41],[134.502,-5.389],[134.559,-5.329],[134.59,-5.33],[134.603,-5.351]]],[[[134.518,-5.332],[134.513,-5.346],[134.511,-5.345],[134.518,-5.332]]],[[[134.538,-5.335],[134.541,-5.339],[134.538,-5.338],[134.538,-5.335]]],[[[134.535,-5.332],[134.534,-5.336],[134.53,-5.333],[134.535,-5.332]]],[[[134.675,-7.024],[134.678,-7.004],[134.689,-7.019],[134.675,-7.024]]],[[[134.585,-6.884],[134.609,-6.89],[134.634,-6.855],[134.645,-6.867],[134.662,-6.844],[134.684,-6.856],[134.607,-6.904],[134.585,-6.884]]],[[[134.687,-6.86],[134.704,-6.872],[134.748,-6.861],[134.75,-6.873],[134.76,-6.852],[134.757,-6.87],[134.744,-6.877],[134.701,-6.874],[134.687,-6.86]]],[[[134.699,-6.862],[134.703,-6.863],[134.702,-6.864],[134.699,-6.862]]],[[[134.693,-6.857],[134.696,-6.862],[134.693,-6.861],[134.693,-6.857]]],[[[134.641,-6.857],[134.647,-6.86],[134.642,-6.862],[134.641,-6.857]]],[[[134.64,-6.848],[134.646,-6.848],[134.642,-6.851],[134.64,-6.848]]],[[[134.754,-6.611],[134.74,-6.702],[134.709,-6.725],[134.705,-6.709],[134.706,-6.725],[134.714,-6.73],[134.685,-6.777],[134.653,-6.78],[134.623,-6.757],[134.625,-6.712],[134.673,-6.663],[134.686,-6.594],[134.723,-6.583],[134.754,-6.611]]],[[[134.764,-6.602],[134.76,-6.603],[134.761,-6.6],[134.764,-6.602]]],[[[134.759,-6.598],[134.76,-6.6],[134.758,-6.6],[134.759,-6.598]]],[[[134.729,-6.585],[134.739,-6.593],[134.742,-6.596],[134.729,-6.585]]],[[[134.71,-6.56],[134.709,-6.563],[134.707,-6.56],[134.71,-6.56]]],[[[134.729,-6.57],[134.708,-6.559],[134.718,-6.547],[134.73,-6.548],[134.729,-6.57]]],[[[134.764,-6.529],[134.729,-6.544],[134.723,-6.542],[134.672,-6.557],[134.642,-6.476],[134.692,-6.442],[134.732,-6.468],[134.72,-6.493],[134.734,-6.473],[134.764,-6.529]]],[[[134.597,-6.517],[134.579,-6.507],[134.585,-6.497],[134.587,-6.478],[134.634,-6.449],[134.626,-6.502],[134.597,-6.517]]],[[[134.611,-6.454],[134.608,-6.457],[134.609,-6.454],[134.611,-6.454]]],[[[134.742,-6.434],[134.732,-6.384],[134.753,-6.359],[134.755,-6.417],[134.742,-6.434]]],[[[134.682,-5.962],[134.679,-5.962],[134.678,-5.96],[134.682,-5.962]]],[[[134.69,-5.961],[134.684,-5.964],[134.679,-5.958],[134.69,-5.961]]],[[[134.749,-5.951],[134.742,-5.957],[134.74,-5.95],[134.749,-5.951]]],[[[134.657,-5.93],[134.66,-5.934],[134.656,-5.934],[134.657,-5.93]]],[[[134.634,-5.931],[134.613,-5.934],[134.628,-5.909],[134.634,-5.931]]],[[[134.72,-5.912],[134.721,-5.914],[134.718,-5.912],[134.72,-5.912]]],[[[134.763,-5.825],[134.762,-5.828],[134.762,-5.825],[134.763,-5.825]]],[[[134.742,-5.808],[134.742,-5.806],[134.744,-5.809],[134.742,-5.808]]],[[[134.741,-5.797],[134.761,-5.799],[134.75,-5.809],[134.741,-5.797]]],[[[134.75,-5.78],[134.75,-5.782],[134.748,-5.78],[134.75,-5.78]]],[[[134.675,-5.727],[134.72,-5.748],[134.726,-5.748],[134.733,-5.738],[134.741,-5.74],[134.736,-5.806],[134.698,-5.805],[134.691,-5.778],[134.656,-5.747],[134.675,-5.727]]],[[[134.724,-5.743],[134.722,-5.747],[134.719,-5.745],[134.724,-5.743]]],[[[134.736,-5.703],[134.716,-5.742],[134.637,-5.711],[134.616,-5.723],[134.573,-5.653],[134.547,-5.649],[134.531,-5.573],[134.605,-5.57],[134.645,-5.602],[134.644,-5.577],[134.665,-5.596],[134.686,-5.582],[134.688,-5.607],[134.713,-5.599],[134.739,-5.63],[134.745,-5.617],[134.767,-5.668],[134.733,-5.674],[134.723,-5.705],[134.736,-5.703]]],[[[134.737,-5.606],[134.741,-5.607],[134.738,-5.609],[134.737,-5.606]]],[[[134.699,-5.589],[134.691,-5.595],[134.689,-5.588],[134.699,-5.589]]],[[[134.698,-5.576],[134.714,-5.549],[134.706,-5.58],[134.698,-5.576]]],[[[134.7,-5.558],[134.703,-5.555],[134.702,-5.558],[134.7,-5.558]]],[[[134.708,-5.551],[134.702,-5.552],[134.703,-5.549],[134.708,-5.551]]],[[[134.681,-5.499],[134.682,-5.497],[134.683,-5.501],[134.681,-5.499]]],[[[134.681,-5.496],[134.681,-5.497],[134.679,-5.495],[134.681,-5.496]]],[[[134.662,-5.471],[134.657,-5.473],[134.657,-5.47],[134.662,-5.471]]],[[[134.689,-5.475],[134.683,-5.473],[134.687,-5.465],[134.689,-5.475]]],[[[134.683,-5.466],[134.674,-5.47],[134.681,-5.461],[134.683,-5.466]]],[[[134.665,-5.475],[134.654,-5.443],[134.67,-5.474],[134.665,-5.475]]],[[[134.65,-5.419],[134.644,-5.423],[134.644,-5.412],[134.65,-5.419]]],[[[134.636,-5.418],[134.641,-5.419],[134.636,-5.421],[134.636,-5.418]]],[[[134.628,-5.397],[134.631,-5.41],[134.627,-5.415],[134.618,-5.408],[134.628,-5.397]]],[[[134.677,-5.398],[134.683,-5.4],[134.678,-5.4],[134.677,-5.398]]],[[[134.65,-5.395],[134.673,-5.398],[134.675,-5.407],[134.65,-5.395]]],[[[134.685,-5.393],[134.686,-5.394],[134.684,-5.393],[134.685,-5.393]]],[[[134.625,-5.391],[134.616,-5.389],[134.621,-5.388],[134.625,-5.391]]],[[[134.672,-5.387],[134.677,-5.395],[134.67,-5.389],[134.672,-5.387]]],[[[134.702,-5.379],[134.707,-5.375],[134.707,-5.378],[134.702,-5.379]]],[[[134.8,-6.686],[134.79,-6.688],[134.798,-6.683],[134.8,-6.686]]],[[[134.797,-6.627],[134.782,-6.642],[134.754,-6.609],[134.771,-6.601],[134.797,-6.627]]],[[[134.783,-6.604],[134.783,-6.597],[134.788,-6.604],[134.783,-6.604]]],[[[134.762,-6.564],[134.765,-6.566],[134.764,-6.568],[134.762,-6.564]]],[[[134.774,-6.532],[134.776,-6.534],[134.774,-6.534],[134.774,-6.532]]],[[[134.851,-6.495],[134.812,-6.563],[134.805,-6.537],[134.777,-6.546],[134.778,-6.51],[134.82,-6.482],[134.851,-6.495]]],[[[134.769,-6.514],[134.77,-6.512],[134.772,-6.514],[134.769,-6.514]]],[[[134.776,-6.511],[134.773,-6.515],[134.773,-6.512],[134.776,-6.511]]],[[[134.77,-6.507],[134.772,-6.511],[134.767,-6.512],[134.77,-6.507]]],[[[134.766,-6.486],[134.766,-6.498],[134.756,-6.499],[134.766,-6.486]]],[[[134.806,-6.428],[134.812,-6.43],[134.808,-6.43],[134.806,-6.428]]],[[[134.765,-6.42],[134.774,-6.425],[134.765,-6.431],[134.765,-6.42]]],[[[134.768,-6.413],[134.763,-6.407],[134.767,-6.409],[134.768,-6.413]]],[[[134.77,-6.367],[134.789,-6.421],[134.772,-6.417],[134.77,-6.367]]],[[[134.854,-6.361],[134.852,-6.284],[134.877,-6.295],[134.862,-6.327],[134.864,-6.345],[134.863,-6.328],[134.882,-6.311],[134.887,-6.284],[134.908,-6.319],[134.902,-6.35],[134.845,-6.477],[134.801,-6.45],[134.826,-6.434],[134.805,-6.426],[134.819,-6.402],[134.804,-6.408],[134.796,-6.39],[134.842,-6.327],[134.854,-6.361]]],[[[134.792,-6.362],[134.787,-6.334],[134.826,-6.295],[134.829,-6.322],[134.792,-6.362]]],[[[134.79,-6.329],[134.791,-6.325],[134.792,-6.326],[134.79,-6.329]]],[[[134.875,-6.311],[134.88,-6.31],[134.875,-6.313],[134.875,-6.311]]],[[[134.858,-6.226],[134.862,-6.227],[134.86,-6.232],[134.858,-6.226]]],[[[134.862,-6.222],[134.851,-6.21],[134.864,-6.186],[134.875,-6.196],[134.862,-6.222]]],[[[134.881,-6.193],[134.882,-6.192],[134.882,-6.195],[134.881,-6.193]]],[[[134.884,-6.183],[134.887,-6.183],[134.885,-6.184],[134.884,-6.183]]],[[[134.871,-6.157],[134.889,-6.14],[134.887,-6.164],[134.871,-6.157]]],[[[134.774,-6.151],[134.772,-6.146],[134.776,-6.148],[134.774,-6.151]]],[[[134.786,-6.094],[134.795,-6.095],[134.794,-6.102],[134.786,-6.094]]],[[[134.869,-6.011],[134.863,-6.014],[134.867,-6.007],[134.869,-6.011]]],[[[134.868,-5.999],[134.866,-6.0],[134.867,-5.997],[134.868,-5.999]]],[[[134.867,-5.993],[134.87,-5.993],[134.869,-5.997],[134.867,-5.993]]],[[[134.875,-5.957],[134.875,-5.96],[134.874,-5.958],[134.875,-5.957]]],[[[134.864,-5.954],[134.854,-5.961],[134.856,-5.951],[134.864,-5.954]]],[[[134.762,-5.908],[134.769,-5.918],[134.761,-5.909],[134.762,-5.908]]],[[[134.806,-5.867],[134.786,-5.907],[134.777,-5.914],[134.784,-5.874],[134.806,-5.867]]],[[[134.78,-5.878],[134.776,-5.879],[134.776,-5.878],[134.78,-5.878]]],[[[134.772,-5.875],[134.771,-5.878],[134.766,-5.871],[134.772,-5.875]]],[[[134.771,-5.871],[134.77,-5.866],[134.772,-5.871],[134.771,-5.871]]],[[[134.77,-5.841],[134.769,-5.844],[134.768,-5.841],[134.77,-5.841]]],[[[134.82,-5.828],[134.824,-5.829],[134.824,-5.831],[134.82,-5.828]]],[[[134.815,-5.823],[134.816,-5.821],[134.817,-5.823],[134.815,-5.823]]],[[[134.814,-5.819],[134.775,-5.826],[134.766,-5.818],[134.809,-5.807],[134.814,-5.819]]],[[[134.779,-5.788],[134.769,-5.795],[134.774,-5.787],[134.779,-5.788]]],[[[134.78,-5.787],[134.784,-5.773],[134.797,-5.792],[134.78,-5.787]]],[[[134.789,-5.774],[134.787,-5.762],[134.793,-5.763],[134.789,-5.774]]],[[[134.804,-5.758],[134.781,-5.756],[134.792,-5.729],[134.814,-5.736],[134.804,-5.758]]],[[[134.8,-5.719],[134.797,-5.722],[134.796,-5.72],[134.8,-5.719]]],[[[134.772,-5.688],[134.771,-5.69],[134.769,-5.686],[134.772,-5.688]]],[[[134.761,-5.676],[134.767,-5.686],[134.759,-5.682],[134.761,-5.676]]],[[[134.787,-5.557],[134.786,-5.558],[134.785,-5.555],[134.787,-5.557]]]]}},{"type":"Feature","properties":{"k":"81.08"},"geometry":{"type":"MultiPolygon","coordinates":[[[[128.215,-8.238],[128.231,-8.3],[128.212,-8.308],[128.149,-8.31],[128.074,-8.284],[128.093,-8.234],[128.215,-8.238]]],[[[127.746,-8.231],[127.651,-8.267],[127.593,-8.243],[127.682,-8.182],[127.74,-8.206],[127.746,-8.231]]],[[[127.782,-8.132],[127.934,-8.173],[128.094,-8.168],[128.12,-8.194],[128.065,-8.227],[128.042,-8.288],[127.998,-8.29],[127.952,-8.278],[127.936,-8.25],[127.864,-8.248],[127.79,-8.218],[127.751,-8.142],[127.782,-8.132]]],[[[125.73,-7.989],[125.758,-8.039],[125.729,-8.082],[125.719,-8.004],[125.73,-7.989]]],[[[127.184,-7.979],[127.216,-7.986],[127.225,-8.051],[127.165,-8.045],[127.161,-7.999],[127.184,-7.979]]],[[[125.743,-7.99],[125.744,-8.004],[125.75,-8.009],[125.741,-8.002],[125.743,-7.99]]],[[[125.743,-7.972],[125.74,-7.95],[125.744,-7.949],[125.743,-7.972]]],[[[126.628,-7.579],[126.727,-7.689],[126.816,-7.68],[126.81,-7.703],[126.844,-7.761],[126.819,-7.779],[126.724,-7.766],[126.554,-7.847],[126.471,-8.0],[126.425,-7.956],[126.371,-7.96],[126.334,-7.94],[126.174,-7.951],[126.133,-7.918],[126.07,-7.913],[125.945,-7.939],[125.801,-8.038],[125.784,-8.032],[125.824,-7.939],[125.804,-7.885],[125.87,-7.837],[125.862,-7.79],[125.915,-7.767],[125.95,-7.685],[125.986,-7.678],[126.035,-7.721],[126.188,-7.751],[126.24,-7.711],[126.329,-7.719],[126.372,-7.691],[126.382,-7.66],[126.454,-7.647],[126.48,-7.611],[126.628,-7.579]]],[[[125.927,-7.681],[125.932,-7.695],[125.911,-7.701],[125.911,-7.691],[125.927,-7.681]]],[[[127.433,-7.658],[127.443,-7.666],[127.432,-7.667],[127.433,-7.658]]],[[[127.636,-7.62],[127.635,-7.616],[127.638,-7.616],[127.636,-7.62]]],[[[127.589,-7.573],[127.619,-7.623],[127.599,-7.651],[127.583,-7.585],[127.589,-7.573]]],[[[127.391,-7.518],[127.39,-7.536],[127.414,-7.523],[127.459,-7.556],[127.479,-7.543],[127.49,-7.578],[127.472,-7.619],[127.415,-7.628],[127.405,-7.669],[127.372,-7.687],[127.347,-7.68],[127.333,-7.643],[127.377,-7.615],[127.362,-7.553],[127.371,-7.522],[127.391,-7.518]]],[[[127.558,-7.57],[127.553,-7.565],[127.556,-7.565],[127.558,-7.57]]],[[[127.533,-7.554],[127.54,-7.551],[127.543,-7.561],[127.538,-7.565],[127.533,-7.554]]],[[[127.547,-7.549],[127.546,-7.553],[127.542,-7.552],[127.547,-7.549]]],[[[127.302,-7.533],[127.298,-7.552],[127.278,-7.541],[127.286,-7.533],[127.302,-7.533]]],[[[127.55,-7.541],[127.55,-7.537],[127.552,-7.54],[127.55,-7.541]]],[[[128.863,-8.202],[128.963,-8.203],[129.029,-8.232],[129.032,-8.257],[129.017,-8.278],[128.953,-8.242],[128.934,-8.246],[128.94,-8.264],[128.907,-8.262],[128.822,-8.222],[128.863,-8.202]]],[[[128.72,-8.228],[128.718,-8.226],[128.72,-8.225],[128.72,-8.228]]],[[[128.71,-8.224],[128.713,-8.222],[128.714,-8.223],[128.71,-8.224]]],[[[128.779,-8.191],[128.792,-8.215],[128.781,-8.226],[128.75,-8.191],[128.779,-8.191]]],[[[128.676,-8.198],[128.713,-8.209],[128.708,-8.219],[128.676,-8.198]]],[[[128.742,-8.188],[128.744,-8.191],[128.741,-8.189],[128.742,-8.188]]],[[[128.713,-8.186],[128.73,-8.188],[128.721,-8.19],[128.713,-8.186]]],[[[129.826,-8.242],[129.804,-8.236],[129.829,-8.188],[129.917,-8.125],[129.912,-8.155],[129.826,-8.242]]],[[[128.673,-8.182],[128.675,-8.181],[128.677,-8.184],[128.673,-8.182]]],[[[129.673,-7.816],[129.814,-7.847],[129.853,-7.872],[129.838,-7.904],[129.86,-7.951],[129.79,-8.075],[129.755,-8.087],[129.683,-8.057],[129.577,-7.93],[129.592,-7.853],[129.673,-7.816]]],[[[129.547,-7.904],[129.567,-7.941],[129.536,-7.986],[129.512,-7.963],[129.506,-7.88],[129.547,-7.904]]],[[[130.024,-7.798],[130.088,-7.795],[130.083,-7.82],[130.024,-7.798]]],[[[130.02,-7.776],[129.986,-7.761],[129.988,-7.728],[130.007,-7.737],[130.02,-7.776]]],[[[129.713,-7.575],[129.71,-7.601],[129.685,-7.602],[129.652,-7.574],[129.664,-7.554],[129.686,-7.579],[129.713,-7.575]]],[[[128.553,-7.4],[128.567,-7.397],[128.56,-7.411],[128.553,-7.4]]],[[[128.569,-7.325],[128.559,-7.345],[128.562,-7.316],[128.569,-7.325]]],[[[128.399,-7.253],[128.396,-7.252],[128.398,-7.251],[128.399,-7.253]]],[[[128.394,-7.251],[128.391,-7.251],[128.39,-7.25],[128.394,-7.251]]],[[[128.589,-7.088],[128.698,-7.135],[128.682,-7.16],[128.654,-7.16],[128.688,-7.184],[128.645,-7.242],[128.517,-7.163],[128.589,-7.088]]]]}},{"type":"Feature","properties":{"k":"81.09"},"geometry":{"type":"MultiPolygon","coordinates":[[[[127.177,-4.032],[127.168,-4.005],[127.233,-3.913],[127.314,-3.887],[127.376,-3.923],[127.369,-3.96],[127.177,-4.032]]],[[[126.113,-3.159],[126.133,-3.304],[126.51,-3.438],[126.902,-3.521],[127.239,-3.636],[127.2,-3.676],[127.136,-3.664],[127.05,-3.692],[126.955,-3.773],[126.848,-3.793],[126.741,-3.86],[126.722,-3.849],[126.687,-3.864],[126.562,-3.796],[126.515,-3.798],[126.522,-3.785],[126.502,-3.788],[126.4,-3.712],[126.349,-3.704],[126.232,-3.621],[126.18,-3.614],[126.151,-3.528],[126.074,-3.48],[126.007,-3.361],[126.017,-3.176],[126.093,-3.113],[126.126,-3.154],[126.113,-3.159]]],[[[125.997,-3.254],[125.998,-3.228],[126.007,-3.218],[126.006,-3.244],[125.997,-3.254]]]]}},{"type":"Feature","properties":{"k":"81.71"},"geometry":{"type":"Polygon","coordinates":[[[128.29,-3.622],[128.257,-3.626],[128.301,-3.681],[128.264,-3.73],[128.159,-3.75],[128.151,-3.772],[128.089,-3.792],[128.155,-3.707],[128.244,-3.638],[128.196,-3.641],[128.201,-3.66],[128.118,-3.686],[128.1,-3.713],[128.059,-3.696],[128.055,-3.671],[128.082,-3.64],[128.181,-3.621],[128.246,-3.579],[128.29,-3.622]]]}},{"type":"Feature","properties":{"k":"81.72"},"geometry":{"type":"MultiPolygon","coordinates":[[[[132.179,-5.773],[132.171,-5.743],[132.196,-5.727],[132.201,-5.768],[132.179,-5.773]]],[[[132.236,-5.715],[132.247,-5.713],[132.236,-5.717],[132.236,-5.715]]],[[[132.268,-5.723],[132.271,-5.704],[132.275,-5.703],[132.268,-5.723]]],[[[131.926,-5.654],[131.912,-5.648],[131.919,-5.636],[131.926,-5.654]]],[[[132.243,-5.634],[132.249,-5.631],[132.249,-5.64],[132.243,-5.634]]],[[[132.256,-5.598],[132.307,-5.602],[132.3,-5.627],[132.32,-5.638],[132.296,-5.666],[132.286,-5.614],[132.256,-5.598]]],[[[132.004,-5.572],[132.013,-5.61],[132.009,-5.611],[131.99,-5.599],[132.004,-5.572]]],[[[131.918,-5.586],[131.93,-5.584],[131.923,-5.591],[131.918,-5.586]]],[[[132.013,-5.313],[132.01,-5.379],[131.973,-5.397],[131.96,-5.38],[131.974,-5.34],[132.013,-5.313]]],[[[132.025,-5.189],[132.012,-5.183],[132.024,-5.165],[132.025,-5.189]]],[[[132.023,-5.163],[132.025,-5.154],[132.024,-5.163],[132.023,-5.163]]],[[[132.024,-5.138],[132.016,-5.143],[132.011,-5.139],[132.024,-5.138]]],[[[132.749,-5.675],[132.762,-5.679],[132.758,-5.687],[132.749,-5.675]]],[[[132.714,-5.634],[132.737,-5.651],[132.737,-5.655],[132.714,-5.634]]],[[[132.795,-5.586],[132.816,-5.558],[132.797,-5.622],[132.815,-5.691],[132.798,-5.704],[132.797,-5.663],[132.771,-5.697],[132.763,-5.675],[132.757,-5.671],[132.768,-5.664],[132.768,-5.656],[132.749,-5.673],[132.74,-5.622],[132.799,-5.536],[132.795,-5.586]]],[[[132.337,-5.619],[132.315,-5.619],[132.321,-5.609],[132.337,-5.619]]],[[[132.689,-5.603],[132.674,-5.601],[132.692,-5.594],[132.689,-5.603]]],[[[132.733,-5.599],[132.714,-5.596],[132.713,-5.587],[132.726,-5.577],[132.733,-5.599]]],[[[132.343,-5.542],[132.356,-5.563],[132.376,-5.543],[132.379,-5.562],[132.334,-5.595],[132.303,-5.54],[132.343,-5.542]]],[[[132.754,-5.557],[132.756,-5.567],[132.751,-5.566],[132.754,-5.557]]],[[[132.75,-5.554],[132.731,-5.573],[132.685,-5.559],[132.708,-5.549],[132.75,-5.554]]],[[[132.731,-5.511],[132.743,-5.518],[132.731,-5.527],[132.731,-5.511]]],[[[132.752,-5.523],[132.753,-5.5],[132.764,-5.495],[132.752,-5.523]]]]}},{"type":"Feature","properties":{"k":"82.01"},"geometry":{"type":"MultiPolygon","coordinates":[[[[127.514,0.86],[127.509,0.861],[127.512,0.864],[127.514,0.86]]],[[[127.516,0.863],[127.513,0.863],[127.515,0.865],[127.516,0.863]]],[[[127.509,0.866],[127.506,0.865],[127.507,0.869],[127.509,0.866]]],[[[127.52,0.874],[127.522,0.872],[127.519,0.873],[127.52,0.874]]],[[[127.505,0.87],[127.499,0.884],[127.504,0.883],[127.505,0.87]]],[[[127.513,0.881],[127.515,0.88],[127.514,0.878],[127.513,0.881]]],[[[127.517,0.88],[127.523,0.881],[127.524,0.878],[127.517,0.88]]],[[[127.511,0.884],[127.509,0.882],[127.509,0.883],[127.511,0.884]]],[[[126.154,0.978],[126.162,0.957],[126.129,0.982],[126.154,0.978]]],[[[126.144,0.984],[126.148,0.99],[126.151,0.986],[126.144,0.984]]],[[[126.381,1.353],[126.417,1.332],[126.394,1.28],[126.357,1.322],[126.381,1.353]]],[[[127.601,0.861],[127.598,0.859],[127.599,0.863],[127.601,0.861]]],[[[127.547,0.866],[127.549,0.873],[127.554,0.867],[127.547,0.866]]],[[[127.556,0.872],[127.559,0.869],[127.556,0.871],[127.556,0.872]]],[[[127.556,0.872],[127.557,0.874],[127.556,0.872],[127.556,0.872]]],[[[127.527,0.876],[127.525,0.874],[127.525,0.876],[127.527,0.876]]],[[[127.529,0.875],[127.531,0.876],[127.529,0.874],[127.529,0.875]]],[[[127.53,0.878],[127.528,0.877],[127.527,0.877],[127.53,0.878]]],[[[127.534,0.881],[127.536,0.88],[127.535,0.879],[127.534,0.881]]],[[[127.538,0.883],[127.538,0.881],[127.536,0.881],[127.538,0.883]]],[[[127.604,1.586],[127.743,1.639],[127.743,1.601],[127.645,1.271],[127.607,1.068],[127.616,0.914],[127.653,0.903],[127.669,0.866],[127.675,0.883],[127.704,0.877],[127.738,0.83],[127.666,0.808],[127.637,0.812],[127.628,0.861],[127.566,0.874],[127.562,0.864],[127.557,0.864],[127.562,0.873],[127.548,0.88],[127.543,0.874],[127.543,0.861],[127.529,0.858],[127.546,0.88],[127.538,0.883],[127.526,0.877],[127.528,0.885],[127.492,0.893],[127.511,0.974],[127.472,1.006],[127.495,1.016],[127.501,1.044],[127.478,1.064],[127.425,1.05],[127.422,1.032],[127.403,1.041],[127.4,1.084],[127.431,1.14],[127.399,1.195],[127.482,1.349],[127.486,1.394],[127.524,1.442],[127.536,1.506],[127.516,1.569],[127.549,1.59],[127.604,1.586]]]]}},{"type":"Feature","properties":{"k":"82.02"},"geometry":{"type":"MultiPolygon","coordinates":[[[[127.886,0.333],[127.888,0.33],[127.884,0.331],[127.886,0.333]]],[[[127.893,0.338],[127.901,0.348],[127.897,0.337],[127.893,0.338]]],[[[127.802,0.288],[127.774,0.609],[127.787,0.706],[128.012,0.678],[128.203,0.571],[128.446,0.493],[128.67,0.491],[128.689,0.449],[128.669,0.346],[128.837,0.292],[128.903,0.209],[128.865,0.224],[128.843,0.262],[128.559,0.318],[128.458,0.402],[128.416,0.393],[128.38,0.406],[128.357,0.399],[128.338,0.405],[128.283,0.396],[128.24,0.425],[128.232,0.411],[128.179,0.428],[128.168,0.457],[127.968,0.482],[127.901,0.433],[127.912,0.4],[127.896,0.382],[127.906,0.363],[127.879,0.354],[127.864,0.299],[127.921,0.273],[127.93,0.109],[127.888,0.083],[127.889,-0.0],[127.798,0.004],[127.802,0.288]]],[[[127.903,0.382],[127.904,0.385],[127.905,0.382],[127.903,0.382]]],[[[127.905,0.388],[127.906,0.388],[127.906,0.386],[127.905,0.388]]],[[[128.298,0.394],[128.293,0.395],[128.295,0.398],[128.298,0.394]]],[[[127.912,0.399],[127.913,0.397],[127.912,0.396],[127.912,0.399]]],[[[128.166,0.442],[128.172,0.444],[128.172,0.441],[128.166,0.442]]],[[[129.42,-0.078],[129.432,-0.09],[129.433,-0.118],[129.41,-0.092],[129.42,-0.078]]],[[[129.297,0.047],[129.545,-0.128],[129.575,-0.2],[129.528,-0.206],[129.516,-0.163],[129.469,-0.14],[129.479,-0.125],[129.461,-0.092],[129.416,-0.072],[129.383,-0.073],[129.364,-0.006],[129.289,0.029],[129.28,0.049],[129.297,0.047]]],[[[129.627,-0.041],[129.63,-0.043],[129.628,-0.044],[129.627,-0.041]]],[[[129.657,-0.059],[129.641,-0.069],[129.625,-0.032],[129.629,-0.07],[129.607,-0.064],[129.584,-0.009],[129.607,-0.007],[129.657,-0.059]]],[[[129.624,0.019],[129.637,0.012],[129.627,0.007],[129.624,0.019]]],[[[128.979,0.168],[128.951,0.179],[128.939,0.192],[128.979,0.168]]],[[[128.864,0.465],[128.872,0.473],[128.874,0.455],[128.864,0.465]]],[[[128.828,0.553],[128.862,0.497],[128.859,0.49],[128.804,0.557],[128.828,0.553]]]]}},{"type":"Feature","properties":{"k":"82.03"},"geometry":{"type":"MultiPolygon","coordinates":[[[[127.607,1.068],[127.743,1.639],[127.604,1.586],[127.549,1.59],[127.541,1.651],[127.56,1.664],[127.556,1.64],[127.578,1.659],[127.584,1.689],[127.55,1.711],[127.576,1.725],[127.576,1.762],[127.645,1.824],[127.654,1.876],[127.678,1.888],[127.693,1.931],[127.758,1.979],[127.838,2.092],[127.929,2.162],[127.959,2.196],[127.954,2.221],[127.984,2.18],[128.065,2.2],[128.034,2.127],[127.954,2.04],[127.952,1.991],[127.852,1.925],[127.841,1.846],[127.862,1.806],[127.927,1.812],[127.961,1.768],[128.012,1.738],[128.022,1.691],[127.994,1.668],[128.001,1.623],[127.988,1.615],[128.001,1.597],[128.037,1.582],[128.01,1.425],[128.024,1.404],[127.995,1.391],[127.987,1.365],[128.011,1.313],[127.977,1.306],[127.974,1.278],[127.92,1.228],[127.904,1.15],[127.827,1.148],[127.758,1.068],[127.655,1.026],[127.627,0.972],[127.632,0.922],[127.653,0.903],[127.616,0.914],[127.607,1.068]]],[[[127.491,1.659],[127.49,1.663],[127.493,1.663],[127.491,1.659]]],[[[127.485,1.653],[127.481,1.671],[127.488,1.676],[127.494,1.672],[127.489,1.668],[127.485,1.653]]],[[[128.013,1.667],[128.016,1.665],[128.012,1.666],[128.013,1.667]]],[[[127.549,1.679],[127.53,1.672],[127.539,1.684],[127.549,1.679]]],[[[127.535,1.688],[127.522,1.686],[127.494,1.668],[127.523,1.726],[127.535,1.688]]],[[[127.549,1.707],[127.545,1.708],[127.549,1.709],[127.549,1.707]]],[[[127.981,1.772],[127.981,1.774],[127.985,1.773],[127.981,1.772]]],[[[127.975,1.776],[127.972,1.772],[127.971,1.775],[127.975,1.776]]],[[[128.019,1.768],[127.996,1.792],[127.994,1.803],[128.019,1.768]]],[[[127.604,1.803],[127.603,1.805],[127.604,1.806],[127.604,1.803]]],[[[127.721,1.956],[127.718,1.957],[127.721,1.959],[127.721,1.956]]],[[[127.778,2.126],[127.784,2.104],[127.767,2.115],[127.778,2.126]]],[[[127.79,2.12],[127.786,2.12],[127.788,2.127],[127.79,2.12]]],[[[127.719,2.194],[127.761,2.188],[127.77,2.152],[127.719,2.194]]],[[[127.712,2.205],[127.713,2.203],[127.712,2.203],[127.712,2.205]]],[[[127.771,2.199],[127.754,2.205],[127.765,2.212],[127.771,2.199]]],[[[127.779,2.275],[127.825,2.271],[127.816,2.229],[127.794,2.217],[127.774,2.219],[127.772,2.261],[127.757,2.263],[127.776,2.295],[127.779,2.275]]],[[[127.749,2.268],[127.751,2.267],[127.749,2.267],[127.749,2.268]]],[[[127.747,2.27],[127.746,2.269],[127.744,2.27],[127.747,2.27]]],[[[127.743,2.271],[127.743,2.274],[127.744,2.274],[127.743,2.271]]],[[[128.018,1.282],[128.019,1.298],[128.028,1.296],[128.018,1.282]]],[[[128.055,1.552],[128.049,1.554],[128.05,1.556],[128.055,1.552]]],[[[128.042,1.563],[128.048,1.556],[128.039,1.561],[128.042,1.563]]],[[[128.057,1.555],[128.05,1.582],[128.068,1.566],[128.057,1.555]]],[[[128.025,1.592],[128.021,1.592],[128.023,1.593],[128.025,1.592]]],[[[128.018,1.595],[128.021,1.595],[128.021,1.594],[128.018,1.595]]],[[[128.044,1.657],[128.052,1.663],[128.05,1.656],[128.044,1.657]]],[[[128.023,1.667],[128.022,1.665],[128.019,1.666],[128.023,1.667]]],[[[128.052,1.67],[128.056,1.676],[128.052,1.664],[128.052,1.67]]],[[[128.037,1.688],[128.035,1.682],[128.031,1.685],[128.037,1.688]]],[[[128.069,1.698],[128.069,1.701],[128.07,1.699],[128.069,1.698]]],[[[128.052,1.735],[128.049,1.731],[128.049,1.736],[128.052,1.735]]],[[[128.075,1.719],[128.063,1.741],[128.071,1.745],[128.075,1.719]]],[[[128.021,1.727],[128.03,1.73],[128.028,1.726],[128.021,1.727]]],[[[128.043,1.748],[128.036,1.744],[128.057,1.742],[128.043,1.748]]],[[[128.028,1.758],[128.027,1.752],[128.023,1.759],[128.028,1.758]]],[[[128.055,1.76],[128.056,1.758],[128.053,1.758],[128.055,1.76]]],[[[128.193,2.091],[128.182,2.093],[128.183,2.096],[128.193,2.091]]],[[[128.184,2.125],[128.184,2.128],[128.186,2.127],[128.184,2.125]]],[[[128.153,2.286],[128.159,2.284],[128.152,2.282],[128.153,2.286]]],[[[128.143,2.296],[128.125,2.333],[128.168,2.416],[128.189,2.307],[128.179,2.291],[128.143,2.296]]],[[[128.227,1.966],[128.235,1.965],[128.229,1.962],[128.227,1.966]]],[[[128.222,2.019],[128.225,2.019],[128.222,2.016],[128.222,2.019]]],[[[128.27,2.045],[128.272,2.052],[128.272,2.044],[128.27,2.045]]],[[[128.21,2.058],[128.209,2.055],[128.209,2.057],[128.21,2.058]]],[[[128.274,2.056],[128.281,2.058],[128.279,2.053],[128.274,2.056]]],[[[128.253,2.061],[128.249,2.055],[128.244,2.061],[128.253,2.061]]],[[[128.274,2.064],[128.266,2.066],[128.269,2.068],[128.274,2.064]]],[[[128.27,2.077],[128.272,2.078],[128.274,2.075],[128.27,2.077]]],[[[128.195,2.076],[128.193,2.077],[128.194,2.08],[128.195,2.076]]],[[[128.278,2.082],[128.281,2.082],[128.28,2.079],[128.278,2.082]]],[[[128.227,2.122],[128.226,2.115],[128.222,2.121],[128.227,2.122]]],[[[128.206,2.125],[128.213,2.12],[128.21,2.121],[128.206,2.125]]],[[[128.195,2.128],[128.192,2.121],[128.187,2.125],[128.195,2.128]]],[[[128.222,2.128],[128.232,2.133],[128.225,2.126],[128.222,2.128]]],[[[128.217,2.175],[128.221,2.172],[128.217,2.171],[128.217,2.175]]],[[[128.205,2.204],[128.212,2.193],[128.209,2.192],[128.205,2.204]]],[[[128.237,2.205],[128.233,2.207],[128.234,2.208],[128.237,2.205]]],[[[128.654,2.311],[128.578,2.111],[128.521,2.068],[128.3,2.036],[128.259,1.981],[128.293,2.056],[128.281,2.084],[128.249,2.11],[128.248,2.247],[128.197,2.281],[128.283,2.37],[128.296,2.441],[128.323,2.472],[128.412,2.528],[128.46,2.596],[128.525,2.577],[128.567,2.645],[128.61,2.566],[128.631,2.564],[128.633,2.534],[128.69,2.493],[128.694,2.424],[128.651,2.369],[128.654,2.311]]],[[[128.684,2.383],[128.685,2.381],[128.681,2.381],[128.684,2.383]]]]}},{"type":"Feature","properties":{"k":"82.04"},"geometry":{"type":"MultiPolygon","coordinates":[[[[127.191,-0.775],[127.162,-0.758],[127.161,-0.751],[127.191,-0.775]]],[[[127.169,-0.705],[127.163,-0.705],[127.169,-0.703],[127.169,-0.705]]],[[[127.177,-0.689],[127.174,-0.689],[127.175,-0.687],[127.177,-0.689]]],[[[127.168,-0.585],[127.169,-0.589],[127.167,-0.586],[127.168,-0.585]]],[[[127.249,-0.55],[127.225,-0.548],[127.224,-0.543],[127.234,-0.532],[127.249,-0.55]]],[[[127.111,-0.49],[127.111,-0.491],[127.11,-0.489],[127.111,-0.49]]],[[[127.117,-0.433],[127.12,-0.433],[127.119,-0.435],[127.117,-0.433]]],[[[127.132,-0.367],[127.14,-0.312],[127.109,-0.287],[127.15,-0.257],[127.24,-0.245],[127.261,-0.279],[127.305,-0.27],[127.303,-0.288],[127.256,-0.293],[127.254,-0.337],[127.288,-0.374],[127.287,-0.399],[127.263,-0.407],[127.279,-0.451],[127.257,-0.473],[127.264,-0.492],[127.228,-0.494],[127.228,-0.512],[127.171,-0.531],[127.127,-0.518],[127.137,-0.499],[127.111,-0.485],[127.156,-0.473],[127.123,-0.428],[127.103,-0.42],[127.122,-0.409],[127.108,-0.388],[127.132,-0.367]]],[[[127.114,-0.378],[127.114,-0.381],[127.113,-0.38],[127.114,-0.378]]],[[[127.127,-0.331],[127.121,-0.33],[127.131,-0.325],[127.127,-0.331]]],[[[127.117,-0.315],[127.119,-0.318],[127.116,-0.319],[127.117,-0.315]]],[[[127.071,-0.306],[127.066,-0.308],[127.067,-0.304],[127.071,-0.306]]],[[[127.11,-0.304],[127.111,-0.302],[127.112,-0.304],[127.11,-0.304]]],[[[127.069,-0.279],[127.056,-0.294],[127.061,-0.275],[127.069,-0.279]]],[[[127.087,-0.237],[127.091,-0.258],[127.045,-0.279],[127.037,-0.292],[127.026,-0.283],[127.021,-0.261],[127.047,-0.268],[127.043,-0.239],[127.087,-0.237]]],[[[127.02,-0.258],[127.02,-0.261],[127.019,-0.261],[127.02,-0.258]]],[[[127.152,-0.183],[127.124,-0.239],[127.093,-0.255],[127.093,-0.211],[127.128,-0.177],[127.152,-0.183]]],[[[127.207,-0.112],[127.209,-0.114],[127.205,-0.114],[127.207,-0.112]]],[[[127.231,-0.109],[127.24,-0.078],[127.272,-0.073],[127.261,-0.126],[127.233,-0.14],[127.198,-0.117],[127.231,-0.109]]],[[[127.192,-0.044],[127.189,-0.044],[127.19,-0.043],[127.192,-0.044]]],[[[127.207,-0.041],[127.204,-0.043],[127.205,-0.04],[127.207,-0.041]]],[[[127.175,-0.037],[127.188,-0.044],[127.172,-0.038],[127.175,-0.037]]],[[[127.201,-0.043],[127.191,-0.03],[127.191,-0.028],[127.195,-0.026],[127.201,-0.043]]],[[[127.206,-0.035],[127.203,-0.036],[127.205,-0.03],[127.206,-0.035]]],[[[127.222,-0.031],[127.222,-0.036],[127.219,-0.034],[127.222,-0.031]]],[[[127.232,-0.029],[127.229,-0.032],[127.231,-0.028],[127.232,-0.029]]],[[[127.227,-0.027],[127.227,-0.032],[127.225,-0.029],[127.227,-0.027]]],[[[127.206,-0.03],[127.208,-0.027],[127.207,-0.031],[127.206,-0.03]]],[[[127.243,-0.028],[127.251,-0.03],[127.244,-0.033],[127.243,-0.028]]],[[[127.21,-0.03],[127.215,-0.026],[127.217,-0.031],[127.21,-0.03]]],[[[127.223,-0.022],[127.225,-0.021],[127.224,-0.023],[127.223,-0.022]]],[[[127.237,-0.022],[127.234,-0.021],[127.236,-0.02],[127.237,-0.022]]],[[[127.203,-0.024],[127.174,-0.022],[127.164,-0.016],[127.192,-0.014],[127.203,-0.024]]],[[[127.219,0.026],[127.228,0.033],[127.23,0.023],[127.219,0.026]]],[[[127.148,0.11],[127.15,0.106],[127.143,0.106],[127.148,0.11]]],[[[127.134,0.128],[127.113,0.133],[127.11,0.142],[127.119,0.15],[127.134,0.128]]],[[[127.208,0.138],[127.221,0.143],[127.22,0.133],[127.208,0.138]]],[[[127.105,0.144],[127.108,0.142],[127.105,0.142],[127.105,0.144]]],[[[127.155,0.163],[127.146,0.151],[127.144,0.158],[127.155,0.163]]],[[[127.171,0.159],[127.174,0.16],[127.173,0.154],[127.171,0.159]]],[[[127.391,-1.483],[127.395,-1.525],[127.378,-1.522],[127.391,-1.483]]],[[[127.281,-1.419],[127.281,-1.423],[127.279,-1.422],[127.281,-1.419]]],[[[127.399,-1.403],[127.327,-1.455],[127.281,-1.415],[127.32,-1.393],[127.321,-1.366],[127.336,-1.389],[127.343,-1.364],[127.348,-1.384],[127.361,-1.365],[127.399,-1.403]]],[[[127.39,-1.378],[127.391,-1.37],[127.397,-1.379],[127.39,-1.378]]],[[[127.378,-1.335],[127.373,-1.332],[127.382,-1.331],[127.378,-1.335]]],[[[127.435,-1.317],[127.376,-1.319],[127.389,-1.312],[127.435,-1.317]]],[[[127.295,-0.711],[127.334,-0.787],[127.296,-0.799],[127.245,-0.765],[127.226,-0.78],[127.181,-0.767],[127.167,-0.709],[127.212,-0.671],[127.216,-0.637],[127.191,-0.618],[127.258,-0.606],[127.271,-0.622],[127.248,-0.636],[127.304,-0.684],[127.295,-0.711]]],[[[127.315,-0.668],[127.314,-0.669],[127.313,-0.667],[127.315,-0.668]]],[[[127.312,-0.664],[127.308,-0.662],[127.311,-0.661],[127.312,-0.664]]],[[[127.309,-0.657],[127.307,-0.651],[127.311,-0.654],[127.309,-0.657]]],[[[127.304,-0.65],[127.305,-0.653],[127.301,-0.65],[127.304,-0.65]]],[[[127.279,-0.649],[127.277,-0.65],[127.277,-0.648],[127.279,-0.649]]],[[[127.338,-0.647],[127.341,-0.649],[127.341,-0.651],[127.338,-0.647]]],[[[127.31,-0.634],[127.324,-0.656],[127.322,-0.663],[127.302,-0.645],[127.31,-0.634]]],[[[127.301,-0.644],[127.299,-0.646],[127.299,-0.644],[127.301,-0.644]]],[[[127.335,-0.656],[127.309,-0.625],[127.314,-0.619],[127.329,-0.621],[127.335,-0.656]]],[[[127.376,-0.666],[127.372,-0.65],[127.374,-0.664],[127.348,-0.658],[127.324,-0.606],[127.385,-0.611],[127.414,-0.636],[127.411,-0.66],[127.376,-0.666]]],[[[127.293,-0.629],[127.298,-0.624],[127.298,-0.627],[127.293,-0.629]]],[[[127.384,-0.604],[127.388,-0.592],[127.394,-0.604],[127.384,-0.604]]],[[[127.266,-0.552],[127.27,-0.553],[127.269,-0.554],[127.266,-0.552]]],[[[127.253,-0.55],[127.251,-0.551],[127.251,-0.55],[127.253,-0.55]]],[[[127.279,-0.544],[127.28,-0.544],[127.279,-0.546],[127.279,-0.544]]],[[[127.261,-0.533],[127.257,-0.543],[127.259,-0.532],[127.261,-0.533]]],[[[127.248,-0.535],[127.246,-0.536],[127.246,-0.535],[127.248,-0.535]]],[[[127.278,-0.541],[127.278,-0.531],[127.287,-0.537],[127.278,-0.541]]],[[[127.273,-0.528],[127.252,-0.512],[127.266,-0.501],[127.273,-0.528]]],[[[127.271,-0.49],[127.298,-0.514],[127.291,-0.527],[127.271,-0.49]]],[[[127.302,-0.5],[127.301,-0.499],[127.302,-0.499],[127.302,-0.5]]],[[[127.255,-0.495],[127.258,-0.498],[127.255,-0.497],[127.255,-0.495]]],[[[127.262,-0.493],[127.265,-0.493],[127.266,-0.496],[127.262,-0.493]]],[[[127.266,-0.478],[127.27,-0.486],[127.263,-0.482],[127.266,-0.478]]],[[[127.312,-0.427],[127.311,-0.43],[127.31,-0.427],[127.312,-0.427]]],[[[127.313,-0.345],[127.315,-0.345],[127.314,-0.347],[127.313,-0.345]]],[[[127.411,-0.341],[127.41,-0.346],[127.408,-0.344],[127.411,-0.341]]],[[[127.29,-0.333],[127.302,-0.344],[127.288,-0.35],[127.281,-0.346],[127.29,-0.333]]],[[[127.312,-0.343],[127.318,-0.342],[127.318,-0.344],[127.312,-0.343]]],[[[127.4,-0.323],[127.407,-0.341],[127.404,-0.341],[127.4,-0.323]]],[[[127.26,-0.306],[127.262,-0.305],[127.262,-0.308],[127.26,-0.306]]],[[[127.298,-0.229],[127.312,-0.228],[127.317,-0.235],[127.305,-0.242],[127.298,-0.229]]],[[[127.441,0.316],[127.423,0.284],[127.392,0.275],[127.343,0.323],[127.366,0.363],[127.417,0.375],[127.441,0.316]]],[[[127.639,-1.844],[127.636,-1.851],[127.634,-1.851],[127.639,-1.844]]],[[[127.628,-1.85],[127.594,-1.847],[127.593,-1.857],[127.571,-1.865],[127.575,-1.838],[127.601,-1.823],[127.642,-1.822],[127.628,-1.85]]],[[[127.646,-1.828],[127.649,-1.83],[127.646,-1.83],[127.646,-1.828]]],[[[127.992,-1.512],[128.077,-1.565],[128.077,-1.581],[128.099,-1.579],[128.111,-1.56],[128.16,-1.606],[128.155,-1.685],[128.09,-1.722],[128.023,-1.728],[127.982,-1.699],[127.905,-1.685],[127.817,-1.701],[127.719,-1.686],[127.654,-1.73],[127.616,-1.718],[127.605,-1.735],[127.567,-1.736],[127.499,-1.725],[127.407,-1.662],[127.393,-1.615],[127.406,-1.524],[127.432,-1.496],[127.416,-1.478],[127.443,-1.435],[127.414,-1.42],[127.441,-1.409],[127.438,-1.426],[127.503,-1.453],[127.514,-1.416],[127.641,-1.331],[127.758,-1.352],[127.777,-1.379],[127.793,-1.374],[127.802,-1.414],[127.849,-1.439],[127.892,-1.425],[127.979,-1.485],[127.992,-1.512]]],[[[127.466,-1.434],[127.464,-1.432],[127.466,-1.433],[127.466,-1.434]]],[[[127.847,-1.43],[127.842,-1.432],[127.844,-1.428],[127.847,-1.43]]],[[[127.867,-1.432],[127.873,-1.419],[127.879,-1.423],[127.867,-1.432]]],[[[127.71,-1.332],[127.708,-1.334],[127.708,-1.332],[127.71,-1.332]]],[[[127.708,-1.286],[127.701,-1.286],[127.701,-1.282],[127.708,-1.286]]],[[[127.701,-1.282],[127.698,-1.275],[127.699,-1.264],[127.701,-1.282]]],[[[127.708,-1.269],[127.707,-1.273],[127.707,-1.269],[127.708,-1.269]]],[[[127.549,-1.171],[127.695,-1.226],[127.693,-1.285],[127.672,-1.292],[127.561,-1.248],[127.493,-1.272],[127.465,-1.25],[127.511,-1.177],[127.549,-1.171]]],[[[127.443,-1.207],[127.426,-1.221],[127.412,-1.208],[127.397,-1.142],[127.425,-1.147],[127.443,-1.207]]],[[[127.875,-0.827],[127.876,-0.826],[127.876,-0.827],[127.875,-0.827]]],[[[127.877,-0.731],[127.88,-0.732],[127.877,-0.733],[127.877,-0.731]]],[[[127.664,-0.671],[127.664,-0.676],[127.661,-0.673],[127.664,-0.671]]],[[[127.424,-0.643],[127.421,-0.643],[127.422,-0.642],[127.424,-0.643]]],[[[127.427,-0.636],[127.426,-0.63],[127.434,-0.634],[127.427,-0.636]]],[[[127.653,-0.679],[127.684,-0.711],[127.798,-0.678],[127.874,-0.718],[127.872,-0.751],[127.906,-0.785],[127.879,-0.775],[127.899,-0.796],[127.88,-0.796],[127.87,-0.827],[127.769,-0.87],[127.727,-0.87],[127.751,-0.862],[127.682,-0.838],[127.658,-0.811],[127.653,-0.751],[127.634,-0.742],[127.474,-0.823],[127.442,-0.738],[127.48,-0.63],[127.421,-0.608],[127.408,-0.621],[127.39,-0.589],[127.36,-0.579],[127.346,-0.539],[127.307,-0.513],[127.308,-0.495],[127.291,-0.471],[127.295,-0.437],[127.317,-0.429],[127.338,-0.383],[127.321,-0.33],[127.338,-0.338],[127.371,-0.316],[127.412,-0.358],[127.427,-0.406],[127.453,-0.418],[127.52,-0.301],[127.539,-0.313],[127.569,-0.315],[127.616,-0.413],[127.647,-0.413],[127.659,-0.439],[127.692,-0.457],[127.675,-0.486],[127.663,-0.517],[127.601,-0.577],[127.597,-0.597],[127.605,-0.628],[127.647,-0.63],[127.653,-0.679]]],[[[127.61,-0.575],[127.607,-0.586],[127.604,-0.576],[127.61,-0.575]]],[[[127.679,-0.494],[127.681,-0.485],[127.681,-0.495],[127.679,-0.494]]],[[[127.704,-0.452],[127.71,-0.459],[127.702,-0.454],[127.704,-0.452]]],[[[127.723,-0.441],[127.721,-0.439],[127.722,-0.439],[127.723,-0.441]]],[[[127.656,-0.424],[127.656,-0.423],[127.658,-0.423],[127.656,-0.424]]],[[[127.747,-0.427],[127.734,-0.43],[127.726,-0.413],[127.737,-0.415],[127.747,-0.427]]],[[[127.725,-0.423],[127.725,-0.419],[127.728,-0.422],[127.725,-0.423]]],[[[127.755,-0.414],[127.756,-0.416],[127.753,-0.416],[127.755,-0.414]]],[[[127.721,-0.403],[127.73,-0.401],[127.723,-0.406],[127.721,-0.403]]],[[[127.761,-0.372],[127.762,-0.368],[127.763,-0.372],[127.761,-0.372]]],[[[127.744,-0.326],[127.76,-0.372],[127.727,-0.397],[127.739,-0.369],[127.744,-0.326]]],[[[127.432,-0.349],[127.425,-0.358],[127.418,-0.353],[127.432,-0.349]]],[[[127.558,-0.304],[127.554,-0.313],[127.534,-0.299],[127.558,-0.304]]],[[[127.448,-0.088],[127.435,-0.087],[127.437,-0.083],[127.448,-0.088]]],[[[127.434,-0.082],[127.43,-0.083],[127.43,-0.08],[127.434,-0.082]]],[[[127.427,-0.079],[127.421,-0.083],[127.42,-0.076],[127.427,-0.079]]],[[[127.439,-0.071],[127.439,-0.074],[127.437,-0.069],[127.439,-0.071]]],[[[127.416,-0.016],[127.44,-0.079],[127.417,-0.068],[127.41,-0.104],[127.416,-0.016]]],[[[127.429,0.016],[127.43,0.011],[127.427,0.014],[127.429,0.016]]],[[[127.47,-0.069],[127.448,-0.022],[127.415,-0.014],[127.425,0.013],[127.443,0.006],[127.432,0.021],[127.413,0.003],[127.405,0.014],[127.426,0.139],[127.459,0.132],[127.441,0.103],[127.448,0.07],[127.466,0.071],[127.47,-0.069]]],[[[127.434,0.147],[127.428,0.149],[127.43,0.153],[127.434,0.147]]],[[[128.363,-1.644],[128.321,-1.665],[128.294,-1.644],[128.311,-1.614],[128.35,-1.601],[128.363,-1.644]]],[[[128.084,-1.568],[128.103,-1.562],[128.094,-1.578],[128.084,-1.568]]],[[[128.066,-1.536],[128.059,-1.545],[128.058,-1.537],[128.066,-1.536]]],[[[128.094,-1.539],[128.081,-1.54],[128.078,-1.534],[128.08,-1.533],[128.094,-1.539]]],[[[128.038,-1.536],[128.045,-1.527],[128.046,-1.538],[128.038,-1.536]]],[[[127.998,-1.503],[127.985,-1.493],[127.985,-1.487],[127.993,-1.488],[127.998,-1.503]]],[[[127.959,-1.47],[127.959,-1.467],[127.969,-1.473],[127.959,-1.47]]],[[[128.337,-1.122],[128.333,-1.124],[128.335,-1.121],[128.337,-1.122]]],[[[128.309,-1.116],[128.309,-1.121],[128.306,-1.118],[128.309,-1.116]]],[[[128.329,-1.116],[128.337,-1.107],[128.347,-1.12],[128.329,-1.116]]],[[[128.316,-1.114],[128.321,-1.112],[128.319,-1.116],[128.316,-1.114]]],[[[128.297,-1.111],[128.297,-1.109],[128.3,-1.113],[128.297,-1.111]]],[[[128.335,-1.105],[128.345,-1.104],[128.344,-1.11],[128.335,-1.105]]],[[[128.337,-1.095],[128.338,-1.103],[128.333,-1.1],[128.337,-1.095]]],[[[128.317,-1.092],[128.312,-1.089],[128.315,-1.087],[128.317,-1.092]]],[[[128.25,-1.045],[128.234,-1.051],[128.234,-1.067],[128.226,-1.041],[128.25,-1.045]]],[[[128.36,-1.043],[128.338,-1.052],[128.341,-1.034],[128.36,-1.043]]],[[[128.18,-1.036],[128.174,-1.032],[128.176,-1.031],[128.18,-1.036]]],[[[128.132,-1.025],[128.134,-1.024],[128.141,-1.031],[128.132,-1.025]]],[[[128.17,-1.011],[128.171,-1.009],[128.172,-1.012],[128.17,-1.011]]],[[[128.153,-1.001],[128.154,-1.001],[128.162,-1.009],[128.153,-1.001]]],[[[128.172,-0.998],[128.17,-1.001],[128.169,-0.999],[128.172,-0.998]]],[[[128.364,-0.986],[128.382,-0.999],[128.405,-0.99],[128.417,-1.025],[128.363,-1.041],[128.333,-1.023],[128.339,-0.973],[128.307,-0.965],[128.308,-0.946],[128.333,-0.943],[128.342,-0.981],[128.348,-0.97],[128.364,-0.986]]],[[[128.368,-0.983],[128.369,-0.987],[128.366,-0.983],[128.368,-0.983]]],[[[128.366,-0.977],[128.366,-0.973],[128.37,-0.981],[128.366,-0.977]]],[[[128.343,-0.954],[128.347,-0.953],[128.346,-0.956],[128.343,-0.954]]],[[[128.358,-0.949],[128.358,-0.955],[128.353,-0.952],[128.358,-0.949]]],[[[128.106,-0.859],[128.081,-0.852],[128.085,-0.839],[128.102,-0.843],[128.106,-0.859]]],[[[128.113,-0.848],[128.123,-0.845],[128.114,-0.856],[128.113,-0.848]]],[[[128.136,-0.822],[128.139,-0.824],[128.135,-0.826],[128.136,-0.822]]],[[[128.146,-0.815],[128.145,-0.816],[128.144,-0.818],[128.146,-0.815]]],[[[128.139,-0.814],[128.147,-0.812],[128.138,-0.816],[128.139,-0.814]]],[[[128.138,-0.811],[128.142,-0.807],[128.153,-0.806],[128.138,-0.811]]],[[[128.157,-0.794],[128.155,-0.799],[128.152,-0.796],[128.157,-0.794]]],[[[128.161,-0.791],[128.157,-0.79],[128.159,-0.787],[128.161,-0.791]]],[[[128.355,-0.583],[128.33,-0.575],[128.348,-0.566],[128.355,-0.583]]],[[[128.369,-0.527],[128.409,-0.563],[128.417,-0.563],[128.409,-0.568],[128.366,-0.537],[128.355,-0.546],[128.386,-0.558],[128.316,-0.554],[128.369,-0.527]]],[[[128.088,-0.466],[128.089,-0.464],[128.09,-0.466],[128.088,-0.466]]],[[[127.889,-0.0],[127.947,-0.113],[127.984,-0.268],[128.049,-0.417],[128.212,-0.695],[128.453,-0.914],[128.377,-0.878],[128.351,-0.889],[128.315,-0.862],[128.306,-0.88],[128.265,-0.869],[128.225,-0.834],[128.25,-0.82],[128.283,-0.836],[128.228,-0.778],[128.247,-0.769],[128.224,-0.768],[128.233,-0.75],[128.218,-0.773],[128.019,-0.686],[127.864,-0.366],[127.751,-0.32],[127.687,-0.27],[127.661,-0.208],[127.7,-0.099],[127.698,0.009],[127.889,-0.0]]],[[[128.124,-0.436],[128.127,-0.437],[128.127,-0.439],[128.124,-0.436]]],[[[128.753,-1.522],[128.748,-1.523],[128.752,-1.517],[128.753,-1.522]]],[[[128.722,-1.513],[128.738,-1.515],[128.73,-1.522],[128.722,-1.513]]],[[[128.711,-1.507],[128.713,-1.519],[128.704,-1.511],[128.711,-1.507]]],[[[128.634,-1.5],[128.642,-1.511],[128.629,-1.509],[128.634,-1.5]]],[[[128.439,-1.153],[128.445,-1.157],[128.437,-1.156],[128.439,-1.153]]],[[[128.41,-1.157],[128.426,-1.146],[128.435,-1.156],[128.41,-1.157]]],[[[128.451,-1.148],[128.452,-1.142],[128.453,-1.147],[128.451,-1.148]]],[[[128.406,-1.154],[128.367,-1.138],[128.363,-1.133],[128.383,-1.134],[128.406,-1.154]]],[[[128.401,-1.122],[128.4,-1.137],[128.385,-1.126],[128.401,-1.122]]],[[[128.36,-1.119],[128.343,-1.09],[128.37,-1.073],[128.412,-1.089],[128.454,-1.124],[128.413,-1.1],[128.36,-1.119]]],[[[128.381,-0.993],[128.38,-0.996],[128.379,-0.993],[128.381,-0.993]]],[[[128.384,-0.996],[128.382,-0.985],[128.393,-0.99],[128.384,-0.996]]],[[[128.372,-0.99],[128.376,-0.991],[128.375,-0.992],[128.372,-0.99]]],[[[128.377,-0.986],[128.374,-0.985],[128.376,-0.983],[128.377,-0.986]]],[[[128.459,-0.918],[128.463,-0.919],[128.461,-0.92],[128.459,-0.918]]],[[[128.554,-0.696],[128.548,-0.697],[128.55,-0.693],[128.554,-0.696]]],[[[128.572,-0.655],[128.58,-0.654],[128.58,-0.659],[128.572,-0.655]]],[[[128.564,-0.655],[128.553,-0.649],[128.571,-0.655],[128.564,-0.655]]],[[[128.531,-0.645],[128.528,-0.641],[128.544,-0.647],[128.531,-0.645]]],[[[128.608,-0.644],[128.595,-0.654],[128.598,-0.639],[128.577,-0.636],[128.593,-0.627],[128.608,-0.644]]],[[[128.515,-0.64],[128.513,-0.633],[128.521,-0.639],[128.515,-0.64]]],[[[128.565,-0.632],[128.569,-0.633],[128.569,-0.636],[128.565,-0.632]]],[[[128.514,-0.629],[128.516,-0.63],[128.515,-0.631],[128.514,-0.629]]],[[[128.553,-0.629],[128.551,-0.624],[128.553,-0.625],[128.553,-0.629]]],[[[128.566,-0.627],[128.566,-0.622],[128.568,-0.623],[128.566,-0.627]]],[[[128.539,-0.625],[128.541,-0.622],[128.541,-0.625],[128.539,-0.625]]],[[[128.528,-0.621],[128.535,-0.622],[128.528,-0.624],[128.528,-0.621]]],[[[128.548,-0.624],[128.55,-0.618],[128.556,-0.621],[128.548,-0.624]]],[[[128.541,-0.614],[128.546,-0.616],[128.543,-0.619],[128.541,-0.614]]],[[[128.529,-0.612],[128.531,-0.611],[128.53,-0.612],[128.529,-0.612]]],[[[128.488,-0.593],[128.518,-0.612],[128.514,-0.619],[128.488,-0.593]]],[[[128.521,-0.606],[128.526,-0.61],[128.515,-0.599],[128.521,-0.606]]],[[[128.411,-0.584],[128.421,-0.595],[128.411,-0.604],[128.411,-0.584]]],[[[128.487,-0.588],[128.475,-0.591],[128.476,-0.585],[128.487,-0.588]]],[[[128.423,-0.591],[128.419,-0.569],[128.438,-0.569],[128.438,-0.584],[128.423,-0.591]]],[[[128.406,-0.568],[128.407,-0.576],[128.404,-0.57],[128.406,-0.568]]],[[[128.394,-0.562],[128.397,-0.563],[128.395,-0.564],[128.394,-0.562]]],[[[128.394,-0.56],[128.388,-0.558],[128.389,-0.557],[128.394,-0.56]]]]}},{"type":"Feature","properties":{"k":"82.05"},"geometry":{"type":"MultiPolygon","coordinates":[[[[124.373,-2.039],[124.304,-2.003],[124.317,-1.97],[124.366,-1.97],[124.373,-2.039]]],[[[124.344,-1.908],[124.339,-1.906],[124.34,-1.905],[124.344,-1.908]]],[[[124.332,-1.899],[124.34,-1.901],[124.339,-1.905],[124.332,-1.899]]],[[[124.341,-1.821],[124.34,-1.828],[124.337,-1.824],[124.341,-1.821]]],[[[124.311,-1.786],[124.316,-1.792],[124.304,-1.8],[124.311,-1.786]]],[[[124.314,-1.765],[124.316,-1.767],[124.313,-1.771],[124.314,-1.765]]],[[[124.351,-1.767],[124.341,-1.773],[124.346,-1.756],[124.351,-1.767]]],[[[124.293,-1.742],[124.314,-1.779],[124.31,-1.786],[124.284,-1.761],[124.284,-1.752],[124.293,-1.742]]],[[[124.163,-1.762],[124.167,-1.764],[124.165,-1.766],[124.163,-1.762]]],[[[124.182,-1.772],[124.163,-1.789],[124.15,-1.773],[124.162,-1.775],[124.168,-1.764],[124.168,-1.752],[124.15,-1.768],[124.146,-1.737],[124.174,-1.745],[124.182,-1.772]]],[[[124.313,-1.756],[124.311,-1.755],[124.314,-1.755],[124.313,-1.756]]],[[[124.342,-1.748],[124.34,-1.747],[124.343,-1.747],[124.342,-1.748]]],[[[124.316,-1.74],[124.321,-1.741],[124.319,-1.744],[124.316,-1.74]]],[[[124.304,-1.727],[124.304,-1.729],[124.303,-1.727],[124.304,-1.727]]],[[[124.317,-1.718],[124.315,-1.737],[124.311,-1.724],[124.317,-1.718]]],[[[124.335,-1.725],[124.332,-1.726],[124.334,-1.724],[124.335,-1.725]]],[[[124.341,-1.725],[124.34,-1.724],[124.342,-1.723],[124.341,-1.725]]],[[[124.34,-1.708],[124.331,-1.719],[124.337,-1.705],[124.34,-1.708]]],[[[124.345,-1.694],[124.351,-1.702],[124.344,-1.712],[124.345,-1.694]]],[[[124.402,-2.058],[124.388,-2.074],[124.368,-2.045],[124.375,-2.039],[124.375,-2.007],[124.402,-2.058]]],[[[124.698,-1.974],[124.698,-1.971],[124.7,-1.973],[124.698,-1.974]]],[[[125.377,-1.891],[125.383,-1.879],[125.388,-1.889],[125.377,-1.891]]],[[[125.0,-1.727],[125.027,-1.724],[125.018,-1.758],[125.037,-1.751],[125.046,-1.771],[125.061,-1.743],[125.071,-1.773],[125.109,-1.751],[125.088,-1.746],[125.114,-1.731],[125.101,-1.731],[125.11,-1.69],[125.129,-1.683],[125.149,-1.715],[125.175,-1.698],[125.205,-1.729],[125.181,-1.782],[125.211,-1.793],[125.223,-1.736],[125.291,-1.731],[125.295,-1.769],[125.27,-1.791],[125.321,-1.784],[125.327,-1.885],[125.232,-1.872],[125.136,-1.876],[125.1,-1.9],[125.043,-1.887],[125.013,-1.901],[125.01,-1.943],[124.891,-1.926],[124.861,-1.892],[124.774,-1.916],[124.681,-1.976],[124.404,-2.033],[124.393,-1.971],[124.337,-1.891],[124.342,-1.815],[124.366,-1.764],[124.376,-1.699],[124.361,-1.718],[124.361,-1.705],[124.4,-1.66],[124.493,-1.658],[124.529,-1.629],[124.525,-1.665],[124.555,-1.638],[124.643,-1.639],[124.779,-1.665],[124.81,-1.687],[124.804,-1.674],[124.87,-1.68],[124.898,-1.709],[124.958,-1.696],[125.0,-1.727]]],[[[124.352,-1.748],[124.353,-1.745],[124.355,-1.746],[124.352,-1.748]]],[[[124.36,-1.744],[124.358,-1.743],[124.36,-1.742],[124.36,-1.744]]],[[[124.352,-1.74],[124.354,-1.739],[124.355,-1.743],[124.352,-1.74]]],[[[124.359,-1.742],[124.359,-1.738],[124.361,-1.74],[124.359,-1.742]]],[[[124.366,-1.742],[124.368,-1.735],[124.369,-1.736],[124.366,-1.742]]],[[[124.359,-1.737],[124.357,-1.731],[124.361,-1.731],[124.359,-1.737]]],[[[124.991,-1.71],[124.991,-1.713],[124.989,-1.711],[124.991,-1.71]]],[[[124.967,-1.699],[124.961,-1.696],[124.963,-1.694],[124.967,-1.699]]],[[[124.965,-1.689],[124.968,-1.686],[124.969,-1.692],[124.965,-1.689]]],[[[124.954,-1.672],[124.966,-1.664],[124.97,-1.667],[124.954,-1.672]]],[[[125.0,-1.671],[124.994,-1.657],[125.023,-1.665],[125.0,-1.671]]],[[[124.89,-1.663],[124.886,-1.662],[124.895,-1.659],[124.89,-1.663]]],[[[124.879,-1.661],[124.881,-1.658],[124.881,-1.66],[124.879,-1.661]]],[[[124.492,-1.629],[124.486,-1.63],[124.491,-1.628],[124.492,-1.629]]],[[[124.479,-1.604],[124.474,-1.577],[124.482,-1.582],[124.479,-1.604]]],[[[125.941,-1.978],[125.993,-2.028],[125.958,-2.161],[126.073,-2.421],[126.047,-2.478],[125.991,-2.441],[125.958,-2.323],[125.88,-2.212],[125.886,-2.168],[125.857,-2.061],[125.907,-1.975],[125.916,-1.98],[125.941,-1.978]]],[[[125.976,-2.009],[125.975,-2.007],[125.976,-2.007],[125.976,-2.009]]],[[[125.974,-2.006],[125.976,-2.005],[125.975,-2.006],[125.974,-2.006]]],[[[125.916,-1.976],[125.916,-1.975],[125.918,-1.976],[125.916,-1.976]]],[[[125.932,-1.973],[125.928,-1.976],[125.928,-1.973],[125.932,-1.973]]],[[[125.782,-1.942],[125.786,-1.942],[125.785,-1.944],[125.782,-1.942]]],[[[125.807,-1.917],[125.796,-1.92],[125.806,-1.913],[125.807,-1.917]]],[[[125.417,-1.896],[125.419,-1.884],[125.421,-1.884],[125.417,-1.896]]],[[[125.902,-1.935],[125.842,-1.895],[125.792,-1.914],[125.784,-1.933],[125.768,-1.921],[125.577,-1.929],[125.528,-1.949],[125.491,-1.934],[125.422,-1.95],[125.441,-1.926],[125.433,-1.886],[125.374,-1.863],[125.37,-1.846],[125.346,-1.888],[125.327,-1.833],[125.35,-1.805],[125.375,-1.806],[125.357,-1.797],[125.367,-1.78],[125.403,-1.775],[125.41,-1.777],[125.412,-1.797],[125.424,-1.809],[125.48,-1.779],[125.488,-1.819],[125.516,-1.817],[125.539,-1.786],[125.542,-1.812],[125.588,-1.805],[125.636,-1.83],[125.729,-1.827],[125.781,-1.798],[125.785,-1.805],[125.815,-1.811],[125.916,-1.793],[126.197,-1.804],[126.304,-1.828],[126.355,-1.814],[126.246,-1.879],[126.201,-1.868],[126.14,-1.892],[126.088,-1.879],[125.902,-1.935]]],[[[126.344,-1.822],[126.347,-1.822],[126.345,-1.824],[126.344,-1.822]]],[[[126.475,-1.806],[126.486,-1.821],[126.462,-1.841],[126.349,-1.826],[126.475,-1.806]]],[[[125.624,-1.808],[125.62,-1.809],[125.623,-1.805],[125.624,-1.808]]],[[[125.796,-1.802],[125.799,-1.802],[125.796,-1.806],[125.796,-1.802]]],[[[125.416,-1.797],[125.418,-1.795],[125.418,-1.798],[125.416,-1.797]]],[[[125.42,-1.767],[125.42,-1.774],[125.416,-1.773],[125.42,-1.767]]],[[[125.542,-1.782],[125.528,-1.774],[125.507,-1.775],[125.543,-1.757],[125.542,-1.782]]],[[[125.695,-1.762],[125.695,-1.752],[125.701,-1.757],[125.695,-1.762]]]]}},{"type":"Feature","properties":{"k":"82.06"},"geometry":{"type":"MultiPolygon","coordinates":[[[[128.3,0.709],[128.304,0.705],[128.299,0.704],[128.3,0.709]]],[[[128.303,0.765],[128.293,0.79],[128.305,0.772],[128.303,0.765]]],[[[128.352,0.802],[128.35,0.782],[128.321,0.774],[128.329,0.798],[128.352,0.802]]],[[[128.212,0.793],[128.211,0.788],[128.207,0.794],[128.212,0.793]]],[[[128.241,0.815],[128.258,0.802],[128.266,0.789],[128.241,0.815]]],[[[128.298,0.81],[128.299,0.8],[128.294,0.795],[128.298,0.81]]],[[[128.274,0.808],[128.277,0.804],[128.272,0.807],[128.274,0.808]]],[[[128.27,0.81],[128.272,0.812],[128.271,0.809],[128.27,0.81]]],[[[128.323,0.824],[128.32,0.844],[128.332,0.832],[128.323,0.824]]],[[[127.931,0.99],[127.929,0.996],[127.933,0.993],[127.931,0.99]]],[[[128.446,0.493],[128.203,0.571],[128.012,0.678],[127.791,0.703],[127.728,0.815],[127.797,0.788],[127.882,0.828],[127.933,0.882],[127.933,1.005],[127.981,1.087],[128.03,1.116],[128.171,1.13],[128.201,1.2],[128.18,1.242],[128.144,1.253],[128.1,1.239],[128.086,1.258],[128.189,1.387],[128.31,1.439],[128.37,1.501],[128.467,1.55],[128.514,1.533],[128.554,1.567],[128.67,1.591],[128.725,1.568],[128.731,1.534],[128.697,1.536],[128.684,1.463],[128.721,1.409],[128.758,1.394],[128.69,1.196],[128.701,1.066],[128.611,1.042],[128.534,0.972],[128.504,0.971],[128.441,0.929],[128.335,0.912],[128.28,0.866],[128.312,0.816],[128.25,0.841],[128.199,0.789],[128.324,0.652],[128.435,0.633],[128.475,0.598],[128.571,0.563],[128.679,0.55],[128.69,0.527],[128.67,0.491],[128.603,0.482],[128.446,0.493]]],[[[128.653,0.554],[128.655,0.559],[128.658,0.558],[128.653,0.554]]],[[[128.621,0.561],[128.62,0.567],[128.632,0.562],[128.621,0.561]]],[[[128.645,0.579],[128.664,0.564],[128.634,0.567],[128.645,0.579]]],[[[128.636,0.626],[128.642,0.632],[128.648,0.622],[128.636,0.626]]],[[[128.522,0.632],[128.541,0.636],[128.522,0.625],[128.522,0.632]]],[[[128.477,0.666],[128.473,0.667],[128.477,0.667],[128.477,0.666]]],[[[128.519,0.711],[128.521,0.709],[128.517,0.708],[128.519,0.711]]],[[[129.132,0.731],[129.142,0.726],[129.135,0.725],[129.132,0.731]]],[[[128.552,0.73],[128.549,0.734],[128.552,0.733],[128.552,0.73]]],[[[128.511,0.801],[128.51,0.799],[128.509,0.801],[128.511,0.801]]]]}},{"type":"Feature","properties":{"k":"82.07"},"geometry":{"type":"MultiPolygon","coordinates":[[[[128.222,2.02],[128.223,2.017],[128.221,2.018],[128.222,2.02]]],[[[128.214,2.055],[128.21,2.055],[128.21,2.059],[128.214,2.055]]],[[[128.183,2.095],[128.194,2.091],[128.196,2.074],[128.183,2.095]]],[[[128.226,2.116],[128.222,2.12],[128.226,2.125],[128.226,2.116]]],[[[128.211,2.122],[128.209,2.122],[128.206,2.125],[128.211,2.122]]],[[[128.19,2.127],[128.193,2.122],[128.188,2.126],[128.19,2.127]]],[[[128.186,2.127],[128.183,2.127],[128.184,2.129],[128.186,2.127]]],[[[128.218,2.175],[128.218,2.172],[128.217,2.175],[128.218,2.175]]],[[[128.215,2.201],[128.205,2.201],[128.21,2.21],[128.215,2.201]]],[[[128.21,2.214],[128.209,2.216],[128.21,2.216],[128.21,2.214]]],[[[128.161,2.285],[128.153,2.287],[128.16,2.287],[128.161,2.285]]],[[[128.183,2.367],[128.188,2.307],[128.161,2.288],[128.125,2.334],[128.157,2.409],[128.183,2.367]]],[[[128.231,1.963],[128.231,1.969],[128.235,1.968],[128.231,1.963]]],[[[128.268,2.052],[128.274,2.047],[128.273,2.044],[128.268,2.052]]],[[[128.277,2.061],[128.279,2.054],[128.274,2.058],[128.277,2.061]]],[[[128.248,2.063],[128.255,2.054],[128.244,2.062],[128.248,2.063]]],[[[128.267,2.068],[128.274,2.064],[128.271,2.062],[128.267,2.068]]],[[[128.27,2.078],[128.274,2.078],[128.274,2.076],[128.27,2.078]]],[[[128.281,2.081],[128.279,2.082],[128.281,2.083],[128.281,2.081]]],[[[128.222,2.139],[128.232,2.133],[128.225,2.127],[128.222,2.139]]],[[[128.234,2.207],[128.237,2.207],[128.236,2.204],[128.234,2.207]]],[[[128.566,2.646],[128.633,2.535],[128.688,2.503],[128.694,2.425],[128.65,2.368],[128.654,2.31],[128.578,2.112],[128.505,2.06],[128.3,2.036],[128.26,1.981],[128.293,2.055],[128.286,2.078],[128.279,2.088],[128.253,2.094],[128.246,2.124],[128.249,2.248],[128.198,2.284],[128.285,2.373],[128.298,2.444],[128.362,2.509],[128.412,2.529],[128.467,2.598],[128.526,2.578],[128.566,2.646]]],[[[128.684,2.381],[128.681,2.383],[128.684,2.384],[128.684,2.381]]]]}},{"type":"Feature","properties":{"k":"82.08"},"geometry":{"type":"MultiPolygon","coordinates":[[[[124.312,-1.986],[124.312,-1.986],[124.312,-1.986],[124.312,-1.986]]],[[[124.311,-1.973],[124.311,-1.973],[124.311,-1.973],[124.311,-1.973]]],[[[124.317,-1.972],[124.318,-1.97],[124.318,-1.971],[124.317,-1.972]]],[[[124.31,-1.971],[124.311,-1.971],[124.311,-1.971],[124.31,-1.971]]],[[[124.313,-1.969],[124.312,-1.968],[124.312,-1.968],[124.313,-1.969]]],[[[124.311,-1.787],[124.316,-1.793],[124.306,-1.802],[124.311,-1.787]]],[[[124.299,-1.783],[124.297,-1.782],[124.299,-1.782],[124.299,-1.783]]],[[[124.298,-1.781],[124.297,-1.78],[124.297,-1.78],[124.298,-1.781]]],[[[124.296,-1.781],[124.296,-1.781],[124.296,-1.781],[124.296,-1.781]]],[[[124.313,-1.772],[124.314,-1.772],[124.314,-1.772],[124.313,-1.772]]],[[[124.314,-1.771],[124.314,-1.77],[124.314,-1.769],[124.314,-1.771]]],[[[124.315,-1.766],[124.314,-1.769],[124.313,-1.767],[124.315,-1.766]]],[[[124.283,-1.755],[124.286,-1.754],[124.311,-1.786],[124.285,-1.764],[124.283,-1.755]]],[[[124.313,-1.756],[124.312,-1.756],[124.313,-1.756],[124.313,-1.756]]],[[[124.313,-1.751],[124.313,-1.75],[124.313,-1.75],[124.313,-1.751]]],[[[124.298,-1.73],[124.3,-1.733],[124.3,-1.734],[124.298,-1.73]]],[[[124.311,-1.724],[124.322,-1.74],[124.319,-1.744],[124.311,-1.724]]],[[[124.309,-1.729],[124.308,-1.73],[124.308,-1.728],[124.309,-1.729]]],[[[124.304,-1.73],[124.303,-1.728],[124.305,-1.727],[124.304,-1.73]]],[[[124.306,-1.727],[124.305,-1.726],[124.306,-1.726],[124.306,-1.727]]],[[[124.31,-1.976],[124.37,-1.977],[124.372,-2.041],[124.317,-2.016],[124.315,-1.998],[124.305,-2.008],[124.316,-1.987],[124.31,-1.976]]],[[[124.344,-1.909],[124.345,-1.911],[124.344,-1.91],[124.344,-1.909]]],[[[124.339,-1.906],[124.339,-1.904],[124.34,-1.906],[124.339,-1.906]]],[[[124.335,-1.895],[124.336,-1.903],[124.332,-1.896],[124.335,-1.895]]],[[[124.34,-1.828],[124.338,-1.823],[124.341,-1.821],[124.34,-1.828]]],[[[124.342,-1.763],[124.349,-1.776],[124.345,-1.779],[124.342,-1.763]]],[[[124.361,-1.759],[124.36,-1.758],[124.36,-1.757],[124.361,-1.759]]],[[[124.342,-1.747],[124.34,-1.748],[124.34,-1.748],[124.342,-1.747]]],[[[124.353,-1.746],[124.353,-1.747],[124.352,-1.746],[124.353,-1.746]]],[[[124.36,-1.743],[124.359,-1.744],[124.358,-1.744],[124.36,-1.743]]],[[[124.353,-1.74],[124.355,-1.742],[124.352,-1.741],[124.353,-1.74]]],[[[124.357,-1.739],[124.36,-1.74],[124.359,-1.742],[124.357,-1.739]]],[[[124.365,-1.736],[124.367,-1.742],[124.363,-1.741],[124.365,-1.736]]],[[[124.358,-1.732],[124.36,-1.737],[124.356,-1.737],[124.358,-1.732]]],[[[124.334,-1.728],[124.332,-1.726],[124.334,-1.725],[124.334,-1.728]]],[[[124.341,-1.726],[124.342,-1.724],[124.342,-1.726],[124.341,-1.726]]],[[[124.345,-1.723],[124.345,-1.724],[124.345,-1.723],[124.345,-1.723]]],[[[124.362,-1.724],[124.367,-1.726],[124.367,-1.727],[124.362,-1.724]]],[[[124.337,-1.704],[124.334,-1.723],[124.331,-1.713],[124.337,-1.704]]],[[[124.35,-1.704],[124.341,-1.703],[124.349,-1.693],[124.35,-1.704]]],[[[124.393,-2.034],[124.405,-2.047],[124.388,-2.074],[124.373,-2.05],[124.393,-2.034]]],[[[124.448,-2.04],[124.448,-2.041],[124.448,-2.04],[124.448,-2.04]]],[[[124.449,-2.038],[124.449,-2.038],[124.449,-2.038],[124.449,-2.038]]],[[[124.448,-2.037],[124.449,-2.037],[124.448,-2.037],[124.448,-2.037]]],[[[124.486,-2.022],[124.493,-2.014],[124.498,-2.016],[124.486,-2.022]]],[[[124.533,-2.002],[124.534,-2.001],[124.534,-2.002],[124.533,-2.002]]],[[[124.529,-1.996],[124.53,-1.996],[124.529,-1.996],[124.529,-1.996]]],[[[124.7,-1.974],[124.698,-1.973],[124.699,-1.972],[124.7,-1.974]]],[[[124.383,-1.95],[124.336,-1.888],[124.348,-1.788],[124.372,-1.742],[124.372,-1.713],[124.363,-1.703],[124.401,-1.66],[124.492,-1.659],[124.529,-1.63],[124.526,-1.666],[124.554,-1.639],[124.643,-1.64],[124.779,-1.666],[124.809,-1.687],[124.806,-1.673],[124.871,-1.68],[124.898,-1.709],[124.959,-1.695],[125.0,-1.728],[125.021,-1.719],[125.016,-1.752],[125.038,-1.751],[125.046,-1.772],[125.061,-1.743],[125.069,-1.773],[125.103,-1.762],[125.111,-1.747],[125.087,-1.745],[125.114,-1.731],[125.108,-1.691],[125.129,-1.684],[125.148,-1.716],[125.165,-1.695],[125.204,-1.725],[125.187,-1.787],[125.214,-1.793],[125.222,-1.737],[125.243,-1.723],[125.297,-1.738],[125.273,-1.797],[125.299,-1.779],[125.323,-1.789],[125.315,-1.894],[125.232,-1.872],[125.128,-1.877],[125.102,-1.9],[125.052,-1.886],[125.016,-1.898],[125.008,-1.944],[124.891,-1.927],[124.862,-1.892],[124.785,-1.911],[124.682,-1.976],[124.524,-2.019],[124.494,-2.014],[124.519,-1.991],[124.529,-2.009],[124.567,-1.996],[124.521,-1.981],[124.482,-2.025],[124.404,-2.034],[124.383,-1.95]]],[[[124.371,-1.74],[124.371,-1.738],[124.371,-1.738],[124.371,-1.74]]],[[[124.99,-1.71],[124.991,-1.713],[124.99,-1.713],[124.99,-1.71]]],[[[124.962,-1.694],[124.969,-1.7],[124.96,-1.695],[124.962,-1.694]]],[[[124.964,-1.687],[124.968,-1.686],[124.969,-1.691],[124.964,-1.687]]],[[[124.967,-1.664],[124.954,-1.672],[124.95,-1.666],[124.951,-1.665],[124.967,-1.664]]],[[[124.999,-1.671],[125.0,-1.66],[125.023,-1.665],[124.999,-1.671]]],[[[124.897,-1.657],[124.889,-1.664],[124.886,-1.661],[124.897,-1.657]]],[[[124.882,-1.659],[124.879,-1.659],[124.88,-1.657],[124.882,-1.659]]],[[[124.486,-1.629],[124.489,-1.637],[124.487,-1.638],[124.486,-1.629]]],[[[124.472,-1.584],[124.485,-1.588],[124.48,-1.605],[124.472,-1.584]]]]}},{"type":"Feature","properties":{"k":"82.71"},"geometry":{"type":"MultiPolygon","coordinates":[[[[127.416,0.48],[127.439,0.447],[127.399,0.432],[127.386,0.471],[127.416,0.48]]],[[[127.327,0.868],[127.389,0.829],[127.389,0.781],[127.368,0.759],[127.315,0.757],[127.294,0.791],[127.302,0.841],[127.327,0.868]]],[[[127.328,0.903],[127.32,0.881],[127.303,0.899],[127.314,0.913],[127.328,0.903]]]]}},{"type":"Feature","properties":{"k":"82.72"},"geometry":{"type":"MultiPolygon","coordinates":[[[[127.622,0.358],[127.621,0.352],[127.619,0.355],[127.622,0.358]]],[[[127.594,0.384],[127.592,0.38],[127.59,0.382],[127.594,0.384]]],[[[127.609,0.387],[127.602,0.387],[127.609,0.389],[127.609,0.387]]],[[[127.589,0.39],[127.584,0.389],[127.589,0.393],[127.589,0.39]]],[[[127.583,0.394],[127.579,0.4],[127.586,0.399],[127.583,0.394]]],[[[127.728,0.815],[127.787,0.706],[127.774,0.609],[127.802,0.288],[127.798,0.004],[127.699,-0.0],[127.722,0.072],[127.712,0.103],[127.685,0.098],[127.732,0.317],[127.71,0.352],[127.661,0.342],[127.622,0.36],[127.622,0.396],[127.579,0.415],[127.561,0.516],[127.527,0.554],[127.547,0.73],[127.575,0.754],[127.599,0.75],[127.637,0.812],[127.728,0.815]]],[[[127.411,0.575],[127.397,0.563],[127.38,0.561],[127.393,0.586],[127.411,0.575]]],[[[127.385,0.748],[127.451,0.743],[127.457,0.673],[127.403,0.622],[127.365,0.651],[127.362,0.678],[127.385,0.748]]],[[[127.38,0.732],[127.362,0.734],[127.371,0.741],[127.38,0.732]]],[[[127.594,0.772],[127.596,0.775],[127.596,0.771],[127.594,0.772]]]]}},{"type":"Feature","properties":{"k":"91.03"},"geometry":{"type":"MultiPolygon","coordinates":[[[[140.073,-2.355],[140.102,-2.322],[140.143,-2.348],[140.151,-2.324],[140.154,-2.371],[140.211,-2.409],[140.25,-2.399],[140.304,-2.445],[140.337,-2.448],[140.337,-2.465],[140.355,-2.446],[140.371,-2.457],[140.349,-2.395],[140.499,-2.444],[140.527,-2.428],[140.539,-2.447],[140.596,-2.455],[140.614,-2.439],[140.634,-2.468],[140.686,-2.477],[140.547,-2.541],[140.541,-2.571],[140.571,-2.606],[140.622,-2.612],[140.619,-2.66],[140.59,-2.706],[140.583,-2.689],[140.467,-2.662],[140.374,-2.766],[140.292,-3.044],[140.285,-3.185],[140.098,-3.568],[140.103,-3.778],[139.884,-3.683],[139.837,-3.645],[139.792,-3.639],[139.762,-3.601],[139.637,-3.585],[139.578,-3.595],[139.522,-3.545],[139.474,-3.559],[139.432,-3.521],[139.562,-3.235],[139.604,-2.935],[139.62,-2.511],[139.91,-2.454],[140.088,-2.443],[140.073,-2.355]]],[[[140.353,-2.441],[140.355,-2.444],[140.353,-2.444],[140.353,-2.441]]],[[[140.35,-2.439],[140.352,-2.437],[140.353,-2.438],[140.35,-2.439]]]]}},{"type":"Feature","properties":{"k":"91.05"},"geometry":{"type":"MultiPolygon","coordinates":[[[[136.332,-1.906],[136.342,-1.92],[136.352,-1.905],[136.376,-1.906],[136.353,-1.917],[136.361,-1.963],[136.331,-1.935],[136.343,-1.933],[136.332,-1.906]]],[[[136.388,-1.906],[136.409,-1.912],[136.384,-1.923],[136.388,-1.906]]],[[[136.28,-1.887],[136.303,-1.927],[136.293,-1.94],[136.28,-1.887]]],[[[136.373,-1.894],[136.356,-1.893],[136.362,-1.885],[136.373,-1.894]]],[[[136.951,-1.838],[137.032,-1.834],[137.056,-1.87],[136.951,-1.838]]],[[[135.806,-1.785],[135.825,-1.799],[135.808,-1.82],[135.796,-1.81],[135.806,-1.785]]],[[[135.41,-1.602],[135.794,-1.63],[135.848,-1.639],[135.836,-1.656],[135.851,-1.661],[135.869,-1.661],[135.87,-1.639],[135.913,-1.635],[136.05,-1.659],[136.203,-1.649],[136.369,-1.717],[136.411,-1.72],[136.446,-1.698],[136.583,-1.728],[136.789,-1.739],[136.904,-1.792],[136.849,-1.828],[136.72,-1.817],[136.698,-1.823],[136.708,-1.843],[136.689,-1.834],[136.644,-1.87],[136.539,-1.87],[136.503,-1.852],[136.542,-1.898],[136.499,-1.88],[136.469,-1.896],[136.414,-1.874],[136.371,-1.884],[136.344,-1.861],[136.274,-1.884],[136.263,-1.913],[136.247,-1.886],[136.23,-1.909],[136.198,-1.855],[136.174,-1.874],[136.148,-1.854],[136.069,-1.849],[136.025,-1.819],[135.979,-1.817],[135.949,-1.787],[135.935,-1.804],[135.912,-1.755],[135.901,-1.789],[135.892,-1.758],[135.861,-1.738],[135.867,-1.764],[135.847,-1.747],[135.832,-1.762],[135.812,-1.729],[135.762,-1.708],[135.747,-1.718],[135.728,-1.691],[135.693,-1.706],[135.642,-1.684],[135.61,-1.698],[135.627,-1.687],[135.579,-1.687],[135.555,-1.663],[135.521,-1.686],[135.521,-1.662],[135.511,-1.688],[135.475,-1.681],[135.465,-1.636],[135.448,-1.642],[135.444,-1.612],[135.41,-1.602]]],[[[135.762,-1.747],[135.778,-1.723],[135.804,-1.732],[135.762,-1.747]]],[[[135.091,-1.501],[135.12,-1.461],[135.155,-1.49],[135.215,-1.475],[135.208,-1.504],[135.223,-1.508],[135.244,-1.484],[135.253,-1.522],[135.261,-1.48],[135.271,-1.491],[135.297,-1.475],[135.311,-1.496],[135.337,-1.484],[135.325,-1.509],[135.249,-1.53],[135.091,-1.501]]]]}},{"type":"Feature","properties":{"k":"91.06"},"geometry":{"type":"MultiPolygon","coordinates":[[[[136.231,-1.232],[136.203,-1.258],[136.188,-1.247],[136.199,-1.234],[136.231,-1.232]]],[[[136.537,-1.238],[136.503,-1.24],[136.5,-1.23],[136.524,-1.228],[136.537,-1.238]]],[[[136.292,-1.234],[136.341,-1.223],[136.344,-1.237],[136.302,-1.244],[136.292,-1.234]]],[[[136.443,-1.199],[136.451,-1.222],[136.448,-1.24],[136.43,-1.214],[136.443,-1.199]]],[[[136.607,-1.196],[136.614,-1.221],[136.593,-1.229],[136.578,-1.2],[136.607,-1.196]]],[[[134.792,-0.987],[134.844,-0.931],[134.925,-0.953],[134.947,-0.998],[134.95,-0.968],[134.987,-1.034],[134.979,-1.102],[134.961,-1.125],[134.857,-1.137],[134.794,-1.032],[134.792,-0.987]]],[[[135.804,-0.687],[135.863,-0.705],[135.925,-0.79],[136.051,-0.856],[136.039,-0.896],[136.06,-0.887],[136.091,-0.917],[136.099,-0.96],[136.152,-0.997],[136.171,-1.043],[136.256,-1.017],[136.324,-1.074],[136.362,-1.063],[136.385,-1.084],[136.314,-1.14],[136.143,-1.2],[136.001,-1.142],[135.94,-1.142],[135.906,-1.177],[135.859,-1.167],[135.802,-1.098],[135.829,-1.032],[135.794,-0.983],[135.774,-0.876],[135.741,-0.803],[135.709,-0.803],[135.804,-0.741],[135.804,-0.687]]],[[[136.602,-1.302],[136.607,-1.32],[136.605,-1.324],[136.602,-1.302]]],[[[136.602,-1.272],[136.601,-1.295],[136.589,-1.274],[136.602,-1.272]]],[[[136.676,-1.261],[136.666,-1.272],[136.665,-1.267],[136.676,-1.261]]],[[[136.612,-1.23],[136.617,-1.246],[136.602,-1.255],[136.595,-1.236],[136.612,-1.23]]],[[[136.699,-1.213],[136.7,-1.224],[136.694,-1.218],[136.699,-1.213]]],[[[136.606,-1.175],[136.602,-1.135],[136.625,-1.152],[136.606,-1.175]]]]}},{"type":"Feature","properties":{"k":"91.10"},"geometry":{"type":"MultiPolygon","coordinates":[[[[138.144,-1.816],[138.175,-1.744],[138.163,-1.684],[138.179,-1.682],[138.178,-1.676],[138.184,-1.678],[138.186,-1.675],[138.18,-1.671],[138.189,-1.671],[138.19,-1.669],[138.188,-1.665],[138.185,-1.664],[138.185,-1.663],[138.196,-1.661],[138.191,-1.647],[138.178,-1.647],[138.185,-1.641],[138.185,-1.639],[138.179,-1.637],[138.182,-1.634],[138.335,-1.716],[138.658,-1.79],[138.716,-1.841],[138.751,-1.847],[138.788,-1.92],[138.863,-1.966],[138.9,-1.956],[138.909,-1.963],[138.899,-1.97],[138.901,-1.973],[138.912,-1.98],[138.923,-1.974],[138.928,-1.98],[138.923,-1.972],[138.901,-1.971],[138.91,-1.964],[138.906,-1.955],[138.993,-1.973],[139.125,-2.031],[139.251,-2.111],[139.442,-2.187],[139.612,-2.283],[139.618,-2.292],[139.613,-2.303],[139.631,-2.298],[139.618,-2.285],[139.642,-2.289],[139.751,-2.36],[139.811,-2.378],[139.869,-2.381],[139.822,-2.376],[139.94,-2.368],[139.942,-2.38],[139.944,-2.366],[139.998,-2.361],[139.984,-2.43],[139.747,-2.402],[139.423,-2.471],[139.495,-3.112],[139.516,-3.133],[139.477,-3.167],[139.513,-3.308],[139.474,-3.415],[139.441,-3.437],[139.462,-3.46],[139.373,-3.436],[139.378,-3.468],[139.342,-3.485],[139.332,-3.449],[139.307,-3.472],[139.275,-3.462],[139.272,-3.444],[139.251,-3.451],[139.268,-3.419],[139.208,-3.449],[139.185,-3.426],[139.157,-3.433],[139.138,-3.422],[139.142,-3.359],[139.121,-3.356],[139.128,-3.38],[139.114,-3.387],[139.108,-3.325],[139.074,-3.333],[139.071,-3.287],[139.089,-3.314],[139.091,-3.287],[139.02,-3.285],[139.002,-3.191],[139.02,-3.187],[139.017,-3.148],[139.123,-3.03],[139.138,-2.942],[139.103,-2.925],[139.118,-2.909],[139.087,-2.89],[138.621,-2.646],[138.721,-2.478],[138.724,-2.423],[138.608,-2.265],[138.533,-2.268],[138.444,-2.204],[138.409,-2.202],[138.401,-2.179],[138.394,-2.191],[138.348,-2.177],[138.352,-2.142],[138.312,-2.12],[138.327,-2.111],[138.317,-2.088],[138.293,-2.083],[138.31,-2.068],[138.249,-2.035],[138.261,-1.99],[138.137,-1.94],[138.144,-1.816]],[[138.25,-1.672],[138.25,-1.672],[138.252,-1.673],[138.25,-1.672]],[[138.237,-1.669],[138.248,-1.673],[138.25,-1.672],[138.237,-1.669]],[[139.613,-2.291],[139.613,-2.291],[139.613,-2.291],[139.613,-2.291]],[[139.614,-2.292],[139.614,-2.29],[139.613,-2.291],[139.614,-2.292]]],[[[139.252,-2.014],[139.239,-2.005],[139.25,-2.005],[139.252,-2.014]]],[[[139.01,-1.933],[139.017,-1.949],[139.001,-1.939],[139.01,-1.933]]],[[[138.79,-1.673],[138.805,-1.679],[138.797,-1.707],[138.79,-1.673]]],[[[138.175,-1.674],[138.176,-1.631],[138.176,-1.647],[138.191,-1.649],[138.179,-1.67],[138.184,-1.677],[138.175,-1.674]]],[[[138.717,-1.58],[138.747,-1.625],[138.709,-1.606],[138.717,-1.58]]]]}},{"type":"Feature","properties":{"k":"91.11"},"geometry":{"type":"Polygon","coordinates":[[[140.306,-3.308],[140.337,-3.209],[140.32,-3.188],[140.368,-3.157],[140.36,-2.805],[140.388,-2.77],[140.446,-2.78],[140.477,-2.751],[140.525,-2.78],[140.584,-2.758],[140.613,-2.776],[140.631,-2.757],[140.625,-2.716],[140.666,-2.726],[140.717,-2.706],[140.824,-2.734],[141.0,-2.829],[141.0,-3.932],[140.942,-3.914],[140.917,-3.922],[140.917,-3.946],[140.886,-3.93],[140.789,-3.94],[140.678,-3.907],[140.611,-3.947],[140.587,-3.937],[140.594,-3.926],[140.517,-3.905],[140.497,-3.905],[140.508,-3.928],[140.488,-3.929],[140.455,-3.893],[140.407,-3.917],[140.432,-3.856],[140.415,-3.843],[140.422,-3.82],[140.4,-3.814],[140.418,-3.801],[140.397,-3.771],[140.403,-3.739],[140.359,-3.711],[140.365,-3.683],[140.342,-3.689],[140.397,-3.63],[140.376,-3.581],[140.385,-3.554],[140.361,-3.527],[140.375,-3.533],[140.379,-3.515],[140.338,-3.487],[140.367,-3.452],[140.349,-3.401],[140.37,-3.368],[140.306,-3.308]]]}},{"type":"Feature","properties":{"k":"91.15"},"geometry":{"type":"MultiPolygon","coordinates":[[[[136.01,-2.709],[136.056,-2.67],[136.114,-2.667],[136.223,-2.613],[136.28,-2.514],[136.297,-2.411],[136.347,-2.371],[136.339,-2.264],[136.393,-2.219],[136.511,-2.191],[136.544,-2.224],[136.584,-2.197],[136.579,-2.228],[136.601,-2.254],[136.675,-2.263],[136.706,-2.228],[136.745,-2.255],[136.794,-2.211],[136.808,-2.229],[136.807,-2.177],[136.902,-2.263],[136.907,-2.298],[136.928,-2.301],[136.915,-2.331],[136.938,-2.349],[136.91,-2.361],[136.914,-2.387],[136.972,-2.427],[137.029,-2.416],[137.036,-2.46],[137.254,-2.592],[137.26,-2.685],[137.287,-2.72],[137.249,-2.761],[137.272,-2.777],[137.269,-2.825],[137.345,-2.857],[137.382,-2.956],[137.151,-3.078],[137.188,-3.107],[137.181,-3.122],[137.132,-3.136],[137.126,-3.122],[137.087,-3.172],[137.048,-3.168],[137.005,-3.191],[136.99,-3.174],[136.965,-3.198],[136.898,-3.192],[136.897,-3.223],[136.829,-3.281],[136.793,-3.266],[136.732,-3.282],[136.625,-3.237],[136.569,-3.251],[136.537,-3.227],[136.484,-3.224],[136.445,-3.176],[136.433,-3.082],[136.371,-3.048],[136.339,-3.006],[136.353,-2.946],[136.326,-2.914],[136.292,-2.915],[136.295,-2.88],[136.266,-2.886],[136.266,-2.851],[136.242,-2.861],[136.254,-2.844],[136.229,-2.841],[136.218,-2.808],[136.183,-2.811],[136.183,-2.795],[136.147,-2.784],[136.144,-2.799],[136.135,-2.752],[136.056,-2.767],[136.044,-2.743],[136.018,-2.747],[136.01,-2.709]]],[[[136.252,-2.234],[136.259,-2.215],[136.269,-2.221],[136.252,-2.234]]]]}},{"type":"Feature","properties":{"k":"91.19"},"geometry":{"type":"MultiPolygon","coordinates":[[[[135.49,-0.93],[135.512,-0.967],[135.494,-0.965],[135.49,-0.93]]],[[[135.361,-0.635],[135.393,-0.621],[135.417,-0.653],[135.448,-0.642],[135.439,-0.667],[135.462,-0.646],[135.535,-0.674],[135.551,-0.658],[135.591,-0.664],[135.595,-0.702],[135.645,-0.663],[135.678,-0.688],[135.685,-0.719],[135.724,-0.71],[135.748,-0.742],[135.804,-0.687],[135.804,-0.741],[135.739,-0.794],[135.709,-0.803],[135.724,-0.776],[135.643,-0.887],[135.529,-0.783],[135.486,-0.769],[135.471,-0.739],[135.498,-0.814],[135.513,-0.79],[135.542,-0.839],[135.538,-0.871],[135.395,-0.724],[135.361,-0.635]]],[[[135.263,-0.405],[135.278,-0.405],[135.266,-0.41],[135.263,-0.405]]],[[[134.306,0.844],[134.301,0.805],[134.3,0.823],[134.306,0.844]]]]}},{"type":"Feature","properties":{"k":"91.20"},"geometry":{"type":"MultiPolygon","coordinates":[[[[136.837,-2.173],[136.841,-2.196],[136.907,-2.178],[136.942,-2.121],[137.032,-2.151],[137.007,-2.125],[137.058,-2.098],[137.17,-2.113],[137.159,-2.096],[137.176,-2.078],[137.219,-2.076],[137.232,-2.049],[137.259,-2.05],[137.215,-2.038],[137.22,-2.019],[137.19,-2.001],[137.217,-1.984],[137.224,-2.003],[137.232,-1.976],[137.221,-1.96],[137.193,-1.961],[137.184,-1.932],[137.167,-1.934],[137.161,-1.9],[137.172,-1.902],[137.171,-1.871],[137.143,-1.845],[137.152,-1.815],[137.186,-1.813],[137.159,-1.767],[137.223,-1.746],[137.248,-1.755],[137.269,-1.795],[137.314,-1.801],[137.271,-1.785],[137.244,-1.738],[137.344,-1.697],[137.329,-1.694],[137.484,-1.596],[137.686,-1.505],[137.737,-1.504],[137.748,-1.478],[137.785,-1.505],[137.834,-1.485],[137.85,-1.509],[137.834,-1.479],[137.809,-1.494],[137.808,-1.477],[137.793,-1.493],[137.788,-1.48],[137.839,-1.465],[137.898,-1.477],[137.933,-1.459],[137.968,-1.532],[137.945,-1.528],[137.946,-1.554],[137.96,-1.548],[137.945,-1.634],[137.968,-1.624],[138.0,-1.646],[138.005,-1.624],[138.037,-1.618],[138.137,-1.648],[137.981,-1.571],[137.98,-1.53],[138.068,-1.601],[138.169,-1.631],[138.179,-1.68],[138.161,-1.703],[138.175,-1.743],[138.131,-1.854],[138.137,-1.94],[138.261,-1.99],[138.249,-2.035],[138.31,-2.068],[138.293,-2.083],[138.317,-2.088],[138.327,-2.11],[138.312,-2.12],[138.352,-2.142],[138.349,-2.178],[138.394,-2.191],[138.401,-2.179],[138.418,-2.208],[138.444,-2.204],[138.533,-2.268],[138.608,-2.265],[138.724,-2.423],[138.721,-2.478],[138.621,-2.646],[139.118,-2.909],[139.103,-2.925],[139.125,-2.925],[139.145,-2.955],[139.123,-3.03],[139.026,-3.126],[139.021,-3.186],[139.001,-3.194],[139.02,-3.285],[139.049,-3.296],[139.057,-3.276],[139.083,-3.279],[139.099,-3.308],[139.082,-3.311],[139.071,-3.287],[139.076,-3.336],[139.048,-3.393],[139.005,-3.381],[138.884,-3.429],[138.73,-3.286],[138.564,-3.337],[138.407,-3.33],[138.38,-3.318],[138.327,-3.194],[138.215,-3.208],[138.177,-3.231],[138.146,-3.286],[138.016,-3.235],[138.01,-3.155],[137.974,-3.134],[137.618,-3.112],[137.558,-3.051],[137.461,-3.053],[137.375,-2.959],[137.381,-2.934],[137.364,-2.933],[137.344,-2.857],[137.269,-2.825],[137.272,-2.777],[137.249,-2.761],[137.287,-2.72],[137.26,-2.685],[137.268,-2.631],[137.253,-2.591],[137.035,-2.459],[137.029,-2.416],[136.972,-2.427],[136.913,-2.386],[136.91,-2.361],[136.938,-2.349],[136.916,-2.332],[136.927,-2.301],[136.908,-2.299],[136.902,-2.263],[136.807,-2.177],[136.837,-2.173]],[[137.829,-1.472],[137.829,-1.472],[137.829,-1.472],[137.829,-1.472]],[[137.83,-1.473],[137.833,-1.471],[137.831,-1.47],[137.83,-1.473]]],[[[136.259,-2.215],[136.267,-2.228],[136.25,-2.232],[136.259,-2.215]]],[[[137.205,-2.065],[137.227,-2.057],[137.217,-2.074],[137.205,-2.065]]],[[[137.196,-2.014],[137.188,-2.02],[137.173,-2.004],[137.196,-2.014]]],[[[137.214,-1.982],[137.196,-1.984],[137.196,-1.974],[137.214,-1.982]]],[[[137.197,-1.963],[137.219,-1.962],[137.224,-1.974],[137.21,-1.979],[137.197,-1.963]]],[[[137.088,-1.857],[137.111,-1.879],[137.093,-1.896],[137.088,-1.857]]],[[[137.101,-1.796],[137.135,-1.774],[137.161,-1.792],[137.138,-1.849],[137.163,-1.87],[137.17,-1.9],[137.16,-1.899],[137.161,-1.933],[137.089,-1.853],[137.101,-1.796]]],[[[137.772,-1.486],[137.77,-1.484],[137.772,-1.483],[137.772,-1.486]]],[[[137.772,-1.483],[137.772,-1.482],[137.772,-1.483],[137.772,-1.483]]]]}},{"type":"Feature","properties":{"k":"91.71"},"geometry":{"type":"Polygon","coordinates":[[[140.614,-2.612],[140.625,-2.531],[140.663,-2.474],[140.72,-2.491],[140.748,-2.534],[140.731,-2.518],[140.707,-2.539],[140.717,-2.591],[140.693,-2.575],[140.686,-2.614],[140.706,-2.629],[140.738,-2.627],[140.71,-2.595],[140.763,-2.629],[140.786,-2.621],[140.789,-2.596],[140.915,-2.623],[141.0,-2.604],[141.0,-2.829],[140.824,-2.734],[140.717,-2.706],[140.633,-2.722],[140.614,-2.612]]]}},{"type":"Feature","properties":{"k":"92.02","approx":1},"geometry":{"type":"Polygon","coordinates":[[[134.307,-0.891],[134.287,-0.993],[134.229,-1.08],[134.142,-1.138],[134.04,-1.158],[133.938,-1.138],[133.851,-1.08],[133.793,-0.993],[133.773,-0.891],[133.793,-0.789],[133.851,-0.702],[133.938,-0.644],[134.04,-0.624],[134.142,-0.644],[134.229,-0.702],[134.287,-0.789],[134.307,-0.891]]]}},{"type":"Feature","properties":{"k":"92.03"},"geometry":{"type":"MultiPolygon","coordinates":[[[[132.321,-2.992],[132.185,-2.98],[132.17,-2.969],[132.25,-2.968],[132.321,-2.992]]],[[[132.132,-2.966],[132.117,-2.972],[132.11,-2.97],[132.132,-2.966]]],[[[132.131,-2.959],[132.128,-2.96],[132.13,-2.957],[132.131,-2.959]]],[[[132.127,-2.958],[132.127,-2.955],[132.128,-2.955],[132.127,-2.958]]],[[[132.122,-2.957],[132.121,-2.956],[132.122,-2.954],[132.122,-2.957]]],[[[132.131,-2.954],[132.129,-2.955],[132.129,-2.954],[132.131,-2.954]]],[[[132.323,-2.954],[132.322,-2.952],[132.324,-2.951],[132.323,-2.954]]],[[[132.118,-2.944],[132.115,-2.942],[132.118,-2.942],[132.118,-2.944]]],[[[132.014,-2.946],[131.999,-2.947],[131.976,-2.937],[131.993,-2.937],[132.014,-2.946]]],[[[131.992,-2.914],[131.993,-2.915],[131.986,-2.915],[131.992,-2.914]]],[[[132.061,-2.748],[132.06,-2.748],[132.061,-2.746],[132.061,-2.748]]],[[[131.993,-2.739],[131.995,-2.748],[131.987,-2.742],[131.993,-2.739]]],[[[132.094,-2.716],[132.093,-2.715],[132.094,-2.715],[132.094,-2.716]]],[[[132.083,-2.714],[132.079,-2.712],[132.083,-2.711],[132.083,-2.714]]],[[[132.087,-2.713],[132.09,-2.71],[132.092,-2.714],[132.087,-2.713]]],[[[131.617,-2.679],[131.616,-2.677],[131.621,-2.675],[131.617,-2.679]]],[[[131.624,-2.68],[131.625,-2.673],[131.633,-2.675],[131.624,-2.68]]],[[[131.606,-2.679],[131.606,-2.672],[131.61,-2.672],[131.606,-2.679]]],[[[131.604,-2.672],[131.6,-2.675],[131.6,-2.672],[131.604,-2.672]]],[[[131.669,-2.621],[131.627,-2.646],[131.588,-2.659],[131.646,-2.623],[131.669,-2.621]]],[[[131.626,-2.614],[131.627,-2.612],[131.628,-2.614],[131.626,-2.614]]],[[[132.403,-2.602],[132.401,-2.604],[132.4,-2.603],[132.403,-2.602]]],[[[132.438,-3.097],[132.546,-3.135],[132.545,-3.15],[132.471,-3.129],[132.438,-3.097]]],[[[132.498,-3.113],[132.497,-3.112],[132.5,-3.111],[132.498,-3.113]]],[[[132.472,-2.71],[132.471,-2.71],[132.472,-2.709],[132.472,-2.71]]],[[[132.474,-2.687],[132.473,-2.688],[132.473,-2.686],[132.474,-2.687]]],[[[132.506,-2.673],[132.505,-2.675],[132.503,-2.674],[132.506,-2.673]]],[[[132.51,-2.672],[132.513,-2.671],[132.512,-2.673],[132.51,-2.672]]],[[[132.484,-2.672],[132.494,-2.668],[132.494,-2.671],[132.484,-2.672]]],[[[132.504,-2.671],[132.505,-2.668],[132.506,-2.67],[132.504,-2.671]]],[[[132.505,-2.666],[132.497,-2.672],[132.498,-2.667],[132.505,-2.666]]],[[[132.5,-2.631],[132.508,-2.654],[132.472,-2.668],[132.442,-2.647],[132.463,-2.643],[132.465,-2.624],[132.478,-2.632],[132.5,-2.631]]],[[[132.514,-2.642],[132.514,-2.646],[132.513,-2.644],[132.514,-2.642]]],[[[132.451,-2.641],[132.455,-2.643],[132.453,-2.643],[132.451,-2.641]]],[[[132.484,-2.627],[132.486,-2.629],[132.481,-2.628],[132.484,-2.627]]],[[[132.441,-2.629],[132.439,-2.631],[132.44,-2.625],[132.441,-2.629]]],[[[132.483,-2.625],[132.481,-2.627],[132.481,-2.625],[132.483,-2.625]]],[[[132.463,-2.622],[132.463,-2.627],[132.459,-2.618],[132.463,-2.622]]],[[[132.449,-2.621],[132.445,-2.619],[132.445,-2.618],[132.449,-2.621]]],[[[132.427,-2.621],[132.427,-2.617],[132.431,-2.619],[132.427,-2.621]]],[[[132.432,-2.619],[132.436,-2.62],[132.434,-2.621],[132.432,-2.619]]],[[[132.433,-2.618],[132.431,-2.618],[132.432,-2.616],[132.433,-2.618]]],[[[132.443,-2.615],[132.443,-2.618],[132.44,-2.615],[132.443,-2.615]]],[[[132.405,-2.601],[132.413,-2.605],[132.404,-2.607],[132.405,-2.601]]],[[[132.806,-3.884],[132.805,-3.884],[132.805,-3.883],[132.806,-3.884]]],[[[132.753,-3.473],[132.74,-3.445],[132.75,-3.436],[132.753,-3.473]]],[[[132.725,-3.493],[132.693,-3.506],[132.681,-3.451],[132.635,-3.428],[132.631,-3.404],[132.664,-3.404],[132.725,-3.493]]],[[[132.748,-3.396],[132.755,-3.414],[132.745,-3.425],[132.736,-3.41],[132.748,-3.396]]],[[[132.814,-3.305],[132.811,-3.304],[132.813,-3.304],[132.814,-3.305]]],[[[132.801,-3.308],[132.806,-3.297],[132.809,-3.31],[132.801,-3.308]]],[[[132.791,-3.281],[132.787,-3.278],[132.791,-3.279],[132.791,-3.281]]],[[[133.264,-2.701],[133.24,-2.709],[133.23,-2.722],[133.241,-2.71],[133.256,-2.712],[133.266,-2.703],[133.491,-2.854],[133.669,-3.001],[133.348,-3.294],[133.04,-3.675],[132.826,-3.896],[132.779,-3.824],[132.783,-3.788],[132.726,-3.636],[132.89,-3.644],[132.903,-3.574],[132.939,-3.552],[132.907,-3.547],[132.922,-3.536],[132.888,-3.502],[132.895,-3.462],[132.852,-3.477],[132.816,-3.444],[132.798,-3.356],[132.842,-3.3],[132.807,-3.292],[132.809,-3.262],[132.784,-3.276],[132.773,-3.257],[132.728,-3.28],[132.728,-3.337],[132.663,-3.316],[132.596,-3.23],[132.638,-3.22],[132.645,-3.192],[132.575,-3.146],[132.577,-3.162],[132.557,-3.152],[132.554,-3.133],[132.576,-3.131],[132.561,-3.11],[132.42,-2.991],[132.35,-2.965],[132.351,-2.937],[132.217,-2.924],[132.208,-2.906],[132.201,-2.929],[132.187,-2.917],[132.147,-2.93],[132.153,-2.941],[132.101,-2.929],[132.118,-2.949],[132.088,-2.96],[132.058,-2.888],[132.047,-2.923],[132.009,-2.889],[131.98,-2.902],[131.981,-2.924],[131.976,-2.879],[132.029,-2.876],[132.022,-2.853],[132.037,-2.839],[131.978,-2.83],[132.065,-2.787],[132.041,-2.77],[131.95,-2.769],[132.051,-2.73],[132.058,-2.748],[132.067,-2.748],[132.074,-2.725],[132.096,-2.745],[132.108,-2.731],[132.087,-2.719],[132.098,-2.715],[132.095,-2.709],[132.121,-2.725],[132.129,-2.709],[132.145,-2.721],[132.201,-2.704],[132.111,-2.691],[132.197,-2.652],[132.321,-2.659],[132.394,-2.686],[132.439,-2.678],[132.419,-2.696],[132.458,-2.712],[132.431,-2.735],[132.494,-2.711],[132.465,-2.693],[132.477,-2.688],[132.484,-2.678],[132.545,-2.691],[132.58,-2.689],[132.599,-2.708],[132.616,-2.711],[132.625,-2.724],[132.638,-2.726],[132.666,-2.768],[132.716,-2.798],[132.792,-2.789],[132.788,-2.772],[132.931,-2.643],[133.034,-2.511],[133.264,-2.701]]],[[[132.663,-2.755],[132.661,-2.755],[132.662,-2.754],[132.663,-2.755]]],[[[132.653,-2.738],[132.649,-2.738],[132.651,-2.735],[132.653,-2.738]]],[[[132.641,-2.724],[132.641,-2.727],[132.639,-2.726],[132.641,-2.724]]],[[[132.622,-2.717],[132.625,-2.718],[132.622,-2.719],[132.622,-2.717]]],[[[132.586,-2.688],[132.586,-2.691],[132.583,-2.692],[132.586,-2.688]]],[[[132.583,-2.69],[132.582,-2.689],[132.583,-2.688],[132.583,-2.69]]],[[[132.551,-2.685],[132.548,-2.689],[132.548,-2.686],[132.551,-2.685]]],[[[132.542,-2.681],[132.532,-2.682],[132.532,-2.68],[132.542,-2.681]]],[[[132.547,-2.679],[132.548,-2.681],[132.546,-2.681],[132.547,-2.679]]],[[[132.55,-2.678],[132.549,-2.679],[132.549,-2.677],[132.55,-2.678]]],[[[132.571,-2.652],[132.548,-2.656],[132.536,-2.647],[132.557,-2.641],[132.571,-2.652]]],[[[132.53,-2.647],[132.526,-2.65],[132.523,-2.648],[132.53,-2.647]]],[[[132.516,-2.646],[132.518,-2.642],[132.517,-2.646],[132.516,-2.646]]],[[[132.522,-2.645],[132.521,-2.642],[132.524,-2.642],[132.522,-2.645]]]]}},{"type":"Feature","properties":{"k":"92.06","approx":1},"geometry":{"type":"Polygon","coordinates":[[[135.207,-2.035],[135.178,-2.323],[135.094,-2.599],[134.958,-2.854],[134.775,-3.078],[134.551,-3.261],[134.296,-3.398],[134.02,-3.482],[133.732,-3.51],[133.444,-3.482],[133.167,-3.398],[132.912,-3.261],[132.689,-3.078],[132.505,-2.854],[132.369,-2.599],[132.285,-2.323],[132.257,-2.035],[132.285,-1.747],[132.369,-1.471],[132.505,-1.216],[132.689,-0.992],[132.912,-0.809],[133.167,-0.672],[133.444,-0.588],[133.732,-0.56],[134.02,-0.588],[134.296,-0.672],[134.551,-0.809],[134.775,-0.992],[134.958,-1.216],[135.094,-1.471],[135.178,-1.747],[135.207,-2.035]]]}},{"type":"Feature","properties":{"k":"92.07"},"geometry":{"type":"MultiPolygon","coordinates":[[[[134.223,-2.415],[134.222,-2.418],[134.222,-2.417],[134.223,-2.415]]],[[[134.218,-2.412],[134.218,-2.414],[134.217,-2.414],[134.218,-2.412]]],[[[134.136,-2.135],[134.134,-2.137],[134.133,-2.132],[134.136,-2.135]]],[[[134.153,-2.077],[134.149,-2.076],[134.151,-2.074],[134.153,-2.077]]],[[[134.161,-2.068],[134.16,-2.064],[134.162,-2.066],[134.161,-2.068]]],[[[134.156,-2.065],[134.15,-2.065],[134.153,-2.063],[134.156,-2.065]]],[[[134.135,-2.037],[134.136,-2.036],[134.137,-2.039],[134.135,-2.037]]],[[[134.136,-2.033],[134.133,-2.027],[134.136,-2.026],[134.136,-2.033]]],[[[134.152,-2.001],[134.154,-2.027],[134.157,-2.052],[134.149,-2.034],[134.152,-2.001]]],[[[134.135,-2.015],[134.136,-2.022],[134.134,-2.024],[134.135,-2.015]]],[[[134.189,-1.916],[134.187,-1.914],[134.188,-1.914],[134.189,-1.916]]],[[[134.135,-1.896],[134.138,-1.884],[134.137,-1.897],[134.135,-1.896]]],[[[134.24,-1.747],[134.212,-1.799],[134.208,-1.78],[134.198,-1.791],[134.217,-1.831],[134.166,-1.951],[134.153,-1.909],[134.135,-1.907],[134.15,-1.902],[134.148,-1.827],[134.179,-1.801],[134.203,-1.737],[134.24,-1.747]]],[[[134.142,-1.811],[134.142,-1.813],[134.141,-1.808],[134.142,-1.811]]],[[[134.21,-1.734],[134.215,-1.731],[134.213,-1.736],[134.21,-1.734]]],[[[134.457,-2.852],[134.459,-2.85],[134.459,-2.853],[134.457,-2.852]]],[[[134.469,-2.848],[134.47,-2.844],[134.472,-2.848],[134.469,-2.848]]],[[[134.425,-3.11],[134.32,-3.183],[134.229,-3.04],[134.076,-2.591],[134.013,-2.004],[134.143,-1.993],[134.104,-2.072],[134.119,-2.163],[134.141,-2.156],[134.134,-2.226],[134.156,-2.243],[134.174,-2.351],[134.215,-2.42],[134.244,-2.44],[134.259,-2.429],[134.279,-2.482],[134.32,-2.507],[134.287,-2.519],[134.31,-2.515],[134.34,-2.552],[134.341,-2.577],[134.319,-2.584],[134.375,-2.644],[134.367,-2.667],[134.409,-2.719],[134.407,-2.767],[134.455,-2.812],[134.444,-2.846],[134.461,-2.863],[134.498,-2.85],[134.524,-2.792],[134.46,-2.55],[134.514,-2.484],[134.569,-2.484],[134.513,-2.474],[134.551,-2.472],[134.534,-2.449],[134.601,-2.488],[134.631,-2.474],[134.662,-2.611],[134.67,-2.808],[134.601,-2.888],[134.427,-3.007],[134.438,-3.064],[134.425,-3.11]]],[[[134.394,-2.536],[134.395,-2.559],[134.388,-2.576],[134.37,-2.526],[134.394,-2.536]]],[[[134.308,-2.497],[134.302,-2.494],[134.304,-2.477],[134.308,-2.497]]],[[[134.287,-2.478],[134.288,-2.476],[134.289,-2.478],[134.287,-2.478]]],[[[134.282,-2.475],[134.284,-2.469],[134.286,-2.47],[134.282,-2.475]]],[[[134.52,-2.455],[134.527,-2.453],[134.527,-2.455],[134.52,-2.455]]],[[[134.542,-2.436],[134.532,-2.437],[134.534,-2.434],[134.542,-2.436]]],[[[134.524,-2.439],[134.521,-2.433],[134.53,-2.434],[134.524,-2.439]]],[[[134.521,-2.425],[134.526,-2.424],[134.521,-2.426],[134.521,-2.425]]],[[[134.51,-2.351],[134.502,-2.343],[134.53,-2.352],[134.51,-2.351]]],[[[134.524,-2.311],[134.514,-2.298],[134.532,-2.308],[134.524,-2.311]]],[[[134.355,-2.166],[134.316,-2.079],[134.364,-2.001],[134.388,-1.993],[134.409,-2.005],[134.41,-2.075],[134.385,-2.083],[134.393,-2.103],[134.355,-2.166]]],[[[134.42,-1.808],[134.425,-1.808],[134.424,-1.811],[134.42,-1.808]]],[[[134.963,-2.395],[134.962,-2.396],[134.961,-2.393],[134.963,-2.395]]],[[[134.563,-2.281],[134.591,-2.396],[134.562,-2.403],[134.579,-2.42],[134.565,-2.441],[134.533,-2.429],[134.562,-2.417],[134.507,-2.391],[134.524,-2.382],[134.506,-2.359],[134.562,-2.368],[134.563,-2.281]]],[[[134.551,-2.353],[134.542,-2.353],[134.545,-2.351],[134.551,-2.353]]],[[[134.864,-2.275],[134.865,-2.277],[134.863,-2.276],[134.864,-2.275]]],[[[134.766,-2.206],[134.77,-2.212],[134.766,-2.208],[134.766,-2.206]]],[[[134.743,-2.15],[134.739,-2.156],[134.735,-2.147],[134.743,-2.15]]],[[[134.819,-2.129],[134.815,-2.132],[134.815,-2.127],[134.819,-2.129]]],[[[134.728,-2.084],[134.722,-2.073],[134.725,-2.071],[134.728,-2.084]]],[[[134.719,-2.061],[134.717,-2.065],[134.716,-2.065],[134.719,-2.061]]],[[[134.738,-2.053],[134.724,-2.026],[134.738,-2.016],[134.746,-2.041],[134.738,-2.053]]],[[[134.697,-2.004],[134.7,-2.003],[134.699,-2.005],[134.697,-2.004]]],[[[134.698,-1.995],[134.698,-1.992],[134.7,-1.993],[134.698,-1.995]]],[[[134.7,-1.99],[134.702,-1.988],[134.703,-1.989],[134.7,-1.99]]],[[[134.702,-1.985],[134.695,-1.974],[134.703,-1.968],[134.702,-1.985]]]]}},{"type":"Feature","properties":{"k":"92.08"},"geometry":{"type":"MultiPolygon","coordinates":[[[[133.503,-4.325],[133.506,-4.328],[133.503,-4.327],[133.503,-4.325]]],[[[133.544,-4.212],[133.636,-4.296],[133.635,-4.314],[133.549,-4.235],[133.46,-4.252],[133.417,-4.205],[133.385,-4.203],[133.364,-4.178],[133.331,-4.182],[133.348,-4.164],[133.323,-4.148],[133.318,-4.099],[133.361,-4.107],[133.37,-4.138],[133.394,-4.135],[133.456,-4.186],[133.544,-4.212]]],[[[132.972,-4.116],[132.978,-4.125],[132.97,-4.117],[132.972,-4.116]]],[[[133.04,-4.079],[133.035,-4.082],[133.036,-4.079],[133.04,-4.079]]],[[[133.355,-4.055],[133.358,-4.062],[133.352,-4.057],[133.355,-4.055]]],[[[133.347,-4.036],[133.345,-4.034],[133.349,-4.035],[133.347,-4.036]]],[[[133.467,-4.027],[133.471,-4.016],[133.477,-4.02],[133.467,-4.027]]],[[[133.519,-3.984],[133.523,-3.99],[133.512,-3.986],[133.519,-3.984]]],[[[132.83,-3.956],[132.831,-3.954],[132.831,-3.956],[132.83,-3.956]]],[[[132.81,-3.919],[132.814,-3.919],[132.815,-3.921],[132.81,-3.919]]],[[[132.819,-3.921],[132.813,-3.917],[132.814,-3.916],[132.819,-3.921]]],[[[133.613,-3.643],[133.612,-3.643],[133.613,-3.64],[133.613,-3.643]]],[[[133.599,-3.631],[133.598,-3.626],[133.6,-3.628],[133.599,-3.631]]],[[[133.574,-3.596],[133.572,-3.596],[133.572,-3.593],[133.574,-3.596]]],[[[133.647,-3.574],[133.648,-3.578],[133.643,-3.571],[133.647,-3.574]]],[[[133.12,-3.582],[133.287,-3.359],[133.514,-3.131],[133.669,-3.001],[133.732,-3.03],[133.648,-3.123],[133.65,-3.161],[133.672,-3.209],[133.648,-3.235],[133.662,-3.365],[133.633,-3.416],[133.606,-3.41],[133.539,-3.428],[133.523,-3.373],[133.508,-3.376],[133.515,-3.333],[133.488,-3.308],[133.513,-3.334],[133.495,-3.376],[133.518,-3.434],[133.483,-3.441],[133.442,-3.408],[133.417,-3.414],[133.409,-3.392],[133.423,-3.386],[133.442,-3.359],[133.419,-3.384],[133.431,-3.359],[133.403,-3.327],[133.416,-3.349],[133.39,-3.337],[133.395,-3.344],[133.429,-3.362],[133.406,-3.395],[133.411,-3.416],[133.431,-3.419],[133.427,-3.428],[133.439,-3.416],[133.488,-3.455],[133.55,-3.455],[133.597,-3.526],[133.582,-3.572],[133.41,-3.691],[133.415,-3.617],[133.439,-3.594],[133.428,-3.572],[133.45,-3.567],[133.472,-3.538],[133.467,-3.515],[133.421,-3.512],[133.461,-3.544],[133.448,-3.562],[133.439,-3.543],[133.426,-3.544],[133.443,-3.551],[133.423,-3.572],[133.432,-3.597],[133.378,-3.593],[133.331,-3.544],[133.335,-3.554],[133.328,-3.552],[133.314,-3.556],[133.311,-3.572],[133.284,-3.58],[133.276,-3.586],[133.269,-3.606],[133.248,-3.584],[133.24,-3.583],[133.233,-3.592],[133.231,-3.603],[133.238,-3.606],[133.248,-3.585],[133.269,-3.607],[133.279,-3.586],[133.304,-3.579],[133.314,-3.571],[133.314,-3.558],[133.328,-3.554],[133.369,-3.595],[133.403,-3.596],[133.412,-3.651],[133.395,-3.747],[133.459,-3.857],[133.401,-3.887],[133.367,-3.874],[133.353,-3.901],[133.312,-3.841],[133.273,-3.835],[133.287,-3.807],[133.283,-3.782],[133.262,-3.756],[133.257,-3.755],[133.244,-3.758],[133.237,-3.741],[133.217,-3.754],[133.237,-3.742],[133.243,-3.759],[133.26,-3.756],[133.284,-3.809],[133.269,-3.831],[133.282,-3.848],[133.234,-3.838],[133.243,-3.851],[133.279,-3.852],[133.297,-3.841],[133.347,-3.906],[133.403,-3.904],[133.337,-3.978],[133.32,-3.982],[133.322,-3.969],[133.319,-3.966],[133.294,-3.954],[133.32,-3.968],[133.317,-3.98],[133.329,-3.991],[133.268,-4.036],[133.25,-4.074],[133.076,-4.054],[133.028,-4.077],[133.019,-4.119],[132.959,-4.106],[132.913,-4.085],[132.917,-4.048],[132.841,-3.99],[132.843,-3.961],[132.831,-3.953],[132.816,-3.956],[132.807,-3.931],[132.82,-3.924],[132.845,-3.957],[132.826,-3.896],[133.12,-3.582]],[[133.294,-3.954],[133.294,-3.954],[133.294,-3.954],[133.294,-3.954]],[[133.291,-3.948],[133.292,-3.953],[133.294,-3.954],[133.291,-3.948]]],[[[133.624,-3.467],[133.631,-3.466],[133.631,-3.47],[133.624,-3.467]]],[[[133.488,-3.446],[133.513,-3.444],[133.52,-3.447],[133.507,-3.452],[133.488,-3.446]]],[[[133.617,-3.452],[133.597,-3.431],[133.608,-3.418],[133.628,-3.429],[133.617,-3.452]]],[[[133.594,-3.431],[133.596,-3.428],[133.596,-3.429],[133.594,-3.431]]],[[[133.416,-3.354],[133.417,-3.349],[133.42,-3.354],[133.416,-3.354]]],[[[133.674,-3.317],[133.672,-3.316],[133.674,-3.316],[133.674,-3.317]]],[[[133.672,-3.313],[133.666,-3.314],[133.667,-3.309],[133.672,-3.313]]],[[[133.687,-3.205],[133.685,-3.203],[133.687,-3.203],[133.687,-3.205]]],[[[133.69,-3.203],[133.689,-3.203],[133.69,-3.201],[133.69,-3.203]]],[[[133.661,-3.171],[133.66,-3.17],[133.661,-3.168],[133.661,-3.171]]],[[[133.662,-3.159],[133.665,-3.162],[133.663,-3.163],[133.662,-3.159]]],[[[133.69,-3.15],[133.691,-3.152],[133.689,-3.151],[133.69,-3.15]]],[[[134.103,-3.926],[134.177,-4.009],[134.206,-4.015],[134.207,-4.031],[134.083,-3.983],[134.051,-3.921],[134.103,-3.926]],[[134.174,-4.015],[134.174,-4.013],[134.174,-4.015],[134.174,-4.015]]],[[[134.07,-3.961],[134.072,-3.962],[134.073,-3.967],[134.07,-3.961]]],[[[134.007,-3.924],[134.002,-3.922],[134.008,-3.922],[134.007,-3.924]]],[[[134.103,-3.916],[134.101,-3.916],[134.101,-3.914],[134.103,-3.916]]],[[[134.04,-3.909],[134.046,-3.912],[134.039,-3.911],[134.04,-3.909]]],[[[134.035,-3.907],[134.036,-3.909],[134.034,-3.908],[134.035,-3.907]]],[[[133.934,-3.882],[133.936,-3.881],[133.935,-3.882],[133.934,-3.882]]],[[[133.925,-3.878],[133.935,-3.876],[133.93,-3.884],[133.925,-3.878]]],[[[134.128,-3.866],[134.127,-3.869],[134.125,-3.869],[134.128,-3.866]]],[[[134.024,-3.868],[134.017,-3.856],[134.035,-3.848],[134.024,-3.868]]],[[[134.017,-3.854],[134.017,-3.851],[134.02,-3.852],[134.017,-3.854]]],[[[134.091,-3.847],[134.092,-3.846],[134.092,-3.849],[134.091,-3.847]]],[[[134.094,-3.841],[134.097,-3.842],[134.095,-3.843],[134.094,-3.841]]],[[[134.109,-3.825],[134.107,-3.824],[134.109,-3.823],[134.109,-3.825]]],[[[133.895,-3.832],[133.866,-3.729],[133.873,-3.716],[133.897,-3.742],[133.925,-3.873],[133.895,-3.832]]],[[[133.819,-3.567],[133.824,-3.57],[133.822,-3.572],[133.819,-3.567]]],[[[133.823,-3.566],[133.825,-3.564],[133.824,-3.568],[133.823,-3.566]]],[[[133.706,-3.167],[133.707,-3.171],[133.705,-3.168],[133.706,-3.167]]],[[[133.691,-3.154],[133.701,-3.165],[133.7,-3.17],[133.691,-3.154]]],[[[133.769,-3.152],[133.768,-3.148],[133.77,-3.149],[133.769,-3.152]]],[[[133.764,-3.142],[133.763,-3.135],[133.765,-3.138],[133.764,-3.142]]],[[[133.761,-3.129],[133.762,-3.129],[133.762,-3.132],[133.761,-3.129]]],[[[133.761,-3.12],[133.76,-3.126],[133.759,-3.122],[133.761,-3.12]]],[[[133.901,-3.115],[133.906,-3.116],[133.904,-3.12],[133.901,-3.115]]],[[[133.785,-3.114],[133.783,-3.109],[133.784,-3.11],[133.785,-3.114]]],[[[133.761,-3.114],[133.76,-3.113],[133.76,-3.106],[133.761,-3.114]]],[[[133.788,-3.107],[133.787,-3.108],[133.787,-3.107],[133.788,-3.107]]],[[[133.792,-3.109],[133.76,-3.076],[133.768,-3.052],[133.794,-3.086],[133.792,-3.109]]],[[[134.662,-4.131],[134.669,-4.127],[134.67,-4.129],[134.662,-4.131]]],[[[134.603,-4.081],[134.616,-4.071],[134.62,-4.071],[134.603,-4.081]]],[[[134.482,-4.033],[134.486,-4.031],[134.489,-4.034],[134.482,-4.033]]],[[[134.345,-4.034],[134.354,-4.024],[134.361,-4.033],[134.345,-4.034]]],[[[134.228,-4.004],[134.259,-4.018],[134.263,-4.046],[134.234,-4.036],[134.228,-4.004]]],[[[134.454,-4.015],[134.462,-4.018],[134.461,-4.021],[134.454,-4.015]]],[[[134.363,-4.033],[134.385,-4.018],[134.377,-3.978],[134.452,-4.019],[134.433,-4.037],[134.363,-4.033]]],[[[134.233,-4.001],[134.225,-3.997],[134.22,-3.996],[134.227,-3.997],[134.233,-4.001]]],[[[134.375,-3.995],[134.377,-3.995],[134.375,-3.996],[134.375,-3.995]]],[[[134.369,-3.989],[134.369,-3.987],[134.37,-3.988],[134.369,-3.989]]],[[[134.164,-3.977],[134.162,-3.978],[134.162,-3.976],[134.164,-3.977]]],[[[134.378,-3.978],[134.378,-3.976],[134.38,-3.977],[134.378,-3.978]]],[[[134.161,-3.974],[134.159,-3.975],[134.154,-3.968],[134.166,-3.975],[134.165,-3.98],[134.165,-3.977],[134.161,-3.974]]],[[[134.364,-3.972],[134.365,-3.97],[134.368,-3.975],[134.364,-3.972]]],[[[134.852,-3.953],[134.847,-3.985],[134.844,-3.971],[134.831,-3.962],[134.852,-3.953]]],[[[134.861,-3.96],[134.853,-3.953],[134.86,-3.952],[134.861,-3.96]]],[[[134.731,-3.954],[134.732,-3.959],[134.726,-3.954],[134.693,-3.964],[134.68,-3.938],[134.731,-3.954]]],[[[134.158,-3.931],[134.155,-3.929],[134.158,-3.929],[134.158,-3.931]]],[[[134.154,-3.926],[134.153,-3.925],[134.154,-3.922],[134.154,-3.926]]],[[[134.132,-3.865],[134.132,-3.867],[134.13,-3.865],[134.132,-3.865]]],[[[134.135,-3.864],[134.132,-3.865],[134.132,-3.865],[134.135,-3.864]]],[[[134.164,-3.799],[134.16,-3.792],[134.166,-3.791],[134.164,-3.799]]],[[[134.162,-3.779],[134.164,-3.789],[134.16,-3.791],[134.162,-3.779]]],[[[134.148,-3.774],[134.151,-3.77],[134.15,-3.775],[134.148,-3.774]]],[[[134.141,-3.764],[134.139,-3.76],[134.141,-3.76],[134.141,-3.764]]],[[[134.229,-3.04],[134.32,-3.183],[134.234,-3.309],[134.205,-3.391],[135.258,-3.756],[135.028,-4.077],[134.876,-4.252],[134.816,-4.253],[134.816,-4.23],[134.792,-4.235],[134.724,-4.198],[134.719,-4.159],[134.728,-4.171],[134.735,-4.172],[134.713,-4.13],[134.718,-4.123],[134.732,-4.128],[134.74,-4.123],[134.695,-4.119],[134.663,-4.123],[134.656,-4.129],[134.662,-4.132],[134.668,-4.133],[134.677,-4.129],[134.688,-4.134],[134.697,-4.12],[134.713,-4.134],[134.688,-4.141],[134.651,-4.133],[134.629,-4.119],[134.654,-4.053],[134.649,-4.099],[134.657,-4.074],[134.675,-4.088],[134.721,-4.058],[134.675,-4.044],[134.661,-3.982],[134.684,-3.986],[134.687,-3.969],[134.735,-3.964],[134.74,-3.951],[134.748,-3.973],[134.743,-3.948],[134.766,-3.942],[134.763,-3.972],[134.769,-3.934],[134.833,-3.951],[134.83,-3.965],[134.85,-3.992],[134.866,-3.982],[134.868,-3.999],[134.87,-3.977],[134.947,-3.982],[134.963,-3.949],[134.918,-3.965],[134.908,-3.952],[134.933,-3.937],[134.9,-3.95],[134.888,-3.933],[134.876,-3.95],[134.773,-3.917],[134.741,-3.919],[134.74,-3.94],[134.674,-3.92],[134.612,-3.968],[134.605,-3.999],[134.57,-3.999],[134.545,-4.036],[134.507,-4.044],[134.446,-3.981],[134.475,-3.972],[134.439,-3.92],[134.406,-3.923],[134.333,-3.88],[134.327,-3.895],[134.361,-3.916],[134.344,-3.914],[134.36,-3.95],[134.35,-3.966],[134.27,-3.937],[134.334,-4.021],[134.292,-4.048],[134.249,-3.976],[134.217,-3.974],[134.163,-3.927],[134.168,-3.895],[134.162,-3.911],[134.145,-3.894],[134.109,-3.906],[134.191,-3.833],[134.172,-3.776],[134.156,-3.78],[134.136,-3.742],[134.128,-3.762],[134.111,-3.749],[134.098,-3.767],[134.117,-3.792],[134.056,-3.822],[134.041,-3.783],[133.997,-3.816],[134.035,-3.814],[134.04,-3.842],[133.999,-3.853],[133.985,-3.823],[133.961,-3.862],[133.914,-3.785],[133.918,-3.751],[133.942,-3.772],[133.933,-3.75],[133.913,-3.749],[133.907,-3.7],[133.839,-3.631],[133.833,-3.556],[133.789,-3.587],[133.787,-3.598],[133.774,-3.575],[133.816,-3.727],[133.752,-3.646],[133.691,-3.671],[133.707,-3.603],[133.621,-3.475],[133.634,-3.469],[133.636,-3.447],[133.683,-3.431],[133.691,-3.411],[133.697,-3.414],[133.69,-3.421],[133.696,-3.435],[133.701,-3.425],[133.691,-3.425],[133.7,-3.413],[133.699,-3.405],[133.664,-3.32],[133.676,-3.318],[133.665,-3.241],[133.701,-3.208],[133.701,-3.17],[133.764,-3.177],[133.773,-3.188],[133.769,-3.199],[133.778,-3.213],[133.771,-3.114],[133.799,-3.119],[133.827,-3.088],[133.834,-3.019],[133.887,-3.079],[133.897,-3.077],[133.886,-3.115],[133.892,-3.1],[133.898,-3.117],[133.914,-3.126],[133.923,-3.121],[133.901,-3.093],[133.921,-3.07],[133.898,-3.069],[133.915,-3.056],[133.898,-3.065],[133.891,-3.075],[133.859,-3.026],[133.855,-2.953],[134.128,-2.837],[134.173,-2.857],[134.229,-3.04]],[[134.768,-3.962],[134.769,-3.963],[134.768,-3.961],[134.768,-3.962]],[[134.77,-3.964],[134.797,-3.97],[134.815,-3.987],[134.816,-3.982],[134.792,-3.964],[134.77,-3.964]],[[133.696,-3.435],[133.7,-3.439],[133.696,-3.435],[133.696,-3.435]]]]}},{"type":"Feature","properties":{"k":"92.11","approx":1},"geometry":{"type":"Polygon","coordinates":[[[135.173,-1.506],[135.153,-1.702],[135.096,-1.891],[135.004,-2.064],[134.879,-2.216],[134.726,-2.341],[134.553,-2.434],[134.365,-2.491],[134.169,-2.511],[133.973,-2.491],[133.784,-2.434],[133.611,-2.341],[133.459,-2.216],[133.334,-2.064],[133.241,-1.891],[133.184,-1.702],[133.165,-1.506],[133.184,-1.311],[133.241,-1.122],[133.334,-0.949],[133.459,-0.796],[133.611,-0.672],[133.784,-0.579],[133.973,-0.522],[134.169,-0.502],[134.365,-0.522],[134.553,-0.579],[134.726,-0.672],[134.879,-0.796],[135.004,-0.949],[135.096,-1.122],[135.153,-1.311],[135.173,-1.506]]]}},{"type":"Feature","properties":{"k":"92.12"},"geometry":{"type":"Polygon","coordinates":[[[133.488,-0.887],[133.825,-0.947],[133.826,-1.063],[133.89,-1.061],[133.892,-1.022],[133.869,-1.008],[133.885,-1.004],[133.925,-1.032],[133.937,-1.011],[133.951,-1.034],[133.991,-1.039],[133.958,-1.067],[133.938,-1.046],[133.869,-1.102],[133.925,-1.166],[133.931,-1.136],[134.01,-1.078],[134.018,-1.134],[134.071,-1.181],[134.051,-1.213],[134.107,-1.333],[134.04,-1.441],[133.99,-1.422],[133.879,-1.516],[133.721,-1.378],[133.334,-1.276],[133.469,-1.019],[133.517,-0.999],[133.488,-0.887]]]}},{"type":"Feature","properties":{"k":"93.01"},"geometry":{"type":"MultiPolygon","coordinates":[[[[138.264,-8.392],[138.3,-8.396],[138.321,-8.375],[138.344,-8.384],[138.469,-8.354],[138.5,-8.323],[138.443,-8.384],[138.369,-8.413],[138.265,-8.419],[138.264,-8.392]]],[[[138.564,-8.298],[138.585,-8.293],[138.555,-8.325],[138.564,-8.298]]],[[[138.848,-8.257],[138.876,-8.273],[138.893,-8.269],[138.901,-8.28],[138.882,-8.287],[138.848,-8.257]]],[[[138.552,-8.336],[138.662,-8.237],[138.679,-8.171],[138.815,-8.138],[138.843,-8.187],[138.844,-8.259],[138.873,-8.286],[138.916,-8.301],[138.912,-8.369],[138.855,-8.391],[138.615,-8.367],[138.552,-8.336]]],[[[138.849,-8.208],[138.887,-8.239],[138.891,-8.266],[138.849,-8.255],[138.849,-8.208]]],[[[138.651,-8.234],[138.644,-8.229],[138.657,-8.22],[138.651,-8.234]]],[[[138.71,-8.155],[138.702,-8.164],[138.695,-8.156],[138.71,-8.155]]],[[[137.705,-8.17],[137.811,-8.033],[137.802,-7.994],[137.915,-7.777],[137.971,-7.727],[138.035,-7.616],[138.226,-7.466],[138.446,-7.4],[138.627,-7.37],[138.745,-7.37],[138.847,-7.418],[138.936,-7.545],[139.088,-7.574],[139.04,-7.631],[139.033,-7.689],[138.998,-7.74],[138.995,-7.849],[138.926,-7.879],[138.892,-7.915],[138.903,-7.973],[138.889,-8.035],[138.914,-8.075],[138.831,-8.078],[138.797,-8.139],[138.679,-8.15],[138.615,-8.25],[138.49,-8.319],[138.471,-8.35],[138.319,-8.372],[138.303,-8.391],[137.87,-8.373],[137.691,-8.42],[137.656,-8.448],[137.64,-8.421],[137.705,-8.17]]],[[[138.925,-8.324],[138.967,-8.366],[138.925,-8.359],[138.925,-8.324]]],[[[138.969,-8.333],[138.95,-8.341],[138.93,-8.318],[138.947,-8.33],[138.969,-8.333]]],[[[138.992,-8.288],[138.967,-8.328],[138.936,-8.312],[138.953,-8.297],[138.992,-8.288]]],[[[138.993,-8.265],[138.991,-8.287],[138.98,-8.287],[138.979,-8.276],[138.993,-8.265]]],[[[138.961,-8.259],[138.994,-8.229],[138.993,-8.263],[138.98,-8.274],[138.978,-8.29],[138.958,-8.294],[138.934,-8.303],[138.923,-8.279],[138.936,-8.276],[138.961,-8.259]]],[[[138.941,-7.883],[138.93,-7.891],[138.915,-7.898],[138.926,-7.887],[138.941,-7.883]]],[[[138.745,-7.187],[138.911,-7.176],[138.981,-7.223],[139.054,-7.243],[139.107,-7.221],[139.165,-7.228],[139.221,-7.294],[139.795,-7.351],[139.986,-7.211],[140.139,-7.127],[140.214,-7.025],[140.319,-7.018],[140.328,-7.038],[140.543,-6.856],[140.622,-6.818],[140.636,-6.777],[140.751,-6.692],[140.75,-6.585],[140.924,-6.457],[140.949,-6.465],[140.956,-6.492],[140.921,-6.504],[140.923,-6.553],[140.938,-6.559],[140.891,-6.561],[140.892,-6.575],[140.91,-6.568],[140.904,-6.594],[140.84,-6.611],[140.877,-6.622],[140.856,-6.644],[140.875,-6.652],[140.869,-6.681],[140.846,-6.682],[140.846,-6.72],[140.899,-6.751],[140.87,-6.792],[140.919,-6.819],[140.897,-6.843],[140.914,-6.872],[140.954,-6.857],[140.94,-6.892],[140.956,-6.91],[140.967,-6.889],[140.992,-6.904],[141.019,-6.892],[141.019,-9.127],[140.894,-9.087],[140.823,-9.019],[140.755,-8.933],[140.601,-8.796],[140.499,-8.613],[140.355,-8.475],[140.269,-8.417],[140.227,-8.356],[140.173,-8.338],[140.005,-8.209],[139.962,-8.152],[139.952,-8.102],[139.712,-8.097],[139.585,-8.13],[139.456,-8.193],[139.34,-8.206],[139.251,-8.149],[139.228,-8.104],[139.242,-8.068],[139.224,-8.095],[139.065,-8.134],[139.069,-8.152],[138.97,-8.203],[138.992,-8.23],[138.967,-8.242],[138.936,-8.274],[138.915,-8.271],[138.855,-8.182],[138.835,-8.119],[138.86,-8.091],[138.925,-8.077],[138.903,-8.031],[138.922,-7.983],[138.913,-7.923],[139.021,-7.85],[139.016,-7.759],[139.054,-7.699],[139.066,-7.635],[139.107,-7.601],[139.11,-7.566],[139.099,-7.539],[139.051,-7.516],[138.964,-7.518],[138.891,-7.343],[138.667,-7.214],[138.683,-7.172],[138.745,-7.187]]]]}},{"type":"Feature","properties":{"k":"93.02"},"geometry":{"type":"Polygon","coordinates":[[[139.765,-5.287],[139.855,-5.295],[139.885,-5.271],[139.887,-5.245],[139.97,-5.142],[139.99,-5.055],[139.887,-5.063],[139.95,-5.04],[140.243,-5.05],[140.298,-5.143],[140.392,-5.209],[140.556,-5.252],[140.653,-5.261],[140.705,-5.228],[140.809,-5.228],[140.905,-5.187],[141.001,-5.192],[141.0,-6.323],[140.96,-6.325],[140.977,-6.366],[140.942,-6.378],[140.983,-6.391],[140.942,-6.412],[140.956,-6.418],[140.949,-6.438],[140.922,-6.418],[140.937,-6.452],[140.749,-6.585],[140.751,-6.692],[140.685,-6.756],[140.635,-6.778],[140.619,-6.82],[140.545,-6.857],[140.335,-7.037],[140.326,-7.02],[140.217,-7.023],[140.131,-7.133],[140.075,-7.168],[140.061,-7.144],[140.081,-7.085],[140.07,-7.02],[140.04,-6.975],[140.078,-6.894],[140.065,-6.465],[139.943,-6.468],[139.886,-6.501],[139.798,-6.5],[139.716,-6.436],[139.707,-6.395],[139.819,-6.27],[139.811,-6.217],[139.826,-6.189],[139.863,-6.171],[139.846,-5.817],[139.717,-5.737],[139.712,-5.687],[139.817,-5.583],[139.765,-5.287]]]}},{"type":"Feature","properties":{"k":"93.03"},"geometry":{"type":"MultiPolygon","coordinates":[[[[139.049,-7.238],[139.032,-7.236],[139.029,-7.234],[139.034,-7.23],[139.049,-7.238]]],[[[139.163,-7.208],[139.163,-7.22],[139.144,-7.212],[139.163,-7.208]]],[[[138.96,-7.197],[139.03,-7.224],[139.002,-7.227],[138.96,-7.197]]],[[[138.806,-7.161],[138.787,-7.163],[138.78,-7.152],[138.786,-7.149],[138.806,-7.161]]],[[[138.709,-7.125],[138.771,-7.165],[138.731,-7.164],[138.709,-7.125]]],[[[138.668,-6.843],[138.699,-6.828],[138.678,-6.836],[138.621,-6.782],[138.617,-6.737],[138.726,-6.755],[138.751,-6.774],[138.7,-6.809],[138.751,-6.775],[138.799,-6.835],[138.724,-6.884],[138.675,-6.865],[138.668,-6.843]],[[138.702,-6.822],[138.7,-6.81],[138.7,-6.826],[138.702,-6.822]]],[[[138.812,-6.83],[138.798,-6.829],[138.787,-6.808],[138.801,-6.816],[138.812,-6.83]]],[[[138.696,-6.626],[138.823,-6.709],[138.826,-6.785],[138.875,-6.804],[138.928,-6.789],[138.944,-6.826],[138.826,-6.822],[138.756,-6.753],[138.673,-6.724],[138.666,-6.655],[138.696,-6.626]]],[[[138.562,-6.935],[138.627,-6.877],[138.714,-6.903],[138.8,-6.851],[138.921,-6.839],[139.125,-6.965],[139.228,-6.999],[139.217,-6.969],[139.209,-6.987],[139.19,-6.963],[139.137,-6.958],[138.953,-6.828],[138.936,-6.786],[138.873,-6.798],[138.835,-6.785],[138.824,-6.696],[138.678,-6.605],[138.602,-6.524],[138.783,-6.408],[138.874,-6.18],[138.921,-6.15],[138.923,-5.657],[139.09,-5.565],[139.136,-5.645],[139.503,-5.602],[139.489,-5.513],[139.565,-5.412],[139.694,-5.367],[139.726,-5.304],[139.763,-5.296],[139.822,-5.583],[139.716,-5.687],[139.716,-5.74],[139.851,-5.822],[139.863,-6.169],[139.816,-6.207],[139.825,-6.258],[139.709,-6.394],[139.712,-6.437],[139.798,-6.497],[139.845,-6.501],[139.912,-6.486],[139.922,-6.468],[140.065,-6.464],[140.076,-6.915],[140.04,-6.973],[140.076,-7.044],[140.083,-7.087],[140.058,-7.139],[140.076,-7.172],[139.793,-7.354],[139.244,-7.3],[139.173,-7.246],[139.249,-7.143],[139.203,-7.153],[139.18,-7.213],[139.157,-7.203],[139.069,-7.212],[138.948,-7.163],[138.854,-7.157],[138.772,-7.124],[138.6,-7.0],[138.562,-6.935]]]]}},{"type":"Feature","properties":{"k":"93.04"},"geometry":{"type":"MultiPolygon","coordinates":[[[[137.551,-5.166],[137.577,-5.136],[137.663,-5.117],[137.634,-5.074],[137.66,-5.037],[137.749,-4.999],[137.829,-5.031],[137.808,-5.001],[137.85,-4.929],[137.828,-4.894],[137.866,-4.858],[137.903,-4.763],[137.782,-4.679],[137.737,-4.597],[137.748,-4.572],[137.807,-4.568],[137.823,-4.542],[137.893,-4.593],[137.999,-4.585],[138.023,-4.613],[138.087,-4.56],[138.134,-4.586],[138.159,-4.685],[138.191,-4.72],[138.236,-4.671],[138.337,-4.668],[138.426,-4.711],[138.458,-4.691],[138.496,-4.719],[138.599,-4.704],[138.643,-4.74],[138.775,-4.735],[138.805,-4.771],[138.852,-4.698],[138.941,-4.758],[138.982,-4.753],[138.988,-4.768],[138.939,-4.832],[139.033,-4.837],[139.053,-4.872],[139.036,-4.86],[138.943,-4.927],[138.889,-4.923],[138.889,-4.953],[139.237,-4.999],[139.488,-5.001],[139.585,-5.057],[139.989,-5.059],[139.98,-5.136],[139.883,-5.245],[139.889,-5.276],[139.86,-5.296],[139.769,-5.288],[139.719,-5.308],[139.701,-5.364],[139.562,-5.42],[139.491,-5.515],[139.504,-5.6],[139.141,-5.65],[139.092,-5.559],[138.925,-5.658],[138.919,-6.154],[138.877,-6.176],[138.789,-6.4],[138.603,-6.521],[138.423,-6.351],[138.432,-6.323],[138.383,-6.196],[138.394,-6.168],[138.252,-5.918],[138.254,-5.871],[138.279,-5.843],[138.168,-5.814],[138.167,-5.723],[138.087,-5.746],[138.067,-5.728],[138.044,-5.611],[138.083,-5.525],[138.01,-5.502],[137.893,-5.37],[137.732,-5.37],[137.723,-5.346],[137.739,-5.287],[137.732,-5.279],[137.671,-5.215],[137.551,-5.166]]],[[[137.721,-5.293],[137.73,-5.281],[137.737,-5.287],[137.721,-5.293]]]]}},{"type":"Feature","properties":{"k":"94.01"},"geometry":{"type":"MultiPolygon","coordinates":[[[[134.694,-3.29],[134.67,-3.17],[134.608,-3.125],[134.632,-3.113],[134.617,-3.084],[134.632,-3.045],[134.587,-2.793],[134.617,-2.791],[134.639,-2.756],[134.662,-2.756],[134.662,-2.855],[134.691,-2.896],[134.682,-2.889],[134.671,-2.925],[134.691,-2.934],[134.674,-2.961],[134.686,-2.979],[134.768,-2.991],[134.779,-2.941],[134.82,-2.939],[134.805,-2.911],[134.834,-2.912],[134.83,-2.88],[134.853,-2.886],[134.85,-2.954],[134.832,-2.967],[134.853,-3.002],[134.82,-3.012],[134.811,-3.037],[134.838,-3.095],[134.814,-3.081],[134.801,-3.131],[134.832,-3.124],[134.863,-3.159],[134.851,-3.206],[134.859,-3.226],[134.867,-3.204],[134.875,-3.216],[134.861,-3.249],[134.934,-3.272],[134.918,-3.245],[134.954,-3.251],[134.946,-3.285],[134.985,-3.327],[135.069,-3.334],[135.114,-3.381],[135.24,-3.376],[135.339,-3.399],[135.506,-3.354],[135.557,-3.302],[135.555,-3.262],[135.613,-3.18],[135.7,-3.151],[135.761,-3.099],[135.779,-3.107],[135.731,-3.067],[135.754,-3.051],[135.779,-3.061],[135.816,-3.04],[135.828,-3.013],[135.911,-2.974],[135.931,-2.94],[135.945,-2.955],[135.93,-2.883],[135.914,-2.897],[135.906,-2.87],[135.964,-2.795],[135.949,-2.779],[136.014,-2.719],[136.018,-2.746],[136.044,-2.742],[136.056,-2.766],[136.136,-2.752],[136.145,-2.798],[136.147,-2.784],[136.183,-2.795],[136.183,-2.81],[136.218,-2.807],[136.229,-2.841],[136.254,-2.844],[136.245,-2.846],[136.242,-2.86],[136.267,-2.85],[136.266,-2.886],[136.295,-2.879],[136.289,-2.909],[136.32,-2.938],[136.298,-2.985],[136.336,-3.052],[136.321,-3.167],[136.354,-3.184],[136.395,-3.296],[136.392,-3.351],[136.362,-3.352],[136.318,-3.392],[136.294,-3.396],[136.257,-3.366],[136.238,-3.39],[136.183,-3.397],[136.179,-3.447],[136.157,-3.472],[136.093,-3.496],[136.084,-3.52],[136.106,-3.556],[136.065,-3.543],[136.018,-3.557],[135.99,-3.622],[136.047,-3.788],[135.939,-3.759],[135.892,-3.803],[135.869,-3.897],[135.772,-3.912],[135.698,-3.88],[135.65,-3.923],[135.59,-3.926],[135.569,-3.949],[135.458,-3.868],[135.422,-3.876],[135.415,-3.894],[135.34,-3.866],[135.316,-3.846],[135.319,-3.808],[135.294,-3.798],[135.28,-3.825],[135.249,-3.825],[135.192,-3.79],[135.149,-3.747],[135.133,-3.688],[135.145,-3.647],[135.186,-3.624],[135.196,-3.579],[135.178,-3.573],[135.139,-3.612],[135.121,-3.58],[135.072,-3.584],[135.05,-3.613],[135.01,-3.582],[134.992,-3.587],[135.009,-3.552],[134.923,-3.476],[134.92,-3.439],[134.869,-3.424],[134.857,-3.389],[134.816,-3.371],[134.761,-3.387],[134.728,-3.363],[134.729,-3.318],[134.694,-3.29]]],[[[135.626,-3.076],[135.621,-3.097],[135.613,-3.097],[135.604,-3.07],[135.626,-3.076]]],[[[135.588,-3.074],[135.585,-3.09],[135.573,-3.09],[135.588,-3.074]]],[[[135.799,-3.032],[135.798,-3.044],[135.774,-3.058],[135.774,-3.043],[135.799,-3.032]]],[[[134.828,-3.026],[134.845,-3.046],[134.836,-3.05],[134.828,-3.026]]],[[[135.708,-2.972],[135.741,-2.934],[135.807,-2.942],[135.746,-2.96],[135.757,-2.965],[135.732,-2.982],[135.708,-2.972]]],[[[135.693,-2.924],[135.737,-2.913],[135.673,-2.941],[135.693,-2.924]]],[[[134.69,-2.907],[134.689,-2.907],[134.69,-2.904],[134.69,-2.907]]],[[[134.69,-2.903],[134.691,-2.904],[134.69,-2.904],[134.69,-2.903]]],[[[134.809,-2.686],[134.851,-2.69],[134.864,-2.706],[134.84,-2.724],[134.805,-2.712],[134.809,-2.686]]]]}},{"type":"Feature","properties":{"k":"94.02"},"geometry":{"type":"Polygon","coordinates":[[[137.465,-3.38],[137.466,-3.286],[137.437,-3.289],[137.436,-3.253],[137.571,-3.099],[137.642,-3.098],[137.706,-3.038],[137.726,-3.066],[137.77,-3.048],[137.789,-3.085],[137.855,-3.052],[137.879,-3.087],[137.887,-3.038],[137.91,-3.047],[137.899,-3.015],[137.928,-3.026],[137.963,-3.001],[137.957,-3.024],[137.982,-3.032],[138.011,-3.025],[137.999,-2.991],[138.027,-3.016],[138.056,-2.982],[138.06,-3.022],[138.038,-3.036],[138.055,-3.049],[138.013,-3.053],[138.029,-3.078],[137.985,-3.146],[138.013,-3.161],[138.052,-3.134],[138.078,-3.141],[138.062,-3.21],[138.087,-3.226],[138.069,-3.28],[138.082,-3.31],[138.044,-3.304],[138.017,-3.335],[138.058,-3.392],[138.033,-3.434],[138.055,-3.447],[138.046,-3.584],[138.09,-3.608],[138.129,-3.591],[138.266,-3.629],[138.3,-3.715],[138.299,-3.773],[138.24,-3.849],[138.172,-3.846],[138.083,-3.874],[138.025,-3.846],[137.988,-3.86],[137.93,-3.849],[137.916,-3.815],[137.873,-3.79],[137.871,-3.729],[137.816,-3.685],[137.759,-3.726],[137.667,-3.693],[137.631,-3.608],[137.596,-3.604],[137.594,-3.576],[137.625,-3.567],[137.646,-3.527],[137.594,-3.453],[137.509,-3.429],[137.465,-3.38]]]}},{"type":"Feature","properties":{"k":"94.03"},"geometry":{"type":"Polygon","coordinates":[[[135.989,-3.622],[136.02,-3.553],[136.065,-3.539],[136.107,-3.553],[136.083,-3.517],[136.093,-3.495],[136.18,-3.449],[136.167,-3.417],[136.181,-3.399],[136.239,-3.389],[136.258,-3.365],[136.285,-3.392],[136.318,-3.392],[136.362,-3.351],[136.392,-3.357],[136.37,-3.404],[136.378,-3.456],[136.423,-3.498],[136.437,-3.56],[136.471,-3.557],[136.501,-3.598],[136.579,-3.611],[136.591,-3.676],[136.569,-3.716],[136.806,-3.808],[136.839,-3.802],[136.861,-3.827],[136.997,-3.839],[137.022,-3.941],[137.096,-4.036],[137.074,-4.055],[137.031,-4.049],[137.004,-4.133],[136.987,-4.118],[136.922,-4.131],[136.778,-4.078],[136.724,-4.09],[136.71,-4.129],[136.639,-4.072],[136.622,-4.079],[136.578,-4.027],[136.433,-4.016],[136.357,-3.988],[136.351,-3.97],[136.316,-3.996],[136.267,-3.98],[136.203,-3.994],[136.188,-3.973],[136.203,-3.947],[136.112,-3.848],[136.101,-3.803],[136.115,-3.742],[136.032,-3.71],[135.989,-3.622]]]}},{"type":"Feature","properties":{"k":"94.04"},"geometry":{"type":"MultiPolygon","coordinates":[[[[136.717,-4.826],[136.679,-4.808],[136.766,-4.811],[136.768,-4.829],[136.751,-4.821],[136.747,-4.83],[136.759,-4.851],[136.74,-4.85],[136.756,-4.854],[136.752,-4.873],[136.69,-4.843],[136.691,-4.824],[136.717,-4.826]],[[136.747,-4.83],[136.747,-4.83],[136.747,-4.83],[136.747,-4.83]],[[136.745,-4.828],[136.746,-4.83],[136.747,-4.83],[136.745,-4.828]],[[136.745,-4.828],[136.744,-4.829],[136.745,-4.829],[136.745,-4.828]],[[136.743,-4.829],[136.74,-4.826],[136.744,-4.829],[136.743,-4.829]],[[136.707,-4.846],[136.706,-4.847],[136.707,-4.848],[136.707,-4.846]],[[136.707,-4.844],[136.706,-4.844],[136.707,-4.846],[136.707,-4.844]],[[136.708,-4.844],[136.707,-4.844],[136.707,-4.844],[136.708,-4.844]],[[136.711,-4.845],[136.713,-4.847],[136.708,-4.844],[136.711,-4.845]],[[136.74,-4.84],[136.735,-4.843],[136.738,-4.843],[136.74,-4.84]],[[136.745,-4.842],[136.741,-4.839],[136.745,-4.843],[136.745,-4.842]]],[[[136.779,-4.828],[136.785,-4.864],[136.772,-4.865],[136.779,-4.828]]],[[[136.654,-4.834],[136.674,-4.81],[136.686,-4.847],[136.65,-4.835],[136.672,-4.842],[136.654,-4.834]]],[[[136.646,-4.833],[136.655,-4.815],[136.663,-4.813],[136.646,-4.833]]],[[[136.788,-4.809],[136.833,-4.794],[136.821,-4.786],[136.85,-4.787],[136.847,-4.793],[136.831,-4.817],[136.835,-4.824],[136.845,-4.823],[136.845,-4.828],[136.819,-4.824],[136.818,-4.815],[136.799,-4.83],[136.795,-4.815],[136.786,-4.83],[136.788,-4.809]],[[136.818,-4.815],[136.818,-4.815],[136.818,-4.815],[136.818,-4.815]],[[136.815,-4.813],[136.816,-4.809],[136.832,-4.799],[136.814,-4.807],[136.815,-4.813]],[[136.809,-4.815],[136.81,-4.816],[136.811,-4.816],[136.809,-4.815]],[[136.807,-4.814],[136.805,-4.811],[136.804,-4.818],[136.807,-4.814]],[[136.838,-4.792],[136.836,-4.79],[136.836,-4.791],[136.838,-4.792]],[[136.844,-4.795],[136.847,-4.793],[136.841,-4.793],[136.844,-4.795]]],[[[136.783,-4.8],[136.792,-4.807],[136.786,-4.809],[136.778,-4.822],[136.783,-4.8]]],[[[136.732,-4.791],[136.74,-4.806],[136.726,-4.808],[136.732,-4.791]]],[[[136.754,-4.785],[136.771,-4.792],[136.779,-4.791],[136.768,-4.808],[136.743,-4.809],[136.754,-4.785]]],[[[136.739,-4.763],[136.751,-4.771],[136.746,-4.781],[136.75,-4.789],[136.74,-4.805],[136.739,-4.763]]],[[[134.937,-4.228],[134.957,-4.155],[134.99,-4.137],[135.013,-4.079],[135.042,-4.049],[135.087,-4.051],[135.091,-4.082],[135.148,-4.077],[135.119,-4.127],[135.139,-4.139],[135.129,-4.17],[135.277,-4.165],[135.301,-4.187],[135.356,-4.191],[135.442,-4.247],[135.475,-4.245],[135.505,-4.202],[135.582,-4.219],[135.597,-4.206],[135.618,-4.232],[135.677,-4.192],[135.711,-4.269],[135.754,-4.281],[135.823,-4.298],[136.021,-4.285],[136.042,-4.331],[136.031,-4.365],[136.005,-4.371],[136.052,-4.399],[136.127,-4.379],[136.153,-4.342],[136.212,-4.358],[136.249,-4.329],[136.387,-4.338],[136.447,-4.309],[136.518,-4.306],[136.533,-4.332],[136.567,-4.333],[136.605,-4.39],[136.65,-4.38],[136.678,-4.404],[136.717,-4.39],[136.743,-4.311],[136.782,-4.318],[136.799,-4.298],[136.79,-4.243],[136.928,-4.167],[136.92,-4.131],[136.987,-4.118],[137.004,-4.134],[137.012,-4.074],[137.036,-4.047],[137.114,-4.029],[137.151,-4.037],[137.188,-4.078],[137.207,-4.057],[137.273,-4.07],[137.288,-4.053],[137.321,-4.074],[137.414,-4.074],[137.517,-4.149],[137.569,-4.151],[137.58,-4.192],[137.825,-4.197],[137.884,-4.177],[137.927,-4.191],[137.951,-4.223],[137.929,-4.324],[137.943,-4.357],[137.913,-4.434],[137.863,-4.434],[137.817,-4.564],[137.741,-4.588],[137.785,-4.685],[137.9,-4.764],[137.883,-4.83],[137.832,-4.905],[137.848,-4.932],[137.826,-4.963],[137.818,-5.027],[137.785,-5.03],[137.759,-5.01],[137.66,-5.037],[137.602,-5.087],[137.631,-5.122],[137.621,-5.136],[137.497,-5.145],[137.45,-5.099],[137.476,-5.041],[137.495,-5.06],[137.523,-5.034],[137.492,-5.055],[137.478,-5.039],[137.521,-5.01],[137.528,-5.026],[137.547,-5.027],[137.529,-5.026],[137.529,-5.007],[137.553,-5.016],[137.546,-4.995],[137.53,-4.981],[137.52,-5.003],[137.51,-4.956],[137.514,-4.993],[137.499,-4.982],[137.515,-5.005],[137.508,-5.007],[137.502,-4.996],[137.507,-5.009],[137.472,-5.03],[137.487,-5.019],[137.477,-5.005],[137.484,-5.021],[137.469,-5.02],[137.421,-5.125],[137.443,-5.048],[137.417,-5.009],[137.436,-4.998],[137.439,-4.977],[137.414,-5.009],[137.428,-5.048],[137.417,-5.051],[137.405,-5.038],[137.396,-5.038],[137.417,-5.051],[137.428,-5.05],[137.425,-5.068],[137.413,-5.061],[137.425,-5.071],[137.413,-5.105],[137.395,-5.107],[137.365,-5.081],[137.376,-5.052],[137.389,-5.049],[137.393,-5.042],[137.376,-5.05],[137.362,-5.078],[137.338,-5.052],[137.381,-5.027],[137.35,-5.037],[137.361,-5.027],[137.357,-5.012],[137.392,-4.992],[137.389,-4.974],[137.427,-4.984],[137.414,-4.972],[137.391,-4.96],[137.336,-5.042],[137.308,-5.012],[137.287,-5.025],[137.237,-4.992],[137.241,-4.954],[137.182,-5.009],[137.12,-4.951],[137.091,-4.977],[137.047,-4.922],[136.974,-4.935],[136.923,-4.897],[136.987,-4.862],[136.911,-4.874],[136.905,-4.855],[136.898,-4.848],[136.903,-4.865],[136.898,-4.859],[136.883,-4.86],[136.885,-4.846],[136.874,-4.84],[136.876,-4.816],[136.871,-4.835],[136.857,-4.824],[136.873,-4.813],[136.859,-4.812],[136.872,-4.791],[136.868,-4.772],[136.854,-4.815],[136.836,-4.822],[136.855,-4.789],[136.849,-4.769],[136.861,-4.772],[136.85,-4.766],[136.825,-4.786],[136.826,-4.782],[136.825,-4.777],[136.827,-4.774],[136.822,-4.769],[136.816,-4.782],[136.821,-4.789],[136.796,-4.802],[136.786,-4.798],[136.786,-4.789],[136.754,-4.777],[136.752,-4.787],[136.747,-4.78],[136.755,-4.772],[136.744,-4.762],[136.734,-4.764],[136.719,-4.807],[136.669,-4.796],[136.618,-4.818],[136.632,-4.827],[136.568,-4.797],[136.571,-4.78],[136.542,-4.789],[136.496,-4.747],[136.345,-4.671],[136.233,-4.663],[136.143,-4.631],[136.155,-4.587],[136.111,-4.621],[136.076,-4.584],[136.051,-4.586],[136.053,-4.556],[136.037,-4.577],[135.918,-4.49],[135.72,-4.497],[135.405,-4.432],[135.201,-4.465],[134.94,-4.313],[134.93,-4.3],[134.993,-4.329],[134.966,-4.314],[134.966,-4.294],[134.934,-4.286],[134.946,-4.306],[134.885,-4.254],[134.937,-4.228]],[[137.473,-5.059],[137.473,-5.059],[137.473,-5.058],[137.473,-5.059]],[[137.473,-5.06],[137.476,-5.06],[137.473,-5.059],[137.473,-5.06]],[[137.495,-5.06],[137.499,-5.067],[137.499,-5.067],[137.495,-5.06]],[[137.499,-5.067],[137.501,-5.066],[137.499,-5.067],[137.499,-5.067]],[[137.527,-5.045],[137.528,-5.051],[137.527,-5.045],[137.527,-5.045]],[[137.529,-5.043],[137.529,-5.043],[137.529,-5.043],[137.529,-5.043]],[[137.529,-5.042],[137.532,-5.043],[137.529,-5.041],[137.529,-5.042]],[[137.556,-5.012],[137.556,-5.011],[137.555,-5.01],[137.556,-5.012]],[[137.557,-5.014],[137.559,-5.014],[137.556,-5.012],[137.557,-5.014]],[[137.54,-4.987],[137.539,-4.986],[137.539,-4.986],[137.54,-4.987]],[[137.539,-4.986],[137.54,-4.983],[137.538,-4.985],[137.539,-4.986]],[[137.51,-5.006],[137.51,-5.006],[137.509,-5.006],[137.51,-5.006]],[[137.51,-5.006],[137.511,-5.004],[137.51,-5.003],[137.51,-5.006]],[[137.487,-5.019],[137.492,-5.015],[137.487,-5.019],[137.487,-5.019]],[[137.444,-5.046],[137.444,-5.046],[137.443,-5.048],[137.444,-5.046]],[[137.444,-5.046],[137.442,-5.042],[137.444,-5.046],[137.444,-5.046]],[[137.441,-5.023],[137.441,-5.023],[137.44,-5.023],[137.441,-5.023]],[[137.445,-5.019],[137.446,-5.019],[137.445,-5.014],[137.445,-5.019]],[[137.444,-5.012],[137.444,-5.012],[137.445,-5.014],[137.444,-5.012]],[[137.444,-5.012],[137.453,-5.016],[137.453,-5.011],[137.444,-5.012]],[[137.454,-5.011],[137.454,-5.011],[137.453,-5.011],[137.454,-5.011]],[[137.453,-5.013],[137.455,-5.011],[137.454,-5.011],[137.453,-5.013]],[[137.451,-5.011],[137.449,-5.011],[137.451,-5.011],[137.451,-5.011]],[[137.447,-5.011],[137.446,-5.007],[137.449,-5.011],[137.447,-5.011]],[[137.439,-4.977],[137.439,-4.977],[137.439,-4.977],[137.439,-4.977]],[[137.435,-4.976],[137.435,-4.976],[137.433,-4.974],[137.435,-4.976]],[[137.381,-5.027],[137.381,-5.027],[137.381,-5.027],[137.381,-5.027]],[[137.383,-5.026],[137.387,-5.027],[137.381,-5.027],[137.383,-5.026]],[[137.387,-5.028],[137.387,-5.028],[137.387,-5.027],[137.387,-5.028]],[[137.389,-5.022],[137.389,-5.022],[137.393,-5.022],[137.389,-5.022]],[[137.393,-5.022],[137.393,-5.022],[137.393,-5.022],[137.393,-5.022]],[[137.393,-5.018],[137.393,-5.018],[137.393,-5.022],[137.393,-5.018]],[[137.394,-5.018],[137.393,-5.018],[137.393,-5.018],[137.394,-5.018]],[[137.396,-5.018],[137.396,-5.018],[137.394,-5.018],[137.396,-5.018]],[[137.397,-5.018],[137.396,-5.016],[137.396,-5.018],[137.397,-5.018]],[[137.376,-5.021],[137.376,-5.021],[137.377,-5.021],[137.376,-5.021]],[[137.376,-5.021],[137.381,-5.02],[137.377,-5.019],[137.376,-5.021]],[[137.381,-5.019],[137.379,-5.015],[137.381,-5.019],[137.381,-5.019]],[[137.392,-4.993],[137.392,-4.992],[137.392,-4.992],[137.392,-4.993]],[[137.395,-4.993],[137.393,-4.999],[137.396,-4.998],[137.395,-4.993]],[[137.39,-4.995],[137.389,-4.996],[137.39,-4.995],[137.39,-4.995]],[[137.388,-4.998],[137.388,-5.0],[137.389,-4.996],[137.388,-4.998]],[[137.388,-5.0],[137.388,-5.0],[137.388,-5.0],[137.388,-5.0]],[[137.388,-5.002],[137.391,-5.002],[137.388,-5.0],[137.388,-5.002]],[[137.395,-4.99],[137.395,-4.99],[137.395,-4.993],[137.395,-4.99]],[[137.397,-4.99],[137.396,-4.989],[137.395,-4.99],[137.397,-4.99]],[[136.842,-4.813],[136.843,-4.813],[136.842,-4.812],[136.842,-4.813]],[[136.844,-4.813],[136.844,-4.813],[136.843,-4.813],[136.844,-4.813]],[[136.845,-4.812],[136.845,-4.812],[136.844,-4.813],[136.845,-4.812]],[[136.846,-4.811],[136.846,-4.808],[136.845,-4.812],[136.846,-4.811]],[[136.838,-4.772],[136.838,-4.772],[136.838,-4.773],[136.838,-4.772]],[[136.838,-4.767],[136.837,-4.771],[136.838,-4.772],[136.838,-4.767]],[[136.838,-4.767],[136.836,-4.765],[136.838,-4.767],[136.838,-4.767]],[[136.821,-4.769],[136.821,-4.769],[136.822,-4.769],[136.821,-4.769]],[[136.82,-4.766],[136.817,-4.764],[136.821,-4.769],[136.82,-4.766]],[[136.816,-4.763],[136.816,-4.764],[136.817,-4.764],[136.816,-4.763]],[[136.817,-4.758],[136.817,-4.758],[136.822,-4.76],[136.817,-4.758]],[[136.788,-4.798],[136.794,-4.8],[136.788,-4.798],[136.788,-4.798]],[[136.794,-4.8],[136.796,-4.799],[136.796,-4.798],[136.794,-4.8]],[[134.933,-4.287],[134.932,-4.289],[134.933,-4.287],[134.933,-4.287]],[[136.864,-4.77],[136.864,-4.771],[136.866,-4.772],[136.864,-4.77]],[[137.396,-5.043],[137.396,-5.043],[137.393,-5.042],[137.396,-5.043]]],[[[137.497,-5.183],[137.508,-5.18],[137.509,-5.199],[137.497,-5.183]]],[[[137.541,-4.993],[137.526,-4.995],[137.531,-4.985],[137.541,-4.993]]],[[[136.792,-4.889],[136.808,-4.834],[136.848,-4.861],[136.827,-4.84],[136.843,-4.834],[136.857,-4.851],[136.845,-4.835],[136.855,-4.832],[136.873,-4.86],[136.878,-4.843],[136.884,-4.864],[136.906,-4.874],[136.877,-4.89],[136.876,-4.883],[136.871,-4.884],[136.875,-4.879],[136.871,-4.874],[136.861,-4.87],[136.874,-4.879],[136.87,-4.884],[136.874,-4.885],[136.871,-4.897],[136.828,-4.911],[136.796,-4.887],[136.828,-4.882],[136.829,-4.87],[136.846,-4.875],[136.845,-4.868],[136.82,-4.865],[136.825,-4.88],[136.811,-4.877],[136.792,-4.889]],[[136.8,-4.864],[136.801,-4.865],[136.801,-4.865],[136.8,-4.864]],[[136.801,-4.865],[136.801,-4.863],[136.801,-4.865],[136.801,-4.865]],[[136.81,-4.856],[136.81,-4.856],[136.81,-4.856],[136.81,-4.856]],[[136.812,-4.857],[136.81,-4.858],[136.811,-4.86],[136.812,-4.857]],[[136.812,-4.846],[136.812,-4.845],[136.811,-4.846],[136.812,-4.846]],[[136.812,-4.846],[136.812,-4.853],[136.814,-4.846],[136.812,-4.846]],[[136.813,-4.853],[136.813,-4.852],[136.813,-4.853],[136.813,-4.853]],[[136.816,-4.85],[136.813,-4.85],[136.813,-4.852],[136.816,-4.85]],[[136.82,-4.851],[136.816,-4.85],[136.816,-4.85],[136.82,-4.851]],[[136.831,-4.839],[136.831,-4.839],[136.831,-4.839],[136.831,-4.839]],[[136.836,-4.842],[136.835,-4.843],[136.836,-4.845],[136.836,-4.842]],[[136.852,-4.836],[136.852,-4.836],[136.852,-4.836],[136.852,-4.836]],[[136.856,-4.84],[136.854,-4.842],[136.857,-4.844],[136.856,-4.84]],[[136.883,-4.866],[136.884,-4.864],[136.884,-4.864],[136.883,-4.866]],[[136.881,-4.868],[136.882,-4.868],[136.883,-4.866],[136.881,-4.868]],[[136.879,-4.868],[136.88,-4.869],[136.881,-4.868],[136.879,-4.868]],[[136.877,-4.866],[136.879,-4.868],[136.879,-4.868],[136.877,-4.866]],[[136.901,-4.874],[136.899,-4.875],[136.905,-4.874],[136.901,-4.874]],[[136.899,-4.875],[136.899,-4.875],[136.899,-4.875],[136.899,-4.875]],[[136.898,-4.873],[136.899,-4.875],[136.899,-4.875],[136.898,-4.873]],[[136.877,-4.888],[136.877,-4.888],[136.877,-4.887],[136.877,-4.888]],[[136.878,-4.888],[136.881,-4.883],[136.88,-4.883],[136.878,-4.888]],[[136.87,-4.89],[136.87,-4.89],[136.871,-4.889],[136.87,-4.89]],[[136.867,-4.89],[136.868,-4.891],[136.87,-4.89],[136.867,-4.89]],[[136.867,-4.889],[136.867,-4.89],[136.867,-4.89],[136.867,-4.889]],[[136.866,-4.883],[136.865,-4.888],[136.867,-4.889],[136.866,-4.883]],[[136.859,-4.89],[136.858,-4.889],[136.859,-4.89],[136.859,-4.89]],[[136.854,-4.886],[136.856,-4.882],[136.858,-4.889],[136.854,-4.886]],[[136.859,-4.896],[136.859,-4.896],[136.859,-4.896],[136.859,-4.896]],[[136.859,-4.893],[136.858,-4.894],[136.859,-4.896],[136.859,-4.893]],[[136.858,-4.894],[136.855,-4.895],[136.855,-4.895],[136.858,-4.894]],[[136.855,-4.893],[136.854,-4.895],[136.855,-4.895],[136.855,-4.893]],[[136.837,-4.904],[136.835,-4.903],[136.834,-4.903],[136.837,-4.904]],[[136.835,-4.903],[136.835,-4.901],[136.834,-4.902],[136.835,-4.903]],[[136.835,-4.9],[136.833,-4.899],[136.835,-4.901],[136.835,-4.9]],[[136.812,-4.889],[136.811,-4.887],[136.81,-4.887],[136.812,-4.889]],[[136.832,-4.88],[136.832,-4.881],[136.831,-4.88],[136.832,-4.88]],[[136.833,-4.881],[136.833,-4.878],[136.832,-4.881],[136.833,-4.881]],[[136.833,-4.877],[136.833,-4.877],[136.833,-4.878],[136.833,-4.877]],[[136.838,-4.878],[136.833,-4.877],[136.833,-4.877],[136.838,-4.878]],[[136.846,-4.875],[136.848,-4.872],[136.846,-4.875],[136.846,-4.875]],[[136.852,-4.875],[136.852,-4.875],[136.856,-4.873],[136.852,-4.875]],[[136.82,-4.865],[136.819,-4.863],[136.82,-4.865],[136.82,-4.865]],[[136.85,-4.858],[136.855,-4.864],[136.856,-4.862],[136.85,-4.858]],[[136.858,-4.863],[136.857,-4.862],[136.855,-4.865],[136.858,-4.863]],[[136.858,-4.863],[136.859,-4.869],[136.859,-4.865],[136.858,-4.863]]]]}},{"type":"Feature","properties":{"k":"94.05"},"geometry":{"type":"Polygon","coordinates":[[[136.938,-3.337],[136.868,-3.247],[136.9,-3.218],[136.897,-3.192],[136.964,-3.198],[136.99,-3.174],[137.005,-3.191],[137.048,-3.168],[137.087,-3.172],[137.126,-3.122],[137.132,-3.136],[137.181,-3.122],[137.188,-3.107],[137.151,-3.078],[137.385,-2.963],[137.462,-3.053],[137.556,-3.05],[137.58,-3.068],[137.623,-3.04],[137.636,-3.067],[137.685,-3.048],[137.654,-3.092],[137.568,-3.098],[137.435,-3.254],[137.438,-3.288],[137.467,-3.287],[137.464,-3.381],[137.519,-3.433],[137.618,-3.47],[137.648,-3.538],[137.594,-3.576],[137.595,-3.596],[137.635,-3.612],[137.663,-3.657],[137.66,-3.687],[137.692,-3.713],[137.756,-3.724],[137.817,-3.686],[137.843,-3.721],[137.865,-3.723],[137.939,-3.851],[138.023,-3.842],[138.083,-3.873],[138.076,-3.905],[137.997,-3.953],[138.013,-4.016],[138.006,-4.13],[137.834,-4.211],[137.58,-4.196],[137.42,-4.092],[137.269,-4.068],[137.184,-4.077],[137.118,-4.032],[137.108,-4.021],[137.142,-3.959],[137.199,-3.938],[137.191,-3.914],[137.246,-3.843],[137.202,-3.796],[137.239,-3.714],[137.353,-3.614],[137.354,-3.591],[137.28,-3.506],[137.286,-3.47],[137.171,-3.552],[137.113,-3.565],[137.029,-3.548],[136.975,-3.494],[136.939,-3.399],[136.938,-3.337]]]}},{"type":"Feature","properties":{"k":"94.06"},"geometry":{"type":"Polygon","coordinates":[[[135.091,-4.085],[135.084,-4.052],[135.272,-4.081],[135.337,-4.067],[135.251,-4.006],[135.239,-3.912],[135.268,-3.887],[135.28,-3.827],[135.301,-3.822],[135.296,-3.799],[135.322,-3.809],[135.314,-3.841],[135.339,-3.863],[135.411,-3.894],[135.448,-3.866],[135.57,-3.946],[135.594,-3.922],[135.652,-3.921],[135.698,-3.88],[135.771,-3.908],[135.863,-3.895],[135.888,-3.858],[135.877,-3.848],[135.891,-3.8],[135.939,-3.759],[136.048,-3.781],[136.037,-3.71],[136.12,-3.744],[136.11,-3.848],[136.211,-3.958],[136.19,-3.974],[136.184,-4.029],[136.103,-4.051],[136.098,-4.114],[136.029,-4.131],[136.003,-4.28],[135.822,-4.299],[135.754,-4.281],[135.711,-4.269],[135.676,-4.194],[135.62,-4.233],[135.599,-4.206],[135.584,-4.219],[135.505,-4.202],[135.462,-4.249],[135.398,-4.234],[135.355,-4.192],[135.303,-4.212],[135.277,-4.168],[135.196,-4.179],[135.183,-4.197],[135.126,-4.169],[135.138,-4.14],[135.123,-4.113],[135.148,-4.079],[135.091,-4.085]]]}},{"type":"Feature","properties":{"k":"94.07"},"geometry":{"type":"Polygon","coordinates":[[[136.327,-3.017],[136.338,-3.029],[136.39,-3.007],[136.465,-3.062],[136.573,-3.047],[136.545,-3.153],[136.521,-3.16],[136.516,-3.188],[136.569,-3.251],[136.68,-3.224],[136.757,-3.159],[136.828,-3.163],[136.868,-3.132],[136.895,-3.158],[136.919,-3.156],[136.92,-3.189],[136.899,-3.194],[136.869,-3.251],[136.945,-3.339],[136.948,-3.416],[137.028,-3.545],[137.04,-3.533],[137.112,-3.563],[137.169,-3.551],[137.287,-3.471],[137.283,-3.504],[137.309,-3.556],[137.359,-3.593],[137.24,-3.715],[137.211,-3.774],[137.208,-3.815],[137.247,-3.84],[137.257,-3.88],[137.236,-3.891],[137.245,-3.927],[137.214,-3.958],[137.156,-3.951],[137.141,-3.963],[137.151,-3.987],[137.109,-4.019],[137.118,-4.032],[137.096,-4.034],[137.017,-3.942],[136.993,-3.844],[136.865,-3.83],[136.836,-3.805],[136.807,-3.809],[136.563,-3.709],[136.592,-3.675],[136.578,-3.612],[136.511,-3.589],[136.499,-3.6],[136.469,-3.557],[136.434,-3.561],[136.425,-3.505],[136.371,-3.453],[136.395,-3.297],[136.356,-3.188],[136.321,-3.167],[136.314,-3.133],[136.336,-3.097],[136.327,-3.017]]]}},{"type":"Feature","properties":{"k":"94.08"},"geometry":{"type":"Polygon","coordinates":[[[136.003,-4.281],[136.029,-4.13],[136.096,-4.115],[136.106,-4.09],[136.089,-4.059],[136.16,-4.046],[136.193,-3.985],[136.217,-4.0],[136.266,-3.98],[136.316,-3.997],[136.351,-3.972],[136.433,-4.017],[136.58,-4.027],[136.619,-4.058],[136.62,-4.081],[136.643,-4.073],[136.712,-4.13],[136.724,-4.092],[136.776,-4.078],[136.93,-4.136],[136.929,-4.17],[136.874,-4.185],[136.83,-4.234],[136.789,-4.245],[136.8,-4.305],[136.74,-4.311],[136.716,-4.386],[136.686,-4.403],[136.653,-4.378],[136.6,-4.395],[136.566,-4.332],[136.519,-4.327],[136.518,-4.306],[136.447,-4.309],[136.404,-4.335],[136.317,-4.347],[136.25,-4.33],[136.203,-4.362],[136.153,-4.343],[136.132,-4.378],[136.048,-4.401],[136.005,-4.37],[136.029,-4.366],[136.041,-4.332],[136.033,-4.294],[136.003,-4.281]]]}},{"type":"Feature","properties":{"k":"95.01"},"geometry":{"type":"Polygon","coordinates":[[[138.626,-4.474],[138.582,-4.404],[138.618,-4.38],[138.605,-4.356],[138.674,-4.148],[138.678,-4.05],[138.752,-4.002],[138.73,-3.984],[138.723,-3.879],[138.689,-3.866],[138.667,-3.82],[138.641,-3.817],[138.646,-3.757],[138.683,-3.781],[138.717,-3.775],[138.752,-3.821],[138.871,-3.794],[138.899,-3.816],[138.903,-3.862],[138.94,-3.89],[138.996,-3.9],[139.025,-3.886],[139.043,-3.913],[139.139,-3.952],[139.252,-4.086],[139.246,-4.134],[139.213,-4.135],[139.215,-4.184],[139.03,-4.193],[138.979,-4.243],[138.957,-4.223],[138.851,-4.261],[138.822,-4.238],[138.745,-4.285],[138.742,-4.32],[138.768,-4.339],[138.776,-4.389],[138.77,-4.476],[138.626,-4.474]]]}},{"type":"Feature","properties":{"k":"95.02"},"geometry":{"type":"Polygon","coordinates":[[[140.112,-4.454],[140.119,-4.058],[140.101,-4.042],[140.152,-3.957],[140.123,-3.905],[140.146,-3.891],[140.132,-3.848],[140.154,-3.842],[140.163,-3.807],[140.135,-3.772],[140.161,-3.766],[140.127,-3.749],[140.142,-3.736],[140.123,-3.716],[140.135,-3.697],[140.176,-3.707],[140.203,-3.676],[140.275,-3.67],[140.286,-3.722],[140.319,-3.753],[140.407,-3.733],[140.463,-3.767],[140.496,-3.758],[140.529,-3.778],[140.557,-3.751],[140.626,-3.77],[140.653,-3.807],[140.688,-3.793],[140.714,-3.954],[140.777,-3.954],[140.821,-3.902],[140.912,-3.946],[140.917,-3.919],[140.996,-3.922],[140.996,-5.19],[140.822,-5.238],[140.724,-5.235],[140.63,-5.267],[140.596,-5.25],[140.556,-5.258],[140.39,-5.213],[140.313,-5.17],[140.266,-5.134],[140.218,-5.059],[140.076,-5.054],[140.141,-4.997],[140.138,-4.917],[140.091,-4.856],[140.12,-4.779],[140.129,-4.616],[140.112,-4.454]]]}},{"type":"Feature","properties":{"k":"95.03"},"geometry":{"type":"Polygon","coordinates":[[[138.82,-4.601],[138.814,-4.528],[138.833,-4.5],[138.82,-4.362],[138.796,-4.33],[138.752,-4.333],[138.745,-4.285],[138.822,-4.239],[138.87,-4.26],[138.951,-4.221],[138.974,-4.245],[139.029,-4.193],[139.212,-4.185],[139.221,-4.124],[139.246,-4.134],[139.257,-4.111],[139.235,-4.064],[139.177,-4.012],[139.187,-3.992],[139.257,-4.011],[139.3,-3.992],[139.407,-4.011],[139.644,-3.981],[139.728,-3.832],[139.75,-3.826],[139.764,-3.773],[139.838,-3.738],[139.859,-3.688],[139.936,-3.692],[139.994,-3.743],[140.028,-3.711],[140.05,-3.728],[140.095,-3.725],[140.135,-3.697],[140.123,-3.716],[140.142,-3.737],[140.127,-3.75],[140.161,-3.765],[140.135,-3.772],[140.163,-3.809],[140.154,-3.842],[140.132,-3.848],[140.149,-3.886],[140.123,-3.913],[140.153,-3.956],[140.102,-4.041],[140.119,-4.057],[140.112,-4.451],[140.13,-4.619],[140.115,-4.83],[140.091,-4.857],[140.15,-4.925],[140.141,-4.997],[140.1,-5.038],[140.039,-5.053],[139.95,-5.043],[139.889,-5.063],[139.664,-5.064],[139.578,-5.053],[139.498,-5.001],[139.232,-4.998],[138.886,-4.956],[138.891,-4.921],[138.946,-4.924],[138.993,-4.903],[138.996,-4.874],[139.053,-4.868],[139.018,-4.838],[138.935,-4.834],[138.958,-4.782],[138.99,-4.772],[138.981,-4.758],[138.944,-4.766],[138.854,-4.701],[138.805,-4.767],[138.805,-4.616],[138.82,-4.601]]]}},{"type":"Feature","properties":{"k":"95.04"},"geometry":{"type":"Polygon","coordinates":[[[138.058,-3.393],[138.017,-3.334],[138.044,-3.304],[138.08,-3.31],[138.067,-3.287],[138.087,-3.225],[138.062,-3.209],[138.073,-3.131],[138.171,-3.106],[138.236,-3.15],[138.222,-3.175],[138.243,-3.189],[138.293,-3.174],[138.361,-3.243],[138.433,-3.23],[138.447,-3.241],[138.436,-3.26],[138.479,-3.297],[138.543,-3.323],[138.539,-3.369],[138.614,-3.4],[138.641,-3.448],[138.704,-3.486],[138.729,-3.6],[138.765,-3.616],[138.745,-3.621],[138.743,-3.655],[138.699,-3.727],[138.627,-3.717],[138.61,-3.748],[138.621,-3.769],[138.596,-3.781],[138.48,-3.757],[138.476,-3.776],[138.42,-3.791],[138.347,-3.759],[138.298,-3.773],[138.302,-3.717],[138.283,-3.704],[138.267,-3.627],[138.128,-3.593],[138.088,-3.609],[138.044,-3.585],[138.058,-3.488],[138.033,-3.433],[138.058,-3.393]]]}},{"type":"Feature","properties":{"k":"95.05"},"geometry":{"type":"Polygon","coordinates":[[[138.609,-3.749],[138.648,-3.712],[138.699,-3.724],[138.746,-3.617],[138.764,-3.617],[138.727,-3.6],[138.7,-3.484],[138.64,-3.448],[138.614,-3.402],[138.527,-3.356],[138.544,-3.323],[138.599,-3.333],[138.676,-3.236],[138.702,-3.248],[138.678,-3.193],[138.72,-3.216],[138.748,-3.173],[138.778,-3.203],[138.775,-3.181],[138.829,-3.173],[138.799,-3.195],[138.804,-3.224],[138.877,-3.224],[138.893,-3.256],[138.919,-3.246],[138.962,-3.279],[138.982,-3.264],[138.998,-3.302],[139.088,-3.28],[139.101,-3.306],[139.071,-3.291],[139.079,-3.332],[139.108,-3.325],[139.114,-3.387],[139.128,-3.38],[139.121,-3.356],[139.142,-3.359],[139.142,-3.427],[139.185,-3.426],[139.208,-3.449],[139.268,-3.419],[139.251,-3.451],[139.272,-3.444],[139.275,-3.462],[139.307,-3.472],[139.332,-3.449],[139.336,-3.482],[139.388,-3.481],[139.303,-3.544],[139.336,-3.685],[139.314,-3.734],[139.28,-3.729],[139.293,-3.756],[139.26,-3.766],[139.21,-3.74],[139.175,-3.753],[139.162,-3.786],[139.134,-3.785],[139.12,-3.816],[139.017,-3.865],[139.025,-3.888],[138.998,-3.898],[138.902,-3.862],[138.899,-3.816],[138.868,-3.793],[138.753,-3.823],[138.718,-3.776],[138.672,-3.779],[138.66,-3.754],[138.622,-3.77],[138.609,-3.749]]]}},{"type":"Feature","properties":{"k":"95.06"},"geometry":{"type":"Polygon","coordinates":[[[139.045,-3.912],[139.016,-3.865],[139.119,-3.817],[139.175,-3.754],[139.208,-3.739],[139.282,-3.764],[139.285,-3.725],[139.312,-3.731],[139.335,-3.662],[139.302,-3.545],[139.378,-3.5],[139.359,-3.499],[139.386,-3.48],[139.368,-3.454],[139.378,-3.434],[139.475,-3.46],[139.471,-3.517],[139.496,-3.489],[139.503,-3.521],[139.54,-3.541],[139.609,-3.5],[139.58,-3.537],[139.594,-3.552],[139.63,-3.554],[139.658,-3.521],[139.67,-3.555],[139.678,-3.528],[139.702,-3.543],[139.716,-3.522],[139.733,-3.546],[139.766,-3.512],[139.772,-3.563],[139.804,-3.565],[139.803,-3.591],[139.864,-3.585],[139.889,-3.621],[139.917,-3.625],[139.968,-3.612],[139.957,-3.637],[139.982,-3.656],[140.022,-3.64],[140.044,-3.675],[140.065,-3.649],[140.085,-3.681],[140.126,-3.696],[140.094,-3.726],[140.05,-3.729],[140.029,-3.71],[139.994,-3.742],[139.939,-3.697],[139.856,-3.701],[139.838,-3.737],[139.765,-3.772],[139.749,-3.828],[139.729,-3.832],[139.712,-3.884],[139.67,-3.922],[139.633,-4.019],[139.599,-3.997],[139.554,-4.017],[139.476,-4.01],[139.428,-4.035],[139.409,-4.012],[139.331,-4.013],[139.301,-3.991],[139.253,-4.013],[139.045,-3.912]]]}},{"type":"Feature","properties":{"k":"95.07"},"geometry":{"type":"Polygon","coordinates":[[[138.006,-4.12],[138.0,-4.002],[137.976,-3.98],[137.983,-3.946],[138.063,-3.913],[138.08,-3.873],[138.167,-3.846],[138.238,-3.849],[138.284,-3.777],[138.335,-3.773],[138.347,-3.757],[138.394,-3.79],[138.459,-3.781],[138.479,-3.759],[138.53,-3.779],[138.635,-3.768],[138.645,-3.818],[138.726,-3.88],[138.724,-3.94],[138.753,-4.001],[138.685,-4.041],[138.669,-4.173],[138.642,-4.237],[138.603,-4.236],[138.559,-4.197],[138.472,-4.169],[138.23,-4.138],[138.036,-4.14],[138.006,-4.12]]]}},{"type":"Feature","properties":{"k":"95.08"},"geometry":{"type":"Polygon","coordinates":[[[137.865,-4.577],[137.828,-4.541],[137.835,-4.485],[137.863,-4.433],[137.91,-4.432],[137.936,-4.372],[137.948,-4.22],[137.924,-4.208],[137.925,-4.162],[137.972,-4.159],[138.009,-4.122],[138.043,-4.139],[138.136,-4.125],[138.317,-4.133],[138.343,-4.153],[138.352,-4.137],[138.388,-4.138],[138.472,-4.168],[138.48,-4.135],[138.503,-4.125],[138.584,-4.227],[138.642,-4.237],[138.605,-4.358],[138.62,-4.382],[138.582,-4.406],[138.625,-4.472],[138.771,-4.473],[138.767,-4.342],[138.796,-4.331],[138.82,-4.359],[138.833,-4.503],[138.814,-4.529],[138.824,-4.585],[138.805,-4.602],[138.806,-4.765],[138.781,-4.74],[138.635,-4.738],[138.585,-4.705],[138.5,-4.722],[138.459,-4.689],[138.415,-4.713],[138.331,-4.674],[138.232,-4.689],[138.197,-4.715],[138.15,-4.686],[138.129,-4.589],[138.08,-4.564],[138.027,-4.611],[137.994,-4.589],[137.976,-4.601],[137.865,-4.577]]]}},{"type":"Feature","properties":{"k":"96.01"},"geometry":{"type":"MultiPolygon","coordinates":[[[[130.874,-1.385],[130.873,-1.391],[130.87,-1.39],[130.874,-1.385]]],[[[130.871,-1.355],[130.872,-1.352],[130.876,-1.354],[130.871,-1.355]]],[[[130.718,-1.354],[130.725,-1.353],[130.724,-1.355],[130.718,-1.354]]],[[[130.708,-1.34],[130.704,-1.337],[130.705,-1.337],[130.708,-1.34]]],[[[130.892,-1.332],[130.885,-1.333],[130.891,-1.33],[130.892,-1.332]]],[[[130.757,-1.331],[130.759,-1.33],[130.76,-1.332],[130.757,-1.331]]],[[[130.706,-1.33],[130.702,-1.329],[130.702,-1.326],[130.706,-1.33]]],[[[130.903,-1.328],[130.904,-1.327],[130.904,-1.329],[130.903,-1.328]]],[[[130.72,-1.265],[130.723,-1.266],[130.722,-1.267],[130.72,-1.265]]],[[[130.606,-1.262],[130.609,-1.261],[130.607,-1.263],[130.606,-1.262]]],[[[130.752,-1.258],[130.749,-1.257],[130.753,-1.255],[130.752,-1.258]]],[[[130.721,-1.238],[130.724,-1.239],[130.723,-1.24],[130.721,-1.238]]],[[[130.747,-1.236],[130.742,-1.238],[130.745,-1.232],[130.747,-1.236]]],[[[130.655,-1.233],[130.652,-1.23],[130.657,-1.229],[130.655,-1.233]]],[[[130.736,-1.23],[130.732,-1.232],[130.732,-1.228],[130.736,-1.23]]],[[[130.719,-1.232],[130.716,-1.23],[130.718,-1.229],[130.719,-1.232]]],[[[131.014,-1.268],[130.975,-1.353],[130.909,-1.321],[130.861,-1.345],[130.811,-1.265],[130.756,-1.247],[130.738,-1.165],[130.681,-1.108],[131.035,-1.196],[131.046,-1.24],[131.014,-1.268]]],[[[130.723,-1.229],[130.724,-1.224],[130.726,-1.228],[130.723,-1.229]]],[[[130.674,-1.171],[130.675,-1.168],[130.677,-1.17],[130.674,-1.171]]],[[[130.626,-1.169],[130.629,-1.168],[130.628,-1.171],[130.626,-1.169]]],[[[130.713,-1.16],[130.712,-1.165],[130.711,-1.162],[130.713,-1.16]]],[[[130.711,-1.157],[130.711,-1.159],[130.708,-1.156],[130.711,-1.157]]],[[[130.688,-1.157],[130.696,-1.151],[130.695,-1.16],[130.688,-1.157]]],[[[130.594,-1.149],[130.597,-1.14],[130.597,-1.15],[130.594,-1.149]]],[[[130.578,-1.137],[130.572,-1.145],[130.566,-1.143],[130.578,-1.137]]],[[[130.588,-1.147],[130.588,-1.133],[130.595,-1.137],[130.588,-1.147]]],[[[130.989,-1.474],[130.988,-1.471],[130.992,-1.472],[130.989,-1.474]]],[[[130.917,-1.404],[130.912,-1.406],[130.915,-1.403],[130.917,-1.404]]],[[[130.964,-1.393],[130.959,-1.395],[130.962,-1.391],[130.964,-1.393]]],[[[130.912,-1.381],[130.906,-1.385],[130.911,-1.381],[130.912,-1.381]]],[[[130.999,-1.371],[130.997,-1.381],[130.978,-1.388],[130.999,-1.371]]],[[[130.926,-1.386],[130.92,-1.372],[130.934,-1.375],[130.926,-1.386]]],[[[130.936,-1.366],[130.934,-1.365],[130.935,-1.366],[130.936,-1.366]]],[[[130.956,-1.36],[130.956,-1.363],[130.952,-1.362],[130.956,-1.36]]],[[[130.935,-1.363],[130.927,-1.363],[130.933,-1.359],[130.935,-1.363]]],[[[130.951,-1.352],[130.947,-1.361],[130.939,-1.354],[130.951,-1.352]]],[[[131.012,-1.29],[131.025,-1.297],[131.018,-1.308],[131.012,-1.29]]],[[[131.101,-1.243],[131.098,-1.245],[131.089,-1.238],[131.101,-1.243]]],[[[131.105,-1.236],[131.097,-1.233],[131.115,-1.23],[131.105,-1.236]]],[[[131.104,-1.228],[131.109,-1.223],[131.117,-1.223],[131.104,-1.228]]],[[[131.066,-1.208],[131.067,-1.224],[131.057,-1.231],[131.055,-1.218],[131.066,-1.208]]],[[[131.084,-1.221],[131.084,-1.219],[131.086,-1.218],[131.084,-1.221]]],[[[131.076,-1.201],[131.08,-1.197],[131.079,-1.209],[131.076,-1.201]]],[[[131.082,-1.208],[131.086,-1.196],[131.083,-1.21],[131.082,-1.208]]],[[[131.039,-1.196],[131.06,-1.202],[131.047,-1.212],[131.039,-1.196]]],[[[131.082,-1.196],[131.083,-1.195],[131.082,-1.198],[131.082,-1.196]]],[[[131.079,-1.196],[131.08,-1.194],[131.08,-1.196],[131.079,-1.196]]],[[[131.082,-1.192],[131.084,-1.189],[131.083,-1.194],[131.082,-1.192]]],[[[131.109,-1.189],[131.106,-1.191],[131.108,-1.186],[131.109,-1.189]]],[[[131.103,-1.192],[131.092,-1.196],[131.1,-1.174],[131.103,-1.192]]],[[[131.083,-1.18],[131.08,-1.186],[131.078,-1.18],[131.083,-1.18]]],[[[131.112,-1.173],[131.114,-1.169],[131.113,-1.174],[131.112,-1.173]]],[[[131.145,-1.752],[131.143,-1.754],[131.143,-1.752],[131.145,-1.752]]],[[[131.132,-1.236],[131.142,-1.225],[131.148,-1.227],[131.146,-1.23],[131.132,-1.236]]],[[[131.123,-1.227],[131.114,-1.226],[131.13,-1.223],[131.123,-1.227]]],[[[131.13,-1.22],[131.138,-1.216],[131.135,-1.221],[131.13,-1.22]]],[[[131.152,-1.203],[131.138,-1.215],[131.109,-1.223],[131.132,-1.206],[131.152,-1.203]]],[[[131.145,-1.22],[131.178,-1.198],[131.187,-1.189],[131.168,-1.222],[131.145,-1.22]]],[[[131.156,-1.198],[131.154,-1.203],[131.152,-1.201],[131.156,-1.198]]],[[[131.144,-1.2],[131.145,-1.198],[131.147,-1.198],[131.144,-1.2]]],[[[131.148,-1.197],[131.146,-1.196],[131.148,-1.195],[131.148,-1.197]]],[[[131.142,-1.191],[131.138,-1.199],[131.137,-1.198],[131.142,-1.191]]],[[[131.125,-1.191],[131.123,-1.196],[131.122,-1.195],[131.125,-1.191]]],[[[131.132,-1.195],[131.132,-1.192],[131.134,-1.192],[131.132,-1.195]]],[[[131.156,-1.188],[131.15,-1.201],[131.146,-1.201],[131.156,-1.188]]],[[[131.12,-1.188],[131.124,-1.186],[131.119,-1.195],[131.12,-1.188]]],[[[131.187,-1.185],[131.182,-1.19],[131.182,-1.187],[131.187,-1.185]]],[[[131.147,-1.189],[131.15,-1.189],[131.147,-1.19],[131.147,-1.189]]],[[[131.142,-1.183],[131.145,-1.181],[131.141,-1.189],[131.142,-1.183]]],[[[131.137,-1.188],[131.134,-1.182],[131.139,-1.182],[131.137,-1.188]]],[[[131.175,-1.183],[131.178,-1.18],[131.175,-1.187],[131.175,-1.183]]],[[[131.192,-1.176],[131.187,-1.179],[131.187,-1.176],[131.192,-1.176]]],[[[131.2,-1.148],[131.197,-1.153],[131.198,-1.146],[131.2,-1.148]]],[[[131.21,-1.138],[131.207,-1.141],[131.206,-1.137],[131.21,-1.138]]],[[[131.176,-1.134],[131.176,-1.126],[131.18,-1.124],[131.176,-1.134]]],[[[131.215,-1.107],[131.219,-1.126],[131.208,-1.13],[131.215,-1.107]]],[[[131.219,-1.012],[131.217,-1.035],[131.209,-1.01],[131.219,-1.012]]],[[[131.149,-0.953],[131.15,-0.955],[131.148,-0.955],[131.149,-0.953]]],[[[131.441,-1.659],[131.443,-1.658],[131.441,-1.661],[131.441,-1.659]]],[[[131.285,-1.538],[131.286,-1.533],[131.29,-1.538],[131.285,-1.538]]],[[[131.476,-1.523],[131.479,-1.529],[131.473,-1.528],[131.476,-1.523]]],[[[131.731,-1.51],[131.644,-1.545],[131.588,-1.475],[131.6,-1.463],[131.624,-1.483],[131.607,-1.463],[131.656,-1.442],[131.654,-1.462],[131.671,-1.466],[131.669,-1.444],[131.715,-1.427],[131.742,-1.456],[131.731,-1.51]]],[[[131.359,-1.369],[131.364,-1.396],[131.307,-1.416],[131.273,-1.384],[131.303,-1.38],[131.319,-1.371],[131.317,-1.366],[131.299,-1.357],[131.313,-1.353],[131.297,-1.354],[131.296,-1.346],[131.302,-1.333],[131.302,-1.325],[131.281,-1.313],[131.302,-1.328],[131.292,-1.338],[131.295,-1.353],[131.298,-1.357],[131.316,-1.367],[131.317,-1.37],[131.292,-1.379],[131.274,-1.366],[131.26,-1.37],[131.274,-1.368],[131.271,-1.383],[131.294,-1.412],[131.336,-1.431],[131.338,-1.462],[131.285,-1.503],[131.22,-1.521],[131.169,-1.462],[131.084,-1.448],[130.997,-1.459],[130.932,-1.428],[131.001,-1.38],[131.029,-1.304],[131.023,-1.286],[131.052,-1.253],[131.112,-1.243],[131.178,-1.219],[131.25,-1.081],[131.248,-1.044],[131.241,-1.027],[131.254,-1.014],[131.263,-0.992],[131.284,-0.991],[131.266,-0.979],[131.279,-0.946],[131.272,-0.917],[131.292,-0.912],[131.323,-0.941],[131.31,-0.943],[131.364,-0.961],[131.434,-0.969],[131.465,-0.95],[131.439,-0.867],[131.439,-0.782],[131.458,-0.75],[131.541,-0.726],[131.544,-0.747],[131.509,-0.774],[131.849,-0.705],[131.903,-0.675],[131.905,-0.653],[131.978,-0.577],[132.072,-0.539],[132.096,-0.478],[132.192,-0.414],[132.259,-0.398],[132.263,-0.38],[132.343,-0.386],[132.422,-0.342],[132.717,-0.361],[132.799,-0.415],[132.757,-0.546],[132.76,-0.763],[132.729,-0.888],[132.609,-1.046],[132.494,-1.085],[132.32,-1.063],[131.843,-1.049],[131.791,-1.1],[131.794,-1.262],[131.743,-1.297],[131.788,-1.371],[131.742,-1.443],[131.714,-1.414],[131.688,-1.437],[131.654,-1.406],[131.681,-1.409],[131.706,-1.383],[131.706,-1.369],[131.735,-1.366],[131.735,-1.359],[131.722,-1.352],[131.729,-1.347],[131.724,-1.332],[131.737,-1.319],[131.736,-1.31],[131.724,-1.302],[131.723,-1.296],[131.717,-1.289],[131.712,-1.296],[131.735,-1.314],[131.723,-1.331],[131.721,-1.352],[131.734,-1.364],[131.706,-1.368],[131.678,-1.408],[131.652,-1.402],[131.656,-1.414],[131.678,-1.435],[131.666,-1.445],[131.67,-1.464],[131.66,-1.442],[131.631,-1.415],[131.613,-1.411],[131.64,-1.371],[131.634,-1.359],[131.611,-1.409],[131.642,-1.447],[131.578,-1.454],[131.563,-1.432],[131.577,-1.469],[131.546,-1.488],[131.525,-1.479],[131.541,-1.425],[131.527,-1.395],[131.552,-1.389],[131.557,-1.381],[131.538,-1.352],[131.581,-1.351],[131.589,-1.343],[131.573,-1.284],[131.586,-1.282],[131.59,-1.274],[131.562,-1.255],[131.57,-1.24],[131.561,-1.256],[131.588,-1.274],[131.573,-1.281],[131.571,-1.289],[131.586,-1.345],[131.537,-1.348],[131.537,-1.359],[131.552,-1.384],[131.515,-1.376],[131.534,-1.426],[131.516,-1.474],[131.494,-1.453],[131.476,-1.456],[131.502,-1.467],[131.467,-1.488],[131.47,-1.473],[131.46,-1.463],[131.453,-1.472],[131.455,-1.446],[131.449,-1.44],[131.452,-1.472],[131.458,-1.474],[131.462,-1.464],[131.463,-1.486],[131.469,-1.489],[131.477,-1.483],[131.48,-1.486],[131.47,-1.503],[131.445,-1.511],[131.381,-1.451],[131.428,-1.425],[131.433,-1.415],[131.432,-1.402],[131.453,-1.399],[131.445,-1.383],[131.435,-1.386],[131.434,-1.377],[131.434,-1.387],[131.447,-1.396],[131.429,-1.402],[131.423,-1.424],[131.391,-1.41],[131.414,-1.373],[131.413,-1.357],[131.427,-1.358],[131.434,-1.353],[131.436,-1.347],[131.421,-1.341],[131.433,-1.353],[131.412,-1.356],[131.392,-1.401],[131.362,-1.364],[131.338,-1.365],[131.359,-1.369]],[[131.335,-1.347],[131.34,-1.354],[131.337,-1.345],[131.349,-1.34],[131.356,-1.32],[131.351,-1.318],[131.339,-1.325],[131.337,-1.301],[131.351,-1.286],[131.338,-1.291],[131.334,-1.306],[131.337,-1.326],[131.339,-1.327],[131.353,-1.319],[131.352,-1.331],[131.314,-1.352],[131.335,-1.347]]],[[[131.226,-1.091],[131.229,-1.089],[131.227,-1.095],[131.226,-1.091]]],[[[131.226,-1.086],[131.227,-1.085],[131.227,-1.087],[131.226,-1.086]]],[[[131.244,-1.063],[131.249,-1.08],[131.243,-1.086],[131.235,-1.074],[131.244,-1.063]]],[[[131.243,-1.042],[131.246,-1.042],[131.245,-1.045],[131.243,-1.042]]],[[[131.235,-1.043],[131.237,-1.039],[131.236,-1.045],[131.235,-1.043]]],[[[131.222,-1.036],[131.221,-1.034],[131.222,-1.033],[131.222,-1.036]]],[[[131.253,-1.01],[131.255,-1.008],[131.254,-1.011],[131.253,-1.01]]],[[[131.254,-1.006],[131.246,-1.002],[131.247,-1.0],[131.254,-1.006]]],[[[131.264,-0.961],[131.264,-0.963],[131.263,-0.962],[131.264,-0.961]]],[[[131.267,-0.962],[131.266,-0.962],[131.266,-0.961],[131.267,-0.962]]],[[[131.271,-0.937],[131.274,-0.938],[131.271,-0.94],[131.271,-0.937]]],[[[131.345,-0.784],[131.347,-0.783],[131.347,-0.784],[131.345,-0.784]]],[[[131.58,-0.748],[131.581,-0.746],[131.581,-0.748],[131.58,-0.748]]],[[[131.583,-0.734],[131.585,-0.736],[131.582,-0.735],[131.583,-0.734]]],[[[132.201,-0.368],[132.192,-0.367],[132.199,-0.359],[132.201,-0.368]]],[[[132.173,-0.342],[132.174,-0.35],[132.162,-0.344],[132.173,-0.342]]]]}},{"type":"Feature","properties":{"k":"96.02"},"geometry":{"type":"MultiPolygon","coordinates":[[[[132.127,-2.118],[132.125,-2.101],[132.135,-2.111],[132.127,-2.118]]],[[[132.101,-1.971],[132.083,-1.978],[132.081,-1.987],[132.085,-2.002],[132.07,-2.008],[132.062,-2.024],[132.058,-1.966],[132.095,-1.955],[132.101,-1.971]]],[[[131.951,-1.85],[131.948,-1.862],[131.952,-1.864],[131.961,-1.858],[131.973,-1.875],[131.983,-1.874],[131.972,-1.889],[131.971,-1.924],[131.924,-1.871],[131.958,-1.838],[131.951,-1.85]]],[[[132.07,-1.716],[132.065,-1.699],[132.075,-1.713],[132.07,-1.716]]],[[[131.784,-1.385],[131.742,-1.298],[131.793,-1.263],[131.79,-1.101],[131.842,-1.05],[132.461,-1.081],[132.493,-1.086],[132.509,-1.127],[132.712,-1.161],[132.723,-1.22],[132.601,-1.415],[132.568,-1.594],[132.474,-1.857],[132.482,-2.058],[132.539,-2.192],[132.314,-2.283],[132.197,-2.152],[132.141,-2.149],[132.134,-2.083],[132.107,-2.09],[132.123,-2.101],[132.116,-2.113],[132.134,-2.14],[132.042,-2.078],[132.041,-2.057],[132.079,-2.041],[132.115,-1.993],[132.136,-2.024],[132.161,-1.992],[132.184,-1.993],[132.188,-1.979],[132.199,-1.989],[132.231,-1.963],[132.232,-1.958],[132.225,-1.953],[132.23,-1.951],[132.239,-1.935],[132.245,-1.946],[132.273,-1.935],[132.238,-1.935],[132.222,-1.951],[132.231,-1.961],[132.217,-1.956],[132.22,-1.965],[132.182,-1.979],[132.182,-1.99],[132.168,-1.981],[132.131,-2.005],[132.113,-1.986],[132.085,-2.021],[132.074,-2.011],[132.089,-2.002],[132.086,-1.979],[132.102,-1.971],[132.096,-1.955],[132.075,-1.95],[132.091,-1.925],[132.095,-1.902],[132.082,-1.893],[132.094,-1.885],[132.087,-1.87],[132.11,-1.873],[132.109,-1.893],[132.134,-1.897],[132.147,-1.895],[132.151,-1.887],[132.156,-1.892],[132.164,-1.882],[132.17,-1.899],[132.203,-1.87],[132.203,-1.874],[132.206,-1.878],[132.223,-1.884],[132.26,-1.853],[132.258,-1.839],[132.264,-1.847],[132.291,-1.841],[132.294,-1.838],[132.294,-1.833],[132.293,-1.828],[132.287,-1.825],[132.289,-1.817],[132.288,-1.822],[132.299,-1.827],[132.32,-1.823],[132.323,-1.813],[132.323,-1.827],[132.344,-1.821],[132.323,-1.825],[132.323,-1.812],[132.298,-1.827],[132.293,-1.817],[132.288,-1.817],[132.286,-1.825],[132.292,-1.839],[132.258,-1.837],[132.222,-1.882],[132.204,-1.868],[132.171,-1.898],[132.163,-1.88],[132.11,-1.892],[132.112,-1.872],[132.087,-1.868],[132.08,-1.893],[132.086,-1.924],[132.054,-1.966],[132.061,-2.018],[132.043,-2.027],[132.023,-2.01],[132.027,-1.973],[132.01,-2.006],[131.966,-1.96],[131.981,-1.953],[131.998,-1.911],[132.014,-1.935],[132.014,-1.917],[132.034,-1.93],[132.003,-1.909],[131.998,-1.908],[131.993,-1.913],[131.987,-1.93],[131.973,-1.914],[131.984,-1.873],[131.969,-1.852],[131.986,-1.862],[131.99,-1.846],[132.011,-1.859],[132.014,-1.853],[132.007,-1.843],[132.031,-1.836],[132.035,-1.853],[132.042,-1.842],[132.052,-1.851],[132.073,-1.845],[132.041,-1.841],[132.035,-1.852],[132.032,-1.835],[132.007,-1.841],[132.005,-1.847],[132.013,-1.854],[132.01,-1.858],[131.989,-1.845],[131.984,-1.86],[131.974,-1.844],[131.951,-1.863],[131.962,-1.845],[131.961,-1.825],[131.974,-1.831],[132.016,-1.806],[131.959,-1.824],[131.948,-1.844],[131.921,-1.813],[131.996,-1.738],[132.008,-1.772],[132.039,-1.79],[132.009,-1.767],[132.028,-1.715],[132.067,-1.765],[132.086,-1.754],[132.074,-1.769],[132.092,-1.79],[132.076,-1.769],[132.088,-1.753],[132.076,-1.752],[132.069,-1.763],[132.04,-1.729],[132.072,-1.723],[132.09,-1.703],[132.064,-1.696],[132.059,-1.702],[132.067,-1.716],[132.055,-1.722],[132.005,-1.686],[132.056,-1.674],[132.064,-1.657],[132.071,-1.669],[132.079,-1.669],[132.076,-1.65],[132.09,-1.658],[132.096,-1.65],[132.075,-1.649],[132.071,-1.666],[132.069,-1.632],[132.101,-1.624],[132.101,-1.608],[132.122,-1.616],[132.138,-1.599],[132.123,-1.585],[132.14,-1.583],[132.148,-1.576],[132.148,-1.573],[132.122,-1.583],[132.123,-1.59],[132.135,-1.599],[132.133,-1.604],[132.101,-1.605],[132.049,-1.643],[132.074,-1.617],[132.07,-1.598],[132.106,-1.569],[132.102,-1.544],[132.087,-1.539],[132.086,-1.523],[132.076,-1.52],[132.086,-1.525],[132.08,-1.533],[132.089,-1.542],[132.082,-1.543],[132.076,-1.555],[132.097,-1.543],[132.103,-1.568],[132.067,-1.595],[132.068,-1.62],[132.047,-1.63],[132.053,-1.663],[132.016,-1.658],[132.014,-1.642],[132.039,-1.645],[132.042,-1.639],[132.038,-1.632],[132.015,-1.641],[132.012,-1.645],[132.015,-1.658],[132.027,-1.667],[131.994,-1.675],[131.976,-1.705],[131.913,-1.72],[131.901,-1.673],[131.944,-1.676],[131.943,-1.659],[131.956,-1.667],[131.961,-1.661],[131.955,-1.657],[131.961,-1.655],[131.942,-1.659],[131.942,-1.675],[131.897,-1.672],[131.881,-1.635],[131.919,-1.58],[131.948,-1.594],[131.938,-1.573],[132.001,-1.555],[131.981,-1.534],[131.994,-1.507],[131.986,-1.52],[131.962,-1.478],[132.004,-1.46],[132.011,-1.442],[131.982,-1.467],[131.992,-1.424],[131.975,-1.439],[131.96,-1.429],[131.975,-1.45],[131.958,-1.482],[131.967,-1.551],[131.933,-1.542],[131.953,-1.556],[131.871,-1.584],[131.86,-1.569],[131.879,-1.562],[131.887,-1.55],[131.871,-1.528],[131.902,-1.531],[131.921,-1.524],[131.884,-1.526],[131.889,-1.507],[131.876,-1.508],[131.865,-1.528],[131.882,-1.553],[131.796,-1.613],[131.779,-1.597],[131.808,-1.546],[131.795,-1.492],[131.824,-1.507],[131.834,-1.499],[131.816,-1.489],[131.823,-1.475],[131.819,-1.451],[131.797,-1.447],[131.823,-1.441],[131.821,-1.429],[131.796,-1.441],[131.796,-1.448],[131.8,-1.452],[131.818,-1.451],[131.821,-1.474],[131.791,-1.491],[131.798,-1.549],[131.727,-1.584],[131.695,-1.553],[131.742,-1.505],[131.742,-1.431],[131.784,-1.385]],[[132.075,-1.554],[132.075,-1.555],[132.076,-1.555],[132.075,-1.554]],[[132.072,-1.55],[132.071,-1.551],[132.075,-1.554],[132.072,-1.55]],[[131.96,-1.428],[131.96,-1.429],[131.96,-1.429],[131.96,-1.428]],[[131.959,-1.426],[131.958,-1.426],[131.96,-1.428],[131.959,-1.426]]],[[[132.09,-1.544],[132.081,-1.546],[132.082,-1.544],[132.09,-1.544]]],[[[131.983,-1.469],[131.982,-1.469],[131.982,-1.467],[131.983,-1.469]]],[[[131.974,-1.441],[131.971,-1.439],[131.974,-1.44],[131.974,-1.441]]]]}},{"type":"Feature","properties":{"k":"96.03"},"geometry":{"type":"MultiPolygon","coordinates":[[[[129.719,-1.865],[129.726,-1.863],[129.721,-1.867],[129.719,-1.865]]],[[[129.764,-1.842],[129.76,-1.845],[129.761,-1.843],[129.764,-1.842]]],[[[129.66,-1.839],[129.644,-1.806],[129.658,-1.805],[129.66,-1.839]]],[[[129.629,-1.798],[129.643,-1.8],[129.638,-1.812],[129.629,-1.798]]],[[[129.655,-1.801],[129.659,-1.797],[129.658,-1.802],[129.655,-1.801]]],[[[129.654,-1.799],[129.638,-1.782],[129.644,-1.777],[129.654,-1.799]]],[[[129.625,-1.773],[129.625,-1.794],[129.613,-1.778],[129.625,-1.773]]],[[[129.724,-1.782],[129.718,-1.78],[129.721,-1.778],[129.724,-1.782]]],[[[129.654,-1.781],[129.664,-1.779],[129.663,-1.787],[129.654,-1.781]]],[[[129.696,-1.759],[129.704,-1.78],[129.701,-1.788],[129.692,-1.772],[129.696,-1.759]]],[[[129.715,-1.767],[129.709,-1.772],[129.71,-1.762],[129.715,-1.767]]],[[[129.833,-1.746],[129.835,-1.741],[129.836,-1.742],[129.833,-1.746]]],[[[129.932,-1.718],[129.929,-1.714],[129.932,-1.716],[129.932,-1.718]]],[[[129.778,-1.721],[129.784,-1.714],[129.783,-1.725],[129.778,-1.721]]],[[[129.835,-1.714],[129.832,-1.712],[129.834,-1.711],[129.835,-1.714]]],[[[129.794,-1.714],[129.791,-1.707],[129.795,-1.71],[129.794,-1.714]]],[[[129.765,-1.701],[129.778,-1.715],[129.775,-1.718],[129.765,-1.701]]],[[[129.79,-1.695],[129.783,-1.696],[129.784,-1.694],[129.79,-1.695]]],[[[129.872,-1.674],[129.875,-1.679],[129.869,-1.677],[129.872,-1.674]]],[[[129.857,-1.673],[129.87,-1.667],[129.869,-1.673],[129.857,-1.673]]],[[[129.907,-1.644],[129.911,-1.627],[129.924,-1.639],[129.907,-1.644]]],[[[128.937,-1.394],[128.935,-1.394],[128.934,-1.393],[128.937,-1.394]]],[[[128.911,-1.385],[128.929,-1.39],[128.916,-1.398],[128.911,-1.385]]],[[[129.713,-1.279],[129.729,-1.28],[129.721,-1.283],[129.713,-1.279]]],[[[129.716,-1.274],[129.715,-1.278],[129.714,-1.275],[129.716,-1.274]]],[[[129.751,-1.276],[129.766,-1.266],[129.769,-1.272],[129.751,-1.276]]],[[[129.661,-1.259],[129.656,-1.275],[129.652,-1.267],[129.661,-1.259]]],[[[129.737,-1.265],[129.737,-1.268],[129.735,-1.266],[129.737,-1.265]]],[[[129.681,-1.266],[129.685,-1.26],[129.686,-1.268],[129.681,-1.266]]],[[[129.73,-1.261],[129.727,-1.26],[129.73,-1.259],[129.73,-1.261]]],[[[129.744,-1.254],[129.744,-1.259],[129.742,-1.255],[129.744,-1.254]]],[[[129.669,-1.252],[129.671,-1.258],[129.667,-1.256],[129.669,-1.252]]],[[[129.761,-1.252],[129.761,-1.254],[129.759,-1.251],[129.761,-1.252]]],[[[129.691,-1.254],[129.683,-1.249],[129.684,-1.248],[129.691,-1.254]]],[[[129.681,-1.248],[129.677,-1.25],[129.677,-1.246],[129.681,-1.248]]],[[[129.771,-1.248],[129.776,-1.244],[129.775,-1.249],[129.771,-1.248]]],[[[129.796,-1.248],[129.79,-1.244],[129.793,-1.243],[129.796,-1.248]]],[[[129.786,-1.243],[129.787,-1.247],[129.785,-1.246],[129.786,-1.243]]],[[[129.7,-1.234],[129.707,-1.23],[129.709,-1.234],[129.7,-1.234]]],[[[129.648,-1.236],[129.654,-1.233],[129.653,-1.236],[129.648,-1.236]]],[[[129.812,-1.23],[129.79,-1.228],[129.829,-1.221],[129.812,-1.23]]],[[[129.739,-1.226],[129.727,-1.228],[129.731,-1.22],[129.739,-1.226]]],[[[129.768,-1.231],[129.788,-1.218],[129.782,-1.229],[129.768,-1.231]]],[[[129.798,-1.22],[129.796,-1.221],[129.796,-1.22],[129.798,-1.22]]],[[[129.648,-1.203],[129.655,-1.215],[129.65,-1.216],[129.648,-1.203]]],[[[129.715,-1.212],[129.705,-1.207],[129.715,-1.203],[129.715,-1.212]]],[[[129.826,-1.164],[129.867,-1.144],[129.978,-1.171],[129.933,-1.216],[129.928,-1.186],[129.831,-1.251],[129.822,-1.239],[129.888,-1.197],[129.818,-1.217],[129.732,-1.208],[129.752,-1.174],[129.826,-1.164]]],[[[129.374,-1.195],[129.373,-1.192],[129.375,-1.193],[129.374,-1.195]]],[[[129.415,-1.185],[129.413,-1.186],[129.414,-1.184],[129.415,-1.185]]],[[[129.447,-1.194],[129.442,-1.173],[129.464,-1.168],[129.476,-1.185],[129.447,-1.194]]],[[[129.669,-1.189],[129.704,-1.204],[129.673,-1.179],[129.747,-1.156],[129.703,-1.206],[129.669,-1.189]]],[[[129.394,-1.163],[129.382,-1.188],[129.396,-1.198],[129.38,-1.195],[129.376,-1.183],[129.382,-1.166],[129.394,-1.163]]],[[[129.347,-1.181],[129.356,-1.161],[129.374,-1.169],[129.372,-1.188],[129.347,-1.181]]],[[[129.321,-1.174],[129.3,-1.171],[129.353,-1.16],[129.321,-1.174]]],[[[129.407,-1.167],[129.405,-1.158],[129.409,-1.161],[129.407,-1.167]]],[[[129.421,-1.164],[129.42,-1.169],[129.419,-1.154],[129.421,-1.164]]],[[[129.787,-1.162],[129.786,-1.16],[129.791,-1.16],[129.787,-1.162]]],[[[129.421,-1.154],[129.429,-1.157],[129.423,-1.166],[129.421,-1.154]]],[[[129.777,-1.157],[129.776,-1.162],[129.771,-1.16],[129.777,-1.157]]],[[[129.801,-1.158],[129.796,-1.156],[129.803,-1.157],[129.801,-1.158]]],[[[129.44,-1.161],[129.445,-1.153],[129.442,-1.163],[129.44,-1.161]]],[[[129.781,-1.155],[129.763,-1.16],[129.761,-1.156],[129.771,-1.147],[129.781,-1.155]]],[[[129.851,-1.149],[129.838,-1.152],[129.851,-1.143],[129.851,-1.149]]],[[[129.741,-0.875],[129.744,-0.876],[129.742,-0.878],[129.741,-0.875]]],[[[129.77,-0.846],[129.771,-0.841],[129.774,-0.844],[129.77,-0.846]]],[[[129.894,-0.839],[129.905,-0.84],[129.903,-0.843],[129.894,-0.839]]],[[[129.782,-0.772],[129.787,-0.766],[129.799,-0.775],[129.782,-0.772]]],[[[129.884,-0.4],[129.925,-0.413],[129.917,-0.445],[129.903,-0.44],[129.906,-0.471],[129.875,-0.498],[129.844,-0.446],[129.884,-0.4]]],[[[129.926,0.282],[129.882,0.277],[129.852,0.324],[129.907,0.318],[129.926,0.282]]],[[[129.871,0.348],[129.861,0.341],[129.857,0.346],[129.871,0.348]]],[[[130.197,-2.15],[130.17,-2.144],[130.211,-2.144],[130.197,-2.15]]],[[[130.12,-2.13],[130.123,-2.134],[130.118,-2.132],[130.12,-2.13]]],[[[130.193,-2.129],[130.193,-2.126],[130.194,-2.127],[130.193,-2.129]]],[[[130.167,-2.087],[130.169,-2.088],[130.165,-2.088],[130.167,-2.087]]],[[[130.133,-2.085],[130.133,-2.086],[130.131,-2.085],[130.133,-2.085]]],[[[130.141,-2.086],[130.139,-2.084],[130.141,-2.084],[130.141,-2.086]]],[[[130.126,-2.084],[130.125,-2.086],[130.125,-2.084],[130.126,-2.084]]],[[[130.153,-2.087],[130.151,-2.082],[130.161,-2.086],[130.153,-2.087]]],[[[130.149,-2.081],[130.148,-2.083],[130.148,-2.081],[130.149,-2.081]]],[[[130.153,-2.075],[130.159,-2.07],[130.16,-2.074],[130.153,-2.075]]],[[[130.067,-2.034],[130.067,-2.034],[130.07,-2.034],[130.067,-2.034]]],[[[130.062,-2.033],[130.065,-2.031],[130.067,-2.034],[130.062,-2.033]]],[[[130.026,-2.03],[130.022,-2.033],[130.022,-2.031],[130.026,-2.03]]],[[[130.017,-2.032],[130.016,-2.032],[130.018,-2.03],[130.017,-2.032]]],[[[130.013,-2.03],[130.011,-2.031],[130.012,-2.028],[130.013,-2.03]]],[[[130.004,-2.03],[130.002,-2.028],[130.003,-2.026],[130.004,-2.03]]],[[[130.266,-2.054],[130.125,-2.06],[130.092,-2.044],[130.118,-2.039],[130.086,-2.029],[130.102,-2.018],[130.047,-2.027],[130.043,-2.013],[130.016,-2.023],[130.026,-2.009],[129.922,-1.999],[129.793,-1.939],[129.719,-1.88],[129.755,-1.845],[129.777,-1.847],[129.865,-1.823],[129.899,-1.784],[129.979,-1.769],[130.059,-1.724],[130.098,-1.73],[130.125,-1.712],[130.133,-1.722],[130.258,-1.729],[130.253,-1.704],[130.37,-1.676],[130.381,-1.693],[130.352,-1.737],[130.422,-1.778],[130.456,-1.834],[130.437,-1.838],[130.43,-1.872],[130.41,-1.86],[130.409,-1.897],[130.34,-1.922],[130.387,-1.952],[130.432,-1.953],[130.428,-1.973],[130.444,-1.954],[130.44,-1.982],[130.382,-1.982],[130.479,-2.008],[130.371,-2.042],[130.373,-2.026],[130.396,-2.019],[130.405,-2.001],[130.388,-2.012],[130.326,-1.986],[130.344,-1.956],[130.304,-2.011],[130.264,-2.011],[130.285,-2.032],[130.266,-2.054]]],[[[130.079,-1.722],[130.077,-1.719],[130.079,-1.719],[130.079,-1.722]]],[[[130.099,-1.72],[130.097,-1.72],[130.098,-1.718],[130.099,-1.72]]],[[[130.087,-1.721],[130.085,-1.718],[130.088,-1.717],[130.087,-1.721]]],[[[129.936,-1.719],[129.946,-1.713],[129.944,-1.72],[129.936,-1.719]]],[[[129.953,-1.716],[129.953,-1.718],[129.95,-1.718],[129.953,-1.716]]],[[[129.947,-1.717],[129.946,-1.716],[129.947,-1.715],[129.947,-1.717]]],[[[130.136,-1.713],[130.143,-1.712],[130.142,-1.716],[130.136,-1.713]]],[[[129.955,-1.715],[129.953,-1.713],[129.955,-1.713],[129.955,-1.715]]],[[[130.154,-1.712],[130.147,-1.712],[130.15,-1.711],[130.154,-1.712]]],[[[130.003,-1.715],[130.006,-1.711],[130.007,-1.712],[130.003,-1.715]]],[[[130.004,-1.702],[130.007,-1.696],[130.008,-1.7],[130.004,-1.702]]],[[[130.058,-1.699],[130.057,-1.697],[130.059,-1.698],[130.058,-1.699]]],[[[130.052,-1.688],[130.054,-1.692],[130.049,-1.689],[130.052,-1.688]]],[[[129.992,-1.678],[129.991,-1.674],[129.993,-1.674],[129.992,-1.678]]],[[[130.193,-1.647],[130.19,-1.647],[130.192,-1.646],[130.193,-1.647]]],[[[130.176,-1.638],[130.173,-1.637],[130.174,-1.636],[130.176,-1.638]]],[[[129.999,-1.596],[129.995,-1.594],[129.998,-1.591],[129.999,-1.596]]],[[[130.124,-1.489],[130.125,-1.493],[130.122,-1.491],[130.124,-1.489]]],[[[130.136,-1.492],[130.132,-1.492],[130.135,-1.488],[130.136,-1.492]]],[[[130.075,-1.483],[130.076,-1.478],[130.077,-1.48],[130.075,-1.483]]],[[[130.106,-1.453],[130.098,-1.453],[130.104,-1.45],[130.106,-1.453]]],[[[130.121,-1.436],[130.118,-1.446],[130.115,-1.439],[130.121,-1.436]]],[[[130.153,-1.435],[130.149,-1.445],[130.144,-1.442],[130.153,-1.435]]],[[[130.108,-0.758],[130.113,-0.753],[130.111,-0.761],[130.108,-0.758]]],[[[130.125,-0.748],[130.133,-0.735],[130.153,-0.728],[130.157,-0.738],[130.125,-0.748]]],[[[130.149,-0.309],[130.15,-0.331],[130.134,-0.315],[130.149,-0.309]]],[[[130.19,-0.283],[130.192,-0.295],[130.185,-0.283],[130.19,-0.283]]],[[[130.191,-0.108],[130.193,-0.105],[130.194,-0.107],[130.191,-0.108]]],[[[130.175,-0.087],[130.191,-0.095],[130.186,-0.103],[130.175,-0.087]]],[[[130.015,-0.072],[130.056,-0.071],[130.067,-0.066],[130.064,-0.077],[130.015,-0.072]]],[[[130.191,-0.065],[130.187,-0.067],[130.187,-0.064],[130.191,-0.065]]],[[[130.096,-0.066],[130.11,-0.023],[130.088,0.002],[130.095,0.012],[130.141,0.015],[130.11,0.004],[130.142,-0.018],[130.116,-0.035],[130.156,-0.036],[130.165,-0.067],[130.132,-0.097],[130.096,-0.066]]],[[[130.127,-0.002],[130.127,-0.004],[130.124,-0.001],[130.127,-0.002]]],[[[130.165,-0.003],[130.163,-0.0],[130.166,-0.002],[130.165,-0.003]]],[[[130.174,0.004],[130.172,-0.002],[130.181,0.006],[130.174,0.004]]],[[[130.078,0.026],[130.079,0.025],[130.077,0.025],[130.078,0.026]]],[[[130.138,0.12],[130.138,0.122],[130.139,0.122],[130.138,0.12]]],[[[130.132,0.122],[130.136,0.121],[130.13,0.121],[130.132,0.122]]],[[[130.096,0.122],[130.094,0.125],[130.097,0.123],[130.096,0.122]]],[[[130.104,0.129],[130.101,0.126],[130.097,0.127],[130.104,0.129]]],[[[130.124,0.125],[130.126,0.129],[130.131,0.126],[130.124,0.125]]],[[[130.104,0.127],[130.105,0.129],[130.107,0.129],[130.104,0.127]]],[[[130.086,0.126],[130.084,0.133],[130.085,0.132],[130.086,0.126]]],[[[130.121,0.13],[130.12,0.132],[130.122,0.131],[130.121,0.13]]],[[[130.088,0.133],[130.086,0.133],[130.086,0.135],[130.088,0.133]]],[[[130.151,0.133],[130.125,0.135],[130.115,0.143],[130.129,0.145],[130.151,0.133]]],[[[130.081,0.131],[130.064,0.142],[130.076,0.15],[130.081,0.131]]],[[[130.075,0.154],[130.073,0.156],[130.076,0.157],[130.075,0.154]]],[[[130.041,0.159],[130.038,0.16],[130.041,0.161],[130.041,0.159]]],[[[130.021,0.161],[130.026,0.16],[130.014,0.162],[130.021,0.161]]],[[[130.027,0.159],[130.032,0.164],[130.037,0.155],[130.027,0.159]]],[[[130.018,0.167],[130.023,0.164],[130.014,0.167],[130.018,0.167]]],[[[130.051,0.172],[130.065,0.152],[130.042,0.151],[130.052,0.164],[130.043,0.174],[130.025,0.178],[130.037,0.162],[130.01,0.181],[129.998,0.18],[130.037,0.187],[130.051,0.172]]],[[[130.292,-2.229],[130.291,-2.232],[130.29,-2.231],[130.292,-2.229]]],[[[130.257,-2.231],[130.281,-2.226],[130.284,-2.231],[130.257,-2.231]]],[[[130.293,-2.202],[130.293,-2.206],[130.288,-2.203],[130.293,-2.202]]],[[[130.199,-2.199],[130.196,-2.196],[130.204,-2.194],[130.199,-2.199]]],[[[130.318,-2.197],[130.321,-2.196],[130.321,-2.198],[130.318,-2.197]]],[[[130.312,-2.194],[130.271,-2.197],[130.279,-2.212],[130.212,-2.193],[130.253,-2.191],[130.253,-2.188],[130.217,-2.183],[130.24,-2.179],[130.312,-2.194]]],[[[130.197,-2.186],[130.196,-2.188],[130.195,-2.187],[130.197,-2.186]]],[[[130.224,-2.185],[130.224,-2.187],[130.222,-2.186],[130.224,-2.185]]],[[[130.288,-2.16],[130.289,-2.158],[130.291,-2.161],[130.288,-2.16]]],[[[130.263,-2.153],[130.266,-2.157],[130.264,-2.158],[130.263,-2.153]]],[[[130.229,-2.146],[130.211,-2.15],[130.214,-2.144],[130.229,-2.146]]],[[[130.209,-2.135],[130.207,-2.138],[130.201,-2.136],[130.209,-2.135]]],[[[130.194,-2.137],[130.196,-2.134],[130.198,-2.136],[130.194,-2.137]]],[[[130.283,-2.122],[130.279,-2.131],[130.272,-2.129],[130.283,-2.122]]],[[[130.311,-2.121],[130.309,-2.126],[130.308,-2.124],[130.311,-2.121]]],[[[130.26,-2.118],[130.257,-2.12],[130.259,-2.117],[130.26,-2.118]]],[[[130.318,-2.116],[130.316,-2.121],[130.313,-2.12],[130.318,-2.116]]],[[[130.192,-2.092],[130.192,-2.09],[130.195,-2.09],[130.192,-2.092]]],[[[130.243,-1.704],[130.229,-1.707],[130.241,-1.701],[130.243,-1.704]]],[[[130.212,-1.646],[130.199,-1.648],[130.201,-1.644],[130.212,-1.646]]],[[[130.319,-1.648],[130.32,-1.645],[130.321,-1.646],[130.319,-1.648]]],[[[130.315,-1.644],[130.313,-1.642],[130.315,-1.642],[130.315,-1.644]]],[[[130.22,-1.636],[130.217,-1.635],[130.218,-1.634],[130.22,-1.636]]],[[[130.241,-1.631],[130.242,-1.634],[130.239,-1.633],[130.241,-1.631]]],[[[130.307,-1.624],[130.311,-1.615],[130.315,-1.619],[130.307,-1.624]]],[[[130.25,-1.482],[130.25,-1.478],[130.254,-1.479],[130.25,-1.482]]],[[[130.269,-1.462],[130.223,-1.49],[130.207,-1.482],[130.269,-1.462]]],[[[130.29,-1.436],[130.283,-1.435],[130.287,-1.428],[130.29,-1.436]]],[[[130.222,-1.371],[130.237,-1.358],[130.238,-1.361],[130.222,-1.371]]],[[[130.236,-0.723],[130.218,-0.741],[130.216,-0.729],[130.236,-0.723]]],[[[130.261,-0.701],[130.262,-0.692],[130.27,-0.694],[130.261,-0.701]]],[[[130.229,-0.695],[130.242,-0.686],[130.25,-0.69],[130.247,-0.696],[130.229,-0.695]]],[[[130.28,-0.69],[130.281,-0.691],[130.278,-0.688],[130.28,-0.69]]],[[[130.314,-0.689],[130.313,-0.688],[130.315,-0.686],[130.314,-0.689]]],[[[130.284,-0.689],[130.277,-0.684],[130.282,-0.682],[130.284,-0.689]]],[[[130.27,-0.681],[130.277,-0.682],[130.275,-0.684],[130.27,-0.681]]],[[[130.247,-0.675],[130.258,-0.673],[130.256,-0.68],[130.247,-0.675]]],[[[130.294,-0.671],[130.294,-0.678],[130.29,-0.677],[130.294,-0.671]]],[[[130.269,-0.665],[130.302,-0.641],[130.316,-0.649],[130.283,-0.668],[130.269,-0.665]]],[[[130.278,-0.65],[130.279,-0.655],[130.273,-0.654],[130.278,-0.65]]],[[[130.29,-0.594],[130.278,-0.6],[130.282,-0.586],[130.29,-0.594]]],[[[130.294,-0.591],[130.296,-0.588],[130.298,-0.593],[130.294,-0.591]]],[[[130.306,-0.591],[130.3,-0.589],[130.304,-0.586],[130.306,-0.591]]],[[[130.269,-0.569],[130.279,-0.586],[130.25,-0.546],[130.269,-0.569]]],[[[130.286,-0.564],[130.284,-0.564],[130.286,-0.562],[130.286,-0.564]]],[[[130.309,-0.42],[130.309,-0.419],[130.311,-0.418],[130.309,-0.42]]],[[[130.228,-0.4],[130.229,-0.404],[130.224,-0.402],[130.228,-0.4]]],[[[130.258,-0.397],[130.253,-0.393],[130.258,-0.394],[130.258,-0.397]]],[[[130.279,-0.395],[130.278,-0.391],[130.28,-0.393],[130.279,-0.395]]],[[[130.273,-0.387],[130.263,-0.384],[130.273,-0.384],[130.273,-0.387]]],[[[130.28,-0.368],[130.277,-0.375],[130.273,-0.371],[130.28,-0.368]]],[[[130.293,-0.378],[130.293,-0.365],[130.306,-0.37],[130.293,-0.378]]],[[[130.197,-0.355],[130.197,-0.352],[130.199,-0.354],[130.197,-0.355]]],[[[130.219,-0.331],[130.229,-0.346],[130.214,-0.347],[130.18,-0.322],[130.219,-0.331]]],[[[130.206,-0.323],[130.209,-0.325],[130.206,-0.326],[130.206,-0.323]]],[[[130.215,-0.325],[130.214,-0.32],[130.216,-0.321],[130.215,-0.325]]],[[[130.253,-0.32],[130.251,-0.325],[130.244,-0.318],[130.253,-0.32]]],[[[130.274,-0.302],[130.277,-0.305],[130.27,-0.306],[130.274,-0.302]]],[[[130.234,-0.319],[130.206,-0.315],[130.203,-0.284],[130.229,-0.278],[130.234,-0.319]]],[[[130.293,-0.254],[130.292,-0.256],[130.288,-0.247],[130.293,-0.254]]],[[[130.249,-0.192],[130.255,-0.19],[130.258,-0.196],[130.249,-0.192]]],[[[130.25,-0.18],[130.208,-0.184],[130.204,-0.182],[130.232,-0.164],[130.25,-0.18]]],[[[130.248,-0.15],[130.297,-0.192],[130.257,-0.188],[130.248,-0.15]]],[[[130.296,-0.167],[130.294,-0.165],[130.298,-0.165],[130.296,-0.167]]],[[[130.226,-0.151],[130.225,-0.149],[130.228,-0.149],[130.226,-0.151]]],[[[130.274,-0.152],[130.275,-0.144],[130.276,-0.154],[130.274,-0.152]]],[[[130.266,-0.142],[130.268,-0.148],[130.265,-0.144],[130.266,-0.142]]],[[[130.251,-0.109],[130.274,-0.113],[130.262,-0.122],[130.251,-0.109]]],[[[130.213,0.105],[130.228,0.103],[130.23,0.094],[130.213,0.105]]],[[[130.244,0.11],[130.264,0.107],[130.277,0.1],[130.249,0.099],[130.244,0.11]]],[[[130.396,-2.25],[130.391,-2.252],[130.391,-2.251],[130.396,-2.25]]],[[[130.413,-2.235],[130.416,-2.232],[130.419,-2.234],[130.413,-2.235]]],[[[130.415,-2.204],[130.49,-2.223],[130.409,-2.214],[130.415,-2.204]]],[[[130.425,-2.202],[130.416,-2.199],[130.424,-2.196],[130.425,-2.202]]],[[[130.465,-2.161],[130.453,-2.176],[130.437,-2.174],[130.465,-2.161]]],[[[130.342,-2.167],[130.342,-2.166],[130.344,-2.166],[130.342,-2.167]]],[[[130.386,-2.123],[130.386,-2.127],[130.375,-2.126],[130.386,-2.123]]],[[[130.354,-2.125],[130.355,-2.126],[130.353,-2.126],[130.354,-2.125]]],[[[130.404,-2.125],[130.401,-2.126],[130.403,-2.124],[130.404,-2.125]]],[[[130.395,-2.124],[130.396,-2.125],[130.392,-2.125],[130.395,-2.124]]],[[[130.336,-2.125],[130.325,-2.125],[130.335,-2.122],[130.336,-2.125]]],[[[130.448,-2.13],[130.429,-2.117],[130.439,-2.118],[130.448,-2.13]]],[[[130.416,-2.125],[130.413,-2.123],[130.414,-2.121],[130.416,-2.125]]],[[[130.394,-2.12],[130.393,-2.114],[130.399,-2.121],[130.394,-2.12]]],[[[130.414,-2.105],[130.411,-2.115],[130.403,-2.111],[130.414,-2.105]]],[[[130.405,-2.099],[130.419,-2.089],[130.408,-2.104],[130.405,-2.099]]],[[[130.399,-2.076],[130.398,-2.078],[130.398,-2.075],[130.399,-2.076]]],[[[130.4,-2.081],[130.476,-2.066],[130.41,-2.089],[130.4,-2.081]]],[[[130.41,-2.066],[130.411,-2.068],[130.409,-2.067],[130.41,-2.066]]],[[[130.425,-2.064],[130.439,-2.054],[130.44,-2.066],[130.425,-2.064]]],[[[130.412,-2.057],[130.41,-2.059],[130.41,-2.057],[130.412,-2.057]]],[[[130.368,-2.05],[130.377,-2.055],[130.365,-2.056],[130.368,-2.05]]],[[[130.38,-2.051],[130.377,-2.052],[130.377,-2.05],[130.38,-2.051]]],[[[130.417,-2.051],[130.416,-2.051],[130.419,-2.047],[130.417,-2.051]]],[[[130.413,-2.046],[130.414,-2.046],[130.412,-2.049],[130.413,-2.046]]],[[[130.359,-2.047],[130.355,-2.049],[130.357,-2.046],[130.359,-2.047]]],[[[130.373,-2.047],[130.37,-2.047],[130.371,-2.044],[130.373,-2.047]]],[[[130.376,-2.044],[130.375,-2.045],[130.375,-2.043],[130.376,-2.044]]],[[[130.41,-2.038],[130.408,-2.045],[130.398,-2.045],[130.41,-2.038]]],[[[130.461,-1.982],[130.444,-1.977],[130.449,-1.954],[130.463,-1.961],[130.461,-1.982]]],[[[130.441,-1.848],[130.444,-1.844],[130.445,-1.848],[130.441,-1.848]]],[[[130.462,-1.836],[130.456,-1.835],[130.459,-1.833],[130.462,-1.836]]],[[[130.4,-1.753],[130.398,-1.752],[130.4,-1.751],[130.4,-1.753]]],[[[130.341,-1.635],[130.34,-1.633],[130.342,-1.634],[130.341,-1.635]]],[[[130.324,-1.613],[130.324,-1.608],[130.331,-1.613],[130.324,-1.613]]],[[[130.344,-1.589],[130.34,-1.592],[130.341,-1.589],[130.344,-1.589]]],[[[130.322,-1.445],[130.326,-1.449],[130.321,-1.446],[130.322,-1.445]]],[[[130.318,-1.43],[130.327,-1.439],[130.312,-1.433],[130.318,-1.43]]],[[[130.456,-1.427],[130.463,-1.427],[130.46,-1.43],[130.456,-1.427]]],[[[130.418,-1.419],[130.426,-1.416],[130.423,-1.42],[130.418,-1.419]]],[[[130.41,-1.384],[130.41,-1.388],[130.408,-1.386],[130.41,-1.384]]],[[[130.368,-0.918],[130.365,-0.921],[130.364,-0.92],[130.368,-0.918]]],[[[130.448,-0.514],[130.46,-0.514],[130.458,-0.52],[130.448,-0.514]]],[[[130.386,-0.492],[130.386,-0.495],[130.383,-0.493],[130.386,-0.492]]],[[[130.338,-0.488],[130.336,-0.489],[130.337,-0.486],[130.338,-0.488]]],[[[130.345,-0.482],[130.352,-0.487],[130.341,-0.485],[130.345,-0.482]]],[[[130.453,-0.449],[130.452,-0.452],[130.451,-0.451],[130.453,-0.449]]],[[[130.452,-0.438],[130.438,-0.445],[130.454,-0.43],[130.452,-0.438]]],[[[130.427,-0.37],[130.426,-0.367],[130.43,-0.367],[130.427,-0.37]]],[[[130.323,-0.361],[130.322,-0.365],[130.317,-0.362],[130.323,-0.361]]],[[[130.343,-0.349],[130.345,-0.344],[130.347,-0.345],[130.343,-0.349]]],[[[130.393,-0.345],[130.388,-0.352],[130.389,-0.343],[130.393,-0.345]]],[[[130.392,-0.319],[130.381,-0.315],[130.389,-0.313],[130.392,-0.319]]],[[[130.36,-0.311],[130.358,-0.319],[130.351,-0.312],[130.36,-0.311]]],[[[130.395,-0.316],[130.395,-0.312],[130.397,-0.314],[130.395,-0.316]]],[[[130.384,-0.3],[130.382,-0.302],[130.382,-0.301],[130.384,-0.3]]],[[[130.376,-0.297],[130.37,-0.302],[130.376,-0.294],[130.376,-0.297]]],[[[130.346,-0.296],[130.346,-0.301],[130.339,-0.298],[130.346,-0.296]]],[[[130.34,-0.21],[130.318,-0.21],[130.35,-0.195],[130.34,-0.21]]],[[[130.321,-0.204],[130.319,-0.202],[130.323,-0.203],[130.321,-0.204]]],[[[130.329,-0.199],[130.325,-0.202],[130.326,-0.2],[130.329,-0.199]]],[[[130.365,-0.174],[130.363,-0.175],[130.364,-0.173],[130.365,-0.174]]],[[[130.366,-0.167],[130.363,-0.167],[130.365,-0.165],[130.366,-0.167]]],[[[130.336,-0.096],[130.334,-0.096],[130.334,-0.095],[130.336,-0.096]]],[[[130.357,-0.096],[130.359,-0.094],[130.36,-0.098],[130.357,-0.096]]],[[[130.425,-0.085],[130.424,-0.089],[130.419,-0.089],[130.425,-0.085]]],[[[130.423,-0.083],[130.42,-0.084],[130.42,-0.081],[130.423,-0.083]]],[[[130.328,-0.08],[130.335,-0.08],[130.331,-0.085],[130.328,-0.08]]],[[[130.367,-0.075],[130.363,-0.07],[130.367,-0.073],[130.367,-0.075]]],[[[130.432,-0.021],[130.429,-0.023],[130.428,-0.022],[130.432,-0.021]]],[[[130.568,-2.249],[130.565,-2.25],[130.567,-2.248],[130.568,-2.249]]],[[[130.562,-2.248],[130.562,-2.248],[130.561,-2.246],[130.562,-2.248]]],[[[130.559,-2.248],[130.558,-2.248],[130.559,-2.244],[130.559,-2.248]]],[[[130.55,-2.242],[130.551,-2.249],[130.544,-2.248],[130.55,-2.242]]],[[[130.533,-2.233],[130.53,-2.234],[130.53,-2.233],[130.533,-2.233]]],[[[130.5,-2.226],[130.544,-2.218],[130.554,-2.221],[130.522,-2.231],[130.5,-2.226]]],[[[130.494,-2.224],[130.495,-2.225],[130.492,-2.224],[130.494,-2.224]]],[[[130.56,-2.218],[130.559,-2.221],[130.557,-2.22],[130.56,-2.218]]],[[[130.548,-2.218],[130.547,-2.219],[130.547,-2.217],[130.548,-2.218]]],[[[130.505,-2.161],[130.504,-2.164],[130.502,-2.162],[130.505,-2.161]]],[[[130.486,-2.161],[130.49,-2.156],[130.482,-2.166],[130.486,-2.161]]],[[[130.456,-2.144],[130.477,-2.144],[130.465,-2.147],[130.456,-2.144]]],[[[130.486,-2.146],[130.481,-2.146],[130.484,-2.144],[130.486,-2.146]]],[[[130.494,-2.136],[130.476,-2.14],[130.449,-2.125],[130.494,-2.136]]],[[[130.461,-2.126],[130.46,-2.126],[130.462,-2.124],[130.461,-2.126]]],[[[130.549,-2.121],[130.547,-2.126],[130.545,-2.126],[130.549,-2.121]]],[[[130.584,-2.105],[130.586,-2.105],[130.584,-2.108],[130.584,-2.105]]],[[[130.58,-2.053],[130.579,-2.053],[130.578,-2.049],[130.58,-2.053]]],[[[130.543,-1.995],[130.565,-1.988],[130.568,-1.998],[130.601,-2.0],[130.595,-2.007],[130.543,-1.995]]],[[[130.575,-1.991],[130.576,-1.993],[130.573,-1.994],[130.575,-1.991]]],[[[130.538,-1.99],[130.539,-1.992],[130.537,-1.992],[130.538,-1.99]]],[[[130.536,-1.988],[130.536,-1.991],[130.533,-1.988],[130.536,-1.988]]],[[[130.524,-1.986],[130.525,-1.987],[130.524,-1.989],[130.524,-1.986]]],[[[130.54,-1.986],[130.539,-1.988],[130.536,-1.988],[130.54,-1.986]]],[[[130.521,-1.986],[130.522,-1.983],[130.523,-1.986],[130.521,-1.986]]],[[[130.54,-1.985],[130.541,-1.983],[130.544,-1.985],[130.54,-1.985]]],[[[130.53,-1.982],[130.523,-1.982],[130.524,-1.978],[130.53,-1.982]]],[[[130.516,-1.987],[130.518,-1.979],[130.52,-1.979],[130.516,-1.987]]],[[[130.501,-1.978],[130.499,-1.984],[130.498,-1.98],[130.501,-1.978]]],[[[130.47,-1.979],[130.469,-1.982],[130.467,-1.982],[130.47,-1.979]]],[[[130.478,-1.972],[130.486,-1.988],[130.471,-1.986],[130.478,-1.972]]],[[[130.511,-1.982],[130.512,-1.976],[130.515,-1.98],[130.511,-1.982]]],[[[130.505,-1.98],[130.504,-1.977],[130.506,-1.976],[130.505,-1.98]]],[[[130.506,-1.971],[130.503,-1.976],[130.502,-1.976],[130.506,-1.971]]],[[[130.505,-1.97],[130.503,-1.969],[130.503,-1.968],[130.505,-1.97]]],[[[130.491,-1.967],[130.492,-1.969],[130.491,-1.969],[130.491,-1.967]]],[[[130.48,-1.958],[130.471,-1.977],[130.463,-1.975],[130.467,-1.964],[130.48,-1.958]]],[[[130.479,-1.968],[130.489,-1.956],[130.486,-1.97],[130.479,-1.968]]],[[[130.466,-1.961],[130.464,-1.964],[130.464,-1.962],[130.466,-1.961]]],[[[130.478,-1.955],[130.479,-1.951],[130.48,-1.953],[130.478,-1.955]]],[[[130.477,-1.951],[130.474,-1.952],[130.476,-1.951],[130.477,-1.951]]],[[[130.463,-1.951],[130.463,-1.954],[130.462,-1.952],[130.463,-1.951]]],[[[130.453,-1.9],[130.464,-1.908],[130.454,-1.906],[130.453,-1.9]]],[[[130.464,-1.837],[130.464,-1.84],[130.463,-1.836],[130.464,-1.837]]],[[[130.477,-1.772],[130.478,-1.769],[130.479,-1.774],[130.477,-1.772]]],[[[130.526,-1.527],[130.523,-1.527],[130.525,-1.525],[130.526,-1.527]]],[[[130.515,-1.518],[130.52,-1.519],[130.519,-1.521],[130.515,-1.518]]],[[[130.474,-1.444],[130.475,-1.442],[130.476,-1.444],[130.474,-1.444]]],[[[130.468,-1.424],[130.466,-1.425],[130.467,-1.423],[130.468,-1.424]]],[[[130.491,-1.424],[130.486,-1.423],[130.489,-1.419],[130.491,-1.424]]],[[[130.473,-1.414],[130.471,-1.413],[130.472,-1.411],[130.473,-1.414]]],[[[130.539,-0.828],[130.52,-0.828],[130.511,-0.801],[130.552,-0.796],[130.539,-0.828]]],[[[130.507,-0.796],[130.505,-0.796],[130.506,-0.795],[130.507,-0.796]]],[[[130.502,-0.788],[130.502,-0.786],[130.509,-0.794],[130.502,-0.788]]],[[[130.575,-0.651],[130.579,-0.646],[130.58,-0.647],[130.575,-0.651]]],[[[130.517,-0.566],[130.514,-0.565],[130.519,-0.565],[130.517,-0.566]]],[[[130.548,-0.514],[130.55,-0.513],[130.549,-0.515],[130.548,-0.514]]],[[[130.561,-0.446],[130.553,-0.432],[130.606,-0.42],[130.614,-0.396],[130.697,-0.449],[130.661,-0.51],[130.593,-0.534],[130.571,-0.517],[130.594,-0.517],[130.594,-0.488],[130.615,-0.487],[130.577,-0.463],[130.546,-0.512],[130.457,-0.51],[130.513,-0.488],[130.469,-0.484],[130.462,-0.457],[130.491,-0.454],[130.477,-0.439],[130.509,-0.438],[130.524,-0.468],[130.561,-0.446]]],[[[130.466,-0.437],[130.455,-0.441],[130.464,-0.434],[130.466,-0.437]]],[[[130.582,-0.354],[130.581,-0.354],[130.584,-0.353],[130.582,-0.354]]],[[[130.526,-0.318],[130.499,-0.333],[130.488,-0.303],[130.52,-0.304],[130.526,-0.318]]],[[[130.53,-0.31],[130.53,-0.308],[130.531,-0.309],[130.53,-0.31]]],[[[130.505,-0.296],[130.502,-0.296],[130.504,-0.292],[130.505,-0.296]]],[[[130.496,-0.06],[130.506,-0.059],[130.504,-0.063],[130.496,-0.06]]],[[[130.491,-0.06],[130.487,-0.059],[130.489,-0.057],[130.491,-0.06]]],[[[130.478,-0.058],[130.486,-0.058],[130.486,-0.059],[130.478,-0.058]]],[[[130.473,-0.056],[130.467,-0.052],[130.474,-0.055],[130.473,-0.056]]],[[[130.566,-0.048],[130.568,-0.051],[130.564,-0.049],[130.566,-0.048]]],[[[130.552,-0.04],[130.553,-0.045],[130.549,-0.042],[130.552,-0.04]]],[[[130.502,-0.038],[130.526,-0.034],[130.53,-0.041],[130.522,-0.044],[130.502,-0.038]]],[[[130.571,-2.252],[130.619,-2.248],[130.624,-2.253],[130.571,-2.252]]],[[[130.575,-2.219],[130.609,-2.223],[130.595,-2.224],[130.575,-2.219]]],[[[130.606,-2.194],[130.59,-2.193],[130.588,-2.188],[130.606,-2.194]]],[[[130.629,-2.188],[130.627,-2.192],[130.623,-2.192],[130.629,-2.188]]],[[[130.599,-2.178],[130.606,-2.173],[130.606,-2.18],[130.599,-2.178]]],[[[130.613,-2.177],[130.617,-2.174],[130.618,-2.174],[130.613,-2.177]]],[[[130.599,-2.174],[130.595,-2.175],[130.596,-2.174],[130.599,-2.174]]],[[[130.879,-2.122],[130.875,-2.122],[130.877,-2.121],[130.879,-2.122]]],[[[130.886,-2.121],[130.884,-2.119],[130.886,-2.119],[130.886,-2.121]]],[[[130.871,-2.105],[130.869,-2.104],[130.869,-2.102],[130.871,-2.105]]],[[[130.863,-2.101],[130.866,-2.099],[130.867,-2.1],[130.863,-2.101]]],[[[130.661,-2.044],[130.664,-2.047],[130.66,-2.046],[130.661,-2.044]]],[[[130.637,-2.043],[130.635,-2.042],[130.637,-2.04],[130.637,-2.043]]],[[[130.651,-2.038],[130.653,-2.045],[130.648,-2.038],[130.651,-2.038]]],[[[130.659,-2.042],[130.657,-2.041],[130.658,-2.04],[130.659,-2.042]]],[[[130.641,-2.039],[130.641,-2.042],[130.639,-2.04],[130.641,-2.039]]],[[[130.764,-2.032],[130.768,-2.04],[130.763,-2.038],[130.764,-2.032]]],[[[130.759,-2.033],[130.76,-2.03],[130.761,-2.032],[130.759,-2.033]]],[[[130.688,-2.031],[130.687,-2.029],[130.689,-2.027],[130.688,-2.031]]],[[[130.722,-2.027],[130.721,-2.03],[130.72,-2.026],[130.722,-2.027]]],[[[130.718,-2.027],[130.712,-2.028],[130.717,-2.024],[130.718,-2.027]]],[[[130.679,-2.024],[130.684,-2.032],[130.676,-2.03],[130.679,-2.024]]],[[[130.691,-2.026],[130.692,-2.023],[130.693,-2.024],[130.691,-2.026]]],[[[130.673,-2.03],[130.672,-2.018],[130.678,-2.023],[130.673,-2.03]]],[[[130.679,-2.021],[130.678,-2.021],[130.68,-2.02],[130.679,-2.021]]],[[[130.662,-2.022],[130.66,-2.011],[130.673,-2.013],[130.662,-2.022]]],[[[130.677,-2.015],[130.673,-2.016],[130.676,-2.013],[130.677,-2.015]]],[[[130.702,-2.012],[130.703,-2.016],[130.701,-2.014],[130.702,-2.012]]],[[[130.653,-2.013],[130.654,-2.014],[130.651,-2.013],[130.653,-2.013]]],[[[130.654,-2.011],[130.655,-2.011],[130.655,-2.013],[130.654,-2.011]]],[[[130.65,-2.007],[130.648,-2.006],[130.649,-2.005],[130.65,-2.007]]],[[[130.645,-2.007],[130.643,-2.006],[130.645,-2.002],[130.645,-2.007]]],[[[130.614,-1.998],[130.634,-2.01],[130.601,-2.005],[130.614,-1.998]]],[[[130.809,-1.981],[130.807,-1.981],[130.807,-1.979],[130.809,-1.981]]],[[[130.997,-1.192],[130.687,-1.101],[130.717,-1.096],[130.717,-1.079],[130.675,-1.011],[130.642,-0.992],[130.635,-0.959],[130.792,-0.927],[130.833,-0.896],[130.922,-0.889],[130.931,-0.937],[130.946,-0.94],[131.031,-0.912],[131.08,-0.968],[131.068,-1.01],[131.088,-1.012],[131.08,-1.014],[131.085,-1.018],[131.075,-1.043],[131.076,-1.069],[131.056,-1.125],[131.048,-1.186],[130.997,-1.192]]],[[[130.662,-0.95],[130.649,-0.95],[130.636,-0.94],[130.647,-0.937],[130.662,-0.95]]],[[[130.851,-0.766],[130.922,-0.775],[130.918,-0.8],[130.884,-0.794],[130.858,-0.814],[130.874,-0.832],[130.9,-0.832],[130.874,-0.849],[130.866,-0.835],[130.859,-0.856],[130.846,-0.843],[130.85,-0.861],[130.629,-0.91],[130.509,-0.92],[130.523,-0.898],[130.471,-0.896],[130.471,-0.918],[130.455,-0.898],[130.388,-0.923],[130.41,-0.895],[130.45,-0.894],[130.434,-0.861],[130.452,-0.863],[130.453,-0.808],[130.479,-0.817],[130.484,-0.789],[130.506,-0.797],[130.487,-0.83],[130.544,-0.84],[130.567,-0.794],[130.589,-0.808],[130.585,-0.833],[130.635,-0.791],[130.663,-0.826],[130.689,-0.821],[130.672,-0.798],[130.713,-0.81],[130.717,-0.83],[130.721,-0.814],[130.77,-0.819],[130.798,-0.793],[130.786,-0.814],[130.809,-0.802],[130.816,-0.826],[130.804,-0.752],[130.831,-0.787],[130.844,-0.767],[130.846,-0.789],[130.861,-0.801],[130.851,-0.766]]],[[[130.88,-0.824],[130.88,-0.822],[130.881,-0.823],[130.88,-0.824]]],[[[130.712,-0.794],[130.708,-0.779],[130.711,-0.779],[130.712,-0.794]]],[[[130.757,-0.789],[130.757,-0.785],[130.758,-0.787],[130.757,-0.789]]],[[[130.732,-0.799],[130.717,-0.775],[130.737,-0.784],[130.751,-0.767],[130.732,-0.799]]],[[[130.778,-0.773],[130.792,-0.781],[130.773,-0.801],[130.762,-0.768],[130.793,-0.755],[130.778,-0.773]]],[[[130.755,-0.76],[130.754,-0.76],[130.754,-0.758],[130.755,-0.76]]],[[[130.71,-0.696],[130.708,-0.702],[130.707,-0.699],[130.71,-0.696]]],[[[130.589,-0.656],[130.601,-0.655],[130.589,-0.657],[130.589,-0.656]]],[[[130.661,-0.572],[130.556,-0.608],[130.605,-0.578],[130.661,-0.572]]],[[[130.659,-0.567],[130.657,-0.568],[130.659,-0.566],[130.659,-0.567]]],[[[130.673,-0.567],[130.678,-0.556],[130.689,-0.556],[130.673,-0.567]]],[[[130.699,-0.481],[130.696,-0.479],[130.699,-0.474],[130.699,-0.481]]],[[[130.69,-0.473],[130.696,-0.473],[130.689,-0.475],[130.69,-0.473]]],[[[130.784,-0.471],[130.783,-0.465],[130.787,-0.468],[130.784,-0.471]]],[[[130.803,-0.453],[130.802,-0.45],[130.804,-0.452],[130.803,-0.453]]],[[[130.684,-0.417],[130.692,-0.409],[130.694,-0.414],[130.684,-0.417]]],[[[130.698,-0.41],[130.698,-0.411],[130.696,-0.411],[130.698,-0.41]]],[[[130.702,-0.41],[130.7,-0.411],[130.701,-0.409],[130.702,-0.41]]],[[[130.587,-0.357],[130.586,-0.357],[130.588,-0.355],[130.587,-0.357]]],[[[130.691,-0.325],[130.69,-0.321],[130.693,-0.322],[130.691,-0.325]]],[[[130.68,-0.318],[130.658,-0.322],[130.669,-0.307],[130.68,-0.318]]],[[[130.641,-0.312],[130.654,-0.314],[130.641,-0.315],[130.641,-0.312]]],[[[130.894,-0.315],[130.85,-0.294],[130.9,-0.309],[130.894,-0.315]]],[[[130.809,-0.297],[130.797,-0.302],[130.795,-0.3],[130.809,-0.297]]],[[[130.885,-0.263],[130.885,-0.264],[130.884,-0.263],[130.885,-0.263]]],[[[130.428,-0.176],[130.377,-0.182],[130.424,-0.166],[130.428,-0.134],[130.419,-0.145],[130.404,-0.129],[130.419,-0.161],[130.385,-0.159],[130.389,-0.172],[130.372,-0.138],[130.366,-0.16],[130.333,-0.146],[130.352,-0.186],[130.37,-0.186],[130.353,-0.192],[130.307,-0.176],[130.281,-0.111],[130.297,-0.093],[130.345,-0.11],[130.352,-0.079],[130.362,-0.135],[130.381,-0.119],[130.369,-0.076],[130.405,-0.076],[130.398,-0.109],[130.414,-0.114],[130.434,-0.104],[130.437,-0.074],[130.447,-0.1],[130.458,-0.081],[130.526,-0.068],[130.512,-0.05],[130.545,-0.076],[130.56,-0.073],[130.55,-0.059],[130.577,-0.075],[130.569,-0.039],[130.587,-0.061],[130.591,-0.042],[130.634,-0.062],[130.726,-0.028],[130.708,-0.062],[130.77,-0.053],[130.778,-0.038],[130.741,-0.025],[130.797,-0.005],[130.938,-0.041],[130.956,-0.034],[130.967,-0.062],[130.986,-0.053],[130.977,-0.035],[131.008,-0.044],[131.048,-0.021],[131.054,-0.05],[131.034,-0.06],[131.133,-0.071],[131.181,-0.1],[131.193,-0.13],[131.299,-0.16],[131.318,-0.198],[131.296,-0.239],[131.341,-0.29],[131.309,-0.3],[131.276,-0.346],[131.246,-0.34],[131.256,-0.371],[131.241,-0.381],[131.196,-0.37],[131.192,-0.342],[131.102,-0.323],[131.104,-0.308],[131.024,-0.357],[131.007,-0.336],[130.99,-0.338],[130.993,-0.357],[130.96,-0.351],[130.919,-0.301],[130.895,-0.299],[130.899,-0.272],[130.869,-0.235],[130.8,-0.241],[130.79,-0.169],[130.722,-0.137],[130.708,-0.096],[130.68,-0.098],[130.699,-0.078],[130.663,-0.079],[130.667,-0.096],[130.621,-0.08],[130.621,-0.104],[130.666,-0.117],[130.623,-0.12],[130.635,-0.144],[130.623,-0.133],[130.621,-0.146],[130.675,-0.173],[130.74,-0.275],[130.732,-0.295],[130.784,-0.291],[130.784,-0.3],[130.816,-0.312],[130.826,-0.288],[130.855,-0.31],[130.897,-0.315],[130.919,-0.305],[130.945,-0.354],[130.919,-0.361],[130.936,-0.382],[130.88,-0.421],[130.727,-0.44],[130.703,-0.411],[130.694,-0.351],[130.673,-0.339],[130.705,-0.325],[130.68,-0.292],[130.578,-0.322],[130.592,-0.334],[130.56,-0.368],[130.587,-0.359],[130.591,-0.379],[130.553,-0.431],[130.546,-0.307],[130.518,-0.295],[130.528,-0.247],[130.464,-0.262],[130.436,-0.29],[130.429,-0.261],[130.377,-0.261],[130.385,-0.279],[130.355,-0.254],[130.318,-0.273],[130.319,-0.252],[130.291,-0.229],[130.218,-0.207],[130.331,-0.219],[130.357,-0.201],[130.395,-0.23],[130.451,-0.197],[130.428,-0.176]]],[[[130.656,-0.142],[130.657,-0.142],[130.655,-0.142],[130.656,-0.142]]],[[[130.673,-0.136],[130.694,-0.135],[130.669,-0.146],[130.673,-0.136]]],[[[130.665,-0.12],[130.671,-0.12],[130.678,-0.124],[130.665,-0.12]]],[[[130.681,-0.115],[130.684,-0.118],[130.68,-0.116],[130.681,-0.115]]],[[[130.673,-0.116],[130.677,-0.114],[130.68,-0.114],[130.673,-0.116]]],[[[130.735,-0.047],[130.735,-0.044],[130.738,-0.046],[130.735,-0.047]]],[[[130.735,0.532],[130.734,0.527],[130.732,0.534],[130.735,0.532]]],[[[130.925,-2.17],[130.929,-2.165],[130.93,-2.169],[130.925,-2.17]]],[[[130.936,-2.164],[130.894,-2.146],[130.913,-2.148],[130.936,-2.164]]],[[[130.922,-2.14],[130.92,-2.139],[130.92,-2.138],[130.922,-2.14]]],[[[130.91,-2.136],[130.907,-2.136],[130.909,-2.134],[130.91,-2.136]]],[[[130.909,-2.129],[130.906,-2.131],[130.905,-2.13],[130.909,-2.129]]],[[[130.892,-2.126],[130.892,-2.13],[130.89,-2.127],[130.892,-2.126]]],[[[131.063,-1.178],[131.059,-1.192],[131.058,-1.154],[131.063,-1.178]]],[[[131.066,-1.168],[131.069,-1.163],[131.066,-1.171],[131.066,-1.168]]],[[[131.055,-1.148],[131.056,-1.151],[131.054,-1.15],[131.055,-1.148]]],[[[131.077,-1.134],[131.07,-1.136],[131.076,-1.128],[131.077,-1.134]]],[[[131.099,-1.13],[131.101,-1.123],[131.103,-1.125],[131.099,-1.13]]],[[[131.07,-1.123],[131.065,-1.124],[131.068,-1.121],[131.07,-1.123]]],[[[131.09,-1.118],[131.089,-1.12],[131.088,-1.119],[131.09,-1.118]]],[[[131.109,-1.116],[131.109,-1.113],[131.11,-1.115],[131.109,-1.116]]],[[[131.089,-1.114],[131.087,-1.111],[131.091,-1.108],[131.089,-1.114]]],[[[131.1,-1.108],[131.097,-1.108],[131.099,-1.107],[131.1,-1.108]]],[[[131.082,-1.105],[131.085,-1.107],[131.083,-1.109],[131.082,-1.105]]],[[[131.074,-1.099],[131.076,-1.095],[131.076,-1.1],[131.074,-1.099]]],[[[131.101,-1.098],[131.1,-1.097],[131.103,-1.095],[131.101,-1.098]]],[[[131.17,-1.096],[131.167,-1.094],[131.17,-1.092],[131.17,-1.096]]],[[[131.174,-1.09],[131.178,-1.093],[131.171,-1.096],[131.174,-1.09]]],[[[131.118,-1.089],[131.115,-1.091],[131.116,-1.089],[131.118,-1.089]]],[[[131.128,-1.09],[131.127,-1.089],[131.129,-1.089],[131.128,-1.09]]],[[[131.125,-1.089],[131.124,-1.087],[131.126,-1.088],[131.125,-1.089]]],[[[131.159,-1.088],[131.155,-1.088],[131.156,-1.087],[131.159,-1.088]]],[[[131.163,-1.087],[131.163,-1.085],[131.164,-1.086],[131.163,-1.087]]],[[[131.175,-1.087],[131.176,-1.085],[131.178,-1.085],[131.175,-1.087]]],[[[131.097,-1.089],[131.102,-1.084],[131.107,-1.086],[131.097,-1.089]]],[[[131.082,-1.087],[131.084,-1.083],[131.085,-1.085],[131.082,-1.087]]],[[[131.088,-1.079],[131.096,-1.086],[131.087,-1.086],[131.088,-1.079]]],[[[131.124,-1.079],[131.123,-1.078],[131.125,-1.077],[131.124,-1.079]]],[[[131.162,-1.083],[131.174,-1.06],[131.175,-1.076],[131.162,-1.083]]],[[[131.135,-1.067],[131.134,-1.066],[131.135,-1.064],[131.135,-1.067]]],[[[131.131,-1.052],[131.12,-1.075],[131.12,-1.069],[131.11,-1.056],[131.131,-1.052]]],[[[131.17,-1.052],[131.158,-1.078],[131.162,-1.037],[131.17,-1.052]]],[[[131.132,-1.056],[131.14,-1.047],[131.141,-1.06],[131.132,-1.056]]],[[[131.078,-1.047],[131.077,-1.045],[131.078,-1.043],[131.078,-1.047]]],[[[131.079,-1.039],[131.081,-1.041],[131.077,-1.043],[131.079,-1.039]]],[[[131.094,-1.008],[131.148,-1.001],[131.15,-1.019],[131.144,-1.019],[131.131,-1.029],[131.132,-1.049],[131.112,-1.049],[131.109,-1.056],[131.116,-1.075],[131.103,-1.067],[131.107,-1.084],[131.097,-1.079],[131.086,-1.078],[131.086,-1.083],[131.078,-1.081],[131.08,-1.052],[131.093,-1.027],[131.094,-1.008]]],[[[131.085,-1.035],[131.087,-1.037],[131.084,-1.037],[131.085,-1.035]]],[[[131.136,-1.029],[131.133,-1.029],[131.134,-1.028],[131.136,-1.029]]],[[[131.091,-1.027],[131.089,-1.026],[131.091,-1.025],[131.091,-1.027]]],[[[131.152,-0.995],[131.148,-0.998],[131.149,-0.995],[131.152,-0.995]]],[[[131.114,-0.935],[131.096,-0.95],[131.101,-0.943],[131.114,-0.935]]],[[[131.132,-0.914],[131.116,-0.932],[131.117,-0.923],[131.132,-0.914]]],[[[131.034,-0.889],[131.03,-0.896],[131.03,-0.885],[131.034,-0.889]]],[[[130.903,-0.821],[130.892,-0.82],[130.91,-0.814],[130.903,-0.821]]],[[[131.264,-0.396],[131.251,-0.397],[131.263,-0.394],[131.264,-0.396]]],[[[131.188,-0.369],[131.189,-0.364],[131.191,-0.367],[131.188,-0.369]]],[[[131.099,-0.322],[131.098,-0.319],[131.099,-0.32],[131.099,-0.322]]],[[[130.905,-0.304],[130.902,-0.307],[130.9,-0.306],[130.905,-0.304]]],[[[130.897,-0.275],[130.897,-0.272],[130.898,-0.273],[130.897,-0.275]]],[[[131.102,-0.065],[131.102,-0.061],[131.104,-0.063],[131.102,-0.065]]],[[[131.08,-0.035],[131.067,-0.045],[131.065,-0.038],[131.08,-0.035]]],[[[130.939,-0.017],[130.956,-0.022],[130.947,-0.033],[130.945,-0.033],[130.939,-0.017]]],[[[130.881,0.015],[130.87,0.04],[130.873,0.043],[130.905,0.019],[130.881,0.015]]],[[[131.066,0.366],[131.041,0.366],[131.033,0.388],[131.066,0.366]]],[[[131.136,0.395],[131.14,0.401],[131.137,0.393],[131.136,0.395]]],[[[130.957,0.407],[130.96,0.407],[130.96,0.405],[130.957,0.407]]],[[[131.153,0.408],[131.156,0.407],[131.151,0.406],[131.153,0.408]]],[[[131.133,0.494],[131.118,0.501],[131.116,0.504],[131.133,0.494]]],[[[131.187,0.563],[131.191,0.56],[131.188,0.556],[131.187,0.563]]],[[[131.189,0.59],[131.196,0.585],[131.19,0.574],[131.189,0.59]]],[[[131.124,0.596],[131.121,0.594],[131.123,0.6],[131.124,0.596]]],[[[131.137,0.595],[131.123,0.591],[131.134,0.603],[131.137,0.595]]],[[[131.123,0.624],[131.124,0.621],[131.121,0.623],[131.123,0.624]]],[[[131.118,0.621],[131.119,0.626],[131.12,0.624],[131.118,0.621]]],[[[131.222,1.006],[131.226,1.002],[131.221,0.998],[131.222,1.006]]],[[[131.235,1.014],[131.235,1.027],[131.248,1.038],[131.235,1.014]]],[[[131.277,1.072],[131.254,1.043],[131.265,1.081],[131.277,1.072]]]]}},{"type":"Feature","properties":{"k":"96.04"},"geometry":{"type":"Polygon","coordinates":[[[132.409,-0.345],[132.71,-0.357],[132.714,-0.374],[132.88,-0.448],[132.962,-0.441],[132.962,-0.474],[133.002,-0.482],[133.016,-0.529],[133.025,-0.513],[133.082,-0.517],[133.096,-0.546],[133.152,-0.546],[133.163,-0.572],[133.226,-0.6],[133.321,-0.699],[133.389,-0.74],[133.508,-0.744],[133.484,-0.774],[133.47,-0.876],[133.488,-0.887],[133.517,-0.999],[133.469,-1.019],[133.334,-1.276],[132.506,-1.127],[132.487,-1.095],[132.453,-1.089],[131.938,-1.061],[132.125,-0.991],[132.153,-0.936],[132.137,-0.924],[132.144,-0.9],[132.179,-0.879],[132.059,-0.777],[132.034,-0.781],[132.034,-0.724],[132.136,-0.655],[132.099,-0.643],[132.021,-0.55],[132.059,-0.536],[132.071,-0.492],[132.162,-0.425],[132.256,-0.395],[132.257,-0.38],[132.344,-0.378],[132.409,-0.345]]]}},{"type":"Feature","properties":{"k":"96.05"},"geometry":{"type":"Polygon","coordinates":[[[132.025,-1.068],[132.487,-1.095],[132.506,-1.127],[132.709,-1.161],[132.72,-1.219],[132.6,-1.415],[132.568,-1.594],[132.497,-1.782],[132.439,-1.704],[132.414,-1.628],[132.322,-1.543],[132.305,-1.548],[132.311,-1.506],[132.289,-1.469],[132.237,-1.434],[132.101,-1.429],[132.121,-1.362],[132.013,-1.304],[132.013,-1.242],[132.072,-1.226],[132.07,-1.17],[132.025,-1.068]]]}},{"type":"Feature","properties":{"k":"96.71","approx":1},"geometry":{"type":"Polygon","coordinates":[[[131.361,-0.881],[131.339,-0.933],[131.288,-0.954],[131.236,-0.933],[131.215,-0.881],[131.236,-0.83],[131.288,-0.808],[131.339,-0.83],[131.361,-0.881]]]}}]}