{"type":"FeatureCollection","features":[{"type":"Feature","properties":{"kode":"11","nama":"Aceh","prov_kode":"11"},"geometry":{"type":"MultiPolygon","coordinates":[[[[96.1892,2.3559],[96.2044,2.3588],[96.1966,2.3477],[96.1892,2.3559]]],[[[96.2548,2.3731],[96.2465,2.3425],[96.217,2.3577],[96.2548,2.3731]]],[[[95.9172,2.5302],[95.9366,2.5473],[95.9622,2.5213],[95.937,2.5245],[95.9172,2.5302]]],[[[95.7629,2.8595],[95.7713,2.9075],[95.7911,2.9289],[95.8036,2.9303],[95.8055,2.9107],[95.8278,2.9162],[95.823,2.8993],[95.8362,2.8948],[95.8362,2.9154],[95.9039,2.8962],[95.9126,2.8454],[95.8732,2.8704],[95.8791,2.8327],[95.9057,2.8283],[95.919,2.8418],[95.976,2.8108],[95.9805,2.7908],[96.0245,2.7575],[96.0859,2.7548],[96.0833,2.7345],[96.0918,2.7468],[96.1145,2.7355],[96.1166,2.7106],[96.1285,2.7003],[96.1458,2.7112],[96.1516,2.6889],[96.0886,2.6789],[96.1022,2.6499],[96.1183,2.6363],[96.1552,2.6454],[96.1829,2.6159],[96.1846,2.6502],[96.1594,2.6769],[96.2409,2.6154],[96.2526,2.5848],[96.3505,2.5461],[96.3405,2.5211],[96.3663,2.5135],[96.3654,2.4959],[96.3914,2.4746],[96.3873,2.4551],[96.4062,2.4559],[96.4093,2.5111],[96.4231,2.4806],[96.4306,2.4911],[96.4657,2.4616],[96.4987,2.3631],[96.4388,2.3287],[96.3786,2.3491],[96.3441,2.3415],[96.3144,2.3595],[96.3354,2.3869],[96.3158,2.3853],[96.3153,2.4174],[96.2291,2.4417],[96.0817,2.5655],[96.0132,2.5895],[95.9947,2.566],[95.9805,2.5878],[95.9502,2.5692],[95.8868,2.603],[95.8868,2.6223],[95.8594,2.6372],[95.8413,2.623],[95.822,2.6463],[95.799,2.6292],[95.789,2.6729],[95.7557,2.7024],[95.7627,2.7146],[95.7013,2.7458],[95.6919,2.7755],[95.719,2.8238],[95.7897,2.8304],[95.7629,2.8595]]],[[[95.7207,2.7144],[95.7475,2.7142],[95.7405,2.7029],[95.7207,2.7144]]],[[[96.086,2.7557],[96.0995,2.7542],[96.0859,2.7548],[96.086,2.7557]]],[[[95.3902,2.9851],[95.4009,2.9726],[95.3976,2.9619],[95.3929,2.9715],[95.3902,2.9851]]],[[[95.3823,4.8611],[95.3669,4.8724],[95.3881,4.8763],[95.3823,4.8611]]],[[[95.2849,5.1082],[95.2866,5.1196],[95.2963,5.1178],[95.2849,5.1082]]],[[[95.1499,5.5518],[95.1686,5.5623],[95.1767,5.5601],[95.1714,5.5502],[95.1499,5.5518]]],[[[95.1522,5.6605],[95.1944,5.6051],[95.1286,5.5944],[95.1186,5.6149],[95.1445,5.6358],[95.1367,5.6555],[95.1522,5.6605]]],[[[95.0529,5.6251],[95.0572,5.6358],[95.0856,5.6443],[95.0808,5.6325],[95.0529,5.6251]]],[[[95.0415,5.6939],[95.0595,5.7128],[95.0439,5.7363],[95.0141,5.7222],[95.035,5.7502],[95.0718,5.7445],[95.0753,5.722],[95.1094,5.7092],[95.105,5.6954],[95.1436,5.666],[95.0753,5.6685],[95.0567,5.6472],[95.0679,5.6695],[95.0479,5.6729],[95.058,5.6885],[95.0415,5.6939]]],[[[95.2676,5.8703],[95.2619,5.8569],[95.2961,5.8399],[95.3016,5.8721],[95.3164,5.8673],[95.3232,5.8821],[95.3102,5.8927],[95.3255,5.9014],[95.3722,5.8483],[95.375,5.8052],[95.3473,5.8271],[95.3304,5.7728],[95.2851,5.7802],[95.2546,5.8463],[95.2207,5.8744],[95.2163,5.9044],[95.2676,5.8703]]],[[[97.0995,2.1136],[97.1249,2.1105],[97.1635,2.0715],[97.1192,2.0362],[97.1309,2.0108],[97.1139,2.0029],[97.0772,2.0791],[97.0986,2.0915],[97.0995,2.1136]]],[[[96.6885,2.091],[96.6352,2.0608],[96.6137,2.0821],[96.6166,2.1132],[96.6642,2.1224],[96.6885,2.091]]],[[[97.3104,2.1773],[97.3403,2.1597],[97.348,2.124],[97.3372,2.1215],[97.359,2.0985],[97.3389,2.0333],[97.3369,2.0603],[97.3143,2.0567],[97.2688,2.105],[97.2626,2.1337],[97.231,2.1505],[97.2341,2.1677],[97.2229,2.1561],[97.2046,2.1831],[97.1774,2.1801],[97.113,2.2148],[97.1798,2.2342],[97.1954,2.2022],[97.2241,2.2071],[97.2345,2.2346],[97.3016,2.2256],[97.3064,2.2076],[97.2931,2.2004],[97.3104,2.1773]]],[[[96.6554,2.1523],[96.6327,2.1526],[96.6091,2.1822],[96.6352,2.1859],[96.6596,2.1695],[96.6554,2.1523]]],[[[97.4291,2.1801],[97.4421,2.1908],[97.4424,2.1582],[97.4291,2.1801]]],[[[97.3149,2.1935],[97.3127,2.1808],[97.3058,2.1885],[97.3149,2.1935]]],[[[97.2133,2.2386],[97.224,2.2357],[97.2247,2.225],[97.2133,2.2386]]],[[[97.2778,2.2721],[97.2596,2.2853],[97.2835,2.2764],[97.2778,2.2721]]],[[[97.248,2.2901],[97.2576,2.2856],[97.2595,2.2809],[97.248,2.2901]]],[[[97.3067,2.3002],[97.3103,2.3108],[97.3163,2.2942],[97.3067,2.3002]]],[[[97.4066,2.3467],[97.4203,2.3031],[97.3904,2.3426],[97.3819,2.3362],[97.3786,2.3597],[97.4066,2.3467]]],[[[96.4873,2.4356],[96.51,2.415],[96.4809,2.4226],[96.4873,2.4356]]],[[[96.3565,2.66],[96.3858,2.6549],[96.3964,2.645],[96.3732,2.6479],[96.3565,2.66]]],[[[98.1998,4.3017],[98.1466,4.2903],[98.146,4.2665],[98.1167,4.2544],[98.0688,4.2556],[98.0948,4.2168],[98.0881,4.1948],[98.0593,4.1907],[98.073,4.1472],[98.0521,4.1392],[98.0459,4.04],[98.0293,4.0229],[98.0242,3.9726],[97.9582,3.9289],[97.9522,3.8928],[97.9148,3.914],[97.9009,3.9075],[97.9213,3.8444],[97.9105,3.8229],[97.7995,3.7259],[97.869,3.6117],[97.867,3.5749],[97.9069,3.5536],[97.9233,3.4944],[97.9519,3.4844],[97.9319,3.4454],[97.9482,3.3943],[98.0031,3.3698],[98.0267,3.3333],[98.0134,3.2931],[97.9849,3.2756],[97.8723,3.249],[97.9268,3.225],[97.9423,3.165],[97.9823,3.1139],[97.9748,3.0699],[97.9306,3.0626],[97.9412,2.991],[97.9569,2.9732],[97.9546,2.9015],[98.0068,2.8896],[98.0421,2.828],[98.0882,2.8219],[98.1102,2.7926],[98.0865,2.7399],[98.0991,2.6933],[98.1292,2.6623],[98.0851,2.6342],[98.084,2.5093],[98.1075,2.4736],[98.1121,2.4244],[98.1544,2.4149],[98.1876,2.3229],[98.1454,2.1533],[98.0957,2.196],[97.9529,2.2696],[97.9142,2.272],[97.8802,2.2435],[97.8677,2.2468],[97.899,2.2789],[97.8606,2.2646],[97.8677,2.251],[97.8011,2.2699],[97.7876,2.2339],[97.7766,2.244],[97.6626,2.4029],[97.6492,2.6783],[97.5947,2.8785],[97.5787,2.8917],[97.5419,2.8836],[97.4848,2.9214],[97.4438,2.9251],[97.3726,2.9863],[97.3182,3.0525],[97.2591,3.2197],[97.1943,3.26],[97.1693,3.2576],[96.9992,3.5486],[96.9036,3.6018],[96.8682,3.69],[96.774,3.738],[96.6719,3.7457],[96.5458,3.7306],[96.4965,3.7497],[96.386,3.8484],[96.2894,3.9915],[96.1674,4.127],[96.1414,4.1424],[96.1277,4.1237],[96.0481,4.2086],[96.0231,4.1963],[95.7281,4.5174],[95.6097,4.6197],[95.5644,4.6317],[95.5823,4.6573],[95.5628,4.6672],[95.541,4.6559],[95.4923,4.7513],[95.4483,4.8052],[95.4122,4.8195],[95.4263,4.8358],[95.3664,4.9483],[95.3818,4.968],[95.3568,4.9996],[95.367,5.0261],[95.3117,5.0787],[95.3092,5.162],[95.2431,5.2216],[95.2535,5.2325],[95.2335,5.2568],[95.2415,5.2807],[95.2134,5.2801],[95.2175,5.321],[95.236,5.3188],[95.2281,5.3585],[95.241,5.3389],[95.2522,5.3869],[95.2307,5.4321],[95.2405,5.4682],[95.1951,5.5289],[95.2271,5.5756],[95.2461,5.5494],[95.2797,5.5515],[95.4311,5.6563],[95.4633,5.6465],[95.5189,5.5948],[95.529,5.612],[95.6117,5.6279],[95.8827,5.5074],[95.8919,5.4627],[95.9216,5.4219],[96.0762,5.2952],[96.1851,5.2605],[96.2582,5.2636],[96.3915,5.2099],[96.4665,5.2374],[96.5008,5.2016],[96.6117,5.2098],[96.8489,5.2769],[96.8822,5.2489],[96.9854,5.2616],[97.1031,5.2251],[97.1484,5.1921],[97.1453,5.1534],[97.1886,5.1411],[97.5009,5.2481],[97.5558,5.211],[97.5476,5.2041],[97.5952,5.1427],[97.6517,5.1187],[97.6516,5.0715],[97.8134,4.9292],[97.8684,4.8935],[97.9034,4.8904],[97.9766,4.6728],[97.9638,4.6675],[98.019,4.61],[98.0187,4.5867],[98.0086,4.6046],[97.9766,4.5582],[97.9893,4.5325],[98.0381,4.5475],[98.0396,4.527],[98.0654,4.5537],[98.0875,4.5233],[98.1631,4.5067],[98.2378,4.4607],[98.2306,4.4411],[98.2486,4.4449],[98.2863,4.418],[98.2802,4.3307],[98.2524,4.2888],[98.2155,4.2871],[98.1998,4.3017]]]]}},{"type":"Feature","properties":{"kode":"13","nama":"Sumatera Barat","prov_kode":"13"},"geometry":{"type":"MultiPolygon","coordinates":[[[[99.7395,-2.3931],[99.7103,-2.3747],[99.7151,-2.3576],[99.7484,-2.3846],[99.7395,-2.3931]]],[[[99.799,-2.3703],[99.7839,-2.3445],[99.741,-2.3452],[99.6737,-2.2893],[99.6338,-2.2903],[99.6271,-2.2734],[99.6164,-2.2914],[99.6027,-2.2851],[99.6106,-2.2485],[99.5952,-2.2513],[99.5911,-2.2226],[99.5731,-2.2395],[99.5283,-2.1529],[99.571,-2.1511],[99.5464,-2.0723],[99.5658,-2.064],[99.5624,-2.0417],[99.5865,-2.026],[99.5862,-2.0365],[99.6246,-2.029],[99.6157,-2.0377],[99.6373,-2.0343],[99.6917,-2.0754],[99.721,-2.1825],[99.7782,-2.2535],[99.7826,-2.2898],[99.8015,-2.2902],[99.8472,-2.3386],[99.8607,-2.4021],[99.8421,-2.3947],[99.8367,-2.3641],[99.799,-2.3703]]],[[[99.577,-2.0227],[99.5475,-2.009],[99.5611,-2.0021],[99.577,-2.0227]]],[[[99.5693,-1.9891],[99.5789,-1.9984],[99.5635,-1.9993],[99.5693,-1.9891]]],[[[99.5885,-1.9943],[99.5782,-1.9686],[99.6055,-1.9966],[99.5885,-1.9943]]],[[[99.2912,-1.9003],[99.3057,-1.9304],[99.2923,-1.926],[99.2912,-1.9003]]],[[[99.092,-1.8666],[99.0791,-1.8678],[99.0925,-1.8605],[99.092,-1.8666]]],[[[99.321,-1.8509],[99.3028,-1.8545],[99.3095,-1.8447],[99.321,-1.8509]]],[[[99.2949,-1.8337],[99.2399,-1.8467],[99.2695,-1.8136],[99.2543,-1.7908],[99.2906,-1.8066],[99.2949,-1.8337]]],[[[99.3001,-1.7001],[99.2936,-1.7046],[99.2816,-1.6841],[99.3001,-1.7001]]],[[[99.2865,-1.6632],[99.3012,-1.6828],[99.2965,-1.6874],[99.2844,-1.6788],[99.2865,-1.6632]]],[[[99.1101,-1.3651],[99.1224,-1.3613],[99.1212,-1.367],[99.1101,-1.3651]]],[[[98.9069,-0.946],[98.931,-0.9363],[98.9445,-0.9812],[98.9513,-1.0116],[98.92,-0.9883],[98.9166,-1.002],[98.949,-1.0881],[98.9557,-1.0774],[99.0006,-1.1151],[99.0089,-1.1633],[99.0413,-1.2075],[99.0262,-1.2215],[99.0685,-1.2523],[99.0507,-1.2951],[99.0691,-1.3028],[99.0781,-1.2905],[99.1139,-1.3782],[99.106,-1.3873],[99.1289,-1.3863],[99.128,-1.405],[99.1454,-1.3984],[99.1713,-1.4698],[99.1149,-1.4402],[99.1851,-1.5209],[99.1951,-1.5094],[99.2033,-1.5198],[99.1936,-1.5436],[99.2088,-1.5488],[99.1937,-1.5661],[99.2219,-1.6058],[99.2601,-1.5933],[99.2898,-1.6367],[99.2701,-1.6462],[99.2908,-1.6529],[99.2756,-1.6614],[99.2853,-1.701],[99.3009,-1.718],[99.2862,-1.7268],[99.2909,-1.7492],[99.2617,-1.7354],[99.2632,-1.717],[99.2214,-1.6637],[99.2624,-1.7745],[99.2406,-1.7968],[99.1655,-1.7798],[99.1416,-1.8041],[99.1067,-1.8115],[98.8778,-1.6788],[98.8273,-1.6178],[98.8351,-1.5827],[98.8035,-1.5184],[98.6027,-1.2244],[98.5963,-1.1988],[98.6549,-1.0921],[98.6632,-0.9799],[98.71,-0.9463],[98.7934,-0.9573],[98.9001,-0.9058],[98.9122,-0.9143],[98.9069,-0.946]],[[99.2402,-1.6764],[99.2394,-1.6751],[99.24,-1.6766],[99.2402,-1.6764]],[[99.2202,-1.6253],[99.2,-1.6409],[99.2164,-1.6398],[99.2394,-1.6751],[99.2202,-1.6253]]],[[[99.3131,0.1937],[99.3065,0.1796],[99.3021,0.1902],[99.3131,0.1937]]],[[[99.2817,0.2132],[99.2916,0.2267],[99.2938,0.2099],[99.2817,0.2132]]],[[[100.3434,-3.2854],[100.3369,-3.2951],[100.3326,-3.2847],[100.3434,-3.2854]]],[[[100.5713,-3.262],[100.5696,-3.2756],[100.5656,-3.2603],[100.5713,-3.262]]],[[[100.4137,-3.223],[100.4185,-3.2356],[100.4047,-3.224],[100.4137,-3.223]]],[[[100.4466,-3.2045],[100.4623,-3.215],[100.4642,-3.2204],[100.4466,-3.2045]]],[[[100.3979,-3.2246],[100.4654,-3.3147],[100.4652,-3.347],[100.4398,-3.3445],[100.3817,-3.2886],[100.3753,-3.2532],[100.336,-3.2459],[100.325,-3.2108],[100.3499,-3.2305],[100.3687,-3.2263],[100.3271,-3.1785],[100.341,-3.1603],[100.3327,-3.1347],[100.2915,-3.0808],[100.2695,-3.0795],[100.2687,-3.091],[100.2476,-3.0805],[100.2632,-3.066],[100.2507,-3.0639],[100.2561,-3.0498],[100.2354,-3.0579],[100.2232,-3.0227],[100.1903,-2.9933],[100.1811,-2.965],[100.2028,-2.9365],[100.1766,-2.8124],[100.1894,-2.7912],[100.2351,-2.7842],[100.2675,-2.8414],[100.3496,-2.8985],[100.4363,-3.0057],[100.4714,-3.0197],[100.4608,-3.0343],[100.4488,-3.0272],[100.4588,-3.052],[100.4695,-3.0461],[100.4577,-3.1149],[100.472,-3.1419],[100.3594,-3.1631],[100.4055,-3.187],[100.3983,-3.1996],[100.3753,-3.1803],[100.3946,-3.2121],[100.4053,-3.2026],[100.3979,-3.2246]]],[[[100.4882,-3.1447],[100.4992,-3.1456],[100.5328,-3.1991],[100.5043,-3.2007],[100.4846,-3.1723],[100.4882,-3.1447]]],[[[100.3104,-3.127],[100.3099,-3.1386],[100.296,-3.1233],[100.3104,-3.127]]],[[[100.1715,-3.0616],[100.1985,-3.0669],[100.1871,-3.0786],[100.1715,-3.0616]]],[[[100.1571,-3.0119],[100.1547,-3.0261],[100.1456,-3.0098],[100.1571,-3.0119]]],[[[100.1463,-2.8479],[100.1514,-2.8618],[100.1317,-2.855],[100.1463,-2.8479]]],[[[99.9853,-2.776],[100.0124,-2.7432],[100.0003,-2.7016],[100.0128,-2.6869],[99.9764,-2.6275],[99.9892,-2.6087],[99.9638,-2.5711],[99.9754,-2.5664],[99.9714,-2.5134],[99.9938,-2.5028],[100.0722,-2.5803],[100.1711,-2.6465],[100.2211,-2.7426],[100.218,-2.7761],[100.1416,-2.8083],[100.1483,-2.8381],[100.0736,-2.8412],[100.0482,-2.8162],[100.0419,-2.8519],[99.9975,-2.832],[100.0184,-2.8124],[99.9853,-2.776]]],[[[100.397,-1.2289],[100.3768,-1.223],[100.3815,-1.1898],[100.393,-1.1872],[100.397,-1.2289]]],[[[100.3404,-1.188],[100.339,-1.2124],[100.3299,-1.2054],[100.3404,-1.188]]],[[[99.3064,0.3397],[99.4039,0.4916],[99.5068,0.5414],[99.5329,0.5196],[99.5875,0.5166],[99.64,0.5472],[99.6755,0.4754],[99.7166,0.4541],[99.7736,0.4835],[99.8299,0.462],[99.9104,0.5],[99.9149,0.5688],[99.864,0.6661],[99.8176,0.7125],[99.7907,0.7798],[99.7039,0.8561],[99.6994,0.8831],[99.7128,0.895],[99.7637,0.8636],[99.858,0.8651],[100.1349,0.7499],[100.1813,0.7544],[100.2082,0.7065],[100.1588,0.6571],[100.1618,0.6257],[100.2591,0.4551],[100.3638,0.4102],[100.497,0.4446],[100.5778,0.3698],[100.6691,0.3309],[100.7553,0.2552],[100.8125,0.2685],[100.8422,0.1898],[100.8242,0.1227],[100.8495,0.0528],[100.8455,0.0199],[100.8113,-0.0399],[100.7767,-0.0124],[100.7338,-0.0432],[100.7535,-0.0803],[100.7961,-0.1098],[100.7656,-0.1218],[100.766,-0.1682],[100.7833,-0.1907],[100.781,-0.2304],[100.8388,-0.2906],[100.8449,-0.3377],[100.8605,-0.332],[100.9104,-0.3707],[100.9254,-0.3428],[100.915,-0.3257],[100.9929,-0.3134],[101.0364,-0.3494],[101.043,-0.3808],[101.026,-0.4013],[101.0711,-0.502],[101.1058,-0.5016],[101.1623,-0.5363],[101.2566,-0.6268],[101.308,-0.627],[101.3578,-0.6578],[101.3554,-0.6873],[101.3959,-0.7003],[101.4076,-0.7207],[101.3958,-0.7387],[101.4183,-0.7389],[101.5,-0.8079],[101.5969,-0.8505],[101.6474,-0.911],[101.6483,-0.9325],[101.737,-0.9516],[101.7479,-0.9676],[101.8186,-0.9741],[101.8237,-1.09],[101.8556,-1.1111],[101.8728,-1.0945],[101.879,-1.1226],[101.8141,-1.215],[101.7218,-1.234],[101.6873,-1.2783],[101.7165,-1.3499],[101.6887,-1.3993],[101.7194,-1.4234],[101.6886,-1.4883],[101.5624,-1.5764],[101.4919,-1.6773],[101.4338,-1.6897],[101.4155,-1.6712],[101.2678,-1.691],[101.2158,-1.7144],[101.1834,-1.6759],[101.1648,-1.6975],[101.1226,-1.6775],[101.1393,-1.9055],[101.1941,-1.9892],[101.2437,-2.0218],[101.2997,-2.1683],[101.3005,-2.2609],[101.2446,-2.3449],[101.0281,-2.4819],[100.8898,-2.3245],[100.8727,-2.2405],[100.8205,-2.1572],[100.879,-2.0544],[100.8569,-1.9106],[100.6852,-1.6602],[100.6438,-1.6216],[100.6228,-1.5009],[100.5977,-1.4924],[100.5616,-1.4421],[100.584,-1.4229],[100.5624,-1.4137],[100.5642,-1.3985],[100.5923,-1.392],[100.5627,-1.3691],[100.5745,-1.3585],[100.5664,-1.3341],[100.5468,-1.3124],[100.4934,-1.3005],[100.4549,-1.2596],[100.4228,-1.2773],[100.4022,-1.2702],[100.4061,-1.2374],[100.4258,-1.2561],[100.4353,-1.2476],[100.4315,-1.2022],[100.3796,-1.1768],[100.3778,-1.1463],[100.3484,-1.1715],[100.3614,-1.1275],[100.3854,-1.1163],[100.3657,-1.0803],[100.3774,-1.0644],[100.4078,-1.0752],[100.4141,-1.0583],[100.4017,-1.0318],[100.3802,-1.0435],[100.3909,-1.0091],[100.3823,-0.993],[100.3669,-1.0036],[100.347,-0.9659],[100.331,-0.8609],[100.1278,-0.646],[100.0519,-0.5169],[99.9145,-0.4033],[99.8866,-0.3469],[99.8177,-0.2996],[99.7976,-0.2202],[99.7481,-0.1453],[99.7629,-0.0714],[99.742,-0.0311],[99.6056,0.0723],[99.3955,0.1547],[99.3922,0.1833],[99.3517,0.2319],[99.2885,0.2332],[99.2651,0.2054],[99.2362,0.2076],[99.2105,0.2163],[99.1882,0.2539],[99.1685,0.2261],[99.1927,0.2891],[99.2355,0.3277],[99.2636,0.343],[99.3064,0.3397]]]]}},{"type":"Feature","properties":{"kode":"14","nama":"Riau","prov_kode":"14"},"geometry":{"type":"MultiPolygon","coordinates":[[[[100.3791,1.8122],[100.3181,1.8701],[100.2915,1.9405],[100.3212,2.0876],[100.3071,2.2158],[100.2758,2.3175],[100.2774,2.38],[100.3134,2.5536],[100.3947,2.3212],[100.4433,2.258],[100.5665,2.1574],[100.783,2.0752],[100.8809,1.9596],[100.8924,1.9649],[100.8773,2.0441],[100.7884,2.1204],[100.7665,2.2697],[100.8658,2.2977],[101.0398,2.2918],[101.0567,2.2798],[101.0747,2.2147],[101.3045,2.0387],[101.3642,1.8291],[101.3575,1.7782],[101.4073,1.7006],[101.4782,1.6827],[101.5607,1.6377],[101.6728,1.6649],[101.7534,1.6636],[102.0053,1.4583],[102.1498,1.3768],[102.1493,1.2693],[102.1632,1.2344],[102.2065,1.198],[102.1922,1.0875],[102.2265,1.002],[102.3392,0.9006],[102.4219,0.8002],[102.5104,0.7483],[102.5713,0.7375],[102.6736,0.756],[102.7641,0.733],[102.8825,0.7327],[103.0206,0.5915],[103.0965,0.4935],[103.1076,0.4558],[103.1883,0.4607],[103.2475,0.5019],[103.299,0.5107],[103.3275,0.5436],[103.407,0.5257],[103.5837,0.395],[103.6046,0.3519],[103.7128,0.3046],[103.7698,0.1872],[103.7839,0.064],[103.8138,-0.0047],[103.6862,-0.022],[103.6632,-0.0519],[103.5947,-0.0253],[103.5928,-0.0519],[103.5653,-0.055],[103.5561,-0.0716],[103.5952,-0.0917],[103.5844,-0.1035],[103.5273,-0.1231],[103.4632,-0.1115],[103.4462,-0.0891],[103.4538,-0.1116],[103.5004,-0.1429],[103.4713,-0.1719],[103.4383,-0.1431],[103.4053,-0.1485],[103.4541,-0.1612],[103.4622,-0.1753],[103.438,-0.1963],[103.4505,-0.2137],[103.5102,-0.2024],[103.6424,-0.2276],[103.6651,-0.2542],[103.6973,-0.263],[103.7065,-0.2549],[103.7872,-0.3416],[103.6979,-0.3552],[103.5969,-0.3956],[103.604,-0.4345],[103.5421,-0.5042],[103.4389,-0.5187],[103.4203,-0.603],[103.4307,-0.6139],[103.4012,-0.6389],[103.4211,-0.6659],[103.3891,-0.7182],[103.4636,-0.7367],[103.4845,-0.7703],[103.4142,-0.7726],[103.3575,-0.8028],[103.3483,-0.787],[103.126,-0.7464],[103.0089,-0.7552],[102.9134,-0.8864],[102.7895,-0.9769],[102.7698,-1.0083],[102.7794,-1.0266],[102.7549,-1.0242],[102.7304,-1.072],[102.6846,-1.0789],[102.6448,-1.1204],[102.6168,-1.0946],[102.4863,-1.0816],[102.4425,-1.0254],[102.3824,-1.0267],[102.3862,-0.9934],[102.3263,-0.9633],[102.3043,-0.917],[102.2015,-0.9481],[102.165,-0.8987],[102.114,-0.9203],[102.0624,-0.8895],[102.0398,-0.8998],[101.9872,-0.8803],[101.9625,-0.9116],[101.9445,-0.9006],[101.9211,-0.9112],[101.9093,-0.9467],[101.8578,-0.9646],[101.85,-0.9811],[101.7519,-0.9694],[101.737,-0.9516],[101.6539,-0.9352],[101.5969,-0.8505],[101.5035,-0.8115],[101.4817,-0.7805],[101.3992,-0.7399],[101.4076,-0.7207],[101.3959,-0.7003],[101.373,-0.7018],[101.3521,-0.6812],[101.3598,-0.6593],[101.3098,-0.6285],[101.2566,-0.6268],[101.1623,-0.5363],[101.1023,-0.501],[101.0689,-0.5006],[101.026,-0.4013],[101.0429,-0.3843],[101.0364,-0.3494],[100.9964,-0.3144],[100.9168,-0.3246],[100.9245,-0.347],[100.9104,-0.3707],[100.8605,-0.332],[100.8449,-0.3377],[100.8388,-0.2906],[100.781,-0.2304],[100.7833,-0.1907],[100.766,-0.1682],[100.7647,-0.1243],[100.7956,-0.123],[100.7961,-0.1098],[100.757,-0.0834],[100.7358,-0.0448],[100.7751,-0.0135],[100.8075,-0.0368],[100.8266,-0.0312],[100.8218,-0.0136],[100.8456,0.0176],[100.8483,0.0587],[100.8242,0.1181],[100.8422,0.1898],[100.8125,0.2685],[100.7553,0.2552],[100.6691,0.3309],[100.5778,0.3698],[100.497,0.4446],[100.3638,0.4102],[100.2591,0.4551],[100.1618,0.6257],[100.1588,0.6571],[100.2082,0.7065],[100.1813,0.7544],[100.1741,0.8201],[100.2148,0.8733],[100.2211,1.1534],[100.2132,1.18],[100.1444,1.227],[100.1209,1.3068],[100.0849,1.3428],[100.0723,1.3913],[100.4058,1.5619],[100.4402,1.6073],[100.4339,1.6667],[100.3791,1.8122]]],[[[102.4853,1.2378],[102.4398,1.0644],[102.4848,0.945],[102.4357,0.9488],[102.3922,0.9105],[102.2829,0.9944],[102.2479,1.0727],[102.244,1.2069],[102.206,1.2757],[102.2293,1.347],[102.2129,1.4125],[102.2962,1.409],[102.4853,1.2378]]],[[[102.1072,1.4667],[102.0268,1.5394],[102.0013,1.5985],[102.0647,1.6053],[102.4643,1.5155],[102.4959,1.4694],[102.5078,1.2562],[102.3868,1.3344],[102.2955,1.4285],[102.1862,1.4375],[102.1072,1.4667]]],[[[101.3803,1.7632],[101.3734,1.8023],[101.3798,1.805],[101.3803,1.7632]]],[[[101.3938,1.8234],[101.4096,1.8103],[101.4055,1.7575],[101.3935,1.7926],[101.3938,1.8234]]],[[[101.3697,1.8728],[101.356,1.8802],[101.3553,1.8884],[101.3697,1.8728]]],[[[101.466,2.0632],[101.5216,2.036],[101.5585,2.0455],[101.5775,2.032],[101.5677,2.0651],[101.6557,2.1252],[101.7171,2.0836],[101.7256,2.0447],[101.7809,1.9802],[101.7863,1.9371],[101.7506,1.8788],[101.7311,1.7591],[101.6157,1.6878],[101.4515,1.7293],[101.3878,1.9068],[101.4063,2.0234],[101.466,2.0632]]],[[[100.818,2.0898],[100.8757,2.0345],[100.8833,1.9976],[100.8702,1.9956],[100.7935,2.0947],[100.818,2.0898]]],[[[100.6322,2.1934],[100.6322,2.2163],[100.6536,2.2163],[100.6841,2.16],[100.6322,2.1934]]],[[[100.7859,2.1246],[100.7424,2.1435],[100.721,2.1759],[100.7125,2.2267],[100.7349,2.2616],[100.752,2.2541],[100.7777,2.1855],[100.7859,2.1246]]],[[[101.0266,2.2987],[100.9888,2.3018],[101.0323,2.3069],[101.0266,2.2987]]],[[[103.569,-0.1863],[103.5343,-0.2054],[103.5188,-0.2],[103.4789,-0.2024],[103.5269,-0.1798],[103.569,-0.1863]]],[[[103.5914,0.4068],[103.5643,0.4195],[103.542,0.4428],[103.5729,0.4353],[103.5914,0.4068]]],[[[103.2477,0.6878],[103.2986,0.6167],[103.3004,0.5555],[103.2883,0.5325],[103.1667,0.4994],[103.1387,0.5579],[103.1542,0.676],[103.2168,0.7019],[103.2477,0.6878]]],[[[103.0288,0.6364],[103.0381,0.6605],[103.0547,0.6529],[103.084,0.5901],[103.0704,0.5649],[103.0288,0.6364]]],[[[103.1154,0.6505],[103.101,0.636],[103.0942,0.6529],[103.1095,0.6674],[103.1154,0.6505]]],[[[103.0937,0.7163],[103.0779,0.7373],[103.0971,0.797],[103.1102,0.7925],[103.1157,0.7349],[103.0937,0.7163]]],[[[103.0751,0.8219],[103.1096,0.8065],[103.0826,0.7967],[103.0751,0.8219]]],[[[102.4477,0.9354],[102.481,0.9272],[102.5187,0.9535],[102.5036,0.9465],[102.4595,1.0662],[102.4794,1.1232],[102.538,1.129],[102.6148,1.0447],[102.6077,1.0071],[102.5845,1.0],[102.545,0.9657],[102.59,1.0011],[102.641,0.9893],[102.7413,1.0215],[102.7454,0.9979],[102.696,0.9513],[102.6919,0.936],[102.7439,0.9071],[102.6969,0.9344],[102.765,1.0102],[102.7982,0.9797],[102.8789,0.952],[102.9353,0.8956],[103.0457,0.8263],[103.0493,0.7186],[103.0207,0.6853],[102.9901,0.6935],[102.918,0.7762],[102.8534,0.7927],[102.6564,0.7881],[102.5891,0.7658],[102.5106,0.7864],[102.4131,0.8541],[102.4076,0.885],[102.4477,0.9354]],[[102.7481,0.9083],[102.7496,0.9101],[102.7471,0.9088],[102.7481,0.9083]],[[102.7496,0.9101],[102.7781,0.9149],[102.791,0.9403],[102.7772,0.9158],[102.757,0.9191],[102.7496,0.9101]]],[[[102.7351,1.1523],[102.781,1.1576],[102.9022,1.1222],[103.0028,1.0725],[103.1521,0.8998],[103.1545,0.85],[103.1205,0.8305],[103.0707,0.8339],[102.8807,0.9683],[102.8045,0.9946],[102.7917,1.0243],[102.8162,1.0322],[102.8224,1.0495],[102.8822,1.0578],[102.8587,1.0714],[102.8172,1.0722],[102.8125,1.0393],[102.778,1.0188],[102.7361,1.0397],[102.6352,1.0057],[102.6237,1.0181],[102.6558,1.0316],[102.6784,1.1012],[102.7351,1.1523]],[[102.8723,1.0493],[102.874,1.0496],[102.8718,1.052],[102.8723,1.0493]],[[102.8626,1.0474],[102.873,1.0449],[102.8723,1.0493],[102.8626,1.0474]]],[[[102.8373,1.071],[102.8629,1.0685],[102.8656,1.0568],[102.8241,1.0535],[102.8373,1.071]]]]}},{"type":"Feature","properties":{"kode":"15","nama":"Jambi","prov_kode":"15"},"geometry":{"type":"MultiPolygon","coordinates":[[[[101.1257,-1.6781],[101.162,-1.6979],[101.1876,-1.6772],[101.2215,-1.7148],[101.2678,-1.691],[101.4155,-1.6712],[101.4473,-1.6895],[101.4963,-1.6742],[101.5624,-1.5764],[101.6994,-1.4729],[101.7194,-1.4234],[101.6893,-1.3913],[101.7165,-1.3499],[101.6873,-1.2783],[101.7101,-1.2409],[101.8141,-1.215],[101.8789,-1.1256],[101.8861,-1.0997],[101.8728,-1.0945],[101.8597,-1.1135],[101.8252,-1.094],[101.8215,-0.9772],[101.8453,-0.9826],[101.8551,-0.9652],[101.907,-0.9508],[101.9211,-0.9112],[101.947,-0.9003],[101.9625,-0.9116],[101.9777,-0.8828],[102.0078,-0.8786],[102.042,-0.9003],[102.0624,-0.8895],[102.1166,-0.9212],[102.1393,-0.8994],[102.165,-0.8987],[102.2036,-0.9485],[102.2565,-0.9216],[102.3068,-0.9174],[102.3263,-0.9633],[102.3862,-0.9934],[102.3824,-1.0267],[102.4425,-1.0254],[102.4838,-1.081],[102.6168,-1.0946],[102.6448,-1.1204],[102.6846,-1.0789],[102.7304,-1.072],[102.7549,-1.0242],[102.7794,-1.0266],[102.7698,-1.0083],[102.7895,-0.9769],[102.9134,-0.8864],[103.0089,-0.7552],[103.1181,-0.7463],[103.3458,-0.7863],[103.3601,-0.8032],[103.4098,-0.7735],[103.4845,-0.7703],[103.4769,-0.7962],[103.432,-0.8212],[103.3382,-0.8329],[103.4283,-0.83],[103.49,-0.8029],[103.5511,-0.8132],[103.5559,-0.8558],[103.7544,-0.9924],[103.8027,-0.9944],[103.8099,-1.065],[103.8376,-1.0888],[103.8132,-1.0605],[103.8283,-1.0196],[103.9116,-0.9825],[104.0231,-0.9986],[104.2057,-1.0697],[104.2663,-1.0426],[104.3377,-1.0419],[104.3653,-1.0216],[104.4053,-1.1254],[104.3924,-1.2171],[104.4568,-1.3368],[104.4384,-1.5094],[104.4894,-1.6608],[104.4272,-1.6308],[104.3737,-1.64],[104.3563,-1.6707],[104.3646,-1.7098],[104.345,-1.7382],[104.2288,-1.7407],[104.0934,-1.7862],[104.0642,-1.7728],[103.9517,-1.7741],[103.916,-1.7451],[103.8784,-1.743],[103.8502,-1.7552],[103.8218,-1.7963],[103.7198,-1.8013],[103.6208,-1.8346],[103.5369,-1.9037],[103.5176,-2.1024],[103.5578,-2.1401],[103.5007,-2.1747],[103.4532,-2.1775],[103.4416,-2.2132],[103.456,-2.2631],[103.4491,-2.3581],[103.4026,-2.3342],[103.3702,-2.2872],[103.3016,-2.2368],[103.2727,-2.1481],[103.2235,-2.1372],[103.2191,-2.1717],[103.1843,-2.1902],[103.1607,-2.2338],[103.2007,-2.2702],[103.2054,-2.3213],[103.1222,-2.3574],[103.0656,-2.3411],[103.0547,-2.3183],[103.037,-2.3163],[103.0217,-2.3495],[102.8737,-2.3107],[102.84,-2.3721],[102.8688,-2.391],[102.8775,-2.4177],[102.8134,-2.4833],[102.793,-2.5389],[102.735,-2.5822],[102.7202,-2.5593],[102.702,-2.5901],[102.623,-2.6242],[102.6151,-2.6623],[102.5915,-2.683],[102.5341,-2.6777],[102.5015,-2.7024],[102.4616,-2.7033],[102.4019,-2.687],[102.3599,-2.6502],[102.3192,-2.6544],[102.2881,-2.6259],[102.2558,-2.6227],[102.236,-2.6405],[102.2277,-2.6923],[102.1243,-2.7268],[102.0879,-2.7675],[102.0634,-2.7704],[101.9897,-2.7231],[101.9245,-2.7415],[101.8614,-2.7244],[101.7333,-2.6079],[101.6704,-2.5287],[101.6289,-2.5462],[101.5687,-2.5447],[101.548,-2.5691],[101.5574,-2.449],[101.2942,-2.2802],[101.3035,-2.1923],[101.2695,-2.0749],[101.2404,-2.0173],[101.1902,-1.9849],[101.1393,-1.9055],[101.1257,-1.6781]]],[[[104.2066,-1.0385],[104.2545,-1.0355],[104.2072,-1.061],[104.2133,-1.0455],[104.2066,-1.0385]]],[[[104.1911,-1.0351],[104.211,-1.0449],[104.2016,-1.0556],[104.1911,-1.0351]]]]}},{"type":"Feature","properties":{"kode":"16","nama":"Sumatera Selatan","prov_kode":"16"},"geometry":{"type":"Polygon","coordinates":[[[102.0634,-2.7704],[102.0879,-2.7675],[102.1208,-2.7289],[102.2277,-2.6923],[102.236,-2.6405],[102.2558,-2.6227],[102.2881,-2.6259],[102.3153,-2.6525],[102.3599,-2.6502],[102.3985,-2.6851],[102.4616,-2.7033],[102.5035,-2.7011],[102.5341,-2.6777],[102.5915,-2.683],[102.6151,-2.6623],[102.623,-2.6242],[102.702,-2.5901],[102.7202,-2.5593],[102.7318,-2.5828],[102.7903,-2.5422],[102.8134,-2.4833],[102.8765,-2.4201],[102.8688,-2.391],[102.84,-2.3721],[102.8725,-2.3124],[103.0195,-2.3491],[103.0357,-2.318],[103.0547,-2.3183],[103.0656,-2.3411],[103.1222,-2.3574],[103.2054,-2.3213],[103.2011,-2.2722],[103.1619,-2.2369],[103.1843,-2.1902],[103.2191,-2.1717],[103.2266,-2.1375],[103.2727,-2.1481],[103.3016,-2.2368],[103.4453,-2.3583],[103.4525,-2.182],[103.5296,-2.1631],[103.5578,-2.1401],[103.5176,-2.1024],[103.5212,-2.0301],[103.5369,-1.9037],[103.5858,-1.8576],[103.7198,-1.8013],[103.8218,-1.7963],[103.8502,-1.7552],[103.8784,-1.743],[103.916,-1.7451],[103.9517,-1.7741],[104.0642,-1.7728],[104.0934,-1.7862],[104.2288,-1.7407],[104.345,-1.7382],[104.3646,-1.7098],[104.3565,-1.6746],[104.3697,-1.6447],[104.4251,-1.6311],[104.4761,-1.6497],[104.5053,-1.6843],[104.5448,-1.7785],[104.5072,-1.8065],[104.4741,-1.8621],[104.4657,-1.9113],[104.4968,-1.9324],[104.5205,-1.9267],[104.5401,-1.8614],[104.5578,-1.8574],[104.6433,-1.9211],[104.6084,-1.963],[104.608,-1.9981],[104.5677,-2.001],[104.6109,-2.0053],[104.6583,-1.9638],[104.6875,-1.9935],[104.6728,-2.0202],[104.6842,-2.0551],[104.6946,-2.0125],[104.7189,-1.9943],[104.8299,-2.0047],[104.8791,-2.053],[104.9034,-2.1917],[104.792,-2.2775],[104.744,-2.3595],[104.728,-2.3525],[104.7103,-2.3671],[104.7723,-2.3907],[104.8392,-2.3365],[104.8488,-2.2843],[104.9031,-2.2795],[104.9182,-2.2919],[104.9106,-2.3337],[104.9989,-2.3311],[105.0406,-2.3558],[105.0445,-2.3767],[105.0248,-2.3926],[105.0444,-2.3909],[105.0648,-2.3616],[105.1153,-2.3784],[105.2114,-2.3267],[105.2969,-2.3719],[105.4878,-2.3881],[105.5564,-2.4003],[105.5787,-2.4186],[105.6218,-2.3914],[105.633,-2.4345],[105.6055,-2.5734],[105.6347,-2.6428],[105.7003,-2.6849],[105.7792,-2.682],[105.7873,-2.8731],[105.8525,-2.9534],[105.9319,-2.9616],[105.9584,-2.9435],[105.9744,-2.9648],[106.0445,-2.9878],[106.0504,-3.127],[106.0974,-3.2288],[106.0775,-3.2636],[105.931,-3.3579],[105.8862,-3.4205],[105.8241,-3.5937],[105.8316,-3.7119],[105.8514,-3.7408],[105.9259,-3.7746],[105.9611,-3.8253],[105.8647,-4.0296],[105.8457,-4.1604],[105.8241,-4.1578],[105.8076,-4.1238],[105.776,-4.1112],[105.7455,-4.1449],[105.7025,-4.1372],[105.7095,-4.1045],[105.6834,-4.0955],[105.681,-4.0755],[105.6506,-4.0861],[105.661,-4.0461],[105.6051,-4.0529],[105.6304,-4.0017],[105.5895,-3.9508],[105.6103,-3.9407],[105.5971,-3.9235],[105.5803,-3.9374],[105.565,-3.9302],[105.5732,-3.9025],[105.5502,-3.8836],[105.5288,-3.8966],[105.513,-3.8767],[105.5255,-3.8421],[105.4945,-3.8421],[105.4806,-3.8224],[105.4311,-3.8246],[105.4371,-3.7919],[105.4155,-3.7776],[105.3614,-3.7988],[105.3316,-3.7245],[105.3054,-3.7904],[105.2841,-3.7999],[105.2923,-3.8476],[105.275,-3.8799],[105.2441,-3.9066],[105.2319,-3.891],[105.2037,-3.8918],[105.1663,-3.9366],[105.1386,-3.9367],[105.132,-3.9944],[105.1057,-4.0189],[105.119,-4.0482],[105.0932,-4.0483],[105.0651,-4.1181],[105.0123,-4.1728],[104.9683,-4.172],[104.8732,-4.2193],[104.8741,-4.2314],[104.7904,-4.2623],[104.7562,-4.2452],[104.6433,-4.2459],[104.623,-4.2193],[104.4836,-4.2904],[104.4757,-4.3083],[104.4419,-4.3033],[104.3683,-4.3559],[104.323,-4.4564],[104.3428,-4.5989],[104.2974,-4.6463],[104.2885,-4.6828],[104.3179,-4.6984],[104.3201,-4.75],[104.3676,-4.7977],[104.3577,-4.842],[104.3321,-4.872],[104.3028,-4.8839],[104.2792,-4.8662],[104.2305,-4.8768],[104.219,-4.8603],[104.1898,-4.8627],[104.1525,-4.9153],[104.1121,-4.9202],[104.0597,-4.8858],[104.0455,-4.9003],[103.9603,-4.9126],[103.9272,-4.8763],[103.8497,-4.9181],[103.8662,-4.8456],[103.8237,-4.8208],[103.8146,-4.7876],[103.7789,-4.7951],[103.7646,-4.7424],[103.6857,-4.7296],[103.7051,-4.701],[103.6875,-4.6366],[103.6448,-4.5974],[103.5979,-4.5912],[103.6361,-4.5545],[103.5718,-4.4969],[103.6252,-4.4249],[103.5997,-4.3581],[103.564,-4.3542],[103.5101,-4.3742],[103.473,-4.352],[103.4605,-4.3204],[103.3654,-4.3152],[103.2963,-4.258],[103.187,-4.2408],[103.1833,-4.1413],[103.152,-4.1002],[103.1282,-4.0256],[103.0904,-4.0072],[102.969,-4.0166],[102.9108,-3.9673],[102.8772,-3.9846],[102.8218,-3.9699],[102.7448,-3.8908],[102.6843,-3.8551],[102.6629,-3.8162],[102.6197,-3.8007],[102.6643,-3.7658],[102.7338,-3.7418],[102.7438,-3.6733],[102.8065,-3.6169],[102.8141,-3.5259],[102.859,-3.549],[102.9018,-3.615],[102.9533,-3.5708],[102.9698,-3.5327],[102.9927,-3.5223],[103.0096,-3.398],[102.9984,-3.37],[102.9558,-3.3638],[102.9014,-3.3804],[102.896,-3.3315],[102.8683,-3.346],[102.8119,-3.3364],[102.7829,-3.2848],[102.6331,-3.3502],[102.586,-3.3287],[102.494,-3.2483],[102.4927,-3.1365],[102.4655,-3.076],[102.3899,-3.0443],[102.3225,-3.068],[102.289,-3.0401],[102.253,-3.0333],[102.2179,-2.9294],[102.1299,-2.8725],[102.125,-2.8333],[102.083,-2.8062],[102.0634,-2.7704]]]}},{"type":"Feature","properties":{"kode":"17","nama":"Bengkulu","prov_kode":"17"},"geometry":{"type":"MultiPolygon","coordinates":[[[[102.0944,-5.323],[102.1376,-5.3101],[102.1362,-5.2931],[102.1579,-5.2833],[102.2853,-5.3564],[102.3857,-5.3896],[102.3665,-5.4567],[102.3397,-5.4583],[102.3751,-5.4855],[102.3593,-5.506],[102.3116,-5.4761],[102.3028,-5.4877],[102.2817,-5.4779],[102.2753,-5.514],[102.2477,-5.4964],[102.2443,-5.4636],[102.2288,-5.463],[102.2038,-5.4144],[102.1683,-5.4102],[102.0879,-5.3566],[102.0944,-5.323]]],[[[101.0247,-2.4844],[101.2467,-2.3431],[101.2911,-2.2789],[101.5592,-2.4512],[101.548,-2.5691],[101.5687,-2.5447],[101.675,-2.5326],[101.7333,-2.6079],[101.8614,-2.7244],[101.9245,-2.7415],[101.9897,-2.7231],[102.0627,-2.765],[102.0766,-2.7994],[102.1265,-2.8361],[102.1326,-2.8759],[102.2162,-2.927],[102.253,-3.0333],[102.3225,-3.068],[102.3856,-3.045],[102.4623,-3.0727],[102.4921,-3.1324],[102.494,-3.2483],[102.586,-3.3287],[102.6369,-3.3486],[102.79,-3.2855],[102.815,-3.3374],[102.8683,-3.346],[102.8994,-3.3348],[102.8974,-3.3781],[102.9984,-3.37],[103.0099,-3.3957],[102.9927,-3.5223],[102.9698,-3.5327],[102.9563,-3.5676],[102.9018,-3.615],[102.859,-3.549],[102.819,-3.525],[102.8079,-3.6126],[102.7459,-3.6696],[102.7338,-3.7418],[102.6597,-3.7681],[102.6217,-3.8041],[102.6629,-3.8162],[102.6859,-3.8565],[102.7427,-3.8885],[102.7898,-3.9499],[102.8526,-3.9827],[102.8832,-3.9838],[102.907,-3.966],[102.969,-4.0166],[103.0881,-4.0071],[103.1282,-4.0256],[103.152,-4.1002],[103.1833,-4.1413],[103.187,-4.2408],[103.2963,-4.258],[103.3654,-4.3152],[103.4581,-4.3203],[103.473,-4.352],[103.5101,-4.3742],[103.564,-4.3542],[103.5997,-4.3581],[103.624,-4.4274],[103.5718,-4.4969],[103.6354,-4.5519],[103.5979,-4.5912],[103.6406,-4.5949],[103.686,-4.6338],[103.7052,-4.6969],[103.6849,-4.7248],[103.7715,-4.7478],[103.7744,-4.8005],[103.7184,-4.8023],[103.7078,-4.8309],[103.6385,-4.8686],[103.6249,-4.8912],[103.6054,-4.8908],[103.5958,-4.9224],[103.5337,-4.9166],[103.5246,-4.888],[103.4606,-4.8631],[103.4131,-4.865],[103.4049,-4.821],[103.376,-4.7988],[103.3274,-4.8076],[103.3099,-4.7808],[103.3193,-4.7621],[103.2824,-4.7083],[103.1514,-4.6003],[103.0402,-4.536],[102.8988,-4.4877],[102.8934,-4.4556],[102.796,-4.3546],[102.2805,-3.9632],[102.2661,-3.913],[102.2755,-3.8992],[102.2878,-3.9251],[102.3071,-3.8939],[102.2818,-3.9011],[102.3023,-3.8691],[102.247,-3.7902],[102.2621,-3.7712],[102.233,-3.7155],[102.2447,-3.7055],[102.2344,-3.6805],[102.0988,-3.5659],[101.9275,-3.4771],[101.8982,-3.4279],[101.6164,-3.2397],[101.5207,-3.1152],[101.4769,-3.0093],[101.403,-2.9251],[101.3229,-2.7383],[101.1452,-2.6307],[101.0247,-2.4844]]],[[[100.6776,-3.4837],[100.6363,-3.483],[100.6363,-3.4724],[100.6776,-3.4837]]]]}},{"type":"Feature","properties":{"kode":"18","nama":"Lampung","prov_kode":"18"},"geometry":{"type":"MultiPolygon","coordinates":[[[[105.3069,-5.8076],[105.2838,-5.8398],[105.228,-5.8323],[105.2717,-5.8059],[105.2786,-5.8161],[105.2916,-5.789],[105.3069,-5.8076]]],[[[105.3056,-5.7932],[105.3179,-5.7974],[105.3348,-5.822],[105.3056,-5.7932]]],[[[104.7814,-5.7604],[104.8534,-5.802],[104.8551,-5.8468],[104.8142,-5.8246],[104.7814,-5.7604]]],[[[105.2048,-5.6733],[105.241,-5.6688],[105.2158,-5.6906],[105.2048,-5.6733]]],[[[105.209,-5.6228],[105.2413,-5.6415],[105.2141,-5.6385],[105.209,-5.6228]]],[[[105.2712,-5.5617],[105.2819,-5.5717],[105.2705,-5.572],[105.2712,-5.5617]]],[[[103.8509,-5.1156],[103.8391,-5.1235],[103.8387,-5.119],[103.8509,-5.1156]]],[[[103.5955,-4.9193],[103.6054,-4.8908],[103.6249,-4.8912],[103.6385,-4.8686],[103.7078,-4.8309],[103.7204,-4.8009],[103.7678,-4.8049],[103.812,-4.7875],[103.8237,-4.8208],[103.8662,-4.8456],[103.8497,-4.9181],[103.9272,-4.8763],[103.9603,-4.9126],[104.0479,-4.9004],[104.0597,-4.8858],[104.1121,-4.9202],[104.1525,-4.9153],[104.1945,-4.8614],[104.219,-4.8603],[104.2329,-4.8786],[104.2775,-4.8652],[104.3028,-4.8839],[104.3342,-4.8706],[104.3676,-4.7977],[104.3209,-4.7519],[104.3197,-4.7009],[104.2886,-4.6803],[104.2999,-4.6424],[104.3423,-4.6013],[104.323,-4.4564],[104.3699,-4.3533],[104.4455,-4.3014],[104.4757,-4.3083],[104.4812,-4.2914],[104.6219,-4.2166],[104.6433,-4.2459],[104.7562,-4.2452],[104.7904,-4.2623],[104.8732,-4.2335],[104.8732,-4.2193],[104.9683,-4.172],[105.0123,-4.1728],[105.0631,-4.1213],[105.0932,-4.0483],[105.1198,-4.0467],[105.1062,-4.0151],[105.1345,-3.9904],[105.1388,-3.9362],[105.1642,-3.9385],[105.2037,-3.8918],[105.2299,-3.8898],[105.2441,-3.9066],[105.2774,-3.8772],[105.2929,-3.8409],[105.2843,-3.7976],[105.3038,-3.7936],[105.3182,-3.7335],[105.3345,-3.7245],[105.3575,-3.7971],[105.3884,-3.7789],[105.4318,-3.7835],[105.4328,-3.8269],[105.4806,-3.8224],[105.4945,-3.8421],[105.5238,-3.8402],[105.5126,-3.8731],[105.5255,-3.895],[105.5466,-3.881],[105.5732,-3.9025],[105.5629,-3.9288],[105.606,-3.9332],[105.5902,-3.9543],[105.6307,-4.0048],[105.6081,-4.0572],[105.6261,-4.0403],[105.661,-4.0461],[105.6506,-4.0861],[105.681,-4.0755],[105.6862,-4.0992],[105.7095,-4.1045],[105.7025,-4.1372],[105.7255,-4.131],[105.7455,-4.1449],[105.7733,-4.1112],[105.818,-4.1361],[105.8254,-4.3429],[105.8587,-4.3787],[105.8551,-4.4107],[105.8879,-4.4386],[105.9126,-4.4376],[105.8991,-4.4954],[105.9058,-4.5514],[105.8848,-4.5977],[105.9162,-4.6472],[105.8975,-4.6816],[105.8749,-4.6792],[105.8838,-4.7],[105.8613,-4.7851],[105.8709,-4.873],[105.9022,-4.9403],[105.8749,-4.9604],[105.8596,-5.0357],[105.8644,-5.2559],[105.8203,-5.3287],[105.814,-5.5509],[105.8279,-5.5885],[105.7925,-5.7143],[105.799,-5.7949],[105.718,-5.9081],[105.706,-5.8495],[105.6051,-5.8316],[105.5826,-5.8028],[105.5888,-5.7328],[105.5569,-5.7027],[105.5576,-5.6672],[105.5257,-5.6935],[105.4704,-5.6471],[105.4086,-5.6224],[105.3641,-5.5396],[105.3248,-5.5022],[105.32,-5.4694],[105.2901,-5.4454],[105.254,-5.4642],[105.2663,-5.5209],[105.2457,-5.522],[105.2494,-5.5458],[105.2619,-5.544],[105.2429,-5.5887],[105.194,-5.5839],[105.1673,-5.6061],[105.1929,-5.6489],[105.2115,-5.6486],[105.1721,-5.6667],[105.2194,-5.7206],[105.1811,-5.7213],[105.1539,-5.7522],[105.1757,-5.7789],[105.2066,-5.7667],[105.2228,-5.7797],[105.1632,-5.8074],[105.1267,-5.7979],[105.1191,-5.7761],[105.0874,-5.7952],[105.109,-5.7754],[105.1026,-5.7628],[105.0909,-5.7756],[105.086,-5.7573],[105.064,-5.7664],[105.0576,-5.7502],[105.0259,-5.7511],[105.0278,-5.7272],[104.9678,-5.7145],[104.9656,-5.6937],[104.9585,-5.7099],[104.9375,-5.7032],[104.9014,-5.6564],[104.8754,-5.6595],[104.7704,-5.5999],[104.7091,-5.5222],[104.604,-5.4962],[104.5606,-5.5124],[104.5315,-5.545],[104.6433,-5.6906],[104.6475,-5.7457],[104.712,-5.8339],[104.6975,-5.8788],[104.7338,-5.9329],[104.5815,-5.9426],[104.5533,-5.9183],[104.574,-5.9066],[104.5639,-5.8653],[104.4503,-5.7634],[104.4163,-5.7084],[104.3012,-5.6419],[104.3192,-5.6191],[104.3105,-5.5891],[104.0695,-5.4089],[104.0557,-5.3767],[104.0275,-5.3607],[104.027,-5.3336],[103.9981,-5.3241],[103.9915,-5.3084],[104.0083,-5.2857],[103.9879,-5.2596],[103.9043,-5.2323],[103.9004,-5.2182],[103.935,-5.174],[103.9138,-5.1321],[103.8669,-5.1103],[103.8395,-5.0667],[103.7843,-5.0323],[103.7476,-5.0418],[103.7479,-4.9966],[103.7185,-4.9692],[103.6938,-4.9608],[103.6609,-4.9929],[103.6582,-4.9588],[103.5955,-4.9193]]],[[[105.4579,-6.1359],[105.453,-6.1672],[105.4191,-6.1544],[105.4203,-6.1415],[105.4579,-6.1359]]],[[[105.4242,-6.1107],[105.4234,-6.09],[105.4355,-6.103],[105.4242,-6.1107]]],[[[105.4534,-6.1083],[105.4504,-6.0812],[105.4532,-6.08],[105.4657,-6.0879],[105.4534,-6.1083]]],[[[105.3656,-6.112],[105.3766,-6.0852],[105.4035,-6.0731],[105.3966,-6.0904],[105.3656,-6.112]]],[[[105.4854,-5.9245],[105.5062,-5.9233],[105.5164,-5.9395],[105.4855,-5.9724],[105.4637,-5.956],[105.4854,-5.9245]]],[[[105.7647,-5.8794],[105.7545,-5.9003],[105.7474,-5.8986],[105.7647,-5.8794]]],[[[105.5125,-5.8984],[105.4932,-5.8768],[105.5332,-5.8458],[105.5291,-5.8595],[105.5448,-5.8647],[105.5125,-5.8984]]],[[[105.7759,-5.8641],[105.7852,-5.8455],[105.7922,-5.8487],[105.7873,-5.8677],[105.7759,-5.8641]]]]}},{"type":"Feature","properties":{"kode":"19","nama":"Kepulauan Bangka Belitung","prov_kode":"19"},"geometry":{"type":"MultiPolygon","coordinates":[[[[107.2401,-2.9894],[107.2328,-3.0013],[107.2244,-2.9955],[107.2401,-2.9894]]],[[[106.6954,-2.9765],[106.7104,-2.9925],[106.6971,-2.9935],[106.6954,-2.9765]]],[[[106.8557,-3.0399],[106.7091,-2.9672],[106.7306,-2.9272],[106.8029,-2.8862],[106.9098,-2.9507],[106.8807,-3.0054],[106.8918,-3.0288],[106.8557,-3.0399]]],[[[106.7601,-2.887],[106.7748,-2.8836],[106.7691,-2.8961],[106.7601,-2.887]]],[[[106.7187,-2.8932],[106.735,-2.8674],[106.7495,-2.882],[106.728,-2.9044],[106.7187,-2.8932]]],[[[107.3681,-2.8696],[107.4637,-2.8219],[107.4785,-2.8421],[107.4658,-2.8502],[107.4852,-2.8475],[107.4703,-2.9081],[107.4325,-2.9286],[107.4134,-2.9184],[107.4245,-2.9306],[107.411,-2.9468],[107.3387,-2.882],[107.3742,-2.8851],[107.3681,-2.8696]]],[[[107.0869,-2.9107],[107.0503,-2.9071],[107.0213,-2.874],[107.0578,-2.8202],[107.0578,-2.8504],[107.0684,-2.8362],[107.0933,-2.8611],[107.0869,-2.9107]]],[[[106.8318,-2.8531],[106.8554,-2.8481],[106.852,-2.8593],[106.8318,-2.8531]]],[[[106.7824,-2.8414],[106.7898,-2.8337],[106.8003,-2.8386],[106.7824,-2.8414]]],[[[107.4021,-2.8126],[107.3841,-2.7986],[107.4179,-2.792],[107.4328,-2.8213],[107.3886,-2.8333],[107.3713,-2.8231],[107.4021,-2.8126]]],[[[107.0743,-2.42],[107.0652,-2.4082],[107.0798,-2.4081],[107.0743,-2.42]]],[[[105.8022,-2.4052],[105.7918,-2.422],[105.7822,-2.4012],[105.8022,-2.4052]]],[[[105.8883,-2.6377],[105.8921,-2.5868],[105.9385,-2.5281],[105.9357,-2.4763],[105.8804,-2.4218],[105.8348,-2.4108],[105.8027,-2.3647],[105.8269,-2.3141],[105.7881,-2.2472],[105.7879,-2.1692],[105.7266,-2.1259],[105.5919,-2.1213],[105.5605,-2.0832],[105.5047,-2.0855],[105.4374,-2.1314],[105.4184,-2.1161],[105.3639,-2.1203],[105.3045,-2.1517],[105.2276,-2.0649],[105.132,-2.0836],[105.1097,-2.0213],[105.1272,-1.9959],[105.1272,-1.9576],[105.36,-1.8338],[105.3998,-1.7693],[105.3787,-1.7224],[105.321,-1.6965],[105.3606,-1.6715],[105.3447,-1.6684],[105.3469,-1.6467],[105.3893,-1.6359],[105.3912,-1.6087],[105.4289,-1.5989],[105.4608,-1.5615],[105.5354,-1.5622],[105.5644,-1.5436],[105.5624,-1.53],[105.8058,-1.5306],[105.8811,-1.5175],[105.8842,-1.5023],[105.9206,-1.5084],[105.9119,-1.533],[105.9251,-1.5471],[105.9729,-1.5464],[106.0523,-1.6051],[106.0552,-1.6184],[106.0251,-1.6239],[106.0213,-1.6556],[106.0787,-1.7512],[106.0946,-1.7552],[106.1052,-1.7916],[106.13,-1.8043],[106.1194,-1.8202],[106.1342,-1.8528],[106.1851,-1.8935],[106.1623,-1.9287],[106.1508,-1.9929],[106.156,-2.0888],[106.2275,-2.2567],[106.2369,-2.328],[106.3008,-2.4199],[106.3797,-2.4729],[106.4457,-2.4711],[106.4821,-2.4963],[106.5724,-2.5206],[106.8493,-2.571],[106.8071,-2.5937],[106.8225,-2.5842],[106.7908,-2.5849],[106.7734,-2.6055],[106.7636,-2.5973],[106.7113,-2.6413],[106.6629,-2.7175],[106.6014,-2.8663],[106.5951,-2.9452],[106.6347,-2.9717],[106.6767,-2.9737],[106.6949,-3.0012],[106.7435,-3.0062],[106.7295,-3.0312],[106.7373,-3.0825],[106.662,-3.0991],[106.6433,-3.0811],[106.5858,-3.0756],[106.5559,-3.0894],[106.5552,-3.1048],[106.5148,-3.1118],[106.4916,-3.0864],[106.4892,-3.0467],[106.4428,-3.0115],[106.4243,-2.9698],[106.337,-2.9658],[106.3187,-2.9289],[106.2765,-2.9004],[106.2327,-2.8988],[106.1821,-2.8695],[106.1416,-2.8737],[106.0963,-2.8366],[105.9504,-2.8189],[105.9532,-2.7792],[105.92,-2.7425],[105.8883,-2.6377]]],[[[106.2758,-2.1564],[106.267,-2.1547],[106.277,-2.1492],[106.2758,-2.1564]]],[[[107.5191,-3.1976],[107.5523,-3.2029],[107.5248,-3.2538],[107.5168,-3.246],[107.5191,-3.1976]]],[[[107.8402,-3.1062],[107.8613,-3.1105],[107.8526,-3.1241],[107.8402,-3.1062]]],[[[107.4884,-3.031],[107.5027,-3.0436],[107.4933,-3.0521],[107.4884,-3.031]]],[[[107.5086,-3.0225],[107.4987,-2.999],[107.5065,-3.0036],[107.5086,-3.0225]]],[[[107.5298,-2.9684],[107.5271,-3.0044],[107.5165,-2.9735],[107.5298,-2.9684]]],[[[107.509,-2.9974],[107.5028,-2.998],[107.5002,-2.9712],[107.509,-2.9974]]],[[[107.5293,-2.9664],[107.519,-2.9701],[107.514,-2.9618],[107.5293,-2.9664]]],[[[107.4662,-2.9669],[107.4402,-2.9865],[107.4284,-2.9748],[107.4364,-2.9347],[107.4665,-2.9238],[107.4662,-2.9669]]],[[[107.5296,-2.9452],[107.5141,-2.9384],[107.5203,-2.9348],[107.5296,-2.9452]]],[[[107.4875,-2.9196],[107.4842,-2.944],[107.4798,-2.9342],[107.4875,-2.9196]]],[[[107.6279,-2.7142],[107.6126,-2.703],[107.647,-2.6264],[107.6287,-2.5951],[107.6688,-2.5543],[107.7611,-2.5575],[107.8304,-2.5295],[107.8333,-2.5534],[107.9031,-2.5748],[107.9283,-2.5604],[107.9586,-2.5779],[107.9976,-2.5765],[108.0131,-2.5957],[108.0023,-2.6179],[108.0364,-2.645],[108.0411,-2.6002],[108.0892,-2.6],[108.1563,-2.6537],[108.1526,-2.6693],[108.1973,-2.6831],[108.2705,-2.7512],[108.2942,-2.8324],[108.2938,-2.8786],[108.2542,-2.9134],[108.2482,-2.9524],[108.2101,-3.0082],[108.2173,-3.0533],[108.1823,-3.1189],[108.2075,-3.1474],[108.1448,-3.1741],[108.0818,-3.1692],[108.0693,-3.1873],[108.0873,-3.2088],[108.0803,-3.247],[108.0227,-3.2426],[107.9849,-3.2724],[107.9671,-3.2468],[107.9713,-3.1802],[107.9231,-3.1243],[107.8883,-3.1187],[107.8992,-3.0989],[107.8595,-3.0586],[107.8117,-3.0853],[107.8484,-3.1185],[107.829,-3.1677],[107.7668,-3.1915],[107.7205,-3.19],[107.6365,-3.2405],[107.6112,-3.2387],[107.5868,-3.2005],[107.6293,-3.1419],[107.5953,-3.1041],[107.562,-3.0029],[107.5911,-2.9742],[107.6155,-2.9135],[107.5477,-2.9352],[107.5289,-2.921],[107.592,-2.8672],[107.5985,-2.8124],[107.5833,-2.7995],[107.6299,-2.7491],[107.6279,-2.7142]]],[[[107.4843,-2.8639],[107.5067,-2.847],[107.4931,-2.8788],[107.4843,-2.8639]]],[[[107.5036,-2.8224],[107.4881,-2.8415],[107.4785,-2.8253],[107.5036,-2.8224]]],[[[107.8716,-2.5395],[107.8579,-2.5479],[107.8569,-2.5419],[107.8716,-2.5395]]],[[[108.3968,-3.2849],[108.3859,-3.3029],[108.3802,-3.3006],[108.3968,-3.2849]]],[[[108.3755,-3.2537],[108.3874,-3.2428],[108.3836,-3.2602],[108.3755,-3.2537]]],[[[108.2846,-3.221],[108.2744,-3.2215],[108.2855,-3.2087],[108.2846,-3.221]]],[[[108.2476,-3.0768],[108.2557,-3.0449],[108.2714,-3.0514],[108.2476,-3.0768]]],[[[108.7419,-2.5926],[108.7285,-2.596],[108.7299,-2.5816],[108.7419,-2.5926]]],[[[108.5462,-2.4925],[108.5368,-2.5135],[108.5336,-2.4956],[108.5462,-2.4925]]],[[[108.7292,-1.7263],[108.6776,-1.7193],[108.6874,-1.7029],[108.7854,-1.7051],[108.7292,-1.7263]]],[[[108.9443,-1.6422],[108.8574,-1.6777],[108.8226,-1.6494],[108.8409,-1.6289],[108.8273,-1.5903],[108.8432,-1.5868],[108.801,-1.5935],[108.8073,-1.5811],[108.7922,-1.5777],[108.8334,-1.5537],[108.8443,-1.5692],[108.8777,-1.5679],[108.8968,-1.5349],[108.937,-1.5497],[108.9828,-1.6006],[108.9443,-1.6422]]],[[[108.7673,-1.5914],[108.7757,-1.5752],[108.7771,-1.5859],[108.7673,-1.5914]]],[[[109.045,-1.4974],[109.0433,-1.4732],[109.06,-1.4919],[109.045,-1.4974]]],[[[109.1443,-1.2867],[109.1633,-1.2918],[109.1358,-1.3283],[109.1443,-1.2867]]],[[[109.1345,-1.2872],[109.1238,-1.3111],[109.1135,-1.3122],[109.1345,-1.2872]]],[[[109.1533,-1.2757],[109.1662,-1.269],[109.1775,-1.2939],[109.1645,-1.2907],[109.1533,-1.2757]]],[[[109.2702,-1.2148],[109.2391,-1.2436],[109.2181,-1.2322],[109.2267,-1.202],[109.2602,-1.182],[109.2702,-1.2148]]]]}},{"type":"Feature","properties":{"kode":"21","nama":"Kepulauan Riau","prov_kode":"21"},"geometry":{"type":"MultiPolygon","coordinates":[[[[103.6347,0.5139],[103.6217,0.5269],[103.6354,0.5348],[103.6347,0.5139]]],[[[103.5775,0.5585],[103.6196,0.5102],[103.6185,0.4946],[103.5971,0.492],[103.5775,0.5585]]],[[[103.5585,0.5431],[103.5624,0.5476],[103.5677,0.5397],[103.5585,0.5431]]],[[[103.6656,0.5657],[103.6677,0.553],[103.6522,0.5684],[103.6656,0.5657]]],[[[103.6341,0.6191],[103.6498,0.6224],[103.6638,0.6135],[103.648,0.6111],[103.6341,0.6191]]],[[[103.6864,0.6049],[103.6709,0.6149],[103.6723,0.6351],[103.7064,0.615],[103.6864,0.6049]]],[[[103.4637,0.6206],[103.4955,0.688],[103.5208,0.6923],[103.4897,0.6242],[103.4637,0.6206]]],[[[103.5846,0.6727],[103.572,0.6691],[103.5746,0.6796],[103.5846,0.6727]]],[[[103.5782,0.6883],[103.5926,0.6892],[103.5882,0.6772],[103.5782,0.6883]]],[[[103.4959,0.6924],[103.5001,0.7032],[103.517,0.6988],[103.4959,0.6924]]],[[[103.7332,0.7103],[103.7435,0.6849],[103.7014,0.7032],[103.6927,0.7267],[103.7463,0.737],[103.7332,0.7103]]],[[[103.6883,0.7247],[103.6749,0.7118],[103.657,0.7367],[103.6883,0.7247]]],[[[103.5676,0.7254],[103.5562,0.745],[103.5719,0.7357],[103.5676,0.7254]]],[[[103.7389,0.7547],[103.7289,0.7487],[103.7205,0.7535],[103.7389,0.7547]]],[[[103.4319,0.8321],[103.4108,0.8831],[103.4533,0.8567],[103.4906,0.8485],[103.5331,0.7958],[103.5285,0.7697],[103.4757,0.8204],[103.4377,0.8298],[103.4713,0.8166],[103.5108,0.761],[103.505,0.7182],[103.4589,0.6385],[103.4044,0.6487],[103.4054,0.6807],[103.3515,0.7422],[103.345,0.8027],[103.3696,0.8924],[103.3967,0.888],[103.4142,0.8391],[103.4319,0.8321]]],[[[103.5336,0.7927],[103.551,0.7925],[103.545,0.7548],[103.5318,0.7615],[103.5336,0.7927]]],[[[103.7108,0.7527],[103.6606,0.828],[103.6654,0.8322],[103.7286,0.7649],[103.7108,0.7527]]],[[[103.7173,0.8726],[103.7489,0.8861],[103.7832,0.8715],[103.8342,0.812],[103.8343,0.7611],[103.8206,0.7517],[103.8203,0.7723],[103.7581,0.8034],[103.7173,0.8726]]],[[[103.6704,0.8641],[103.6934,0.8232],[103.6541,0.8723],[103.6704,0.8641]]],[[[103.697,0.8593],[103.7047,0.8397],[103.6961,0.8382],[103.697,0.8593]]],[[[103.9041,0.8476],[103.8948,0.8045],[103.9085,0.8323],[103.941,0.7868],[103.9194,0.7541],[103.9145,0.7797],[103.8296,0.8476],[103.8123,0.8981],[103.9041,0.8476]]],[[[103.4902,0.8664],[103.4579,0.8578],[103.4069,0.9095],[103.4216,0.9112],[103.4365,0.9258],[103.4749,0.9145],[103.4902,0.8664]]],[[[103.7672,0.8887],[103.7544,0.8838],[103.7443,0.8949],[103.7515,0.9015],[103.7672,0.8887]]],[[[103.4974,0.8672],[103.4891,0.9272],[103.53,0.8668],[103.4974,0.8672]]],[[[103.3418,0.9146],[103.3394,0.8944],[103.3325,0.9013],[103.3418,0.9146]]],[[[103.4608,0.9252],[103.4463,0.9241],[103.4391,0.9352],[103.4543,0.9351],[103.4608,0.9252]]],[[[103.4239,0.9151],[103.4076,0.9409],[103.422,0.9468],[103.4393,0.9322],[103.4239,0.9151]]],[[[103.7637,0.9458],[103.7752,0.9479],[103.7707,0.9305],[103.7637,0.9458]]],[[[103.4295,0.9547],[103.4764,0.9439],[103.4783,0.9208],[103.4295,0.9547]]],[[[103.7796,0.9647],[103.7862,0.967],[103.7943,0.957],[103.7796,0.9647]]],[[[103.8053,0.9746],[103.7851,0.9763],[103.7482,1.03],[103.7699,1.0334],[103.775,1.0508],[103.7966,1.0354],[103.8053,0.9746]]],[[[103.8185,1.049],[103.8314,1.045],[103.823,1.0438],[103.8185,1.049]]],[[[103.8319,1.0622],[103.8425,1.0749],[103.8799,1.0579],[103.8722,1.049],[103.8756,1.0419],[103.8468,1.0366],[103.8319,1.0622]]],[[[103.8138,1.0548],[103.8174,1.0674],[103.8252,1.0594],[103.8138,1.0548]]],[[[103.4432,0.9906],[103.3287,1.0169],[103.3109,1.084],[103.3499,1.1337],[103.3672,1.1241],[103.3783,1.1356],[103.3884,1.1219],[103.3791,1.1013],[103.3968,1.0592],[103.3809,1.0558],[103.4197,1.0461],[103.4432,0.9906]]],[[[103.819,1.069],[103.8291,1.0773],[103.8268,1.0672],[103.819,1.069]]],[[[103.8602,1.0681],[103.8593,1.0832],[103.8708,1.0673],[103.8602,1.0681]]],[[[103.8129,1.0848],[103.7913,1.0978],[103.7914,1.1089],[103.8129,1.0848]]],[[[103.3064,1.1155],[103.2944,1.1169],[103.3087,1.1398],[103.3064,1.1155]]],[[[103.3797,1.1509],[103.391,1.1648],[103.4138,1.1321],[103.394,1.1306],[103.3797,1.1509]]],[[[104.2289,-0.3932],[104.2232,-0.4291],[104.1988,-0.4258],[104.1891,-0.3937],[104.2289,-0.3932]]],[[[104.1751,-0.39],[104.162,-0.3696],[104.1776,-0.3795],[104.1751,-0.39]]],[[[104.1714,-0.371],[104.2296,-0.3639],[104.2341,-0.3877],[104.1867,-0.3889],[104.1714,-0.371]]],[[[104.2575,-0.3609],[104.2684,-0.3428],[104.2656,-0.3644],[104.2575,-0.3609]]],[[[104.1433,-0.3475],[104.1574,-0.3386],[104.1758,-0.3521],[104.1592,-0.3506],[104.1594,-0.3635],[104.1433,-0.3475]]],[[[104.2211,-0.3434],[104.2385,-0.3335],[104.2334,-0.3564],[104.2211,-0.3434]]],[[[104.293,0.1595],[104.2896,0.1474],[104.2732,0.1693],[104.293,0.1595]]],[[[104.2373,0.1961],[104.2401,0.1682],[104.2259,0.1546],[104.1999,0.1712],[104.2373,0.1961]]],[[[104.2587,0.4971],[104.2627,0.5038],[104.2755,0.486],[104.2587,0.4971]]],[[[104.2953,0.4793],[104.2838,0.5257],[104.2907,0.5206],[104.2953,0.4793]]],[[[104.2255,0.5322],[104.2212,0.5568],[104.2403,0.5322],[104.2255,0.5322]]],[[[104.2087,0.5602],[104.2161,0.5678],[104.2196,0.5623],[104.2087,0.5602]]],[[[104.23,0.5699],[104.207,0.5754],[104.1989,0.5421],[104.1863,0.5762],[104.1948,0.6089],[104.23,0.5699]]],[[[104.0872,0.6042],[104.0823,0.6308],[104.0833,0.6438],[104.102,0.6262],[104.0872,0.6042]]],[[[104.2427,0.6355],[104.2314,0.6566],[104.2512,0.6363],[104.2427,0.6355]]],[[[104.2885,0.6139],[104.2127,0.7032],[104.2144,0.719],[104.2669,0.6675],[104.2579,0.6853],[104.2793,0.6717],[104.2885,0.6139]]],[[[104.2922,0.6914],[104.301,0.6714],[104.2713,0.6833],[104.2922,0.6914]]],[[[104.2084,0.7949],[104.2128,0.7829],[104.2775,0.7971],[104.2582,0.7699],[104.2642,0.7429],[104.3111,0.708],[104.2625,0.7036],[104.2541,0.7211],[104.2541,0.693],[104.2181,0.727],[104.1968,0.7212],[104.1713,0.7817],[104.1898,0.7754],[104.2084,0.7949]]],[[[103.9668,0.7678],[103.9505,0.7639],[103.9615,0.7733],[103.9668,0.7678]]],[[[104.1849,0.8867],[104.1839,0.8719],[104.2248,0.8796],[104.2661,0.859],[104.245,0.8206],[104.1811,0.7828],[104.1456,0.8568],[104.1161,0.8778],[104.0931,0.8699],[104.0804,0.9567],[104.1113,0.9533],[104.1189,0.9618],[104.1545,0.9273],[104.1527,0.895],[104.1657,0.9055],[104.1655,0.8704],[104.1849,0.8867]]],[[[104.0353,0.8924],[104.0468,0.9218],[104.0558,0.9157],[104.0353,0.8924]]],[[[104.2139,0.9159],[104.207,0.9033],[104.1937,0.9011],[104.199,0.9176],[104.2139,0.9159]]],[[[103.9532,0.9062],[103.9474,0.9238],[103.9646,0.9188],[103.9532,0.9062]]],[[[104.195,0.9372],[104.1894,0.919],[104.1617,0.9106],[104.1727,0.9392],[104.195,0.9372]]],[[[104.0579,0.9736],[104.0791,0.9534],[104.0702,0.9169],[104.0453,0.9396],[104.0579,0.9736]]],[[[104.1536,0.9341],[104.1422,0.9747],[104.1765,0.9677],[104.1605,0.96],[104.1983,0.9481],[104.1536,0.9341]]],[[[103.9912,0.9457],[103.9819,0.9762],[103.9929,0.9631],[103.9912,0.9457]]],[[[104.096,0.9585],[104.083,0.9721],[104.0932,0.9702],[104.096,0.9585]]],[[[103.8569,1.0125],[103.849,1.0265],[103.8874,1.043],[103.9676,0.9661],[103.9601,0.9338],[103.9427,0.9264],[103.9435,0.9093],[103.8524,0.9636],[103.8317,0.9897],[103.8344,1.0177],[103.8569,1.0125]]],[[[104.1028,0.9751],[104.1132,0.9833],[104.1223,0.9658],[104.1028,0.9751]]],[[[104.2613,0.9849],[104.2537,0.9737],[104.2319,0.9823],[104.2453,0.9963],[104.2613,0.9849]]],[[[103.9428,0.9991],[103.9661,0.9916],[103.9746,0.9737],[103.9428,0.9991]]],[[[104.1153,0.9965],[104.1331,0.9878],[104.1163,0.9863],[104.1153,0.9965]]],[[[104.1802,1.0298],[104.1843,1.0158],[104.1581,0.9956],[104.1522,1.01],[104.1802,1.0298]]],[[[104.1089,1.0049],[104.0996,1.0044],[104.1133,1.0214],[104.1089,1.0049]]],[[[104.0937,1.0172],[104.1049,1.0232],[104.0968,1.0058],[104.0937,1.0172]]],[[[104.1608,1.0586],[104.183,1.068],[104.1804,1.0346],[104.1648,1.0253],[104.1608,1.0586]]],[[[103.9485,1.1349],[103.9444,1.1447],[104.0003,1.1204],[103.9851,1.1424],[104.0039,1.1855],[104.0236,1.1889],[104.0242,1.1748],[104.0577,1.1585],[104.0478,1.1362],[104.0736,1.1241],[104.0949,1.147],[104.0698,1.1654],[104.0862,1.1959],[104.144,1.163],[104.1375,1.0418],[104.0848,1.0281],[104.1014,0.983],[104.0337,1.0054],[104.0427,0.9864],[104.0069,0.9876],[103.9899,1.0259],[103.9658,1.0063],[103.9187,1.0246],[103.8898,1.0975],[103.9094,1.0981],[103.9271,1.0722],[103.9374,1.1126],[103.9187,1.1397],[103.9485,1.1349]],[[104.0325,1.0143],[104.0297,1.0062],[104.0337,1.0054],[104.0325,1.0143]]],[[[103.8741,1.1435],[103.8866,1.1583],[103.8933,1.1457],[103.8741,1.1435]]],[[[104.5982,-0.4593],[104.59,-0.4942],[104.5571,-0.5092],[104.532,-0.5456],[104.5046,-0.6436],[104.4569,-0.6213],[104.4295,-0.577],[104.398,-0.601],[104.3846,-0.67],[104.3605,-0.6831],[104.3422,-0.6557],[104.3197,-0.5379],[104.3297,-0.5153],[104.3093,-0.5402],[104.2453,-0.4872],[104.278,-0.3965],[104.309,-0.3922],[104.3237,-0.3415],[104.3364,-0.3855],[104.3106,-0.4174],[104.3412,-0.4418],[104.348,-0.388],[104.3599,-0.4066],[104.3954,-0.4104],[104.4285,-0.3867],[104.4384,-0.344],[104.4804,-0.3374],[104.5001,-0.3606],[104.5363,-0.3696],[104.5729,-0.4436],[104.5982,-0.4593]]],[[[104.3865,-0.2976],[104.4047,-0.2829],[104.4749,-0.2791],[104.4912,-0.3062],[104.4793,-0.3194],[104.4574,-0.3081],[104.4612,-0.3274],[104.4391,-0.3301],[104.3865,-0.2976]]],[[[104.5223,-0.0001],[104.514,0.0131],[104.5372,0.0188],[104.5461,0.0068],[104.5223,-0.0001]]],[[[104.4905,0.0334],[104.511,0.0426],[104.498,0.0259],[104.4905,0.0334]]],[[[104.5246,0.044],[104.5261,0.0547],[104.5447,0.0348],[104.5246,0.044]]],[[[104.5018,0.0488],[104.4948,0.0599],[104.5087,0.0536],[104.5018,0.0488]]],[[[104.522,0.0619],[104.5203,0.0533],[104.5087,0.0667],[104.522,0.0619]]],[[[104.4015,0.1617],[104.4904,0.0747],[104.488,0.0451],[104.4629,0.0619],[104.4951,0.0192],[104.4822,0.0151],[104.3941,0.0993],[104.3798,0.1266],[104.4302,0.0908],[104.3963,0.1517],[104.4015,0.1617]]],[[[104.5335,0.097],[104.5392,0.1036],[104.56,0.0767],[104.5335,0.097]]],[[[104.528,0.1842],[104.4772,0.241],[104.4895,0.2455],[104.5304,0.2101],[104.5131,0.2483],[104.5259,0.2383],[104.6641,0.0725],[104.7045,0.0467],[104.7013,0.0175],[104.6328,0.0616],[104.6222,0.0918],[104.61,0.0924],[104.6145,0.0795],[104.5619,0.1186],[104.5459,0.1406],[104.5649,0.1402],[104.5524,0.1638],[104.5375,0.1497],[104.5057,0.1907],[104.528,0.1842]]],[[[104.2927,0.1426],[104.3003,0.1519],[104.2904,0.176],[104.3293,0.1379],[104.3362,0.1084],[104.2927,0.1426]]],[[[104.3498,0.1885],[104.3711,0.1647],[104.3969,0.115],[104.3498,0.1885]]],[[[104.4817,0.2116],[104.4844,0.2235],[104.5049,0.1968],[104.4817,0.2116]]],[[[104.4477,0.2347],[104.4342,0.2506],[104.4742,0.2284],[104.4477,0.2347]]],[[[104.5057,0.2589],[104.5089,0.2476],[104.4888,0.2647],[104.5057,0.2589]]],[[[104.3305,0.2927],[104.3641,0.261],[104.3622,0.2494],[104.3269,0.2823],[104.3403,0.2774],[104.3305,0.2927]]],[[[104.4207,0.2791],[104.4316,0.2899],[104.4322,0.284],[104.4207,0.2791]]],[[[104.3655,0.2742],[104.3331,0.3085],[104.3334,0.3241],[104.3901,0.2816],[104.3655,0.2742]]],[[[104.4212,0.2994],[104.3927,0.2881],[104.3786,0.3136],[104.3449,0.3245],[104.3382,0.3376],[104.3582,0.3406],[104.3314,0.3761],[104.4345,0.3109],[104.3989,0.3146],[104.4212,0.2994]]],[[[104.5584,0.3363],[104.5563,0.3489],[104.5655,0.3441],[104.5584,0.3363]]],[[[104.4662,0.3658],[104.4901,0.3488],[104.4621,0.3484],[104.4662,0.3658]]],[[[104.4193,0.3641],[104.4228,0.3702],[104.4366,0.3678],[104.4193,0.3641]]],[[[104.3205,0.3668],[104.3042,0.3819],[104.3281,0.3831],[104.3205,0.3668]]],[[[104.4761,0.3669],[104.4669,0.3836],[104.4878,0.3664],[104.4761,0.3669]]],[[[104.4114,0.3736],[104.4261,0.3859],[104.4359,0.3761],[104.4114,0.3736]]],[[[104.5337,0.3628],[104.512,0.4318],[104.558,0.4133],[104.5343,0.412],[104.5337,0.3628]]],[[[104.4447,0.3901],[104.4357,0.4067],[104.4561,0.3945],[104.4447,0.3901]]],[[[104.3965,0.436],[104.3914,0.4458],[104.4206,0.45],[104.3965,0.436]]],[[[104.3822,0.4529],[104.3918,0.4506],[104.3792,0.4398],[104.3822,0.4529]]],[[[104.4165,0.4694],[104.4257,0.4591],[104.4,0.4741],[104.4165,0.4694]]],[[[104.4616,0.4578],[104.4374,0.4848],[104.4525,0.4798],[104.4616,0.4578]]],[[[104.3905,0.4936],[104.3706,0.4808],[104.3851,0.4957],[104.3905,0.4936]]],[[[104.3262,0.6797],[104.3288,0.6588],[104.3119,0.6618],[104.3083,0.6733],[104.3262,0.6797]]],[[[104.3362,0.6814],[104.3088,0.6978],[104.3199,0.6989],[104.3362,0.6814]]],[[[104.3098,0.7636],[104.357,0.7418],[104.3012,0.7545],[104.3098,0.7636]]],[[[104.5778,0.7706],[104.5394,0.7709],[104.5091,0.7444],[104.51,0.7745],[104.5469,0.7975],[104.5818,0.7886],[104.5778,0.7706]]],[[[104.5967,0.7935],[104.6353,0.7831],[104.5819,0.752],[104.5776,0.7692],[104.5967,0.7935]]],[[[104.3642,0.854],[104.3682,0.8273],[104.3551,0.811],[104.3548,0.8427],[104.3642,0.854]]],[[[104.4176,0.8775],[104.4555,0.8864],[104.4843,0.8726],[104.4655,0.8609],[104.4176,0.8775]]],[[[104.384,1.0154],[104.3983,0.9977],[104.3663,0.9901],[104.384,1.0154]]],[[[104.4746,1.0277],[104.4541,1.0514],[104.4189,1.0403],[104.403,1.054],[104.4055,1.0345],[104.3742,1.0104],[104.3388,1.0249],[104.3318,0.9954],[104.2559,1.0018],[104.226,1.0201],[104.2371,1.0383],[104.2138,1.0718],[104.2386,1.1237],[104.3261,1.1369],[104.3179,1.16],[104.3312,1.1642],[104.3108,1.1784],[104.3713,1.1791],[104.3927,1.2025],[104.4973,1.1698],[104.5278,1.177],[104.552,1.2237],[104.5843,1.2286],[104.5777,1.1551],[104.6329,1.1111],[104.6574,1.0341],[104.636,0.9915],[104.6411,0.9467],[104.6596,0.9431],[104.66,0.914],[104.6205,0.9004],[104.6097,0.8271],[104.5932,0.8093],[104.4753,0.8498],[104.4911,0.8747],[104.443,0.904],[104.4384,0.9272],[104.4816,0.9307],[104.41,0.9632],[104.4661,0.9817],[104.4411,1.0012],[104.4967,1.0319],[104.4746,1.0277]],[[104.4727,0.9788],[104.4674,0.9818],[104.4661,0.9817],[104.4727,0.9788]],[[104.4832,0.9728],[104.4892,0.9803],[104.4807,0.9753],[104.4727,0.9788],[104.4832,0.9728]]],[[[104.6684,-0.0766],[104.6279,-0.0759],[104.633,-0.0984],[104.6641,-0.1144],[104.6641,-0.0853],[104.6871,-0.0884],[104.7349,-0.143],[104.7505,-0.1882],[104.8183,-0.2019],[104.8131,-0.1536],[104.8262,-0.1348],[104.8895,-0.224],[104.9516,-0.2745],[104.9958,-0.2789],[105.0019,-0.3038],[104.9174,-0.2783],[104.9001,-0.2969],[104.9291,-0.3254],[104.919,-0.3357],[104.8452,-0.3199],[104.7029,-0.2022],[104.599,-0.2503],[104.5669,-0.2405],[104.5193,-0.2755],[104.4918,-0.2413],[104.4301,-0.2371],[104.4266,-0.1863],[104.475,-0.1593],[104.4701,-0.1388],[104.5064,-0.1271],[104.4947,0.0001],[104.5071,0.0066],[104.5111,-0.0065],[104.5565,0.0001],[104.5537,0.0277],[104.6384,-0.0351],[104.6684,-0.0766]]],[[[104.9251,-0.1329],[104.918,-0.1388],[104.9153,-0.1259],[104.9251,-0.1329]]],[[[104.7299,-0.1038],[104.7403,-0.1061],[104.7657,-0.1543],[104.7494,-0.1416],[104.7299,-0.1038]]],[[[104.6966,-0.0641],[104.6891,-0.0465],[104.7276,-0.0876],[104.6966,-0.0641]]],[[[104.6753,-0.0301],[104.6647,-0.0256],[104.6609,-0.0134],[104.6753,-0.0301]]],[[[104.7725,0.0563],[104.7846,0.033],[104.7347,0.0426],[104.7655,0.0459],[104.7725,0.0563]]],[[[104.7431,0.0749],[104.7398,0.0861],[104.7541,0.0792],[104.7431,0.0749]]],[[[104.6198,0.6972],[104.5995,0.7032],[104.6194,0.7219],[104.6257,0.7107],[104.6198,0.6972]]],[[[104.6272,0.7128],[104.6114,0.7312],[104.6621,0.7527],[104.6272,0.7128]]],[[[104.7286,0.7558],[104.6879,0.7707],[104.6839,0.7775],[104.6985,0.7927],[104.7477,0.7856],[104.7542,0.7556],[104.7405,0.7529],[104.7601,0.7317],[104.7479,0.7196],[104.7141,0.7376],[104.7156,0.7564],[104.7286,0.7558]]],[[[104.6971,0.7352],[104.6887,0.7626],[104.7106,0.7616],[104.7131,0.7405],[104.6971,0.7352]]],[[[104.6105,0.8139],[104.6201,0.8374],[104.6244,0.8224],[104.6105,0.8139]]],[[[104.621,0.8084],[104.6332,0.8438],[104.648,0.8681],[104.668,0.8184],[104.621,0.8084]]],[[[104.6158,0.8446],[104.6195,0.8603],[104.6236,0.8497],[104.6158,0.8446]]],[[[104.689,0.8974],[104.6922,0.8474],[104.678,0.8462],[104.6613,0.8652],[104.689,0.8974]]],[[[104.6617,0.8795],[104.6284,0.8536],[104.6172,0.8706],[104.6246,0.8966],[104.6548,0.8946],[104.6617,0.8795]]],[[[106.2679,2.7261],[106.252,2.7116],[106.252,2.7206],[106.2679,2.7261]]],[[[106.1917,2.752],[106.1811,2.746],[106.1668,2.7619],[106.1917,2.752]]],[[[106.1932,2.8066],[106.2245,2.8072],[106.2454,2.7765],[106.2377,2.7631],[106.254,2.7614],[106.2425,2.7532],[106.2512,2.7273],[106.2027,2.7568],[106.223,2.7698],[106.1932,2.8066]]],[[[105.6808,2.9146],[105.6789,2.9201],[105.6956,2.9187],[105.6808,2.9146]]],[[[106.1222,2.9263],[106.1255,2.943],[106.1502,2.9217],[106.1222,2.9263]]],[[[105.8109,2.9446],[105.8288,2.9105],[105.7991,2.91],[105.8228,2.8899],[105.8001,2.8891],[105.7862,2.9067],[105.7689,2.8729],[105.7222,2.8735],[105.7703,2.84],[105.7268,2.8171],[105.6946,2.8507],[105.6971,2.9297],[105.7155,2.9624],[105.6934,2.9683],[105.7121,2.983],[105.6779,3.0068],[105.7011,3.0327],[105.6904,3.0607],[105.7052,3.0614],[105.7181,3.0329],[105.7392,3.0504],[105.7246,2.996],[105.7406,2.972],[105.7847,2.9726],[105.8,2.9995],[105.8513,2.987],[105.8413,2.969],[105.8521,2.9583],[105.8231,2.9702],[105.8109,2.9446]]],[[[106.1843,2.9573],[106.1833,2.946],[106.175,2.953],[106.1843,2.9573]]],[[[106.1593,2.9607],[106.1552,2.9653],[106.1593,2.9608],[106.1593,2.9607]]],[[[106.1653,2.9543],[106.1593,2.9608],[106.1653,2.9722],[106.1653,2.9543]]],[[[106.1479,2.9993],[106.1399,2.979],[106.1429,3.0038],[106.1479,2.9993]]],[[[105.9859,3.0302],[105.9697,3.0298],[105.9675,3.0706],[105.9812,3.0872],[105.9859,3.0302]]],[[[105.9531,3.0913],[105.9544,3.0725],[105.9474,3.0894],[105.9531,3.0913]]],[[[105.7011,3.0997],[105.7335,3.0912],[105.7301,3.0806],[105.7122,3.0758],[105.7011,3.0997]]],[[[105.5917,3.0833],[105.585,3.0922],[105.6082,3.0838],[105.5917,3.0833]]],[[[105.6443,3.1176],[105.6753,3.0931],[105.6448,3.0915],[105.6443,3.1176]]],[[[105.6932,3.1076],[105.6733,3.1148],[105.6855,3.1184],[105.6932,3.1076]]],[[[106.2935,3.1067],[106.3155,3.1685],[106.3155,3.1343],[106.3273,3.1568],[106.327,3.1423],[106.3405,3.1515],[106.3425,3.124],[106.3247,3.1245],[106.3075,3.088],[106.308,3.1178],[106.3012,3.1255],[106.2935,3.1067]]],[[[106.2742,3.0985],[106.26,3.0943],[106.2558,3.1195],[106.237,3.098],[106.2232,3.1295],[106.2113,3.121],[106.1982,3.23],[106.2134,3.2155],[106.2284,3.2302],[106.2523,3.2212],[106.2785,3.1932],[106.273,3.1728],[106.2862,3.18],[106.2777,3.08],[106.2742,3.0985]]],[[[106.2935,3.228],[106.3077,3.2243],[106.299,3.2182],[106.2935,3.228]]],[[[106.2968,3.2363],[106.2973,3.2735],[106.2993,3.2782],[106.304,3.2572],[106.2968,3.2363]]],[[[106.1999,3.3071],[106.2006,3.2948],[106.1927,3.2951],[106.1999,3.3071]]],[[[106.2292,3.2582],[106.2602,3.3598],[106.2673,3.3404],[106.2696,3.3788],[106.2819,3.3837],[106.3069,3.367],[106.2908,3.348],[106.285,3.251],[106.2729,3.2984],[106.259,3.2868],[106.284,3.2265],[106.2292,3.2582]]],[[[106.2233,3.3936],[106.2146,3.3577],[106.2384,3.3447],[106.2168,3.2969],[106.2013,3.3269],[106.1885,3.3005],[106.1721,3.3323],[106.201,3.3452],[106.2029,3.3801],[106.2233,3.3936]]],[[[106.3214,3.3261],[106.3418,3.4173],[106.3383,3.3515],[106.3214,3.3261]]],[[[106.2916,3.3897],[106.2771,3.3882],[106.2734,3.3967],[106.2769,3.402],[106.2916,3.3897]]],[[[107.209,0.1262],[107.2411,0.1458],[107.245,0.1377],[107.2308,0.1029],[107.2168,0.103],[107.209,0.1262]]],[[[107.5087,0.9412],[107.5021,0.93],[107.4959,0.9423],[107.5087,0.9412]]],[[[107.4807,0.9661],[107.4867,0.9547],[107.4819,0.9452],[107.4807,0.9661]]],[[[107.4223,0.9507],[107.4112,0.9585],[107.4185,0.968],[107.4223,0.9507]]],[[[107.4013,0.9848],[107.4125,0.9835],[107.4095,0.9778],[107.4013,0.9848]]],[[[107.5373,1.027],[107.602,0.994],[107.5625,0.9762],[107.5563,0.9505],[107.55,0.9625],[107.5736,1.0037],[107.5433,0.9718],[107.5535,0.9908],[107.5345,0.9922],[107.5373,1.027]]],[[[107.373,1.0156],[107.3672,1.0067],[107.3664,1.0247],[107.373,1.0156]]],[[[107.5178,1.0483],[107.4978,1.0435],[107.499,1.049],[107.5178,1.0483]]],[[[107.4177,1.1005],[107.3923,1.0953],[107.4032,1.1113],[107.4177,1.1005]]],[[[108.955,2.4807],[108.9392,2.4949],[108.9579,2.4987],[108.955,2.4807]]],[[[108.9963,2.4941],[108.9903,2.4893],[108.9831,2.5051],[108.9963,2.4941]]],[[[109.0083,2.5591],[109.0671,2.5223],[109.1179,2.5317],[109.1131,2.5042],[109.0821,2.4892],[109.0498,2.5024],[109.0278,2.4828],[109.0079,2.4886],[109.0336,2.5151],[109.0048,2.5311],[108.9816,2.5212],[108.9784,2.5543],[109.0083,2.5591]]],[[[108.8887,2.7266],[108.9209,2.7661],[108.9292,2.7608],[108.9108,2.735],[108.8887,2.7266]]],[[[108.7196,2.8976],[108.7252,2.9137],[108.7291,2.9083],[108.7196,2.8976]]],[[[108.8649,3.0113],[108.8892,3.0029],[108.8855,2.9446],[108.8704,2.9371],[108.8861,2.9371],[108.8847,2.8799],[108.8633,2.879],[108.8475,2.8514],[108.8135,2.8468],[108.7756,2.8918],[108.8318,2.9429],[108.8406,2.9989],[108.8649,3.0113]]],[[[107.7482,3.0053],[107.7982,3.0168],[107.814,2.9808],[107.7567,2.9722],[107.7482,3.0053]]],[[[106.409,3.014],[106.3942,3.0307],[106.4142,3.035],[106.409,3.014]]],[[[108.8433,3.0117],[108.8527,3.0232],[108.8348,3.044],[108.8419,3.0546],[108.8683,3.0398],[108.8697,3.0218],[108.8433,3.0117]]],[[[106.3555,3.0943],[106.3555,3.0575],[106.3492,3.0507],[106.3435,3.0762],[106.3555,3.0943]]],[[[106.4185,3.1538],[106.4375,3.1378],[106.4355,3.1285],[106.403,3.1368],[106.4185,3.1538]]],[[[106.3953,3.1355],[106.3817,3.144],[106.3923,3.1517],[106.3953,3.1355]]],[[[106.4055,3.1593],[106.4022,3.1475],[106.3975,3.1515],[106.4055,3.1593]]],[[[106.3672,3.1902],[106.3692,3.1768],[106.3642,3.1618],[106.3672,3.1902]]],[[[106.4327,3.1892],[106.442,3.1935],[106.4373,3.1695],[106.4327,3.1892]]],[[[106.4985,3.1843],[106.4868,3.2115],[106.501,3.2012],[106.4985,3.1843]]],[[[106.4565,3.2262],[106.4375,3.2405],[106.452,3.2515],[106.4565,3.2262]]],[[[106.4153,3.3],[106.4133,3.2695],[106.4062,3.2788],[106.4153,3.3]]],[[[106.428,3.3743],[106.4409,3.3952],[106.4351,3.3747],[106.428,3.3743]]],[[[108.0425,3.5925],[108.0485,3.5617],[108.0399,3.5582],[108.0337,3.5697],[108.0425,3.5925]]],[[[108.0945,3.5764],[108.0826,3.5728],[108.0828,3.5831],[108.0945,3.5764]]],[[[108.1001,3.6374],[108.1259,3.623],[108.1024,3.5869],[108.0841,3.5969],[108.0662,3.5863],[108.1001,3.6374]]],[[[108.0689,3.6698],[108.0863,3.643],[108.0548,3.6294],[108.0478,3.6679],[108.0689,3.6698]]],[[[108.0857,3.6821],[108.0764,3.6886],[108.09,3.6931],[108.0857,3.6821]]],[[[108.2234,3.7847],[108.2296,3.789],[108.2387,3.7739],[108.2234,3.7847]]],[[[108.0406,3.7684],[108.0122,3.7777],[108.0152,3.8029],[107.9985,3.8156],[108.0244,3.8101],[108.0406,3.7684]]],[[[107.9105,3.8814],[107.8967,3.8905],[107.8947,3.9127],[107.9188,3.9038],[107.9105,3.8814]]],[[[108.2953,3.6574],[108.1997,3.6569],[108.1568,3.6292],[108.1275,3.6739],[108.0941,3.6766],[108.1177,3.745],[108.1487,3.744],[108.1551,3.7649],[108.2011,3.7724],[108.2757,3.715],[108.2303,3.8214],[108.2229,3.7893],[108.061,3.8349],[108.0188,3.8803],[108.0293,3.9055],[107.9908,3.9411],[107.994,3.9828],[107.9626,4.005],[108.0147,4.0277],[108.0232,4.0563],[108.0636,4.0647],[108.2258,4.2329],[108.2423,4.2159],[108.2259,4.1903],[108.2347,4.1279],[108.2612,4.095],[108.3003,4.0848],[108.2957,4.0548],[108.4021,3.9662],[108.382,3.9295],[108.3901,3.8966],[108.3543,3.9011],[108.3782,3.8783],[108.3774,3.8565],[108.4071,3.8866],[108.3873,3.7933],[108.3369,3.7653],[108.3046,3.7165],[108.2953,3.6574]]],[[[107.8442,4.116],[107.848,4.1413],[107.8697,4.1566],[107.862,4.1249],[107.8442,4.116]]],[[[108.2093,4.268],[108.1891,4.2339],[108.199,4.2632],[108.2093,4.268]]],[[[108.0076,4.7741],[107.9657,4.6701],[107.9275,4.6835],[108.0076,4.7741]]]]}},{"type":"Feature","properties":{"kode":"31","nama":"Daerah Khusus Ibukota Jakarta","prov_kode":"31"},"geometry":{"type":"MultiPolygon","coordinates":[[[[106.9703,-6.0911],[106.9705,-6.1994],[106.944,-6.2524],[106.9043,-6.262],[106.9218,-6.3034],[106.9162,-6.3629],[106.8827,-6.3724],[106.8397,-6.3351],[106.836,-6.3545],[106.7938,-6.3644],[106.8091,-6.3146],[106.7768,-6.3153],[106.7445,-6.2291],[106.7182,-6.2241],[106.7244,-6.1849],[106.6882,-6.1725],[106.6876,-6.0969],[106.7262,-6.0889],[106.7404,-6.1019],[106.7845,-6.1087],[106.7933,-6.0928],[106.7964,-6.1089],[106.8037,-6.0945],[106.8119,-6.1227],[106.8405,-6.1238],[106.8589,-6.1144],[106.8573,-6.1134],[106.8534,-6.1161],[106.8428,-6.1186],[106.842,-6.1182],[106.8408,-6.1111],[106.8636,-6.1141],[106.8791,-6.0951],[106.8924,-6.1069],[106.9703,-6.0911]]],[[[106.7509,-6.0982],[106.741,-6.088],[106.7578,-6.0778],[106.7509,-6.0982]]]]}},{"type":"Feature","properties":{"kode":"32","nama":"Jawa Barat","prov_kode":"32"},"geometry":{"type":"Polygon","coordinates":[[[106.3956,-6.9802],[106.3929,-6.9006],[106.4293,-6.8637],[106.4368,-6.8211],[106.5263,-6.7679],[106.466,-6.7486],[106.4292,-6.681],[106.4304,-6.5905],[106.4046,-6.5211],[106.4012,-6.4557],[106.436,-6.4499],[106.4529,-6.4284],[106.4278,-6.377],[106.438,-6.3327],[106.4693,-6.3036],[106.4835,-6.3227],[106.4764,-6.3492],[106.4936,-6.3555],[106.5296,-6.347],[106.5148,-6.3246],[106.6034,-6.362],[106.7695,-6.3614],[106.7798,-6.3166],[106.8069,-6.3148],[106.798,-6.3649],[106.8352,-6.355],[106.8457,-6.337],[106.8874,-6.3726],[106.9155,-6.3632],[106.9217,-6.3038],[106.9054,-6.2601],[106.9408,-6.2538],[106.9738,-6.1882],[106.9704,-6.09],[107.014,-6.0761],[106.9831,-6.0526],[107.0138,-6.028],[106.9938,-6.028],[106.9887,-6.0057],[107.0157,-5.9805],[107.0084,-5.9426],[106.9906,-5.9423],[107.0113,-5.919],[107.0981,-5.9372],[107.1586,-5.9869],[107.2725,-5.9599],[107.3405,-5.9696],[107.3864,-6.0145],[107.4668,-6.1487],[107.5393,-6.1821],[107.621,-6.189],[107.6644,-6.2514],[107.7637,-6.2202],[107.8154,-6.1867],[107.8504,-6.1891],[107.8551,-6.2123],[107.8871,-6.1819],[107.8878,-6.2268],[107.9032,-6.2436],[108.1253,-6.3347],[108.2083,-6.2707],[108.2021,-6.2419],[108.1746,-6.2235],[108.2988,-6.2494],[108.336,-6.2738],[108.3446,-6.2472],[108.3592,-6.2612],[108.3573,-6.2492],[108.3831,-6.354],[108.4616,-6.4423],[108.538,-6.4833],[108.5603,-6.683],[108.6018,-6.7631],[108.6334,-6.7697],[108.6505,-6.7482],[108.6767,-6.7642],[108.6881,-6.8022],[108.75,-6.8143],[108.8041,-6.7835],[108.7998,-6.7525],[108.8314,-6.7489],[108.8685,-6.8065],[108.8848,-6.8094],[108.881,-6.8718],[108.8113,-6.956],[108.8164,-7.0219],[108.8531,-7.0455],[108.833,-7.1487],[108.7862,-7.1562],[108.7544,-7.1931],[108.6801,-7.1804],[108.6207,-7.2134],[108.6411,-7.2704],[108.6118,-7.329],[108.6142,-7.3734],[108.6417,-7.3917],[108.7169,-7.386],[108.7346,-7.4109],[108.776,-7.4788],[108.7743,-7.5296],[108.8097,-7.6028],[108.7916,-7.6563],[108.8048,-7.6737],[108.7839,-7.703],[108.7768,-7.6888],[108.6853,-7.6789],[108.6591,-7.7016],[108.6724,-7.7279],[108.6354,-7.6867],[108.5392,-7.6909],[108.5031,-7.7107],[108.5079,-7.7649],[108.4754,-7.8067],[108.4424,-7.8198],[108.2982,-7.8126],[107.9392,-7.7329],[107.8481,-7.7369],[107.8067,-7.6875],[107.692,-7.6685],[107.6772,-7.63],[107.6017,-7.5711],[107.4805,-7.5354],[107.4726,-7.5174],[107.3998,-7.4924],[107.2415,-7.4873],[107.0401,-7.4482],[106.5604,-7.4166],[106.4387,-7.3605],[106.4077,-7.3795],[106.3967,-7.3314],[106.3733,-7.3077],[106.377,-7.2385],[106.4005,-7.1881],[106.4642,-7.1796],[106.4498,-7.1518],[106.4575,-7.13],[106.5451,-7.0554],[106.5416,-6.9863],[106.5131,-6.9664],[106.4424,-6.953],[106.3956,-6.9802]]]}},{"type":"Feature","properties":{"kode":"33","nama":"Jawa Tengah","prov_kode":"33"},"geometry":{"type":"MultiPolygon","coordinates":[[[[108.6406,-7.2682],[108.6217,-7.2103],[108.6801,-7.1804],[108.7532,-7.1937],[108.7845,-7.1576],[108.833,-7.1487],[108.8374,-7.0818],[108.8548,-7.0495],[108.8164,-7.0219],[108.8113,-6.956],[108.881,-6.8718],[108.8852,-6.8115],[108.9516,-6.8285],[108.9691,-6.8054],[109.0404,-6.8043],[109.0682,-6.784],[109.089,-6.829],[109.1194,-6.8469],[109.1618,-6.843],[109.1902,-6.8604],[109.2915,-6.8734],[109.4417,-6.8404],[109.5204,-6.774],[109.5753,-6.8367],[109.6574,-6.848],[109.8661,-6.9145],[109.995,-6.9227],[110.1295,-6.8817],[110.1705,-6.8441],[110.216,-6.8593],[110.25,-6.9068],[110.3559,-6.9542],[110.4187,-6.9376],[110.4253,-6.9546],[110.4235,-6.9416],[110.4366,-6.9509],[110.4636,-6.9312],[110.4735,-6.9426],[110.5218,-6.8366],[110.5754,-6.7727],[110.5367,-6.769],[110.5403,-6.7463],[110.5594,-6.7519],[110.5492,-6.7296],[110.562,-6.7188],[110.5846,-6.7315],[110.6466,-6.65],[110.645,-6.5832],[110.6617,-6.5741],[110.6447,-6.5574],[110.6831,-6.5205],[110.6652,-6.5043],[110.6891,-6.4994],[110.7352,-6.4431],[110.7278,-6.4335],[110.753,-6.4424],[110.8349,-6.4092],[110.9172,-6.4031],[111.0465,-6.4263],[111.0617,-6.5155],[111.1188,-6.6261],[111.2175,-6.6827],[111.3804,-6.7023],[111.4611,-6.6645],[111.4664,-6.6411],[111.4956,-6.6237],[111.5651,-6.6415],[111.6772,-6.7415],[111.6364,-6.8453],[111.6071,-6.853],[111.6147,-6.9063],[111.5782,-6.959],[111.5711,-7.0954],[111.6216,-7.1346],[111.615,-7.1511],[111.6015,-7.1448],[111.5871,-7.183],[111.5643,-7.1888],[111.5671,-7.2054],[111.549,-7.2053],[111.5044,-7.2476],[111.4863,-7.245],[111.4877,-7.2613],[111.4512,-7.2484],[111.4503,-7.2756],[111.4379,-7.2701],[111.4419,-7.2894],[111.4245,-7.3073],[111.4579,-7.3224],[111.4461,-7.3368],[111.4629,-7.3438],[111.4428,-7.3548],[111.4605,-7.3539],[111.4612,-7.3846],[111.4325,-7.3982],[111.4256,-7.3818],[111.4058,-7.3978],[111.302,-7.306],[111.2337,-7.2829],[111.2147,-7.2576],[111.1461,-7.2686],[111.1341,-7.3048],[111.1449,-7.3673],[111.1192,-7.4231],[111.1538,-7.5084],[111.1458,-7.5624],[111.1944,-7.6279],[111.1821,-7.7125],[111.2302,-7.7512],[111.2843,-7.754],[111.2779,-7.7878],[111.3132,-7.8525],[111.2512,-7.9504],[111.1839,-7.9218],[111.141,-7.9388],[111.1466,-7.9549],[111.124,-7.9742],[111.1366,-8.0219],[111.1175,-8.0352],[111.1148,-8.0663],[111.0968,-8.0689],[111.0798,-8.0492],[111.033,-8.0852],[110.9541,-8.0697],[110.911,-8.1271],[110.8972,-8.2118],[110.8337,-8.2006],[110.8387,-8.179],[110.8173,-8.1613],[110.8296,-8.1395],[110.7975,-8.1622],[110.7859,-8.151],[110.7787,-8.0686],[110.7556,-8.0247],[110.7847,-7.8162],[110.7709,-7.808],[110.7519,-7.8234],[110.7134,-7.7903],[110.6914,-7.8083],[110.6727,-7.7865],[110.6564,-7.8038],[110.6517,-7.7933],[110.5857,-7.8079],[110.5697,-7.784],[110.5343,-7.7971],[110.4948,-7.7675],[110.4468,-7.5434],[110.3049,-7.6548],[110.274,-7.7039],[110.2553,-7.6424],[110.1315,-7.6542],[110.1174,-7.6701],[110.1373,-7.6913],[110.1301,-7.744],[110.0626,-7.8131],[110.0334,-7.8945],[109.5506,-7.7708],[109.4693,-7.7605],[109.4116,-7.7763],[109.3868,-7.7534],[109.3932,-7.7259],[109.2869,-7.7018],[109.102,-7.6861],[109.0608,-7.6956],[109.0201,-7.74],[109.0219,-7.7628],[109.0465,-7.764],[109.041,-7.7854],[108.8615,-7.7409],[108.7849,-7.7366],[108.8003,-7.717],[108.7839,-7.703],[108.8048,-7.6737],[108.7901,-7.6602],[108.8096,-7.6043],[108.7732,-7.5258],[108.7758,-7.4749],[108.7166,-7.3891],[108.6417,-7.3917],[108.6157,-7.3766],[108.6118,-7.329],[108.6406,-7.2682]]],[[[110.6074,-5.8488],[110.6009,-5.8665],[110.6018,-5.8401],[110.6074,-5.8488]]],[[[110.4741,-5.7931],[110.4942,-5.8175],[110.4832,-5.8333],[110.4683,-5.828],[110.476,-5.8512],[110.4481,-5.8633],[110.4486,-5.8894],[110.41,-5.8409],[110.4742,-5.8206],[110.4513,-5.8054],[110.482,-5.7701],[110.4741,-5.7931]],[[110.4767,-5.8124],[110.4755,-5.8087],[110.4751,-5.8127],[110.4767,-5.8124]],[[110.4762,-5.8023],[110.4719,-5.7978],[110.4755,-5.8087],[110.4762,-5.8023]]],[[[110.1877,-5.8199],[110.1814,-5.8185],[110.1906,-5.8094],[110.1877,-5.8199]]],[[[110.2488,-5.7257],[110.2469,-5.7621],[110.2311,-5.7376],[110.2488,-5.7257]]]]}},{"type":"Feature","properties":{"kode":"34","nama":"Daerah Istimewa Yogyakarta","prov_kode":"34"},"geometry":{"type":"Polygon","coordinates":[[[110.0035,-7.8884],[110.0432,-7.884],[110.0626,-7.8131],[110.1285,-7.7487],[110.1382,-7.6939],[110.1183,-7.6711],[110.1411,-7.6455],[110.2623,-7.6454],[110.2707,-7.7032],[110.3035,-7.6559],[110.4452,-7.5434],[110.4918,-7.7665],[110.5307,-7.7979],[110.5621,-7.7823],[110.5857,-7.8079],[110.6609,-7.8016],[110.6727,-7.7865],[110.6857,-7.8067],[110.7088,-7.8053],[110.7117,-7.7914],[110.7562,-7.8246],[110.7653,-7.8094],[110.7847,-7.8162],[110.756,-8.0265],[110.7785,-8.0675],[110.7859,-8.151],[110.7975,-8.1622],[110.83,-8.1362],[110.816,-8.1652],[110.8374,-8.1765],[110.8348,-8.2029],[110.7082,-8.2007],[110.7054,-8.1843],[110.4342,-8.099],[110.3741,-8.0696],[110.3446,-8.0326],[110.2209,-7.9914],[110.0035,-7.8884]]]}},{"type":"Feature","properties":{"kode":"35","nama":"Jawa Timur","prov_kode":"35"},"geometry":{"type":"MultiPolygon","coordinates":[[[[113.2643,-8.4888],[113.2962,-8.4444],[113.3977,-8.455],[113.4158,-8.4704],[113.4106,-8.4899],[113.3031,-8.5089],[113.2643,-8.4888]]],[[[112.6846,-8.4375],[112.7092,-8.4325],[112.7131,-8.459],[112.6804,-8.4557],[112.6846,-8.4375]]],[[[110.9541,-8.0697],[111.033,-8.0852],[111.0798,-8.0492],[111.1128,-8.0695],[111.1175,-8.0352],[111.1364,-8.0236],[111.124,-7.9742],[111.1466,-7.9549],[111.141,-7.9388],[111.1839,-7.9218],[111.2512,-7.9504],[111.3132,-7.8525],[111.2779,-7.7878],[111.2843,-7.754],[111.2302,-7.7512],[111.1821,-7.7125],[111.1944,-7.6279],[111.1458,-7.5624],[111.1537,-7.5051],[111.1186,-7.4141],[111.1451,-7.3693],[111.1341,-7.3048],[111.1461,-7.2686],[111.2147,-7.2576],[111.2337,-7.2829],[111.302,-7.306],[111.4058,-7.3978],[111.4127,-7.385],[111.4396,-7.3991],[111.4612,-7.3846],[111.4605,-7.3539],[111.4469,-7.3609],[111.4421,-7.3491],[111.4621,-7.3424],[111.4482,-7.3393],[111.4578,-7.324],[111.4245,-7.3073],[111.4512,-7.2484],[111.4647,-7.2631],[111.4905,-7.2596],[111.4889,-7.2425],[111.5404,-7.2279],[111.6216,-7.1346],[111.5682,-7.0978],[111.5782,-6.959],[111.6147,-6.9063],[111.6071,-6.853],[111.6364,-6.8453],[111.6761,-6.7437],[111.7155,-6.7681],[111.8437,-6.8012],[111.9653,-6.7623],[112.0509,-6.8852],[112.1213,-6.9016],[112.1719,-6.8978],[112.2248,-6.8721],[112.3312,-6.864],[112.3916,-6.8754],[112.4148,-6.8644],[112.5144,-6.9068],[112.5416,-6.877],[112.5222,-6.8676],[112.5403,-6.8605],[112.5467,-6.8356],[112.5776,-6.8523],[112.5851,-6.8878],[112.602,-6.8906],[112.6056,-6.8756],[112.6198,-6.9097],[112.6106,-6.9235],[112.5966,-6.914],[112.5931,-6.929],[112.6181,-6.9974],[112.6494,-7.0188],[112.6526,-7.0478],[112.6204,-7.1086],[112.6467,-7.1117],[112.6244,-7.1113],[112.6245,-7.1258],[112.6602,-7.1462],[112.6744,-7.1753],[112.6601,-7.207],[112.686,-7.186],[112.6689,-7.2191],[112.7189,-7.2308],[112.7053,-7.1969],[112.7206,-7.21],[112.7343,-7.1962],[112.7378,-7.2189],[112.7354,-7.1969],[112.7626,-7.1957],[112.8438,-7.2788],[112.8259,-7.3431],[112.8424,-7.3326],[112.8405,-7.4777],[112.8146,-7.4767],[112.8706,-7.5329],[112.8686,-7.5745],[112.9083,-7.6286],[112.958,-7.6226],[112.9837,-7.6571],[113.0287,-7.6446],[113.1084,-7.72],[113.1511,-7.7408],[113.18,-7.7259],[113.1851,-7.7466],[113.2249,-7.7252],[113.2267,-7.7385],[113.2545,-7.7393],[113.2792,-7.7832],[113.3045,-7.7687],[113.3395,-7.777],[113.3798,-7.7382],[113.4376,-7.7346],[113.4904,-7.6971],[113.6619,-7.7357],[113.7125,-7.7072],[113.7575,-7.738],[113.7946,-7.7284],[113.8371,-7.6863],[113.9329,-7.699],[113.9392,-7.6784],[114.0408,-7.605],[114.1078,-7.7068],[114.2078,-7.7179],[114.2411,-7.6981],[114.2911,-7.7462],[114.3759,-7.7514],[114.4431,-7.7936],[114.4672,-7.8353],[114.4639,-7.8893],[114.4211,-7.9258],[114.431,-8.0596],[114.398,-8.1243],[114.3902,-8.2352],[114.3649,-8.2844],[114.3393,-8.4273],[114.3657,-8.4925],[114.344,-8.5188],[114.3588,-8.5495],[114.3715,-8.5435],[114.3883,-8.4474],[114.4081,-8.5686],[114.4391,-8.6305],[114.4531,-8.64],[114.4789,-8.6182],[114.5132,-8.6494],[114.5679,-8.6591],[114.6056,-8.7166],[114.5884,-8.7632],[114.5364,-8.7805],[114.444,-8.7526],[114.3664,-8.7496],[114.3426,-8.7349],[114.3727,-8.7146],[114.3719,-8.6752],[114.3125,-8.6211],[114.2414,-8.6004],[114.2167,-8.6445],[114.095,-8.6149],[114.06,-8.6262],[114.0497,-8.6465],[114.0151,-8.5899],[113.9583,-8.6133],[113.9489,-8.6008],[113.9693,-8.583],[113.9444,-8.5583],[113.9091,-8.5778],[113.8368,-8.5511],[113.8321,-8.5273],[113.807,-8.5553],[113.8117,-8.5002],[113.798,-8.4906],[113.716,-8.5256],[113.7145,-8.4835],[113.6488,-8.4947],[113.6417,-8.457],[113.6182,-8.4421],[113.4821,-8.4136],[113.471,-8.3829],[113.4311,-8.3792],[113.3875,-8.3985],[113.3299,-8.3202],[113.2302,-8.2825],[113.0765,-8.2884],[112.9767,-8.3275],[112.9166,-8.3986],[112.8997,-8.3805],[112.898,-8.4027],[112.8439,-8.402],[112.8481,-8.3771],[112.8369,-8.3855],[112.8303,-8.3705],[112.8142,-8.4007],[112.7718,-8.3873],[112.7664,-8.4135],[112.7433,-8.4255],[112.7113,-8.4175],[112.6523,-8.4474],[112.5571,-8.4026],[112.4429,-8.3976],[112.3747,-8.375],[112.3282,-8.3316],[112.2316,-8.3463],[112.2148,-8.3232],[112.0328,-8.3181],[111.9516,-8.2783],[111.9347,-8.3079],[111.8974,-8.3031],[111.8626,-8.2696],[111.8357,-8.2613],[111.8372,-8.2816],[111.7958,-8.256],[111.7743,-8.2602],[111.7801,-8.3244],[111.7549,-8.3394],[111.7335,-8.2907],[111.7119,-8.2927],[111.7137,-8.3214],[111.6894,-8.3364],[111.7227,-8.3686],[111.7022,-8.3834],[111.6676,-8.3562],[111.6527,-8.3666],[111.6478,-8.3515],[111.6287,-8.3521],[111.6223,-8.3216],[111.6077,-8.3384],[111.5982,-8.322],[111.5721,-8.3344],[111.5544,-8.3064],[111.5303,-8.332],[111.477,-8.3071],[111.4559,-8.3186],[111.4518,-8.2738],[111.4296,-8.2595],[111.4116,-8.278],[111.364,-8.2622],[111.3265,-8.2734],[111.304,-8.2573],[111.2926,-8.2718],[111.2616,-8.2479],[111.1557,-8.283],[111.1012,-8.2533],[111.0936,-8.2218],[111.0749,-8.2244],[111.0739,-8.247],[111.0297,-8.2565],[110.8972,-8.2118],[110.911,-8.1271],[110.9541,-8.0697]]],[[[113.2219,-7.3094],[113.2062,-7.3117],[113.2032,-7.3077],[113.2219,-7.3094]]],[[[113.7945,-7.2358],[113.7541,-7.2071],[113.8123,-7.2191],[113.7945,-7.2358]]],[[[113.9556,-7.2303],[113.9273,-7.2028],[113.89,-7.2118],[113.8823,-7.1965],[113.9269,-7.1746],[113.9556,-7.2303]]],[[[114.6831,-7.1613],[114.657,-7.1702],[114.6676,-7.1588],[114.6831,-7.1613]]],[[[114.5168,-7.145],[114.5544,-7.1312],[114.6036,-7.1367],[114.6166,-7.1521],[114.5766,-7.1646],[114.5519,-7.1407],[114.5168,-7.145]]],[[[114.5104,-7.1517],[114.4811,-7.1572],[114.4749,-7.1441],[114.4963,-7.1368],[114.5104,-7.1517]]],[[[114.4063,-7.1699],[114.3694,-7.1801],[114.3151,-7.1609],[114.2728,-7.0887],[114.3,-7.0607],[114.3368,-7.0576],[114.3729,-7.0917],[114.4063,-7.1699]]],[[[114.0639,-7.1081],[113.9428,-7.0888],[113.9396,-7.0628],[114.0493,-7.0744],[114.0639,-7.1081]]],[[[113.8925,-7.1327],[113.6748,-7.1093],[113.6438,-7.1299],[113.6058,-7.1263],[113.5743,-7.1611],[113.5504,-7.2306],[113.5098,-7.254],[113.5037,-7.2294],[113.4702,-7.2216],[113.3267,-7.2142],[113.1709,-7.2277],[113.1543,-7.2065],[113.1449,-7.2243],[113.0935,-7.2277],[112.8633,-7.1627],[112.7982,-7.1574],[112.7205,-7.1742],[112.6918,-7.1548],[112.7058,-7.0989],[112.6736,-7.0731],[112.6832,-7.0317],[112.7187,-7.0396],[112.7868,-6.9858],[112.8307,-6.906],[113.0114,-6.8806],[113.1144,-6.8945],[113.5059,-6.8971],[113.7931,-6.8858],[113.9061,-6.8637],[113.9663,-6.8726],[114.1007,-6.9341],[114.1255,-6.9778],[114.0383,-7.0128],[113.9894,-7.0089],[113.9572,-7.0472],[113.9166,-7.013],[113.9471,-7.0536],[113.9171,-7.043],[113.8711,-7.0933],[113.8925,-7.1327]]],[[[114.1835,-7.001],[114.1615,-6.9992],[114.1776,-6.9646],[114.1874,-6.9747],[114.1835,-7.001]]],[[[115.2606,-6.9734],[115.2621,-6.9849],[115.2455,-6.9721],[115.2606,-6.9734]]],[[[112.6703,-5.8551],[112.6295,-5.8429],[112.6208,-5.8713],[112.6214,-5.8554],[112.5805,-5.8425],[112.5716,-5.804],[112.6165,-5.7528],[112.6432,-5.7324],[112.6702,-5.7371],[112.686,-5.7157],[112.7267,-5.7391],[112.7416,-5.7893],[112.7342,-5.8306],[112.6703,-5.8551]]],[[[114.4233,-5.5897],[114.3944,-5.5684],[114.4079,-5.5326],[114.4162,-5.5494],[114.4522,-5.5521],[114.4382,-5.5849],[114.4233,-5.5897]]],[[[114.4177,-5.4342],[114.4308,-5.4426],[114.4323,-5.4539],[114.4218,-5.4512],[114.4177,-5.4342]]],[[[114.6045,-5.0973],[114.5892,-5.0603],[114.6066,-5.0442],[114.6119,-5.075],[114.6045,-5.0973]]],[[[115.7551,-7.1438],[115.7783,-7.1579],[115.7923,-7.1421],[115.8464,-7.1709],[115.8926,-7.1656],[115.8951,-7.1875],[115.828,-7.2064],[115.7576,-7.174],[115.7415,-7.1549],[115.7551,-7.1438]]],[[[115.9031,-7.1046],[115.9032,-7.1156],[115.8997,-7.1715],[115.9031,-7.1046]]],[[[115.7514,-7.1008],[115.7612,-7.0846],[115.7656,-7.0944],[115.7514,-7.1008]]],[[[115.7117,-7.0617],[115.6857,-7.0674],[115.6861,-7.0567],[115.7117,-7.0617]]],[[[115.6718,-7.0593],[115.651,-7.0621],[115.6484,-7.0458],[115.6628,-7.0433],[115.6718,-7.0593]]],[[[115.6353,-7.0425],[115.6269,-7.0627],[115.6154,-7.055],[115.6353,-7.0425]]],[[[115.6052,-7.0482],[115.5954,-7.0408],[115.6009,-7.0367],[115.6052,-7.0482]]],[[[115.5341,-7.0313],[115.5052,-7.0147],[115.5225,-7.014],[115.5184,-6.9998],[115.5442,-7.0089],[115.5341,-7.0313]]],[[[115.4764,-7.0049],[115.4367,-7.0003],[115.4258,-6.9851],[115.4558,-6.9866],[115.4764,-7.0049]]],[[[115.5719,-6.9753],[115.5689,-6.9572],[115.5818,-6.9621],[115.5739,-6.95],[115.5893,-6.9416],[115.6439,-6.9693],[115.683,-7.0137],[115.5719,-6.9753]]],[[[115.9334,-6.9559],[115.9032,-6.9616],[115.9006,-6.9524],[115.9334,-6.9559]]],[[[115.874,-6.9622],[115.8736,-6.9392],[115.8833,-6.9526],[115.874,-6.9622]]],[[[115.7782,-6.9624],[115.7884,-6.9367],[115.7956,-6.9553],[115.7782,-6.9624]]],[[[116.2355,-6.9386],[116.2618,-6.9339],[116.2688,-6.9377],[116.2499,-6.9501],[116.2355,-6.9386]]],[[[115.4163,-6.9408],[115.4106,-6.9344],[115.4118,-6.9339],[115.4163,-6.9408]]],[[[116.2636,-6.9335],[116.2618,-6.9339],[116.2523,-6.9286],[116.2636,-6.9335]]],[[[115.2647,-6.9866],[115.2715,-6.9351],[115.2105,-6.9354],[115.2062,-6.8993],[115.2406,-6.887],[115.2496,-6.8441],[115.2276,-6.8378],[115.2462,-6.8271],[115.407,-6.8378],[115.5221,-6.884],[115.5759,-6.9319],[115.548,-6.959],[115.5005,-6.9475],[115.4567,-6.906],[115.4118,-6.9339],[115.3666,-6.8939],[115.3606,-6.9238],[115.3498,-6.9105],[115.3208,-6.9193],[115.3355,-6.95],[115.3785,-6.9566],[115.3897,-6.9721],[115.3741,-6.9759],[115.4042,-6.9889],[115.3313,-6.9948],[115.3166,-6.9711],[115.3333,-6.9894],[115.3285,-6.96],[115.2981,-6.9478],[115.2825,-6.973],[115.2897,-7.0094],[115.2647,-6.9866]]]]}},{"type":"Feature","properties":{"kode":"36","nama":"Banten","prov_kode":"36"},"geometry":{"type":"MultiPolygon","coordinates":[[[[105.5526,-7.0263],[105.5312,-7.0313],[105.5369,-7.0218],[105.5526,-7.0263]]],[[[105.55,-6.9953],[105.5693,-7.0065],[105.5632,-7.0161],[105.524,-7.0126],[105.55,-6.9953]]],[[[105.7719,-6.9738],[105.7666,-6.9665],[105.8188,-6.9503],[105.7719,-6.9738]]],[[[105.2532,-6.7524],[105.2472,-6.7265],[105.2675,-6.7391],[105.2532,-6.7524]]],[[[105.1708,-6.5756],[105.1292,-6.6206],[105.1122,-6.6046],[105.0998,-6.616],[105.1654,-6.552],[105.2663,-6.5239],[105.2395,-6.5695],[105.2607,-6.6002],[105.2442,-6.6327],[105.2253,-6.6414],[105.2196,-6.6278],[105.1847,-6.6763],[105.1702,-6.6611],[105.1932,-6.6185],[105.1708,-6.5756]]],[[[106.7206,-6.1841],[106.7181,-6.2217],[106.7433,-6.2287],[106.7793,-6.3176],[106.7711,-6.3576],[106.5955,-6.3626],[106.5775,-6.339],[106.5228,-6.3252],[106.5129,-6.3292],[106.5269,-6.3491],[106.4969,-6.3561],[106.4764,-6.3479],[106.484,-6.3247],[106.4693,-6.3044],[106.4256,-6.3495],[106.4537,-6.4161],[106.4373,-6.4501],[106.403,-6.4531],[106.4046,-6.5192],[106.4304,-6.5917],[106.4297,-6.683],[106.469,-6.7515],[106.5251,-6.7649],[106.438,-6.8184],[106.4287,-6.8648],[106.3934,-6.9023],[106.397,-6.9791],[106.3808,-6.9938],[106.3069,-6.9941],[106.2999,-6.9778],[106.2424,-6.9575],[106.2382,-6.9316],[106.1081,-6.8827],[106.0601,-6.8334],[105.9834,-6.8131],[105.906,-6.82],[105.8935,-6.8294],[105.9015,-6.8423],[105.8854,-6.8458],[105.8622,-6.8332],[105.7743,-6.8506],[105.709,-6.8365],[105.6406,-6.8436],[105.6493,-6.8384],[105.5376,-6.874],[105.48,-6.8652],[105.4347,-6.8356],[105.4117,-6.8525],[105.4011,-6.8267],[105.3272,-6.8034],[105.2976,-6.804],[105.2727,-6.8433],[105.2377,-6.836],[105.239,-6.7974],[105.2124,-6.7469],[105.2627,-6.7613],[105.3291,-6.6968],[105.3278,-6.6677],[105.3689,-6.6473],[105.4002,-6.7156],[105.3882,-6.7388],[105.4354,-6.7759],[105.4423,-6.8212],[105.4678,-6.8281],[105.4999,-6.7925],[105.5074,-6.7293],[105.5718,-6.6798],[105.5682,-6.6584],[105.594,-6.6512],[105.6157,-6.6207],[105.6169,-6.5576],[105.6515,-6.4806],[105.6752,-6.4751],[105.6741,-6.5093],[105.7147,-6.5326],[105.7694,-6.5177],[105.7959,-6.492],[105.8232,-6.4346],[105.8257,-6.4008],[105.8071,-6.4071],[105.8233,-6.3907],[105.8282,-6.3196],[105.841,-6.3093],[105.8257,-6.2415],[105.8821,-6.0738],[105.9702,-6.0149],[105.9959,-5.975],[105.993,-5.9237],[106.0409,-5.8759],[106.075,-5.8841],[106.1005,-5.9119],[106.1145,-5.9331],[106.1009,-5.987],[106.1747,-6.0274],[106.1697,-6.0362],[106.2187,-6.0209],[106.2603,-5.9554],[106.325,-5.9859],[106.3543,-5.9614],[106.3632,-5.978],[106.391,-5.9795],[106.4103,-6.0236],[106.4829,-6.0468],[106.5352,-6.0105],[106.5779,-6.0317],[106.6396,-6.0042],[106.6627,-6.0215],[106.6791,-6.0126],[106.7108,-6.0377],[106.7262,-6.0889],[106.6881,-6.0999],[106.6882,-6.1725],[106.7206,-6.1841]]],[[[105.9597,-6.0079],[105.9587,-6.0125],[105.9564,-6.012],[105.9597,-6.0079]]],[[[105.8525,-5.9799],[105.8298,-5.9507],[105.8592,-5.9388],[105.8648,-5.9702],[105.8525,-5.9799]]],[[[106.1552,-5.9448],[106.1414,-5.9383],[106.1395,-5.9215],[106.1661,-5.9282],[106.1552,-5.9448]]],[[[106.2955,-5.8124],[106.2588,-5.8119],[106.266,-5.8078],[106.2955,-5.8124]]]]}},{"type":"Feature","properties":{"kode":"51","nama":"Bali","prov_kode":"51"},"geometry":{"type":"MultiPolygon","coordinates":[[[[115.4513,-8.7451],[115.4493,-8.7207],[115.4908,-8.6736],[115.5595,-8.6719],[115.6285,-8.7699],[115.5846,-8.8184],[115.4513,-8.7451]]],[[[115.2248,-8.7503],[115.2379,-8.7216],[115.238,-8.7351],[115.2509,-8.7303],[115.2248,-8.7503]]],[[[115.443,-8.7121],[115.448,-8.6982],[115.4629,-8.6876],[115.443,-8.7121]]],[[[115.4284,-8.6862],[115.4491,-8.6648],[115.4711,-8.6681],[115.4438,-8.6944],[115.4284,-8.6862]]],[[[114.7347,-8.3964],[114.5819,-8.3981],[114.4473,-8.2163],[114.4344,-8.1643],[114.442,-8.1846],[114.4766,-8.1668],[114.4448,-8.1547],[114.4365,-8.0967],[114.4907,-8.0941],[114.5236,-8.1549],[114.5538,-8.1322],[114.5667,-8.1418],[114.5621,-8.1314],[114.5843,-8.1203],[114.5929,-8.1384],[114.6259,-8.1279],[114.8625,-8.1964],[114.9977,-8.1767],[115.1144,-8.0843],[115.1883,-8.0629],[115.4509,-8.1614],[115.5573,-8.2311],[115.6311,-8.3252],[115.6963,-8.358],[115.7111,-8.3878],[115.694,-8.4247],[115.6342,-8.4622],[115.6109,-8.506],[115.5822,-8.5164],[115.5223,-8.5037],[115.5079,-8.5413],[115.445,-8.5706],[115.3638,-8.5766],[115.3056,-8.6217],[115.2616,-8.664],[115.2596,-8.7095],[115.228,-8.7142],[115.2113,-8.7465],[115.2097,-8.7187],[115.1823,-8.727],[115.1779,-8.7775],[115.2211,-8.7902],[115.2207,-8.7531],[115.2369,-8.8018],[115.2137,-8.8344],[115.168,-8.849],[115.0888,-8.8381],[115.0905,-8.8139],[115.1659,-8.7775],[115.1689,-8.7605],[115.1525,-8.7505],[115.1675,-8.7144],[115.0594,-8.5814],[114.9349,-8.4774],[114.7347,-8.3964]]],[[[114.5197,-8.1],[114.5033,-8.096],[114.5245,-8.0929],[114.5197,-8.1]]]]}},{"type":"Feature","properties":{"kode":"52","nama":"Nusa Tenggara Barat","prov_kode":"52"},"geometry":{"type":"MultiPolygon","coordinates":[[[[115.9129,-8.7504],[115.9252,-8.7274],[115.935,-8.7622],[115.9129,-8.7504]]],[[[115.8846,-8.7431],[115.8894,-8.7321],[115.8904,-8.7452],[115.8846,-8.7431]]],[[[115.9659,-8.7297],[116.035,-8.7403],[116.0285,-8.7293],[116.0337,-8.7197],[116.0457,-8.7237],[116.0391,-8.7628],[116.063,-8.7739],[116.0596,-8.7508],[116.0852,-8.7253],[116.0631,-8.731],[116.0665,-8.6994],[116.057,-8.7283],[116.0722,-8.5644],[116.064,-8.5214],[116.0335,-8.4848],[116.0419,-8.4216],[116.1034,-8.3908],[116.0996,-8.3611],[116.119,-8.3699],[116.1759,-8.342],[116.1933,-8.3064],[116.2686,-8.2454],[116.3506,-8.2111],[116.4599,-8.227],[116.5068,-8.2556],[116.6516,-8.2888],[116.7181,-8.3479],[116.7113,-8.4427],[116.6606,-8.4903],[116.6714,-8.5035],[116.6684,-8.4832],[116.6777,-8.4807],[116.6777,-8.504],[116.6568,-8.5385],[116.6666,-8.5591],[116.6245,-8.6024],[116.5459,-8.7529],[116.5093,-8.7776],[116.5012,-8.8072],[116.481,-8.8076],[116.501,-8.811],[116.4927,-8.8483],[116.5036,-8.8588],[116.5145,-8.8318],[116.5295,-8.8405],[116.5227,-8.8255],[116.5415,-8.8328],[116.5451,-8.8466],[116.5409,-8.8451],[116.5318,-8.8495],[116.5429,-8.8691],[116.5451,-8.8554],[116.5657,-8.8533],[116.5665,-8.8681],[116.5923,-8.8588],[116.5708,-8.8919],[116.5098,-8.9151],[116.5281,-8.8989],[116.5113,-8.8685],[116.5002,-8.8956],[116.4978,-8.8952],[116.4979,-8.8915],[116.4958,-8.8928],[116.4941,-8.8881],[116.4911,-8.8847],[116.4901,-8.8845],[116.4988,-8.8997],[116.5084,-8.8856],[116.4959,-8.9118],[116.4356,-8.9197],[116.4759,-8.8264],[116.4325,-8.8235],[116.4415,-8.8356],[116.4406,-8.842],[116.4267,-8.8245],[116.4042,-8.8653],[116.387,-8.8599],[116.4049,-8.8996],[116.3966,-8.9473],[116.3766,-8.9559],[116.3728,-8.901],[116.3598,-8.9102],[116.3252,-8.8949],[116.349,-8.9158],[116.3466,-8.9306],[116.3277,-8.9084],[116.3195,-8.9205],[116.2787,-8.8933],[116.2761,-8.913],[116.2491,-8.9025],[116.243,-8.9058],[116.2452,-8.9129],[116.2387,-8.9174],[116.2289,-8.9002],[116.173,-8.9139],[116.1546,-8.8637],[116.0837,-8.8732],[116.078,-8.8953],[116.0494,-8.8857],[116.0446,-8.8698],[116.0776,-8.865],[116.0669,-8.8511],[116.013,-8.8628],[116.0279,-8.8838],[116.024,-8.9044],[116.0087,-8.9039],[115.9333,-8.8332],[115.9129,-8.845],[115.8695,-8.818],[115.8312,-8.8151],[115.8212,-8.7523],[115.852,-8.7204],[115.8661,-8.7211],[115.8826,-8.7641],[115.8975,-8.7456],[115.8929,-8.7631],[115.9138,-8.7748],[115.9316,-8.7738],[115.9659,-8.7297]]],[[[116.7802,-8.5317],[116.7873,-8.5434],[116.769,-8.5587],[116.7698,-8.542],[116.7802,-8.5317]]],[[[116.8685,-8.5018],[116.8792,-8.4938],[116.882,-8.4982],[116.8685,-8.5018]]],[[[116.9186,-8.4425],[116.8472,-8.444],[116.8759,-8.4393],[116.9186,-8.4425]]],[[[116.0765,-8.362],[116.0864,-8.3516],[116.0871,-8.3649],[116.0765,-8.362]]],[[[116.0513,-8.346],[116.0619,-8.3561],[116.0575,-8.3593],[116.0513,-8.346]]],[[[116.041,-8.3598],[116.029,-8.354],[116.033,-8.3396],[116.042,-8.3411],[116.041,-8.3598]]],[[[116.7245,-8.3321],[116.7176,-8.3109],[116.7432,-8.3451],[116.7245,-8.3321]]],[[[116.7035,-8.3089],[116.6862,-8.2912],[116.6914,-8.2806],[116.7116,-8.3008],[116.7035,-8.3089]]],[[[117.3827,-8.1579],[117.3613,-8.1527],[117.3444,-8.1526],[117.359,-8.1459],[117.3827,-8.1579]]],[[[117.3756,-8.1494],[117.3847,-8.1317],[117.4238,-8.1345],[117.4236,-8.1375],[117.3756,-8.1494]]],[[[117.449,-7.5895],[117.4474,-7.5761],[117.4552,-7.5884],[117.449,-7.5895]]],[[[117.2828,-7.535],[117.2996,-7.5285],[117.2843,-7.5256],[117.336,-7.5277],[117.2828,-7.535]]],[[[117.444,-7.5163],[117.4384,-7.5333],[117.4311,-7.5395],[117.4234,-7.5189],[117.444,-7.5163]]],[[[117.1766,-7.507],[117.186,-7.4931],[117.1972,-7.5012],[117.1766,-7.507]]],[[[119.2158,-8.6542],[119.2393,-8.6641],[119.2385,-8.6692],[119.2324,-8.6712],[119.2337,-8.6789],[119.2222,-8.6786],[119.224,-8.6838],[119.2231,-8.6891],[119.2087,-8.6735],[119.2158,-8.6542]]],[[[118.0112,-8.6785],[117.978,-8.6913],[117.9906,-8.648],[117.9868,-8.6596],[117.9546,-8.6661],[117.9794,-8.639],[117.9538,-8.63],[117.951,-8.6132],[118.0032,-8.6286],[118.0112,-8.6785]]],[[[118.2127,-8.6517],[118.1945,-8.6464],[118.2132,-8.6381],[118.2127,-8.6517]]],[[[117.0206,-8.4666],[117.0972,-8.4165],[117.0882,-8.3976],[117.1228,-8.3779],[117.1053,-8.3728],[117.1441,-8.3788],[117.1541,-8.3641],[117.2019,-8.4063],[117.2384,-8.4002],[117.3876,-8.4727],[117.4351,-8.4129],[117.4278,-8.3956],[117.4732,-8.4156],[117.5619,-8.4056],[117.5704,-8.4297],[117.5544,-8.4571],[117.5669,-8.4485],[117.5583,-8.4684],[117.5712,-8.5045],[117.5929,-8.5044],[117.5769,-8.4678],[117.5822,-8.4282],[117.5996,-8.4278],[117.6352,-8.4657],[117.6227,-8.5382],[117.6358,-8.5813],[117.6438,-8.5566],[117.6886,-8.5777],[117.7372,-8.5635],[117.7264,-8.5898],[117.7546,-8.5899],[117.7627,-8.6049],[117.7511,-8.631],[117.7813,-8.6322],[117.7491,-8.6448],[117.7694,-8.6554],[117.7746,-8.7135],[117.8077,-8.7256],[117.8307,-8.7096],[117.8477,-8.718],[117.8714,-8.6958],[117.8932,-8.6999],[117.9031,-8.711],[117.8882,-8.7246],[117.9062,-8.741],[117.9187,-8.7202],[117.9386,-8.7216],[117.9421,-8.7513],[117.9742,-8.7394],[118.0359,-8.6716],[118.0881,-8.6512],[118.1661,-8.6522],[118.1939,-8.6722],[118.2403,-8.6501],[118.2484,-8.6652],[118.2574,-8.6513],[118.2694,-8.6582],[118.2685,-8.6363],[118.2776,-8.6451],[118.2879,-8.6251],[118.279,-8.5933],[118.2504,-8.5869],[118.2317,-8.5518],[118.1938,-8.5705],[118.1802,-8.5323],[118.1431,-8.5143],[118.1308,-8.4822],[118.1055,-8.4952],[118.0811,-8.4503],[117.9798,-8.4643],[117.847,-8.3721],[117.8177,-8.3681],[117.7645,-8.289],[117.6926,-8.2395],[117.7243,-8.15],[117.7426,-8.1549],[117.786,-8.124],[117.8293,-8.129],[117.9238,-8.08],[117.9598,-8.107],[118.0066,-8.094],[118.0436,-8.1076],[118.0808,-8.1],[118.1435,-8.1345],[118.1626,-8.2414],[118.2181,-8.2841],[118.2304,-8.3301],[118.2571,-8.35],[118.2746,-8.3337],[118.2793,-8.3644],[118.3173,-8.3707],[118.3352,-8.3654],[118.3381,-8.3453],[118.3562,-8.3522],[118.3884,-8.329],[118.3892,-8.3036],[118.4398,-8.278],[118.4636,-8.2457],[118.6474,-8.2906],[118.6857,-8.3445],[118.6958,-8.378],[118.6848,-8.394],[118.6981,-8.3968],[118.6833,-8.4116],[118.6867,-8.4594],[118.6641,-8.4881],[118.6709,-8.52],[118.6495,-8.5509],[118.7133,-8.4977],[118.7246,-8.4363],[118.6984,-8.4121],[118.7124,-8.4052],[118.7017,-8.388],[118.7658,-8.3094],[118.8209,-8.2808],[118.9863,-8.3038],[119.0041,-8.3135],[118.9921,-8.3765],[119.0172,-8.3982],[119.0272,-8.4401],[119.0471,-8.438],[119.0373,-8.456],[119.0529,-8.4539],[119.0353,-8.467],[119.0491,-8.4853],[119.0394,-8.5033],[119.0543,-8.5103],[119.0134,-8.5379],[119.0261,-8.5514],[119.0141,-8.5591],[119.0193,-8.5867],[119.037,-8.5957],[119.0357,-8.6417],[119.0787,-8.6511],[119.131,-8.6292],[119.109,-8.5971],[119.1526,-8.5925],[119.1475,-8.5667],[119.1658,-8.5561],[119.1762,-8.5632],[119.1595,-8.5806],[119.1833,-8.5853],[119.1925,-8.61],[119.1731,-8.6101],[119.183,-8.6332],[119.1505,-8.636],[119.1713,-8.6477],[119.158,-8.6741],[119.176,-8.701],[119.1484,-8.7087],[119.1717,-8.7245],[119.1422,-8.7314],[119.1325,-8.7527],[119.1047,-8.7259],[119.0986,-8.7516],[119.0356,-8.7325],[118.9715,-8.7489],[118.9069,-8.68],[118.8728,-8.6986],[118.888,-8.7087],[118.8461,-8.7302],[118.836,-8.7114],[118.7753,-8.7099],[118.7616,-8.6918],[118.7201,-8.7391],[118.6791,-8.7425],[118.7261,-8.7589],[118.7256,-8.7836],[118.7466,-8.7641],[118.9093,-8.7653],[118.9219,-8.787],[118.9511,-8.7901],[118.9597,-8.8177],[118.9222,-8.8431],[118.8649,-8.8462],[118.8521,-8.8336],[118.8362,-8.8456],[118.756,-8.7965],[118.7203,-8.7932],[118.4675,-8.8894],[118.411,-8.8668],[118.3795,-8.8274],[118.3719,-8.7804],[118.4071,-8.7592],[118.4328,-8.6769],[118.4178,-8.6585],[118.4231,-8.6261],[118.3935,-8.6209],[118.3904,-8.6069],[118.3704,-8.6344],[118.3849,-8.6344],[118.3796,-8.6621],[118.4057,-8.6642],[118.4038,-8.6759],[118.3776,-8.6947],[118.3535,-8.6846],[118.3269,-8.7292],[118.2871,-8.7404],[118.2835,-8.7694],[118.2206,-8.8076],[118.2081,-8.8347],[118.1261,-8.8781],[118.0804,-8.84],[118.0125,-8.8528],[117.9826,-8.8936],[117.9336,-8.8996],[117.8836,-8.9437],[117.8375,-8.9311],[117.8169,-8.8987],[117.7649,-8.934],[117.7342,-8.9154],[117.6905,-8.9186],[117.5956,-8.982],[117.4109,-9.0492],[117.3586,-9.0554],[117.3458,-9.042],[117.3241,-9.0555],[117.1844,-9.021],[117.1327,-9.0848],[117.0137,-9.109],[116.9522,-9.052],[116.8981,-9.0649],[116.8412,-9.0394],[116.7878,-9.0356],[116.7399,-8.997],[116.7295,-9.0067],[116.7363,-8.9741],[116.7153,-8.9694],[116.7518,-8.924],[116.7251,-8.91],[116.7317,-8.8919],[116.7525,-8.8933],[116.7324,-8.8691],[116.7676,-8.8559],[116.7866,-8.8139],[116.7976,-8.8256],[116.8134,-8.817],[116.8087,-8.8253],[116.8144,-8.8297],[116.8217,-8.8196],[116.805,-8.7782],[116.7902,-8.7653],[116.7815,-8.7747],[116.7849,-8.7538],[116.7633,-8.7366],[116.7868,-8.7221],[116.7734,-8.6737],[116.7592,-8.6746],[116.7463,-8.6626],[116.764,-8.6538],[116.7883,-8.5899],[116.8335,-8.5572],[116.8192,-8.5165],[116.8401,-8.539],[116.9165,-8.5264],[116.953,-8.5117],[116.9631,-8.4894],[116.9678,-8.4994],[116.967,-8.4932],[116.9826,-8.4921],[116.9846,-8.4824],[116.9872,-8.479],[116.9883,-8.4794],[116.9905,-8.4769],[116.9939,-8.4751],[116.9994,-8.5066],[117.0188,-8.479],[117.0079,-8.4604],[117.0206,-8.4666]]],[[[117.8337,-8.5921],[117.8259,-8.5779],[117.8391,-8.5748],[117.8419,-8.5845],[117.8337,-8.5921]]],[[[119.1995,-8.5839],[119.1906,-8.5732],[119.1862,-8.5686],[119.1874,-8.5657],[119.1995,-8.5839]]],[[[119.0558,-8.5723],[119.0382,-8.5662],[119.0468,-8.5567],[119.0558,-8.5723]]],[[[117.8224,-8.5548],[117.8188,-8.5669],[117.8141,-8.5587],[117.8224,-8.5548]]],[[[117.7339,-8.556],[117.7019,-8.4952],[117.7252,-8.473],[117.7478,-8.5385],[117.8004,-8.5522],[117.7706,-8.5527],[117.7603,-8.5698],[117.7339,-8.556]]],[[[117.6749,-8.4661],[117.6794,-8.5224],[117.6672,-8.5137],[117.6515,-8.5331],[117.6393,-8.5194],[117.6513,-8.4479],[117.6749,-8.4661]]],[[[119.2792,-8.4681],[119.2675,-8.394],[119.2841,-8.4194],[119.316,-8.3986],[119.3351,-8.4299],[119.3194,-8.4279],[119.3169,-8.4573],[119.3155,-8.4452],[119.3106,-8.4506],[119.3072,-8.4352],[119.3004,-8.4329],[119.2934,-8.459],[119.2792,-8.4681]]],[[[117.6456,-8.4324],[117.6562,-8.4198],[117.6633,-8.4202],[117.6565,-8.4382],[117.6456,-8.4324]]],[[[117.5193,-8.3858],[117.4701,-8.3558],[117.5084,-8.2732],[117.4788,-8.2568],[117.4822,-8.1862],[117.5592,-8.144],[117.667,-8.1517],[117.6903,-8.1808],[117.6102,-8.2381],[117.5704,-8.3352],[117.5193,-8.3858]]],[[[119.0328,-8.1401],[119.0814,-8.1301],[119.114,-8.159],[119.1184,-8.2157],[119.0835,-8.2544],[119.0364,-8.2593],[119.0004,-8.2297],[119.0005,-8.1782],[119.0328,-8.1401]]],[[[117.744,-8.1178],[117.7369,-8.1],[117.7495,-8.0986],[117.7601,-8.111],[117.744,-8.1178]]],[[[117.4839,-7.4901],[117.474,-7.4885],[117.4794,-7.4793],[117.4839,-7.4901]]]]}},{"type":"Feature","properties":{"kode":"53","nama":"Nusa Tenggara Timur","prov_kode":"53"},"geometry":{"type":"MultiPolygon","coordinates":[[[[120.1236,-10.3255],[120.118,-10.3345],[120.1095,-10.3343],[120.1236,-10.3255]]],[[[120.2135,-10.3056],[120.1942,-10.3234],[120.1741,-10.3194],[120.2135,-10.3056]]],[[[119.6541,-9.7758],[119.6468,-9.7933],[119.6175,-9.7981],[119.6199,-9.7631],[119.5957,-9.779],[119.5839,-9.7622],[119.5686,-9.7685],[119.5449,-9.7517],[119.5258,-9.7665],[119.46,-9.7412],[119.4182,-9.7604],[119.3917,-9.7966],[119.3515,-9.7605],[119.3194,-9.7667],[119.3032,-9.7446],[119.2203,-9.7375],[119.1868,-9.7576],[119.0263,-9.6752],[119.0056,-9.6327],[118.9282,-9.5584],[118.9324,-9.5351],[118.9993,-9.4495],[119.1023,-9.4209],[119.1785,-9.3748],[119.222,-9.3907],[119.2997,-9.3569],[119.3889,-9.3833],[119.4683,-9.3582],[119.5329,-9.3783],[119.5888,-9.3491],[119.6319,-9.3456],[119.6859,-9.3824],[119.7976,-9.399],[119.9352,-9.2761],[120.0832,-9.4686],[120.1289,-9.4853],[120.184,-9.4681],[120.2113,-9.4913],[120.2497,-9.6457],[120.293,-9.6407],[120.3209,-9.6688],[120.4661,-9.6152],[120.5041,-9.6856],[120.5613,-9.6992],[120.5975,-9.7325],[120.6793,-9.9],[120.781,-9.9457],[120.8459,-10.0265],[120.8374,-10.0865],[120.7931,-10.1261],[120.8417,-10.0878],[120.8186,-10.1217],[120.7698,-10.1447],[120.7425,-10.1879],[120.6853,-10.2249],[120.6416,-10.2285],[120.6131,-10.253],[120.5282,-10.2418],[120.4864,-10.2627],[120.4541,-10.3174],[120.3465,-10.2486],[120.2189,-10.2528],[120.1862,-10.2295],[120.1679,-10.2372],[120.1105,-10.178],[120.0828,-10.177],[120.046,-10.1259],[120.0098,-10.1241],[120.0198,-10.0831],[119.9959,-10.0385],[119.9492,-9.9998],[119.9527,-9.9769],[119.9044,-9.9729],[119.9058,-9.9513],[119.8783,-9.9554],[119.8636,-9.9226],[119.7849,-9.9201],[119.6851,-9.8437],[119.6789,-9.7909],[119.6541,-9.7758]]],[[[120.2576,-8.903],[120.2862,-8.8686],[120.3046,-8.8806],[120.3038,-8.9017],[120.2707,-8.914],[120.2576,-8.903]]],[[[119.7835,-8.7939],[119.8029,-8.7999],[119.7922,-8.8229],[119.7713,-8.819],[119.7835,-8.7939]]],[[[119.6513,-8.789],[119.6701,-8.8081],[119.6312,-8.8068],[119.6513,-8.789]]],[[[119.4304,-8.7647],[119.4216,-8.7567],[119.4235,-8.7441],[119.4304,-8.7647]]],[[[119.6254,-8.7422],[119.616,-8.7253],[119.6332,-8.7267],[119.6176,-8.7078],[119.6598,-8.7023],[119.6528,-8.667],[119.6307,-8.6884],[119.6424,-8.6587],[119.621,-8.6067],[119.6622,-8.6127],[119.6716,-8.6878],[119.709,-8.6706],[119.6914,-8.6406],[119.7151,-8.6571],[119.7187,-8.6216],[119.8018,-8.6189],[119.7995,-8.6568],[119.7581,-8.6646],[119.7465,-8.6966],[119.7265,-8.6995],[119.7132,-8.6783],[119.6902,-8.7209],[119.7324,-8.7544],[119.7174,-8.7558],[119.7286,-8.7646],[119.6952,-8.8096],[119.6779,-8.8083],[119.6538,-8.7728],[119.6155,-8.7892],[119.6059,-8.7336],[119.6254,-8.7422]]],[[[119.5608,-8.6643],[119.5604,-8.6948],[119.5369,-8.6703],[119.605,-8.633],[119.6046,-8.6605],[119.5608,-8.6643]]],[[[119.5311,-8.6072],[119.5336,-8.6153],[119.5235,-8.6154],[119.5311,-8.6072]]],[[[119.5135,-8.4948],[119.5701,-8.4887],[119.5696,-8.5331],[119.5607,-8.5136],[119.5504,-8.5324],[119.5599,-8.5879],[119.5746,-8.5953],[119.5214,-8.6013],[119.5232,-8.5778],[119.5047,-8.5687],[119.4782,-8.6039],[119.4542,-8.6046],[119.4667,-8.6278],[119.4936,-8.6203],[119.4771,-8.6511],[119.4537,-8.6511],[119.4349,-8.6737],[119.4558,-8.7014],[119.4491,-8.7401],[119.4682,-8.7387],[119.4431,-8.7507],[119.4025,-8.7234],[119.3808,-8.7361],[119.3715,-8.7188],[119.4064,-8.6819],[119.4091,-8.6481],[119.3981,-8.6229],[119.3736,-8.6301],[119.3877,-8.6022],[119.3752,-8.5834],[119.391,-8.5587],[119.4233,-8.5514],[119.4217,-8.5312],[119.4366,-8.5262],[119.4135,-8.5034],[119.4467,-8.4863],[119.4204,-8.4504],[119.4495,-8.4522],[119.4556,-8.4272],[119.4714,-8.4789],[119.5135,-8.4948]]],[[[119.7293,-8.5733],[119.7128,-8.5809],[119.7069,-8.5757],[119.7114,-8.5698],[119.7293,-8.5733]]],[[[119.6582,-8.5676],[119.6494,-8.537],[119.661,-8.5353],[119.6582,-8.5676]]],[[[119.7165,-8.518],[119.716,-8.4995],[119.7312,-8.4954],[119.7165,-8.518]]],[[[119.5666,-8.4648],[119.555,-8.4777],[119.5534,-8.4677],[119.5666,-8.4648]]],[[[119.5637,-8.4597],[119.5835,-8.4412],[119.5847,-8.4523],[119.5637,-8.4597]]],[[[119.8606,-8.4017],[119.8422,-8.3931],[119.8429,-8.3796],[119.8753,-8.38],[119.8606,-8.4017]]],[[[120.0177,-8.3593],[120.0336,-8.3651],[120.0173,-8.3731],[120.0177,-8.3593]]],[[[120.1344,-8.3397],[120.1529,-8.3498],[120.1176,-8.3444],[120.1344,-8.3397]]],[[[122.8408,-10.9685],[122.8694,-10.9673],[122.8863,-11.0012],[122.8707,-11.0067],[122.8408,-10.9685]]],[[[122.9676,-10.9188],[122.9389,-10.9406],[122.9308,-10.9264],[122.9368,-10.9159],[122.9676,-10.9188]]],[[[123.0012,-10.9097],[122.9903,-10.9254],[122.9781,-10.9135],[123.0012,-10.9097]]],[[[122.7376,-10.836],[122.7308,-10.8286],[122.747,-10.8255],[122.7376,-10.836]]],[[[122.6678,-10.7989],[122.6866,-10.8335],[122.6409,-10.8092],[122.6678,-10.7989]]],[[[122.7856,-10.7735],[122.7588,-10.7898],[122.75,-10.7779],[122.7856,-10.7735]]],[[[123.2758,-10.579],[123.2485,-10.6031],[123.2194,-10.5838],[123.2638,-10.5212],[123.3682,-10.4791],[123.3733,-10.4336],[123.4249,-10.4712],[123.3924,-10.4796],[123.3794,-10.4993],[123.4,-10.5058],[123.3695,-10.5429],[123.3867,-10.5457],[123.4078,-10.4952],[123.442,-10.4964],[123.3883,-10.5584],[123.3677,-10.5461],[123.3684,-10.5358],[123.3594,-10.5422],[123.384,-10.5671],[123.3399,-10.5888],[123.4189,-10.613],[123.4265,-10.6546],[123.4049,-10.6849],[123.3314,-10.6787],[123.3007,-10.718],[123.2556,-10.7336],[123.2362,-10.7547],[123.2442,-10.7791],[123.2223,-10.8284],[123.208,-10.8196],[123.1866,-10.8355],[123.136,-10.8158],[123.0867,-10.8575],[123.0732,-10.8487],[123.0575,-10.8643],[122.9723,-10.8684],[122.9455,-10.8885],[122.9578,-10.9043],[122.9138,-10.9232],[122.9102,-10.9104],[122.8722,-10.9151],[122.8471,-10.9434],[122.8227,-10.9207],[122.8298,-10.8547],[122.8084,-10.7841],[122.8383,-10.7903],[122.8348,-10.7763],[122.8615,-10.7581],[123.0212,-10.7396],[123.1263,-10.6462],[123.1497,-10.653],[123.1774,-10.637],[123.1969,-10.594],[123.2607,-10.6095],[123.3323,-10.5796],[123.2758,-10.579]],[[122.8385,-10.7909],[122.8385,-10.7903],[122.8383,-10.7903],[122.8385,-10.7909]],[[122.8385,-10.7909],[122.8695,-10.8303],[122.8794,-10.8251],[122.8385,-10.7909]]],[[[122.001,-10.4444],[121.9863,-10.5505],[121.9563,-10.5523],[121.8771,-10.6164],[121.7486,-10.6146],[121.6874,-10.5801],[121.8345,-10.4976],[121.8441,-10.4524],[121.9044,-10.4188],[122.001,-10.4444]]],[[[121.5174,-8.9068],[121.5268,-8.8519],[121.5349,-8.884],[121.5174,-8.9068]]],[[[123.1516,-8.4239],[123.1669,-8.4381],[123.1485,-8.4616],[123.0732,-8.488],[123.0222,-8.4764],[122.9756,-8.5159],[122.9251,-8.6048],[122.8909,-8.6109],[122.8708,-8.5814],[122.8818,-8.5304],[122.9431,-8.494],[122.9757,-8.4375],[123.0222,-8.4487],[123.047,-8.4336],[123.1516,-8.4239]]],[[[120.7734,-8.8853],[120.7463,-8.8938],[120.6436,-8.8658],[120.5961,-8.8152],[120.3664,-8.8166],[120.3139,-8.8554],[120.2789,-8.8525],[120.2133,-8.8362],[120.163,-8.7862],[120.1329,-8.785],[120.0157,-8.819],[119.9411,-8.8217],[119.9231,-8.8434],[119.9088,-8.838],[119.9188,-8.8661],[119.8934,-8.8601],[119.8897,-8.8146],[119.8467,-8.7981],[119.8331,-8.8064],[119.7965,-8.7413],[119.8077,-8.7317],[119.8049,-8.572],[119.8774,-8.5075],[119.8809,-8.477],[119.8589,-8.433],[119.8818,-8.4304],[119.8786,-8.4615],[119.9078,-8.4757],[119.958,-8.4574],[119.9692,-8.4282],[120.0006,-8.4601],[120.0202,-8.4399],[119.9983,-8.4182],[120.0173,-8.4134],[120.0209,-8.3856],[120.0435,-8.3981],[120.0754,-8.377],[120.044,-8.4],[120.0852,-8.3871],[120.073,-8.4184],[120.0918,-8.4073],[120.0787,-8.4285],[120.0865,-8.4546],[120.102,-8.4516],[120.1259,-8.4203],[120.1212,-8.3583],[120.1407,-8.3644],[120.1428,-8.3941],[120.1628,-8.3836],[120.2,-8.3058],[120.2594,-8.2845],[120.3703,-8.2935],[120.4098,-8.2783],[120.4261,-8.2417],[120.4639,-8.2944],[120.5286,-8.2732],[120.5633,-8.3007],[120.6005,-8.2893],[120.5913,-8.2617],[120.6034,-8.2568],[120.6799,-8.3237],[120.7148,-8.326],[120.7348,-8.3493],[120.7599,-8.3371],[120.8524,-8.3569],[120.8827,-8.35],[120.8834,-8.3716],[120.891,-8.3547],[120.9389,-8.3488],[120.9505,-8.3715],[120.9441,-8.3449],[120.9823,-8.3487],[120.9686,-8.3768],[121.0253,-8.4137],[121.1431,-8.4248],[121.2402,-8.4744],[121.3037,-8.4797],[121.3437,-8.5474],[121.4178,-8.5915],[121.4759,-8.5642],[121.5022,-8.5815],[121.5055,-8.614],[121.5789,-8.5722],[121.5695,-8.5337],[121.6102,-8.5592],[121.6039,-8.5075],[121.6171,-8.4731],[121.6427,-8.4768],[121.6393,-8.4969],[121.6636,-8.4938],[121.6771,-8.5113],[121.7277,-8.495],[121.8015,-8.5104],[121.8414,-8.4838],[121.8737,-8.499],[121.9153,-8.4948],[121.9356,-8.4876],[121.9419,-8.4589],[121.9567,-8.4443],[121.9548,-8.4723],[122.0127,-8.4405],[122.0252,-8.4471],[122.006,-8.5095],[122.0158,-8.5297],[122.0687,-8.5247],[122.0864,-8.544],[122.0882,-8.528],[122.1034,-8.529],[122.1603,-8.5573],[122.2195,-8.6188],[122.2959,-8.6424],[122.364,-8.6114],[122.4749,-8.6084],[122.5173,-8.5483],[122.515,-8.5253],[122.4803,-8.4926],[122.4957,-8.473],[122.5493,-8.4626],[122.5713,-8.4284],[122.5903,-8.4252],[122.6003,-8.3929],[122.6652,-8.39],[122.7362,-8.3578],[122.7642,-8.3636],[122.8108,-8.2981],[122.8834,-8.2881],[122.9124,-8.2174],[122.9385,-8.2012],[122.9011,-8.1758],[122.8209,-8.1874],[122.7883,-8.2348],[122.7304,-8.2238],[122.7851,-8.1489],[122.7826,-8.1078],[122.8305,-8.0965],[122.8667,-8.0634],[122.9715,-8.1334],[122.9554,-8.1997],[122.9771,-8.2118],[123.0207,-8.3152],[122.9664,-8.3509],[122.9166,-8.3276],[122.8808,-8.3805],[122.8878,-8.4487],[122.8598,-8.4524],[122.7778,-8.4208],[122.7915,-8.4851],[122.8324,-8.5188],[122.8445,-8.5634],[122.8318,-8.5895],[122.7796,-8.6124],[122.7351,-8.6092],[122.7268,-8.6331],[122.6722,-8.6227],[122.5557,-8.6674],[122.5416,-8.698],[122.5097,-8.7182],[122.3747,-8.7523],[122.3371,-8.7398],[122.2797,-8.7547],[122.2374,-8.742],[122.1975,-8.7501],[122.1779,-8.7306],[122.1166,-8.7296],[122.0277,-8.7947],[121.9224,-8.8309],[121.8598,-8.8357],[121.7762,-8.8815],[121.6706,-8.8482],[121.6454,-8.9056],[121.6257,-8.8936],[121.6412,-8.8399],[121.5892,-8.8038],[121.3887,-8.7893],[121.3713,-8.812],[121.3693,-8.879],[121.3382,-8.906],[121.1795,-8.8855],[121.0317,-8.9563],[120.9376,-8.9348],[120.8729,-8.8866],[120.8386,-8.8297],[120.7907,-8.8396],[120.7734,-8.8853]],[[122.5481,-8.4643],[122.553,-8.4625],[122.5493,-8.4626],[122.5481,-8.4643]]],[[[122.4229,-8.4689],[122.4518,-8.4587],[122.4549,-8.4749],[122.4383,-8.4791],[122.4229,-8.4689]]],[[[122.4214,-8.45],[122.3905,-8.4969],[122.3573,-8.4889],[122.335,-8.4645],[122.3343,-8.4374],[122.3716,-8.4287],[122.407,-8.4486],[122.4148,-8.4357],[122.4214,-8.45]]],[[[122.7968,-8.4577],[122.7932,-8.4526],[122.8007,-8.4462],[122.7968,-8.4577]]],[[[122.5174,-8.4163],[122.5192,-8.431],[122.5026,-8.4355],[122.4987,-8.4209],[122.5174,-8.4163]]],[[[120.9979,-8.383],[121.0156,-8.3705],[121.0207,-8.3829],[121.0101,-8.3919],[120.9979,-8.383]]],[[[122.2778,-8.3686],[122.3153,-8.3451],[122.3225,-8.3503],[122.3025,-8.3685],[122.2778,-8.3686]]],[[[121.6986,-8.2958],[121.7295,-8.2981],[121.7421,-8.3408],[121.7258,-8.3545],[121.6761,-8.3379],[121.6986,-8.2958]]],[[[122.1332,-8.1078],[122.1307,-8.122],[122.1074,-8.1237],[122.1136,-8.111],[122.1332,-8.1078]]],[[[123.4268,-10.238],[123.4401,-10.2422],[123.4308,-10.2471],[123.4268,-10.238]]],[[[123.4999,-10.1574],[123.5042,-10.1802],[123.4638,-10.1942],[123.4283,-10.2303],[123.4204,-10.2069],[123.3918,-10.2065],[123.4174,-10.2567],[123.4073,-10.2688],[123.4203,-10.2955],[123.3956,-10.2947],[123.4108,-10.3314],[123.3863,-10.3364],[123.3764,-10.3084],[123.3507,-10.3056],[123.3238,-10.3388],[123.3029,-10.2684],[123.3624,-10.2112],[123.3975,-10.1336],[123.4508,-10.1141],[123.4699,-10.1625],[123.4999,-10.1574]]],[[[124.1794,-10.1472],[124.1116,-10.1756],[124.1539,-10.1488],[124.1794,-10.1472]]],[[[124.9801,-9.0666],[125.0764,-9.0223],[125.1137,-8.9657],[125.1872,-9.0291],[125.171,-9.1226],[125.1921,-9.1575],[125.1761,-9.1724],[125.1362,-9.1746],[125.1,-9.1989],[125.0745,-9.1754],[125.0136,-9.169],[124.9837,-9.1914],[124.9961,-9.2919],[125.0491,-9.3255],[125.0516,-9.3608],[125.0788,-9.3883],[125.088,-9.4587],[125.019,-9.5173],[124.9938,-9.5591],[125.0078,-9.5167],[124.9591,-9.5364],[124.9464,-9.5664],[124.9785,-9.6051],[124.9935,-9.5667],[124.9841,-9.6381],[124.9472,-9.6782],[124.8917,-9.698],[124.846,-9.7396],[124.7445,-9.8858],[124.6701,-9.9225],[124.5837,-10.0033],[124.5491,-10.0098],[124.5028,-10.0987],[124.4045,-10.167],[124.3452,-10.1729],[124.172,-10.1559],[124.2195,-10.1599],[124.171,-10.1285],[124.1251,-10.1474],[124.0816,-10.2191],[124.0165,-10.2741],[123.9603,-10.2775],[123.7986,-10.3555],[123.7627,-10.3485],[123.7057,-10.3658],[123.657,-10.3498],[123.6121,-10.3698],[123.5412,-10.328],[123.4569,-10.3554],[123.4988,-10.2762],[123.4885,-10.225],[123.528,-10.2142],[123.5319,-10.1768],[123.6247,-10.1405],[123.6472,-10.147],[123.7545,-10.0925],[123.7628,-10.0356],[123.701,-10.0091],[123.6254,-10.0175],[123.5944,-10.0426],[123.5785,-9.9415],[123.5934,-9.9041],[123.6439,-9.8931],[123.6683,-9.8535],[123.6679,-9.8096],[123.6436,-9.7715],[123.6812,-9.7447],[123.6724,-9.6319],[123.7362,-9.5658],[123.7867,-9.5429],[123.7947,-9.4933],[123.8712,-9.4751],[123.9007,-9.4295],[123.9348,-9.4215],[123.98,-9.3527],[124.0401,-9.3369],[124.0992,-9.4096],[124.1201,-9.4069],[124.133,-9.4254],[124.1604,-9.4196],[124.1679,-9.3968],[124.2091,-9.3695],[124.2335,-9.3748],[124.2841,-9.4446],[124.2777,-9.5024],[124.3518,-9.4852],[124.3637,-9.4575],[124.3514,-9.4266],[124.3786,-9.3987],[124.3796,-9.3569],[124.4384,-9.3331],[124.462,-9.2987],[124.454,-9.2681],[124.4808,-9.1994],[124.4763,-9.1742],[124.5288,-9.187],[124.6142,-9.1545],[124.6704,-9.1221],[124.6973,-9.0544],[124.7297,-9.0657],[124.816,-9.003],[124.8655,-9.0045],[124.8822,-8.9789],[124.9496,-8.9585],[124.9322,-9.0243],[124.9408,-9.0471],[124.9801,-9.0666]]],[[[124.2699,-8.4778],[124.2879,-8.4713],[124.293,-8.4796],[124.2781,-8.4906],[124.2699,-8.4778]]],[[[123.8918,-8.4265],[123.8822,-8.4405],[123.8768,-8.4376],[123.8747,-8.4312],[123.8918,-8.4265]]],[[[123.826,-8.4148],[123.8098,-8.4017],[123.8082,-8.3744],[123.822,-8.366],[123.8369,-8.38],[123.826,-8.4148]]],[[[123.4386,-8.297],[123.4166,-8.2981],[123.4127,-8.2841],[123.3456,-8.305],[123.4078,-8.2538],[123.4228,-8.2752],[123.4365,-8.2626],[123.4632,-8.2694],[123.4982,-8.2405],[123.5575,-8.2406],[123.4933,-8.3602],[123.5186,-8.3535],[123.5524,-8.3688],[123.5953,-8.3362],[123.5905,-8.311],[123.5728,-8.306],[123.5794,-8.2946],[123.6008,-8.2875],[123.5984,-8.3178],[123.6353,-8.2913],[123.605,-8.2211],[123.6476,-8.2169],[123.6594,-8.228],[123.6518,-8.2538],[123.6834,-8.2598],[123.711,-8.242],[123.6964,-8.2204],[123.7807,-8.1706],[123.84,-8.2022],[123.853,-8.2271],[123.9008,-8.2178],[123.924,-8.2452],[123.8383,-8.2838],[123.7926,-8.2733],[123.7567,-8.296],[123.671,-8.4293],[123.6552,-8.4274],[123.6499,-8.404],[123.6202,-8.4058],[123.5542,-8.4692],[123.5857,-8.5323],[123.547,-8.5708],[123.5174,-8.5631],[123.4919,-8.5153],[123.3932,-8.586],[123.3139,-8.5272],[123.2899,-8.5483],[123.2432,-8.5386],[123.2199,-8.5521],[123.2112,-8.5121],[123.2335,-8.5105],[123.2993,-8.4551],[123.3387,-8.3984],[123.4734,-8.341],[123.4386,-8.297]]],[[[123.941,-8.3758],[123.9,-8.365],[123.9514,-8.347],[123.941,-8.3758]]],[[[124.0844,-8.3606],[124.0975,-8.3621],[124.0889,-8.3807],[124.1159,-8.3922],[124.1211,-8.3731],[124.1039,-8.3641],[124.1661,-8.3124],[124.1828,-8.2763],[124.2009,-8.2757],[124.2501,-8.1933],[124.2823,-8.1744],[124.3222,-8.1831],[124.3293,-8.2121],[124.2987,-8.2682],[124.3005,-8.3318],[124.2498,-8.3584],[124.2107,-8.4137],[124.2104,-8.4631],[124.173,-8.4874],[124.1424,-8.538],[124.0643,-8.5506],[124.065,-8.489],[124.0315,-8.4209],[123.9853,-8.4196],[123.9379,-8.4598],[123.9144,-8.4376],[123.9458,-8.4066],[123.9643,-8.3485],[124.0612,-8.2931],[124.0855,-8.315],[124.0844,-8.3606]]],[[[123.0281,-8.3123],[123.142,-8.2339],[123.1578,-8.2499],[123.2105,-8.2241],[123.2188,-8.2441],[123.2426,-8.2269],[123.3308,-8.2648],[123.3072,-8.2942],[123.3073,-8.3617],[123.2896,-8.3907],[123.1762,-8.3856],[123.0646,-8.4121],[123.056,-8.3997],[123.002,-8.4111],[123.0022,-8.3613],[123.0281,-8.3123]]],[[[124.3151,-8.2991],[124.3546,-8.2749],[124.3736,-8.3066],[124.3623,-8.3248],[124.332,-8.3238],[124.3151,-8.2991]]],[[[124.41,-8.2941],[124.5662,-8.2195],[124.5159,-8.2182],[124.4095,-8.2774],[124.4002,-8.2208],[124.4785,-8.1296],[124.6048,-8.1266],[124.5908,-8.1857],[124.6024,-8.1966],[124.6668,-8.1612],[124.7481,-8.1476],[124.8746,-8.1683],[124.9195,-8.1644],[124.9582,-8.1408],[125.0002,-8.1575],[125.092,-8.1466],[125.1427,-8.2505],[125.1283,-8.2819],[125.1335,-8.3273],[125.0628,-8.3562],[124.889,-8.3638],[124.7713,-8.4023],[124.6652,-8.3902],[124.5928,-8.431],[124.5417,-8.442],[124.5258,-8.4225],[124.4939,-8.4191],[124.4193,-8.4596],[124.4183,-8.4384],[124.3541,-8.4376],[124.3379,-8.4182],[124.3423,-8.3915],[124.41,-8.2941]],[[125.1003,-8.1666],[125.1011,-8.1679],[125.1006,-8.1668],[125.1003,-8.1666]],[[125.0946,-8.1576],[125.0907,-8.1615],[125.1003,-8.1666],[125.0946,-8.1576]]],[[[124.0742,-8.2253],[124.0945,-8.2265],[124.0813,-8.2394],[124.0742,-8.2253]]],[[[124.0399,-8.2198],[124.0303,-8.2325],[124.0308,-8.2141],[124.0399,-8.2198]]],[[[124.0401,-8.2199],[124.0399,-8.2198],[124.0467,-8.2108],[124.0401,-8.2199]]],[[[124.3689,-8.203],[124.3793,-8.2145],[124.3735,-8.2262],[124.3611,-8.2169],[124.3689,-8.203]]],[[[124.3681,-8.1787],[124.3843,-8.1773],[124.3773,-8.1838],[124.3681,-8.1787]]],[[[123.5924,-7.804],[123.5776,-7.7995],[123.5752,-7.7853],[123.5994,-7.7807],[123.5924,-7.804]]]]}},{"type":"Feature","properties":{"kode":"61","nama":"Kalimantan Barat","prov_kode":"61"},"geometry":{"type":"MultiPolygon","coordinates":[[[[109.2823,-0.6136],[109.2908,-0.5967],[109.2521,-0.6043],[109.2021,-0.552],[109.1886,-0.569],[109.1473,-0.571],[109.115,-0.5166],[109.1029,-0.3446],[109.0562,-0.2757],[109.0555,-0.2223],[109.077,-0.2028],[109.0939,-0.1353],[109.162,-0.0591],[109.1693,0.0278],[109.1887,0.0663],[109.1373,0.1296],[109.1275,0.1922],[109.0923,0.2454],[109.0145,0.2969],[108.923,0.3213],[108.9146,0.3355],[108.9471,0.3874],[108.9409,0.445],[108.9081,0.4842],[108.9258,0.6337],[108.8966,0.6936],[108.8727,0.7078],[108.8805,0.7644],[108.8406,0.8142],[108.893,0.8696],[108.9088,0.8633],[108.9386,0.885],[108.9795,0.9892],[108.961,1.0654],[108.933,1.0963],[108.9069,1.1689],[108.9648,1.1696],[108.9888,1.201],[109.0664,1.1987],[109.141,1.2404],[109.11,1.2396],[109.0598,1.2061],[108.9936,1.2145],[108.9615,1.2037],[108.9872,1.2736],[109.0435,1.3468],[109.037,1.4453],[109.0545,1.5159],[109.1043,1.5672],[109.2208,1.633],[109.2604,1.6728],[109.303,1.7732],[109.289,1.774],[109.3376,1.8324],[109.3442,1.8749],[109.3234,1.9244],[109.3376,1.9429],[109.4313,1.9504],[109.4761,1.982],[109.5873,1.9909],[109.645,2.0814],[109.6271,1.9913],[109.5538,1.9662],[109.5661,1.9434],[109.5388,1.9151],[109.5547,1.8526],[109.5823,1.833],[109.5848,1.794],[109.6344,1.8038],[109.6834,1.785],[109.6606,1.6931],[109.6649,1.6166],[109.6861,1.612],[109.7981,1.5001],[109.8068,1.4658],[109.8364,1.4862],[109.8361,1.4223],[109.9312,1.4247],[109.9615,1.4008],[109.9792,1.2986],[110.0652,1.264],[110.0632,1.2117],[110.194,1.18],[110.2128,1.1492],[110.2091,1.1189],[110.243,1.1148],[110.2622,1.0576],[110.2847,1.046],[110.2766,0.997],[110.3239,0.9936],[110.3387,1.0129],[110.3582,0.9841],[110.3921,0.9959],[110.4074,0.9507],[110.4386,0.944],[110.4435,0.9109],[110.493,0.8762],[110.575,0.8541],[110.6268,0.871],[110.6368,0.9089],[110.6659,0.8769],[110.7216,0.9074],[110.7533,0.9007],[110.7681,0.9319],[110.8024,0.9022],[110.8084,0.9488],[110.8582,0.95],[110.9045,1.0278],[110.9979,1.0273],[111.142,1.0524],[111.1958,1.0643],[111.2232,1.0883],[111.404,1.0101],[111.4877,1.0344],[111.5142,1.0056],[111.5222,0.9587],[111.5432,0.949],[111.5521,0.9804],[111.5751,0.9741],[111.5944,1.0075],[111.6641,1.0403],[111.713,1.0261],[111.7198,1.0065],[111.7639,1.0204],[111.7733,1.0009],[111.8265,0.9856],[111.8677,1.0132],[111.8829,1.0671],[111.9276,1.0879],[111.9377,1.1187],[112.1509,1.1446],[112.1555,1.1697],[112.1417,1.1856],[112.1682,1.2203],[112.1596,1.2505],[112.1738,1.259],[112.177,1.31],[112.2047,1.3311],[112.2253,1.381],[112.2245,1.3999],[112.195,1.4109],[112.2064,1.4473],[112.277,1.4666],[112.318,1.5039],[112.4337,1.5245],[112.49,1.5778],[112.6568,1.5686],[112.6902,1.5523],[112.7754,1.5615],[112.8443,1.5379],[112.8842,1.5874],[112.9735,1.5639],[113.0019,1.5812],[113.0577,1.5588],[113.0691,1.5338],[113.032,1.4912],[113.0382,1.472],[112.9829,1.45],[112.9779,1.4075],[113.0214,1.4055],[113.1042,1.4441],[113.1443,1.3914],[113.1838,1.3799],[113.2355,1.3964],[113.3255,1.377],[113.4183,1.2859],[113.5453,1.3195],[113.5819,1.3063],[113.597,1.2597],[113.6245,1.2499],[113.6307,1.216],[113.666,1.2157],[113.7077,1.2628],[113.8114,1.2999],[113.8299,1.3344],[113.8225,1.3707],[113.9249,1.4098],[113.9542,1.4424],[114.1422,1.465],[114.206,1.4112],[114.1477,1.3786],[114.1417,1.2926],[114.1599,1.2624],[114.126,1.2237],[114.1397,1.1989],[114.1188,1.1583],[114.099,1.1486],[114.0803,1.1616],[114.0493,1.1336],[114.0276,1.1473],[113.9832,1.1425],[113.9415,1.0628],[113.8942,1.0518],[113.8922,1.0229],[113.9185,0.9901],[113.8746,0.8928],[113.9253,0.8435],[113.9234,0.8246],[113.8888,0.7871],[113.8963,0.7417],[113.8775,0.715],[113.8437,0.7056],[113.8387,0.6629],[113.8129,0.6475],[113.7713,0.5659],[113.6748,0.5069],[113.6599,0.4455],[113.5833,0.4031],[113.4478,0.2717],[113.3398,0.2784],[113.271,0.2415],[113.3282,0.1772],[113.4193,0.1254],[113.41,0.0467],[113.4357,0.0177],[113.4169,-0.0422],[113.4405,-0.0637],[113.417,-0.1146],[113.3969,-0.1249],[113.4187,-0.141],[113.4091,-0.1619],[113.3866,-0.1644],[113.3529,-0.2212],[113.2868,-0.2407],[113.208,-0.3381],[113.2604,-0.3859],[113.2662,-0.4185],[113.218,-0.5032],[113.1997,-0.5001],[113.1822,-0.4665],[113.1579,-0.4689],[113.1469,-0.4466],[113.1071,-0.4865],[113.0624,-0.4997],[112.9947,-0.4877],[112.9746,-0.5108],[112.8901,-0.5338],[112.8485,-0.5708],[112.7533,-0.5686],[112.7371,-0.6244],[112.6992,-0.6222],[112.6913,-0.6494],[112.6308,-0.6548],[112.5915,-0.6891],[112.4912,-0.6924],[112.4715,-0.7319],[112.4331,-0.6726],[112.3652,-0.7127],[112.3271,-0.7065],[112.3022,-0.7329],[112.2454,-0.6373],[112.1966,-0.6159],[112.1463,-0.6848],[112.1578,-0.7288],[112.0261,-0.7017],[112.0143,-0.7215],[112.0319,-0.7935],[111.9541,-0.8187],[111.9101,-0.7732],[111.902,-0.8323],[111.9198,-0.8687],[111.8755,-0.8628],[111.8569,-0.9031],[111.7303,-0.9243],[111.7177,-0.9452],[111.6246,-0.9846],[111.6142,-1.0033],[111.624,-1.0441],[111.5686,-1.0781],[111.5537,-1.1106],[111.5716,-1.1425],[111.5557,-1.1654],[111.5706,-1.2032],[111.4089,-1.2405],[111.4005,-1.2771],[111.3786,-1.2775],[111.3629,-1.3168],[111.3295,-1.334],[111.3101,-1.3809],[111.2755,-1.4057],[111.2768,-1.4268],[111.2172,-1.4091],[111.2095,-1.439],[111.1831,-1.4369],[111.1893,-1.5161],[111.1512,-1.4717],[111.1061,-1.497],[111.1224,-1.5507],[111.0798,-1.563],[111.0588,-1.5363],[111.0115,-1.5626],[110.984,-1.5377],[110.9546,-1.5766],[110.9067,-1.5876],[110.8597,-1.6291],[110.8602,-1.6764],[110.8843,-1.6807],[110.9126,-1.717],[110.9385,-1.7131],[110.9752,-1.6684],[111.0063,-1.7024],[111.0137,-1.7798],[110.9815,-1.8295],[110.9754,-1.8791],[110.9968,-1.9102],[110.9746,-1.9552],[111.0042,-1.9909],[111.0845,-1.9923],[111.0822,-2.0467],[111.0374,-2.0764],[111.0794,-2.1619],[111.0331,-2.247],[111.0697,-2.299],[111.1049,-2.4298],[111.137,-2.6118],[111.1188,-2.6505],[111.1321,-2.6688],[111.1635,-2.6717],[111.1721,-2.6944],[111.1323,-2.7524],[111.0088,-2.797],[110.9691,-2.8562],[110.893,-2.8715],[110.7739,-2.926],[110.7268,-3.0036],[110.6576,-3.0415],[110.6108,-2.9922],[110.6391,-2.9904],[110.6163,-2.8765],[110.5716,-2.8383],[110.4688,-2.8708],[110.3753,-2.9257],[110.3056,-2.9964],[110.257,-2.9575],[110.2285,-2.8999],[110.2606,-2.8237],[110.2594,-2.7622],[110.2198,-2.7382],[110.2334,-2.6931],[110.211,-2.6445],[110.1489,-2.6215],[110.1852,-2.5888],[110.1999,-2.5191],[110.1808,-2.4544],[110.1514,-2.4297],[110.1378,-2.3026],[110.0944,-2.2438],[110.0639,-2.2487],[110.0925,-2.2229],[110.085,-2.1812],[110.1102,-2.15],[110.1183,-2.0323],[110.0646,-1.9292],[109.9217,-1.8558],[109.9013,-1.8282],[109.9145,-1.8115],[109.9099,-1.7702],[109.941,-1.7772],[109.931,-1.7573],[109.9724,-1.752],[110.0323,-1.6674],[110.0356,-1.5246],[110.0739,-1.406],[110.0617,-1.3465],[110.0173,-1.2869],[109.9644,-1.278],[109.9302,-1.2158],[109.9059,-1.204],[109.9447,-1.1263],[109.8668,-1.094],[109.8225,-1.0928],[109.8045,-1.0501],[109.7689,-1.0352],[109.765,-0.9962],[109.736,-0.9905],[109.7339,-0.967],[109.6976,-0.9877],[109.6848,-1.013],[109.6479,-0.9964],[109.6284,-0.9674],[109.6146,-0.9739],[109.5897,-0.9027],[109.553,-0.8846],[109.4554,-0.8655],[109.446,-0.8508],[109.4064,-0.8699],[109.4325,-0.8963],[109.4206,-0.9133],[109.4047,-0.8985],[109.4177,-0.9138],[109.406,-0.9329],[109.3068,-0.9063],[109.2411,-0.8187],[109.2507,-0.661],[109.3194,-0.7053],[109.3976,-0.7082],[109.4646,-0.753],[109.5386,-0.7317],[109.4587,-0.7303],[109.4452,-0.7087],[109.4589,-0.7189],[109.4574,-0.7066],[109.3908,-0.6577],[109.3722,-0.6488],[109.3602,-0.6527],[109.3559,-0.6212],[109.3729,-0.6193],[109.3789,-0.5875],[109.2928,-0.5963],[109.308,-0.6002],[109.2823,-0.6136]],[[109.4589,-0.719],[109.4696,-0.7175],[109.4589,-0.7189],[109.4589,-0.719]]],[[[108.6046,0.1379],[108.6116,0.126],[108.6001,0.1199],[108.6046,0.1379]]],[[[108.8406,0.496],[108.8614,0.5114],[108.8593,0.4769],[108.8406,0.496]]],[[[108.761,0.7446],[108.7627,0.7647],[108.7704,0.7305],[108.761,0.7446]]],[[[108.7277,0.7317],[108.6954,0.7736],[108.7036,0.8029],[108.7277,0.7317]]],[[[108.7762,0.837],[108.7897,0.8292],[108.7779,0.8216],[108.7762,0.837]]],[[[110.1318,-2.8918],[110.1744,-2.8544],[110.2014,-2.8821],[110.1919,-2.9097],[110.1616,-2.9135],[110.1318,-2.8918]]],[[[110.1264,-2.7407],[110.0796,-2.76],[110.045,-2.7479],[110.1119,-2.6728],[110.1264,-2.7407]]],[[[109.5444,-1.2725],[109.4926,-1.3101],[109.4344,-1.2948],[109.3827,-1.2602],[109.4266,-1.2046],[109.4586,-1.0034],[109.4874,-0.9754],[109.5449,-1.002],[109.5965,-0.9812],[109.6372,-0.9864],[109.6467,-1.0115],[109.675,-1.0205],[109.7183,-0.989],[109.7617,-1.0043],[109.7796,-1.1471],[109.6912,-1.1929],[109.6874,-1.217],[109.5444,-1.2725]]],[[[109.3666,-0.6766],[109.3497,-0.6563],[109.3695,-0.6503],[109.4057,-0.6749],[109.3666,-0.6766]]]]}},{"type":"Feature","properties":{"kode":"62","nama":"Kalimantan Tengah","prov_kode":"62"},"geometry":{"type":"MultiPolygon","coordinates":[[[[113.3653,-3.2758],[113.3965,-3.2508],[113.4073,-3.2693],[113.3665,-3.3017],[113.3653,-3.2758]]],[[[110.7314,-2.997],[110.7739,-2.926],[110.893,-2.8715],[110.9664,-2.8577],[111.0117,-2.7946],[111.1364,-2.7507],[111.1727,-2.6903],[111.1193,-2.6531],[111.1364,-2.606],[111.1039,-2.4247],[111.0709,-2.3015],[111.0325,-2.2441],[111.0796,-2.1586],[111.0374,-2.0764],[111.0822,-2.0467],[111.0854,-1.997],[111.0042,-1.9909],[110.9795,-1.9746],[110.9756,-1.9431],[110.9968,-1.9102],[110.9755,-1.8592],[111.0164,-1.746],[110.982,-1.668],[110.9167,-1.7189],[110.8843,-1.6807],[110.8602,-1.6764],[110.8557,-1.636],[110.9023,-1.5913],[110.9523,-1.5784],[110.984,-1.5377],[111.0163,-1.5629],[111.0588,-1.5363],[111.0756,-1.5618],[111.1189,-1.5528],[111.1061,-1.497],[111.1512,-1.4717],[111.1918,-1.5143],[111.1851,-1.4322],[111.2066,-1.4414],[111.2201,-1.4087],[111.2768,-1.4268],[111.2757,-1.408],[111.3124,-1.378],[111.3274,-1.3363],[111.3629,-1.3168],[111.3757,-1.2802],[111.4018,-1.2749],[111.4065,-1.2429],[111.5706,-1.2032],[111.5557,-1.1654],[111.5716,-1.1425],[111.5552,-1.1056],[111.5686,-1.0781],[111.622,-1.0482],[111.6218,-0.9875],[111.7209,-0.9431],[111.7284,-0.9263],[111.8569,-0.9031],[111.8725,-0.864],[111.919,-0.8714],[111.9025,-0.8361],[111.9101,-0.7732],[111.9541,-0.8187],[112.0319,-0.7935],[112.0143,-0.7215],[112.0261,-0.7017],[112.1578,-0.7288],[112.1472,-0.6802],[112.1966,-0.6159],[112.2454,-0.6373],[112.3022,-0.7329],[112.3271,-0.7065],[112.3652,-0.7127],[112.4362,-0.673],[112.4715,-0.7319],[112.4912,-0.6924],[112.5915,-0.6891],[112.6275,-0.656],[112.6913,-0.6494],[112.6992,-0.6222],[112.7412,-0.6225],[112.7505,-0.5703],[112.8453,-0.572],[112.8875,-0.535],[112.9746,-0.5108],[112.9918,-0.4876],[113.0585,-0.5004],[113.1106,-0.4862],[113.1429,-0.4462],[113.2142,-0.5059],[113.2666,-0.4232],[113.2625,-0.3883],[113.2068,-0.3417],[113.2868,-0.2407],[113.3529,-0.2212],[113.389,-0.1627],[113.4107,-0.1596],[113.4187,-0.141],[113.3969,-0.1249],[113.417,-0.1146],[113.4398,-0.0667],[113.4171,-0.0451],[113.4372,0.0154],[113.41,0.0467],[113.4193,0.1254],[113.3282,0.1772],[113.2727,0.2438],[113.3434,0.2793],[113.4099,0.2643],[113.4531,0.2749],[113.5855,0.4052],[113.6583,0.4432],[113.6721,0.5045],[113.7713,0.5659],[113.8129,0.6475],[113.84,0.6682],[113.8755,0.6631],[113.8893,0.6445],[113.9766,0.6696],[114.0024,0.6544],[114.0658,0.6937],[114.1107,0.7016],[114.155,0.6682],[114.1725,0.6248],[114.1483,0.588],[114.1867,0.571],[114.1879,0.5486],[114.2259,0.5324],[114.3156,0.5446],[114.4085,0.4963],[114.4302,0.505],[114.4276,0.5441],[114.457,0.5689],[114.5189,0.5662],[114.5395,0.5952],[114.5384,0.6314],[114.5871,0.6288],[114.6121,0.6436],[114.6595,0.7088],[114.6996,0.7294],[114.6954,0.714],[114.7161,0.7088],[114.762,0.7448],[114.7837,0.735],[114.8236,0.7526],[114.874,0.7023],[114.8642,0.7391],[114.9128,0.7935],[114.9777,0.7485],[115.0075,0.6185],[115.095,0.4703],[115.1343,0.4325],[115.1323,0.3876],[115.0501,0.3031],[115.0213,0.3295],[114.9551,0.3151],[114.9417,0.3335],[114.9079,0.3186],[114.8624,0.2381],[114.8354,0.2288],[114.8012,0.1764],[114.8107,0.1579],[114.7897,0.0944],[114.8089,0.0712],[114.8351,0.0791],[114.8959,0.0413],[114.8964,-0.0307],[114.9251,-0.0939],[114.9345,-0.1876],[114.9868,-0.1727],[115.0445,-0.1884],[115.085,-0.1512],[115.1439,-0.1365],[115.1577,-0.0993],[115.195,-0.0728],[115.229,-0.0718],[115.2986,-0.0304],[115.3215,-0.0947],[115.2686,-0.1492],[115.2711,-0.1854],[115.238,-0.2374],[115.252,-0.2939],[115.2275,-0.297],[115.2403,-0.3775],[115.26,-0.3927],[115.2453,-0.4425],[115.2961,-0.4893],[115.3534,-0.5848],[115.3689,-0.7677],[115.3846,-0.8079],[115.5032,-0.8494],[115.5755,-0.9393],[115.6535,-0.9939],[115.6715,-1.0518],[115.7418,-1.0884],[115.7572,-1.1336],[115.7967,-1.111],[115.8487,-1.1604],[115.773,-1.2259],[115.755,-1.3073],[115.6938,-1.3636],[115.6393,-1.3692],[115.5209,-1.4306],[115.4005,-1.4349],[115.3103,-1.8069],[115.3513,-1.9273],[115.2793,-1.998],[115.3245,-2.0814],[115.2921,-2.2237],[115.2647,-2.2262],[115.2446,-2.1997],[114.9178,-2.4492],[114.8757,-2.464],[114.8677,-2.5165],[114.7966,-2.5948],[114.7881,-2.682],[114.7591,-2.7237],[114.6804,-2.7415],[114.672,-2.795],[114.5931,-2.8202],[114.4976,-3.0006],[114.4783,-3.1268],[114.3977,-3.2568],[114.3502,-3.4541],[114.3119,-3.4509],[114.2504,-3.3943],[114.2433,-3.3686],[114.1788,-3.3932],[114.1114,-3.3713],[114.0521,-3.3156],[114.0453,-3.3464],[113.9624,-3.3658],[113.8222,-3.4499],[113.7237,-3.4679],[113.6263,-3.4642],[113.5821,-3.4422],[113.6111,-3.3963],[113.6326,-3.299],[113.6038,-3.1662],[113.583,-3.1641],[113.58,-3.1407],[113.4358,-3.1708],[113.4148,-3.2177],[113.3792,-3.2387],[113.3796,-3.2572],[113.367,-3.2497],[113.3631,-3.2698],[113.3232,-3.2311],[113.3456,-3.2782],[113.1979,-3.0941],[113.089,-3.0353],[113.0463,-2.9737],[112.9425,-3.1121],[112.9685,-3.1585],[112.992,-3.1649],[113.0394,-3.1276],[113.0171,-3.153],[112.9181,-3.2423],[112.6839,-3.3626],[112.6424,-3.4044],[112.5617,-3.4454],[112.4793,-3.4136],[112.432,-3.3602],[112.3879,-3.3373],[112.3369,-3.3162],[112.2611,-3.3133],[112.2026,-3.3316],[112.0452,-3.4284],[111.9028,-3.5407],[111.8435,-3.541],[111.7696,-3.5079],[111.813,-3.4174],[111.8161,-3.3034],[111.7985,-3.2021],[111.8226,-3.0299],[111.7618,-2.9074],[111.7086,-2.8506],[111.6696,-2.8947],[111.6861,-2.9187],[111.7043,-2.9075],[111.6911,-2.9427],[111.6343,-2.9588],[111.5481,-3.0233],[111.4891,-2.9449],[111.4101,-2.9067],[111.3862,-2.921],[111.343,-2.9091],[111.1766,-2.9977],[110.9713,-3.0668],[110.8008,-2.977],[110.7314,-2.997]]]]}},{"type":"Feature","properties":{"kode":"63","nama":"Kalimantan Selatan","prov_kode":"63"},"geometry":{"type":"MultiPolygon","coordinates":[[[[115.6745,-4.8941],[115.665,-4.92],[115.6341,-4.9376],[115.6745,-4.8941]]],[[[115.8356,-4.7836],[115.853,-4.782],[115.7665,-4.8376],[115.8553,-4.7543],[115.8356,-4.7836]]],[[[115.7116,-4.7264],[115.7192,-4.706],[115.7485,-4.6913],[115.7394,-4.708],[115.7116,-4.7264]]],[[[115.8137,-4.3661],[115.7952,-4.369],[115.7986,-4.3636],[115.8137,-4.3661]]],[[[116.042,-4.0776],[116.0471,-4.0774],[116.0445,-4.0981],[116.042,-4.0776]]],[[[116.1802,-4.0489],[116.1625,-4.0533],[116.1765,-4.0441],[116.1802,-4.0489]]],[[[116.0207,-3.4288],[116.0402,-3.4236],[116.0274,-3.4565],[116.0165,-3.4474],[116.0207,-3.4288]]],[[[116.0367,-3.3982],[116.0261,-3.4052],[116.0448,-3.3572],[116.0367,-3.3982]]],[[[116.0702,-3.3748],[116.0567,-3.3829],[116.0671,-3.3481],[116.0702,-3.3748]]],[[[114.4976,-3.0006],[114.5911,-2.821],[114.6644,-2.8018],[114.6804,-2.7415],[114.7591,-2.7237],[114.7881,-2.682],[114.7966,-2.5948],[114.8677,-2.5165],[114.8629,-2.4798],[114.8757,-2.464],[114.9139,-2.4521],[115.2058,-2.2413],[115.2406,-2.1993],[115.2912,-2.2263],[115.3247,-2.0849],[115.2782,-2.0012],[115.351,-1.9304],[115.3103,-1.8069],[115.4005,-1.4349],[115.5223,-1.4305],[115.6393,-1.3692],[115.6878,-1.367],[115.7571,-1.3024],[115.7439,-1.3629],[115.7043,-1.4182],[115.6683,-1.4425],[115.6549,-1.4183],[115.6735,-1.392],[115.6474,-1.3878],[115.5697,-1.484],[115.5454,-1.489],[115.5366,-1.5281],[115.5463,-1.5434],[115.5816,-1.5237],[115.5988,-1.5463],[115.6163,-1.5357],[115.6367,-1.5469],[115.6286,-1.6038],[115.6534,-1.6429],[115.6695,-1.6412],[115.669,-1.7107],[115.6998,-1.7301],[115.7266,-1.787],[115.732,-1.8878],[115.7007,-1.9832],[115.7297,-2.0077],[115.7064,-2.0333],[115.7354,-2.0576],[115.7762,-2.0502],[115.8183,-2.0663],[115.7912,-2.108],[115.7812,-2.1977],[115.8178,-2.2937],[115.8363,-2.3013],[115.8166,-2.3209],[115.8356,-2.3867],[115.8522,-2.3969],[115.8907,-2.3771],[115.8948,-2.3402],[115.9145,-2.3452],[115.9574,-2.3208],[115.9642,-2.2925],[116.0114,-2.3248],[116.2025,-2.3365],[116.2401,-2.3614],[116.3622,-2.3575],[116.5515,-2.4166],[116.5305,-2.5349],[116.5121,-2.5618],[116.4811,-2.5716],[116.4759,-2.5121],[116.4505,-2.5023],[116.4245,-2.4997],[116.3985,-2.5284],[116.3535,-2.5184],[116.3119,-2.5352],[116.3294,-2.5822],[116.3554,-2.5516],[116.4116,-2.5884],[116.3686,-2.6623],[116.3641,-2.8788],[116.2707,-3.0018],[116.2144,-3.0022],[116.2095,-2.9451],[116.1549,-2.9001],[116.138,-2.8163],[116.1219,-2.8213],[116.1323,-2.8893],[116.1017,-2.9333],[116.1227,-2.9605],[116.0897,-2.9952],[116.1362,-2.9747],[116.1738,-2.9966],[116.182,-3.0586],[116.2737,-3.1297],[116.2067,-3.1292],[116.1679,-3.1674],[116.1868,-3.2385],[116.0855,-3.2825],[116.0322,-3.3631],[116.0071,-3.4332],[116.0146,-3.4831],[115.9909,-3.5264],[115.9931,-3.5561],[115.9748,-3.5654],[115.9935,-3.5718],[115.9708,-3.6069],[115.8467,-3.6268],[115.7176,-3.7307],[115.6633,-3.739],[115.0529,-3.9926],[114.7263,-4.162],[114.6642,-4.1784],[114.6189,-4.1607],[114.6383,-4.0394],[114.604,-3.8305],[114.6231,-3.7007],[114.6052,-3.6239],[114.5612,-3.5623],[114.5137,-3.5432],[114.4846,-3.5],[114.434,-3.4985],[114.3989,-3.4525],[114.3929,-3.4619],[114.3532,-3.4468],[114.3966,-3.2604],[114.4783,-3.1268],[114.4976,-3.0006]]],[[[117.0453,-5.0917],[117.0508,-5.0891],[117.0585,-5.1015],[117.0453,-5.0917]]],[[[116.2134,-4.0964],[116.2006,-4.0873],[116.2099,-4.0855],[116.2134,-4.0964]]],[[[116.214,-4.0304],[116.2073,-4.0377],[116.1971,-4.0255],[116.214,-4.0304]]],[[[116.3113,-3.8446],[116.2962,-3.8435],[116.3194,-3.8167],[116.3113,-3.8446]]],[[[116.0768,-3.8107],[116.0055,-3.683],[116.009,-3.6143],[116.0453,-3.5449],[116.0376,-3.4847],[116.0733,-3.4453],[116.1153,-3.3036],[116.1384,-3.3058],[116.2555,-3.2102],[116.2789,-3.2161],[116.25,-3.3766],[116.3118,-3.4628],[116.314,-3.504],[116.2909,-3.5073],[116.2711,-3.5439],[116.305,-3.5881],[116.2895,-3.6133],[116.3004,-3.713],[116.3389,-3.7278],[116.2713,-3.816],[116.2951,-3.847],[116.31,-3.9168],[116.2706,-3.9092],[116.2439,-3.9418],[116.2038,-3.9577],[116.1904,-3.9747],[116.2094,-3.9829],[116.173,-3.9967],[116.1434,-4.0352],[116.1165,-4.022],[116.091,-4.0854],[116.0979,-4.0563],[116.0846,-4.057],[116.0803,-4.0261],[116.062,-4.026],[116.0486,-4.0623],[116.0402,-4.0255],[116.08,-3.924],[116.0611,-3.905],[116.0768,-3.8107]]],[[[116.332,-3.5921],[116.3486,-3.6063],[116.3382,-3.6187],[116.332,-3.5921]]],[[[116.3137,-3.5594],[116.3389,-3.4595],[116.392,-3.4093],[116.4083,-3.3604],[116.4312,-3.3681],[116.3989,-3.6271],[116.3793,-3.6524],[116.3584,-3.6413],[116.3421,-3.5672],[116.3137,-3.5594]]],[[[116.2747,-3.0791],[116.2797,-3.0931],[116.2727,-3.0904],[116.2747,-3.0791]]],[[[116.1482,-2.9005],[116.2028,-2.9405],[116.1809,-2.9507],[116.1489,-2.9353],[116.1482,-2.9005]]]]}},{"type":"Feature","properties":{"kode":"64","nama":"Kalimantan Timur","prov_kode":"64"},"geometry":{"type":"MultiPolygon","coordinates":[[[[116.7251,-1.132],[116.7177,-1.1107],[116.7325,-1.1212],[116.7251,-1.132]]],[[[117.4995,-0.7022],[117.5166,-0.6974],[117.5232,-0.7027],[117.4995,-0.7022]]],[[[113.8877,0.7834],[113.9262,0.8376],[113.8746,0.8928],[113.9185,0.9901],[113.8922,1.0229],[113.8942,1.0518],[113.9415,1.0628],[113.9861,1.1442],[114.0276,1.1473],[114.0415,1.1328],[114.0837,1.1623],[114.099,1.1486],[114.1181,1.1562],[114.1397,1.1989],[114.1272,1.2258],[114.1608,1.2664],[114.1417,1.2926],[114.1477,1.3786],[114.2235,1.4162],[114.2407,1.4474],[114.3016,1.4567],[114.3816,1.492],[114.3868,1.5155],[114.4093,1.5209],[114.474,1.475],[114.4995,1.4732],[114.537,1.4352],[114.5622,1.4322],[114.5752,1.3957],[114.6,1.3945],[114.6155,1.3639],[114.6975,1.3577],[114.7256,1.313],[114.7225,1.268],[114.7566,1.2554],[114.844,1.1696],[114.8942,1.2145],[114.937,1.1817],[114.99,1.1916],[114.9934,1.1589],[115.0206,1.1223],[115.1716,1.1192],[115.1962,1.0915],[115.1932,1.0698],[115.2642,1.0466],[115.2953,1.0483],[115.3062,1.0663],[115.364,1.0624],[115.3829,1.1013],[115.4154,1.1232],[115.426,1.1532],[115.4106,1.1873],[115.436,1.2234],[115.5018,1.256],[115.6383,1.2863],[115.7185,1.2684],[115.7771,1.3579],[115.8452,1.3794],[115.868,1.4087],[115.8687,1.4446],[115.9592,1.4882],[115.9821,1.5354],[116.0133,1.527],[116.0439,1.553],[116.0439,1.6061],[116.0859,1.6598],[116.1354,1.6608],[116.196,1.8467],[116.1833,1.894],[116.2039,1.9894],[116.2371,2.0161],[116.228,2.0909],[116.2641,2.1092],[116.297,2.1033],[116.3011,2.1237],[116.3226,2.1224],[116.355,2.1567],[116.3544,2.1759],[116.2996,2.2332],[116.3384,2.2895],[116.4269,2.3045],[116.4645,2.2796],[116.4855,2.2864],[116.4845,2.3164],[116.5111,2.3462],[116.5117,2.3817],[116.4969,2.3976],[116.506,2.4555],[116.5727,2.4534],[116.6284,2.4188],[116.6489,2.457],[116.7414,2.532],[116.7919,2.3961],[116.8115,2.3787],[116.8618,2.4643],[116.9626,2.5102],[117.0374,2.5236],[117.0946,2.5976],[117.2524,2.5783],[117.3164,2.6057],[117.4155,2.6087],[117.515,2.5247],[117.5611,2.5217],[117.5834,2.504],[117.615,2.5247],[117.6302,2.5189],[117.7256,2.393],[117.7375,2.3475],[117.7636,2.3286],[117.8269,2.3267],[117.8764,2.3921],[117.9172,2.3995],[117.9472,2.3845],[117.9746,2.4246],[118.0015,2.4352],[118.0243,2.3583],[118.0451,2.3801],[118.1023,2.2845],[118.0214,2.1973],[117.9365,2.179],[117.9253,2.1404],[117.9575,2.1198],[117.9138,2.0985],[117.9078,2.0406],[117.8584,2.0231],[117.8454,2.0427],[117.7609,2.0189],[117.8391,2.008],[117.8641,1.9657],[117.8788,1.9729],[117.8607,1.874],[117.8921,1.8714],[117.8983,1.8367],[117.9364,1.8021],[118.0488,1.7826],[118.0657,1.7627],[118.0533,1.7298],[118.1342,1.635],[118.1648,1.628],[118.3002,1.5306],[118.3861,1.5007],[118.376,1.4864],[118.4106,1.4869],[118.4234,1.4482],[118.3758,1.4255],[118.4276,1.4326],[118.4244,1.4083],[118.4839,1.3832],[118.4853,1.3631],[118.5078,1.3761],[118.5157,1.3563],[118.5661,1.3622],[118.714,1.2492],[118.7693,1.1968],[118.7638,1.1593],[118.727,1.1573],[118.7776,1.1525],[118.7885,1.1363],[118.7781,1.1345],[118.831,1.0983],[118.847,1.0464],[118.8703,1.0676],[118.918,1.0649],[118.986,1.0244],[118.9873,0.9877],[118.9652,0.9428],[118.8876,0.8723],[118.8558,0.8771],[118.7924,0.8008],[118.7957,0.811],[118.7595,0.8056],[118.7241,0.8234],[118.71,0.813],[118.6977,0.8451],[118.67,0.8564],[118.6248,0.8461],[118.5873,0.8105],[118.4498,0.8372],[118.3858,0.8021],[118.3461,0.8128],[118.34,0.8402],[118.3067,0.8521],[118.0634,0.9038],[118.0568,0.9395],[118.0095,0.959],[118.0063,0.9842],[118.0012,0.9642],[117.9979,0.9911],[117.9844,0.9902],[117.9702,0.9555],[118.024,0.8565],[118.0301,0.7814],[117.9678,0.7773],[117.9223,0.8072],[117.9158,0.8363],[117.8735,0.8077],[117.8096,0.7964],[117.7197,0.7076],[117.7101,0.6243],[117.6734,0.6165],[117.634,0.5153],[117.6057,0.4879],[117.6057,0.42],[117.5854,0.4037],[117.5649,0.4246],[117.5536,0.4219],[117.5667,0.3918],[117.5523,0.3351],[117.5425,0.3174],[117.5224,0.3221],[117.5342,0.2863],[117.5189,0.2778],[117.5301,0.2538],[117.5165,0.2433],[117.5278,0.2215],[117.4816,0.16],[117.509,0.1546],[117.5224,0.126],[117.5095,0.1092],[117.4924,0.1155],[117.4998,0.0994],[117.4776,0.1037],[117.4863,0.0834],[117.4582,0.1016],[117.4772,0.0831],[117.4682,0.0473],[117.5092,0.0639],[117.4897,0.0412],[117.4918,0.0284],[117.5023,0.0395],[117.5193,0.0253],[117.5065,0.0023],[117.5191,-0.0268],[117.4781,-0.0746],[117.4428,-0.2017],[117.4167,-0.2232],[117.4256,-0.2746],[117.4517,-0.3036],[117.4527,-0.3523],[117.4918,-0.3293],[117.5398,-0.3726],[117.5304,-0.3835],[117.5575,-0.4333],[117.6021,-0.4064],[117.6279,-0.4252],[117.6186,-0.463],[117.5829,-0.4818],[117.5799,-0.5761],[117.5502,-0.6178],[117.567,-0.6232],[117.5626,-0.649],[117.5248,-0.6531],[117.5294,-0.6894],[117.4621,-0.6937],[117.5175,-0.7362],[117.6029,-0.73],[117.6119,-0.7733],[117.6007,-0.7873],[117.5615,-0.7829],[117.5525,-0.8049],[117.5133,-0.8094],[117.4893,-0.8395],[117.4463,-0.8058],[117.4318,-0.8251],[117.4438,-0.892],[117.4007,-0.8762],[117.3399,-0.9116],[117.3148,-0.8711],[117.2948,-0.8714],[117.1973,-0.932],[117.0196,-1.1461],[117.0039,-1.1964],[116.884,-1.2768],[116.8117,-1.2818],[116.8193,-1.2007],[116.7849,-1.213],[116.781,-1.1464],[116.7291,-1.1021],[116.7769,-0.9795],[116.7358,-1.0241],[116.7179,-1.0953],[116.7025,-1.0907],[116.7139,-1.1052],[116.7023,-1.1208],[116.7667,-1.187],[116.7101,-1.2119],[116.7773,-1.243],[116.759,-1.2875],[116.7618,-1.3585],[116.5903,-1.426],[116.5451,-1.4584],[116.533,-1.5045],[116.5595,-1.6012],[116.5352,-1.6208],[116.3151,-1.7006],[116.3091,-1.7253],[116.2838,-1.7305],[116.2505,-1.781],[116.2094,-1.7765],[116.2183,-1.7946],[116.2645,-1.8097],[116.3876,-1.7581],[116.4513,-1.7687],[116.4524,-1.8127],[116.4207,-1.8639],[116.4417,-1.873],[116.4575,-1.9167],[116.4603,-2.0508],[116.4553,-2.0655],[116.353,-2.1125],[116.357,-2.124],[116.3917,-2.1161],[116.3889,-2.1269],[116.4353,-2.1328],[116.5008,-2.109],[116.5181,-2.165],[116.5528,-2.1748],[116.5457,-2.2091],[116.5868,-2.1693],[116.5911,-2.2533],[116.5538,-2.4191],[116.432,-2.3703],[116.2438,-2.362],[116.198,-2.3356],[116.0164,-2.325],[115.9669,-2.2926],[115.9599,-2.3197],[115.9145,-2.3452],[115.8959,-2.3384],[115.8907,-2.3771],[115.8522,-2.3969],[115.8347,-2.383],[115.8162,-2.3245],[115.8345,-2.299],[115.8163,-2.2906],[115.781,-2.1947],[115.7918,-2.1044],[115.812,-2.0922],[115.8169,-2.0634],[115.7888,-2.0511],[115.7354,-2.0576],[115.7064,-2.0333],[115.7297,-2.0077],[115.7007,-1.9832],[115.7314,-1.8918],[115.7266,-1.787],[115.6987,-1.7302],[115.6673,-1.7066],[115.6695,-1.6412],[115.6495,-1.6393],[115.6301,-1.6085],[115.6357,-1.5462],[115.6131,-1.5351],[115.6003,-1.5474],[115.578,-1.5241],[115.5553,-1.5433],[115.5369,-1.5317],[115.5434,-1.491],[115.5722,-1.4815],[115.645,-1.3898],[115.6746,-1.3944],[115.6549,-1.4183],[115.6683,-1.4425],[115.7078,-1.4149],[115.7451,-1.3601],[115.7683,-1.2334],[115.847,-1.1547],[115.7967,-1.111],[115.7565,-1.133],[115.7426,-1.089],[115.6715,-1.0518],[115.6518,-0.9916],[115.5777,-0.9417],[115.5032,-0.8494],[115.3995,-0.8227],[115.3832,-0.8048],[115.3523,-0.582],[115.2961,-0.4893],[115.2453,-0.4425],[115.2595,-0.39],[115.2397,-0.3747],[115.2279,-0.2997],[115.253,-0.2909],[115.238,-0.2374],[115.2711,-0.1854],[115.2686,-0.1492],[115.3215,-0.0947],[115.2986,-0.0304],[115.2259,-0.0722],[115.1927,-0.0742],[115.1577,-0.0993],[115.1463,-0.1345],[115.0821,-0.152],[115.0421,-0.1897],[114.9868,-0.1727],[114.9318,-0.1868],[114.9251,-0.0939],[114.8957,-0.0273],[114.895,0.0439],[114.832,0.0799],[114.8117,0.0704],[114.7883,0.0967],[114.8111,0.1616],[114.802,0.1788],[114.8325,0.2251],[114.8624,0.2381],[114.9079,0.3186],[114.9417,0.3335],[114.9551,0.3151],[115.0177,0.3301],[115.0459,0.302],[115.1323,0.3876],[115.1343,0.4325],[115.095,0.4703],[115.0075,0.6185],[114.9777,0.7485],[114.908,0.7954],[114.9053,0.7755],[114.8642,0.7391],[114.874,0.7023],[114.8236,0.7526],[114.7792,0.7352],[114.76,0.7441],[114.711,0.7074],[114.6996,0.7294],[114.6564,0.7043],[114.6152,0.6425],[114.5407,0.6329],[114.5212,0.5679],[114.4588,0.571],[114.4276,0.5441],[114.4302,0.505],[114.4085,0.4963],[114.3156,0.5446],[114.2259,0.5324],[114.1944,0.5445],[114.1845,0.5731],[114.1483,0.588],[114.1723,0.6276],[114.1531,0.6711],[114.1107,0.7016],[114.0658,0.6937],[114.0051,0.6546],[113.9793,0.6699],[113.8893,0.6445],[113.8755,0.6631],[113.8431,0.6681],[113.8468,0.7083],[113.8775,0.715],[113.8963,0.7417],[113.8877,0.7834]],[[117.481,0.11],[117.4862,0.1058],[117.4868,0.1067],[117.481,0.11]],[[118.0053,0.9915],[117.9989,0.9911],[118.0062,0.9849],[118.0053,0.9915]]],[[[117.9983,0.737],[118.0213,0.7364],[118.0161,0.7156],[117.9983,0.737]]],[[[118.004,0.9002],[117.9986,0.9384],[118.0065,0.9292],[118.004,0.9002]]],[[[118.0231,0.8842],[118.0145,0.8946],[118.0273,0.8909],[118.0231,0.8842]]],[[[118.4798,1.43],[118.4607,1.4521],[118.4662,1.4666],[118.5299,1.3863],[118.4806,1.3896],[118.4661,1.4208],[118.4798,1.43]]],[[[118.5095,2.1383],[118.5115,2.1567],[118.5326,2.162],[118.5636,2.1187],[118.5095,2.1383]]],[[[118.569,2.3123],[118.6373,2.2525],[118.5685,2.2998],[118.5855,2.2254],[118.6531,2.1633],[118.5974,2.1951],[118.5635,2.2421],[118.569,2.3123]]],[[[118.2217,2.3594],[118.1947,2.3772],[118.2011,2.3845],[118.2217,2.3594]]]]}},{"type":"Feature","properties":{"kode":"65","nama":"Kalimantan Utara","prov_kode":"65"},"geometry":{"type":"MultiPolygon","coordinates":[[[[114.5858,1.4467],[114.614,1.5734],[114.6488,1.5896],[114.7111,1.6715],[114.714,1.7853],[114.6943,1.8078],[114.7254,1.8319],[114.717,1.8539],[114.745,1.8692],[114.7914,1.8501],[114.8173,1.8934],[114.8552,1.8974],[114.8775,1.9189],[114.8477,1.9536],[114.8787,2.0386],[114.8576,2.0451],[114.8076,2.0231],[114.7931,2.0503],[114.809,2.1037],[114.7802,2.1445],[114.7795,2.1992],[114.7996,2.25],[114.816,2.2664],[114.8302,2.2542],[114.864,2.272],[114.9153,2.2597],[114.9646,2.292],[114.9463,2.3191],[114.958,2.3676],[114.9927,2.3507],[115.0328,2.3921],[115.0479,2.3891],[115.0463,2.4075],[115.092,2.4072],[115.0992,2.4424],[115.1381,2.4767],[115.1973,2.4743],[115.2374,2.506],[115.2328,2.536],[115.2129,2.5387],[115.1722,2.6053],[115.1067,2.5821],[115.0868,2.6042],[115.1146,2.653],[115.1099,2.6864],[115.0935,2.6965],[115.1411,2.7443],[115.1497,2.7921],[115.0897,2.8232],[115.1511,2.8722],[115.1515,2.9138],[115.2491,2.9667],[115.2841,3.0452],[115.3207,3.0139],[115.3333,2.9747],[115.4059,2.9821],[115.4519,3.0268],[115.4836,3.0146],[115.5191,3.0573],[115.519,3.1136],[115.5675,3.1626],[115.5217,3.1935],[115.5247,3.3195],[115.5411,3.3299],[115.5382,3.3633],[115.5793,3.4495],[115.6032,3.448],[115.618,3.4096],[115.6511,3.4423],[115.6107,3.5139],[115.6061,3.5749],[115.5767,3.6091],[115.5794,3.7463],[115.6195,3.8679],[115.5594,3.9178],[115.5804,3.9405],[115.6182,3.9396],[115.6418,3.9656],[115.684,4.1603],[115.7049,4.1985],[115.7302,4.1938],[115.7696,4.2509],[115.7963,4.2427],[115.8007,4.2262],[115.8292,4.2404],[115.8239,4.2601],[115.8695,4.3005],[115.8626,4.3427],[115.8784,4.3913],[115.9071,4.3922],[115.9289,4.355],[116.0047,4.3484],[116.0356,4.3293],[116.0387,4.2957],[116.0759,4.2768],[116.1205,4.3389],[116.1634,4.344],[116.1711,4.3931],[116.2718,4.3631],[116.353,4.3892],[116.4327,4.3257],[116.4366,4.2902],[116.4755,4.3041],[116.485,4.3337],[116.5383,4.3272],[116.536,4.3757],[116.5664,4.4074],[116.5888,4.3735],[116.6119,4.3767],[116.614,4.3446],[116.6292,4.3347],[116.6655,4.3506],[116.7038,4.3357],[116.7331,4.3514],[116.7485,4.3863],[116.7897,4.3379],[116.806,4.3517],[116.8402,4.3272],[116.9039,4.3686],[116.9625,4.3402],[117.0052,4.3452],[117.0068,4.3206],[117.0193,4.3187],[117.0442,4.3467],[117.1061,4.3333],[117.1513,4.354],[117.1965,4.3358],[117.2459,4.374],[117.289,4.3159],[117.3689,4.2862],[117.4094,4.2504],[117.4572,4.1797],[117.5281,4.1617],[117.569,4.1809],[117.5943,4.1707],[117.5468,4.1399],[117.5202,4.1011],[117.4314,4.1338],[117.4182,4.0943],[117.4725,4.0809],[117.5312,4.0314],[117.598,3.9344],[117.6357,3.9145],[117.6826,3.9163],[117.6777,3.8756],[117.7046,3.8599],[117.7217,3.8748],[117.7573,3.8689],[117.826,3.8101],[117.8261,3.7036],[117.768,3.682],[117.7421,3.6369],[117.7156,3.6403],[117.664,3.6155],[117.5871,3.6309],[117.5205,3.6741],[117.5157,3.6196],[117.4933,3.5976],[117.392,3.6402],[117.2816,3.6189],[117.2925,3.564],[117.3706,3.5624],[117.4332,3.5305],[117.4417,3.504],[117.517,3.4842],[117.4852,3.4318],[117.4443,3.404],[117.4365,3.372],[117.4467,3.3417],[117.5067,3.3211],[117.5235,3.2994],[117.5183,3.2749],[117.4517,3.2755],[117.4136,3.2489],[117.3972,3.2576],[117.3783,3.2301],[117.3075,3.2083],[117.3195,3.1685],[117.37,3.1811],[117.396,3.1611],[117.4238,3.1728],[117.4456,3.161],[117.4674,3.1277],[117.4507,3.1276],[117.478,3.0964],[117.4485,3.0828],[117.4423,3.0514],[117.5157,3.068],[117.5447,3.0684],[117.5668,3.0474],[117.6221,3.0594],[117.6206,3.0183],[117.5674,2.9637],[117.6662,2.9905],[117.6968,2.9465],[117.5548,2.9081],[117.721,2.8891],[117.71,2.8606],[117.6856,2.8624],[117.6681,2.8544],[117.6419,2.8211],[117.6027,2.8123],[117.6183,2.7968],[117.7825,2.7517],[117.7905,2.6439],[117.9483,2.4615],[117.9985,2.4294],[117.9746,2.4246],[117.9472,2.3845],[117.9172,2.3995],[117.8764,2.3921],[117.8299,2.3304],[117.7636,2.3286],[117.7375,2.3475],[117.723,2.399],[117.6302,2.5189],[117.615,2.5247],[117.5834,2.504],[117.5611,2.5217],[117.5189,2.5235],[117.4155,2.6087],[117.3164,2.6057],[117.2524,2.5783],[117.0946,2.5976],[117.0374,2.5236],[116.9626,2.5102],[116.8618,2.4643],[116.8115,2.3787],[116.7919,2.3961],[116.7456,2.5307],[116.6489,2.457],[116.6284,2.4188],[116.5727,2.4534],[116.506,2.4555],[116.4969,2.3976],[116.5117,2.3817],[116.5111,2.3462],[116.4845,2.3164],[116.4855,2.2864],[116.4645,2.2796],[116.4269,2.3045],[116.3384,2.2895],[116.2996,2.2332],[116.3544,2.1759],[116.355,2.1567],[116.3259,2.1251],[116.3011,2.1237],[116.297,2.1033],[116.2641,2.1092],[116.228,2.0909],[116.2371,2.0161],[116.2039,1.9894],[116.1833,1.894],[116.1954,1.851],[116.1354,1.6608],[116.0859,1.6598],[116.0439,1.6061],[116.0478,1.5559],[116.0133,1.527],[115.9821,1.5354],[115.9592,1.4882],[115.8687,1.4446],[115.868,1.4087],[115.8452,1.3794],[115.7771,1.3579],[115.7185,1.2684],[115.6383,1.2863],[115.5018,1.256],[115.436,1.2234],[115.412,1.1917],[115.426,1.1532],[115.4175,1.1267],[115.3829,1.1013],[115.364,1.0624],[115.3098,1.0681],[115.2953,1.0483],[115.2642,1.0466],[115.1932,1.0698],[115.1962,1.0915],[115.1716,1.1192],[115.0206,1.1223],[114.9934,1.1589],[114.99,1.1916],[114.937,1.1817],[114.8942,1.2145],[114.844,1.1696],[114.7566,1.2554],[114.7225,1.268],[114.7256,1.313],[114.6975,1.3577],[114.6155,1.3639],[114.6,1.3945],[114.5752,1.3957],[114.5641,1.4264],[114.5858,1.4467]]],[[[117.4758,3.0628],[117.4491,3.0684],[117.4922,3.086],[117.4758,3.0628]]],[[[117.5017,3.0703],[117.4999,3.0774],[117.5163,3.0745],[117.5017,3.0703]]],[[[117.4994,3.0864],[117.5659,3.0933],[117.5677,3.0821],[117.5182,3.0745],[117.4994,3.0864]]],[[[117.4862,3.0918],[117.4967,3.1028],[117.5069,3.099],[117.4862,3.0918]]],[[[117.5423,3.0961],[117.5375,3.1021],[117.5528,3.101],[117.5423,3.0961]]],[[[117.4542,3.3476],[117.4484,3.4009],[117.4981,3.4052],[117.5035,3.3454],[117.4542,3.3476]]],[[[117.4459,3.5348],[117.4155,3.5421],[117.4162,3.5564],[117.5034,3.5439],[117.5446,3.5267],[117.5468,3.5067],[117.5358,3.4917],[117.4417,3.5102],[117.4459,3.5348]]],[[[117.395,3.5829],[117.4156,3.5789],[117.4171,3.5676],[117.4056,3.5685],[117.395,3.5829]]],[[[117.3012,3.5791],[117.2923,3.5976],[117.3958,3.613],[117.4605,3.5683],[117.4346,3.563],[117.4104,3.5885],[117.3012,3.5791]]],[[[117.4033,3.5716],[117.3673,3.5802],[117.3931,3.5844],[117.4033,3.5716]]],[[[117.4968,3.5743],[117.4734,3.5724],[117.46,3.5901],[117.4968,3.5743]]],[[[117.5136,3.6109],[117.5446,3.6062],[117.5501,3.5835],[117.5076,3.594],[117.5136,3.6109]]],[[[117.3347,3.6209],[117.3702,3.6224],[117.3205,3.613],[117.3347,3.6209]]],[[[117.5506,4.1377],[117.5875,4.1375],[117.5525,4.099],[117.5363,4.1076],[117.5506,4.1377]]],[[[117.6173,2.8025],[117.6107,2.8133],[117.632,2.7993],[117.6173,2.8025]]],[[[117.6512,2.8015],[117.6294,2.8122],[117.6416,2.8118],[117.6512,2.8015]]],[[[117.6812,2.7979],[117.6418,2.8155],[117.6929,2.8531],[117.7384,2.8164],[117.6812,2.7979]]],[[[117.7028,2.9322],[117.7144,2.9111],[117.6977,2.9017],[117.5811,2.9098],[117.7028,2.9322]]],[[[117.6237,3.0721],[117.5714,3.0514],[117.5525,3.07],[117.6045,3.0837],[117.6237,3.0721]]],[[[117.6286,3.072],[117.6225,3.0829],[117.6397,3.0735],[117.6286,3.072]]],[[[117.5799,3.0836],[117.5926,3.0968],[117.6067,3.0901],[117.5799,3.0836]]],[[[117.5885,3.1085],[117.5712,3.098],[117.5604,3.1051],[117.568,3.1107],[117.5885,3.1085]]],[[[117.5822,3.1209],[117.6208,3.1176],[117.6036,3.1071],[117.5822,3.1209]]],[[[117.5145,3.3836],[117.5484,3.442],[117.6147,3.4411],[117.6623,3.4198],[117.6483,3.2395],[117.543,3.3248],[117.5145,3.3836]]],[[[117.6119,3.4973],[117.6146,3.4798],[117.548,3.4706],[117.538,3.4912],[117.5502,3.5063],[117.5504,3.5253],[117.6119,3.4973]]],[[[117.755,3.5613],[117.8007,3.5901],[117.824,3.5733],[117.8718,3.4786],[117.8687,3.4522],[117.8438,3.4547],[117.7609,3.5147],[117.755,3.5613]]],[[[117.6661,3.5522],[117.6246,3.5373],[117.5394,3.5593],[117.5083,3.582],[117.5984,3.5824],[117.6661,3.5522]]],[[[117.667,3.9663],[117.601,4.0132],[117.5906,4.0841],[117.6278,4.1343],[117.6678,4.1445],[117.753,4.0605],[117.7234,3.9911],[117.667,3.9663]]],[[[117.9061,4.0413],[117.8608,4.03],[117.684,4.1655],[117.8992,4.1659],[117.9241,4.1343],[117.926,4.0635],[117.9061,4.0413]]]]}},{"type":"Feature","properties":{"kode":"71","nama":"Sulawesi Utara","prov_kode":"71"},"geometry":{"type":"MultiPolygon","coordinates":[[[[124.9165,0.9713],[124.9049,0.9704],[124.9033,0.9784],[124.9165,0.9713]]],[[[123.1971,0.9182],[123.1669,0.9502],[123.2359,0.9423],[123.248,0.9588],[123.261,0.9146],[123.3496,0.9199],[123.3552,0.9028],[123.3727,0.9131],[123.3949,0.8989],[123.3983,0.9142],[123.4171,0.8911],[123.4506,0.9032],[123.5272,0.8858],[123.5978,0.9038],[123.701,0.8597],[123.7127,0.8737],[123.7327,0.8653],[123.7561,0.8307],[123.8036,0.8348],[123.7994,0.8533],[123.8269,0.8403],[123.9135,0.8517],[123.9574,0.8374],[123.9652,0.8467],[123.9322,0.8561],[124.068,0.9193],[124.1391,0.9285],[124.2024,0.9885],[124.2945,1.0076],[124.3574,1.1336],[124.3417,1.155],[124.3538,1.1655],[124.4147,1.191],[124.5151,1.1894],[124.5253,1.2147],[124.5473,1.2095],[124.5617,1.1837],[124.5839,1.1955],[124.6126,1.2498],[124.5702,1.2773],[124.5423,1.277],[124.5148,1.304],[124.5334,1.3543],[124.6122,1.4169],[124.674,1.3942],[124.7523,1.4546],[124.8269,1.4659],[124.845,1.5168],[124.8079,1.5748],[124.8662,1.5994],[124.8825,1.6313],[124.9295,1.6592],[124.937,1.6875],[124.964,1.6727],[124.963,1.725],[124.9815,1.7188],[124.9847,1.7495],[125.0222,1.7308],[125.0132,1.6898],[125.0422,1.6733],[125.0459,1.685],[125.1108,1.6626],[125.1431,1.6869],[125.1753,1.6846],[125.1437,1.6055],[125.1697,1.5661],[125.2454,1.5106],[125.2334,1.4659],[125.1928,1.4383],[125.1277,1.4291],[125.0784,1.3672],[125.0235,1.1425],[124.893,1.0049],[124.8859,0.9712],[124.791,0.9451],[124.7613,0.8881],[124.7237,0.896],[124.7075,0.8579],[124.7215,0.8514],[124.6716,0.8282],[124.6384,0.7893],[124.6234,0.7573],[124.6284,0.7144],[124.5984,0.7062],[124.5911,0.683],[124.5778,0.6891],[124.5443,0.6249],[124.5652,0.6234],[124.5698,0.5775],[124.5416,0.5874],[124.4934,0.543],[124.5126,0.4722],[124.4934,0.4672],[124.4904,0.4849],[124.4828,0.4678],[124.4466,0.4602],[124.4531,0.4438],[124.4143,0.4548],[124.3279,0.4465],[124.3184,0.421],[124.2863,0.4229],[124.2891,0.4049],[124.081,0.3879],[124.0517,0.3652],[123.9817,0.3737],[123.9764,0.3583],[123.8826,0.3464],[123.8675,0.3289],[123.8134,0.3359],[123.7784,0.3106],[123.7066,0.3182],[123.6791,0.2964],[123.6482,0.3069],[123.6225,0.2933],[123.5708,0.3217],[123.4913,0.3068],[123.4843,0.3564],[123.5481,0.4371],[123.5213,0.4756],[123.5519,0.5104],[123.5247,0.5433],[123.5301,0.5789],[123.488,0.6018],[123.4882,0.6263],[123.3794,0.6427],[123.3248,0.6952],[123.278,0.6967],[123.2476,0.7171],[123.2714,0.8005],[123.2069,0.8572],[123.1222,0.8886],[123.1123,0.9153],[123.1369,0.9228],[123.1782,0.9021],[123.1971,0.9182]]],[[[125.2933,1.5472],[125.2594,1.4134],[125.1752,1.387],[125.1857,1.4296],[125.242,1.4465],[125.2933,1.5472]]],[[[124.7672,1.6175],[124.7358,1.6175],[124.737,1.6282],[124.7732,1.6289],[124.7819,1.5961],[124.7672,1.6175]]],[[[124.6822,1.6258],[124.6924,1.6474],[124.7154,1.6376],[124.6962,1.6174],[124.6822,1.6258]]],[[[125.0248,1.7053],[125.028,1.6889],[125.0184,1.6921],[125.0248,1.7053]]],[[[124.7361,1.7342],[124.7504,1.7189],[124.7661,1.7434],[124.7797,1.7028],[124.7646,1.6928],[124.7442,1.7034],[124.7361,1.7342]]],[[[124.7434,1.729],[124.7378,1.7523],[124.7478,1.7398],[124.7434,1.729]]],[[[124.7888,1.7898],[124.7977,1.7779],[124.7889,1.7779],[124.7888,1.7898]]],[[[125.1132,1.8128],[125.1325,1.8215],[125.1332,1.8455],[125.1596,1.8076],[125.1875,1.8008],[125.1813,1.7717],[125.1469,1.7577],[125.1513,1.7375],[125.132,1.7534],[125.1132,1.8128]]],[[[125.0507,1.8045],[125.066,1.8578],[125.0955,1.8855],[125.0799,1.8325],[125.0507,1.8045]]],[[[125.4065,2.1016],[125.3432,2.0725],[125.3385,2.0931],[125.3632,2.1033],[125.3535,2.1247],[125.3932,2.1133],[125.4107,2.1338],[125.4065,2.1016]]],[[[125.3855,2.3073],[125.3654,2.2864],[125.3451,2.3015],[125.3784,2.3275],[125.3855,2.3073]]],[[[125.4373,2.3809],[125.4668,2.3481],[125.4399,2.3169],[125.3874,2.3315],[125.3697,2.361],[125.3922,2.3838],[125.4062,2.3663],[125.4373,2.3809]]],[[[125.3085,2.3499],[125.294,2.3567],[125.3023,2.3647],[125.3085,2.3499]]],[[[125.4586,2.6736],[125.4728,2.6556],[125.4437,2.6395],[125.4589,2.6484],[125.4586,2.6736]]],[[[125.4473,2.6808],[125.4617,2.6897],[125.4601,2.6782],[125.4473,2.6808]]],[[[125.381,2.6601],[125.3601,2.7157],[125.3697,2.7862],[125.4058,2.8118],[125.4345,2.8025],[125.4581,2.7672],[125.4076,2.7288],[125.3939,2.6906],[125.429,2.6563],[125.4172,2.6345],[125.381,2.6601]]],[[[125.1704,2.7244],[125.161,2.7345],[125.1653,2.7448],[125.1782,2.735],[125.1704,2.7244]]],[[[125.3177,4.2345],[125.3312,4.2338],[125.3215,4.2252],[125.3177,4.2345]]],[[[125.5016,3.0922],[125.512,3.0778],[125.5068,3.0599],[125.5015,3.0746],[125.5016,3.0922]]],[[[125.5097,3.1589],[125.5132,3.189],[125.5235,3.1719],[125.5213,3.1912],[125.5385,3.1738],[125.5097,3.1589]]],[[[125.4691,3.2371],[125.4489,3.2468],[125.4723,3.2471],[125.4691,3.2371]]],[[[125.5602,3.3926],[125.5595,3.4103],[125.5697,3.4141],[125.5782,3.3901],[125.5602,3.3926]]],[[[125.7101,3.4759],[125.7014,3.4546],[125.6925,3.4633],[125.7101,3.4759]]],[[[125.6353,3.5382],[125.6421,3.5531],[125.6439,3.5423],[125.6353,3.5382]]],[[[125.5008,3.6103],[125.4384,3.6224],[125.3985,3.6681],[125.4025,3.7151],[125.4248,3.7336],[125.5084,3.7224],[125.5747,3.6436],[125.5639,3.6279],[125.5934,3.6118],[125.5597,3.5777],[125.5889,3.5745],[125.5925,3.552],[125.6006,3.5586],[125.6426,3.4904],[125.6599,3.4848],[125.6431,3.5028],[125.6594,3.5215],[125.6752,3.4248],[125.6421,3.381],[125.6343,3.3896],[125.6063,3.3686],[125.5916,3.3798],[125.5862,3.4051],[125.5587,3.4221],[125.5826,3.4344],[125.5662,3.4398],[125.5278,3.4073],[125.5217,3.4367],[125.5018,3.4396],[125.4904,3.5271],[125.5109,3.5708],[125.483,3.5916],[125.5008,3.6103]]],[[[125.5539,3.7517],[125.5795,3.7668],[125.5848,3.7524],[125.5539,3.7517]]],[[[125.5944,3.77],[125.5936,3.7904],[125.6348,3.7841],[125.6071,3.7882],[125.5944,3.77]]],[[[126.8234,3.7275],[126.7354,3.8145],[126.7536,3.8533],[126.8066,3.8276],[126.8513,3.7541],[126.8234,3.7275]]],[[[126.6748,3.8293],[126.6672,3.9281],[126.6154,3.9831],[126.6125,4.0435],[126.6403,4.0245],[126.649,3.9755],[126.7199,3.9199],[126.7216,3.8947],[126.6828,3.8519],[126.706,3.8181],[126.6923,3.8101],[126.6748,3.8293]]],[[[126.8531,4.3685],[126.9112,4.2723],[126.8602,4.2483],[126.8712,4.2204],[126.7975,4.1497],[126.8087,4.0341],[126.763,3.9942],[126.7029,4.0052],[126.6806,3.9933],[126.6693,4.0466],[126.7347,4.1122],[126.7932,4.2365],[126.7175,4.2642],[126.7062,4.3243],[126.6801,4.334],[126.7036,4.428],[126.7337,4.461],[126.7199,4.5079],[126.7306,4.5362],[126.7543,4.5449],[126.7865,4.5239],[126.8082,4.5331],[126.8322,4.49],[126.8554,4.4893],[126.8696,4.4316],[126.8513,4.4123],[126.8531,4.3685]]],[[[127.143,4.6083],[127.1213,4.613],[127.1456,4.6176],[127.143,4.6083]]],[[[127.1387,4.6892],[127.1356,4.7037],[127.144,4.6977],[127.1387,4.6892]]],[[[127.0548,4.7303],[127.0614,4.739],[127.093,4.7321],[127.0791,4.7167],[127.0548,4.7303]]],[[[125.4881,4.7423],[125.4797,4.728],[125.4776,4.7365],[125.4881,4.7423]]],[[[127.1456,4.7472],[127.1286,4.7311],[127.1109,4.7457],[127.1347,4.7773],[127.1456,4.7472]]],[[[127.0585,4.791],[127.0626,4.8064],[127.0649,4.7949],[127.0585,4.791]]],[[[126.5791,5.5459],[126.577,5.5583],[126.5858,5.5657],[126.5909,5.5621],[126.5791,5.5459]]]]}},{"type":"Feature","properties":{"kode":"72","nama":"Sulawesi Tengah","prov_kode":"72"},"geometry":{"type":"MultiPolygon","coordinates":[[[[121.5579,-1.9562],[121.5566,-1.9556],[121.5579,-1.9556],[121.5579,-1.9562]]],[[[121.5566,-1.9556],[121.5533,-1.9558],[121.5423,-1.9491],[121.5566,-1.9556]]],[[[121.4409,-1.9183],[121.4447,-1.9303],[121.4368,-1.9485],[121.4327,-1.9329],[121.4409,-1.9183]]],[[[121.3786,-1.9004],[121.3653,-1.9203],[121.3649,-1.9056],[121.3786,-1.9004]]],[[[121.4029,-1.8351],[121.4082,-1.8554],[121.373,-1.8597],[121.3758,-1.8454],[121.4029,-1.8351]]],[[[121.9845,0.9078],[121.9545,0.9075],[121.858,0.9804],[121.602,0.872],[121.5359,0.8741],[121.5299,0.8493],[121.4947,0.8366],[121.3532,0.8485],[121.3641,0.8004],[121.321,0.787],[121.2415,0.8013],[121.2136,0.7882],[121.2089,0.765],[121.182,0.7459],[121.174,0.687],[121.156,0.6798],[121.1984,0.6421],[121.2243,0.6403],[121.2374,0.6062],[121.2766,0.5828],[121.3073,0.5674],[121.3352,0.5751],[121.3448,0.5358],[121.3278,0.5215],[121.3502,0.4936],[121.3389,0.477],[121.2728,0.4948],[121.233,0.4581],[121.1758,0.4596],[121.1462,0.4107],[121.0794,0.3981],[121.0274,0.4389],[120.8993,0.3963],[120.8533,0.443],[120.8128,0.4505],[120.8113,0.4743],[120.7665,0.4579],[120.6972,0.5089],[120.6496,0.5203],[120.5099,0.5126],[120.4604,0.4926],[120.4399,0.4673],[120.4093,0.4761],[120.3578,0.4531],[120.3024,0.4164],[120.1375,0.1942],[120.1252,0.1599],[120.1349,0.1346],[120.1059,0.0938],[120.0946,-0.0326],[120.0646,-0.0614],[120.0403,-0.0584],[120.0322,-0.0763],[120.0422,-0.1286],[120.0085,-0.1795],[120.0069,-0.2749],[120.036,-0.3076],[120.0347,-0.3707],[120.072,-0.4551],[120.0512,-0.4856],[120.059,-0.6319],[120.1126,-0.7395],[120.1751,-0.7992],[120.1881,-0.8383],[120.2187,-0.8432],[120.3113,-0.9665],[120.3506,-0.9547],[120.3683,-0.9255],[120.4095,-0.922],[120.4575,-0.9838],[120.5064,-0.9949],[120.5858,-1.1043],[120.5905,-1.1727],[120.5729,-1.2479],[120.6378,-1.3096],[120.6433,-1.3612],[120.6857,-1.419],[120.7665,-1.3658],[120.7882,-1.3731],[120.8235,-1.3535],[120.8451,-1.359],[120.8403,-1.3942],[120.8633,-1.4135],[120.9849,-1.4006],[121.0192,-1.421],[121.0372,-1.4154],[121.0596,-1.4402],[121.1019,-1.4366],[121.1807,-1.3275],[121.2174,-1.2095],[121.2783,-1.1593],[121.3033,-1.1035],[121.3521,-1.0521],[121.3893,-1.0369],[121.3943,-1.0061],[121.4483,-0.9736],[121.4868,-0.8935],[121.5501,-0.8645],[121.5918,-0.8634],[121.5921,-0.8262],[121.6346,-0.8039],[121.6657,-0.8075],[121.6597,-0.9115],[121.7071,-0.9314],[121.7066,-0.9459],[121.9564,-0.992],[122.0062,-0.9371],[122.099,-0.9627],[122.1242,-0.9441],[122.1486,-0.9103],[122.1625,-0.8163],[122.1894,-0.8143],[122.202,-0.7892],[122.414,-0.7845],[122.4602,-0.7593],[122.5138,-0.7693],[122.5242,-0.7852],[122.5761,-0.7845],[122.618,-0.763],[122.6472,-0.7921],[122.7257,-0.8132],[122.7916,-0.7757],[122.9607,-0.7547],[122.9582,-0.7378],[122.896,-0.7381],[122.8667,-0.7107],[122.7888,-0.7052],[122.7266,-0.6657],[122.7772,-0.6713],[122.8066,-0.6346],[122.8394,-0.6422],[122.8653,-0.6219],[122.8837,-0.6382],[122.8974,-0.6225],[122.9507,-0.6186],[122.941,-0.6321],[122.9579,-0.6423],[122.9668,-0.6222],[123.0402,-0.5959],[123.0582,-0.5646],[123.169,-0.5842],[123.196,-0.5694],[123.2585,-0.5792],[123.4112,-0.6551],[123.3786,-0.6698],[123.4198,-0.7167],[123.4443,-0.7121],[123.4263,-0.7432],[123.4448,-0.7452],[123.4561,-0.7674],[123.4338,-0.8016],[123.4433,-0.8376],[123.408,-0.8596],[123.3914,-0.8928],[123.3841,-0.9358],[123.3973,-0.9545],[123.3494,-1.0364],[123.3119,-1.0516],[123.2674,-1.0445],[123.2507,-1.0077],[123.1753,-0.9579],[123.1447,-0.9543],[123.1351,-0.904],[123.1507,-0.8869],[123.0983,-0.8358],[123.0573,-0.8741],[123.0676,-0.882],[123.0539,-0.901],[123.039,-0.8966],[123.0379,-0.8694],[123.0334,-0.911],[123.0076,-0.8956],[122.8014,-0.9427],[122.7863,-0.9783],[122.7981,-1.0038],[122.7269,-1.0899],[122.7152,-1.1322],[122.6656,-1.1412],[122.6623,-1.1629],[122.6372,-1.1779],[122.6342,-1.2337],[122.5599,-1.2689],[122.5708,-1.2878],[122.5618,-1.3111],[122.4194,-1.4401],[122.3857,-1.4981],[122.3028,-1.536],[122.2216,-1.6005],[122.1853,-1.612],[122.1587,-1.5985],[122.0917,-1.6218],[122.0274,-1.6141],[121.9583,-1.6799],[121.9211,-1.6831],[121.9051,-1.7015],[121.8884,-1.6747],[121.8807,-1.6852],[121.8626,-1.67],[121.8606,-1.7012],[121.8869,-1.7051],[121.8592,-1.709],[121.8506,-1.6933],[121.8097,-1.7287],[121.7428,-1.8887],[121.6786,-1.9452],[121.6256,-1.9605],[121.5579,-1.9556],[121.5195,-1.8953],[121.5274,-1.8758],[121.5071,-1.8958],[121.4886,-1.8682],[121.4577,-1.8766],[121.4704,-1.8587],[121.4514,-1.8675],[121.4684,-1.8346],[121.4547,-1.8105],[121.3863,-1.8114],[121.3238,-1.7683],[121.2998,-1.7966],[121.294,-1.8531],[121.3266,-1.8639],[121.3439,-1.847],[121.3615,-1.8738],[121.3324,-1.8791],[121.3461,-1.8973],[121.3151,-1.9233],[121.3493,-1.9509],[121.342,-2.001],[121.3769,-1.9816],[121.3782,-1.9192],[121.4069,-1.9071],[121.4421,-1.9851],[121.501,-2.0297],[121.4985,-2.0535],[121.5277,-2.0487],[121.5312,-2.0697],[121.534,-2.0423],[121.539,-2.1346],[121.557,-2.1726],[121.7052,-2.1871],[121.7967,-2.2887],[121.8242,-2.2917],[121.8419,-2.3469],[121.968,-2.5289],[122.0009,-2.6278],[122.0323,-2.655],[122.0369,-2.6693],[122.0108,-2.6744],[122.0111,-2.7194],[122.0608,-2.7505],[122.0841,-2.7873],[122.137,-2.7884],[122.1849,-2.8236],[122.1838,-2.8693],[122.208,-2.8982],[122.2538,-2.879],[122.3155,-2.9128],[122.3073,-2.9544],[122.2515,-3.0268],[122.3053,-3.0598],[122.3079,-3.0807],[122.3347,-3.0866],[122.3668,-3.1324],[122.427,-3.1269],[122.4506,-3.1645],[122.4657,-3.1488],[122.4873,-3.1812],[122.43,-3.1914],[122.4238,-3.2807],[122.4048,-3.2434],[122.3567,-3.2529],[122.3685,-3.2313],[122.323,-3.2417],[122.2967,-3.2179],[122.2703,-3.1331],[122.2412,-3.1386],[122.1904,-3.0943],[122.1916,-3.0326],[122.1201,-3.0125],[122.1085,-2.9672],[121.987,-2.9618],[121.9495,-2.9431],[121.8934,-2.7931],[121.8127,-2.7575],[121.7015,-2.5519],[121.5943,-2.5093],[121.4831,-2.4871],[121.3457,-2.3803],[121.1604,-2.3318],[120.9711,-2.2406],[120.8616,-2.2113],[120.8175,-2.2074],[120.7721,-2.2291],[120.6952,-2.2079],[120.5844,-2.1271],[120.3878,-1.8825],[120.3249,-2.0527],[120.2628,-2.0254],[120.1775,-2.0285],[120.1215,-2.0117],[120.1005,-1.9699],[120.0085,-1.9668],[119.8858,-2.0459],[119.8133,-2.0452],[119.8185,-2.0108],[119.8724,-1.9499],[119.861,-1.8745],[119.8984,-1.8553],[119.905,-1.8004],[119.8658,-1.7708],[119.7682,-1.7666],[119.7528,-1.7525],[119.7731,-1.6881],[119.75,-1.6501],[119.7282,-1.6451],[119.7354,-1.6126],[119.6691,-1.5457],[119.6566,-1.5031],[119.697,-1.4539],[119.6313,-1.3982],[119.5887,-1.3924],[119.568,-1.4184],[119.5306,-1.427],[119.4982,-1.3903],[119.4506,-1.396],[119.4227,-1.3578],[119.4345,-1.3342],[119.5054,-1.3099],[119.5007,-1.2943],[119.4657,-1.3021],[119.4708,-1.287],[119.5792,-1.2615],[119.6097,-1.1204],[119.5853,-1.1161],[119.5699,-1.0279],[119.549,-1.0026],[119.5534,-0.8629],[119.5606,-0.8485],[119.6129,-0.8353],[119.6226,-0.801],[119.6832,-0.7644],[119.6849,-0.7407],[119.6617,-0.7188],[119.7079,-0.6864],[119.7268,-0.6469],[119.7612,-0.6841],[119.757,-0.7019],[119.8394,-0.8809],[119.8677,-0.8844],[119.8786,-0.8632],[119.8823,-0.8242],[119.8572,-0.7744],[119.8602,-0.712],[119.8233,-0.6892],[119.8061,-0.6494],[119.754,-0.4379],[119.7642,-0.3986],[119.7511,-0.3674],[119.8183,-0.1951],[119.798,-0.1533],[119.8101,-0.1373],[119.7938,-0.122],[119.7094,-0.141],[119.6655,-0.1106],[119.6037,-0.0062],[119.6652,-0.0186],[119.6631,0.0192],[119.7242,-0.0126],[119.7717,-0.107],[119.8259,-0.1131],[119.8395,-0.1018],[119.8829,-0.0223],[119.8778,0.0811],[119.771,0.2129],[119.8084,0.2358],[119.8331,0.217],[119.9026,0.2207],[119.8919,0.2886],[119.8502,0.3266],[119.8477,0.3566],[119.8857,0.3856],[119.8823,0.459],[119.991,0.4814],[120.0454,0.5137],[120.0194,0.6726],[120.0395,0.7142],[120.0791,0.7429],[120.1783,0.757],[120.2366,0.7998],[120.2483,0.9595],[120.2825,0.9835],[120.3544,0.9839],[120.331,0.8497],[120.361,0.8289],[120.3705,0.8673],[120.3999,0.791],[120.4704,0.7782],[120.5344,0.7917],[120.5536,0.7715],[120.5473,0.754],[120.5926,0.7481],[120.576,0.774],[120.611,0.8181],[120.6031,0.8698],[120.6376,0.9194],[120.6351,0.9385],[120.6707,0.9489],[120.6748,0.9649],[120.6874,0.9531],[120.6817,0.9736],[120.6981,0.987],[120.7224,0.9731],[120.7203,0.9599],[120.764,1.0126],[120.8098,1.033],[120.7979,1.0914],[120.7798,1.1067],[120.7897,1.1595],[120.8269,1.1823],[120.8108,1.2197],[120.8213,1.2902],[120.808,1.3228],[120.8388,1.3123],[120.8828,1.3226],[120.9033,1.3557],[120.914,1.3378],[120.8985,1.3348],[120.9005,1.319],[120.8912,1.3255],[120.8921,1.3045],[120.9261,1.3181],[120.9421,1.3499],[120.9952,1.3395],[121.0613,1.3023],[121.0989,1.3162],[121.2541,1.2304],[121.309,1.2557],[121.4018,1.2612],[121.4365,1.3103],[121.465,1.3072],[121.4612,1.2512],[121.4139,1.2342],[121.4337,1.2267],[121.4297,1.1676],[121.5094,1.0877],[121.6581,1.036],[121.6659,1.0678],[121.7154,1.0391],[121.7135,1.0794],[121.7399,1.0621],[121.8257,1.0916],[121.8839,1.0803],[121.9287,1.102],[121.9567,1.0598],[121.9503,1.044],[121.9816,1.0231],[122.0635,1.0635],[122.154,1.0488],[122.1668,1.0324],[122.1863,1.0537],[122.1943,1.0344],[122.1277,0.9992],[122.0333,0.9731],[121.9881,0.934],[121.9845,0.9078]],[[122.4938,-1.3643],[122.4922,-1.3664],[122.4934,-1.3655],[122.4938,-1.3643]],[[122.5005,-1.355],[122.4956,-1.3591],[122.4938,-1.3643],[122.5005,-1.355]]],[[[121.7659,-0.7401],[121.7673,-0.7544],[121.7588,-0.7397],[121.7659,-0.7401]]],[[[121.8604,-0.5101],[121.828,-0.5319],[121.7848,-0.4986],[121.7473,-0.5118],[121.7403,-0.4953],[121.7022,-0.5596],[121.6584,-0.5746],[121.6505,-0.5406],[121.6945,-0.4791],[121.708,-0.4798],[121.6996,-0.474],[121.7196,-0.4766],[121.735,-0.449],[121.7652,-0.45],[121.7542,-0.4328],[121.7721,-0.4163],[121.7916,-0.4433],[121.8428,-0.4126],[121.8802,-0.4165],[121.8603,-0.3842],[121.8783,-0.3515],[121.9129,-0.3383],[121.9215,-0.3708],[121.9481,-0.3535],[121.9696,-0.364],[121.9283,-0.3365],[121.9545,-0.3236],[121.9815,-0.3336],[121.9737,-0.3452],[122.0021,-0.34],[121.9808,-0.3573],[121.9961,-0.3517],[122.0112,-0.3734],[122.026,-0.3521],[122.0579,-0.3491],[122.0543,-0.4201],[122.0183,-0.4162],[122.0099,-0.3993],[122.0023,-0.4183],[121.9524,-0.4187],[121.9222,-0.4434],[121.8989,-0.4238],[121.8919,-0.4225],[121.9175,-0.4447],[121.919,-0.5186],[121.8866,-0.5408],[121.8709,-0.5351],[121.8757,-0.5257],[121.8711,-0.5153],[121.8627,-0.5287],[121.8633,-0.4974],[121.8336,-0.4962],[121.8604,-0.5101]]],[[[121.8711,-0.3517],[121.867,-0.3622],[121.8411,-0.3594],[121.8711,-0.3517]]],[[[122.0139,-0.2775],[122.0141,-0.2871],[122.0053,-0.2871],[122.0139,-0.2775]]],[[[121.5642,-0.183],[121.5632,-0.1606],[121.605,-0.1284],[121.6503,-0.1306],[121.6526,-0.1909],[121.6354,-0.2091],[121.5962,-0.2116],[121.5642,-0.183]]],[[[120.5536,0.7715],[120.5537,0.7719],[120.5573,0.7677],[120.5536,0.7715]]],[[[120.2506,0.9851],[120.2358,0.9694],[120.2313,0.9742],[120.2506,0.9851]]],[[[120.7311,0.9911],[120.703,0.9873],[120.707,0.998],[120.7311,0.9911]]],[[[120.6748,1.0157],[120.6064,1.0657],[120.5981,1.0555],[120.6084,1.0683],[120.628,1.0631],[120.6638,1.0415],[120.6748,1.0157]]],[[[120.4021,1.0568],[120.3818,1.0081],[120.3665,1.0284],[120.3858,1.0771],[120.4021,1.0568]]],[[[120.8874,1.374],[120.8928,1.3688],[120.8844,1.3579],[120.8874,1.374]]],[[[123.4795,-1.9514],[123.465,-1.9465],[123.4753,-1.94],[123.4795,-1.9514]]],[[[123.5348,-1.9358],[123.5282,-1.924],[123.536,-1.9127],[123.5417,-1.915],[123.5348,-1.9358]]],[[[123.3658,-1.8794],[123.366,-1.8795],[123.3673,-1.8843],[123.3658,-1.8794]]],[[[123.3632,-1.8689],[123.3753,-1.8856],[123.366,-1.8795],[123.3632,-1.8689]]],[[[123.1341,-1.8679],[123.108,-1.8751],[123.0866,-1.9127],[123.0597,-1.9248],[123.0482,-1.9085],[123.0696,-1.8869],[123.0588,-1.8302],[123.0929,-1.7634],[123.1294,-1.7794],[123.1484,-1.8161],[123.1341,-1.8679]]],[[[123.2612,-1.8109],[123.2501,-1.8126],[123.2564,-1.8028],[123.2612,-1.8109]]],[[[123.5225,-1.7662],[123.5283,-1.7431],[123.5391,-1.7359],[123.5408,-1.752],[123.5225,-1.7662]]],[[[123.373,-1.674],[123.3841,-1.7227],[123.3515,-1.7421],[123.3384,-1.7352],[123.3135,-1.7832],[123.2767,-1.7974],[123.2902,-1.746],[123.373,-1.674]]],[[[123.4662,-1.5487],[123.4765,-1.5313],[123.4701,-1.5538],[123.4662,-1.5487]]],[[[122.9675,-1.2159],[123.0332,-1.178],[123.1041,-1.1611],[123.144,-1.2051],[123.1637,-1.1522],[123.1929,-1.1529],[123.2481,-1.2279],[123.2131,-1.2724],[123.1913,-1.2612],[123.1984,-1.2882],[123.1842,-1.3195],[123.2358,-1.3862],[123.2636,-1.3877],[123.283,-1.3597],[123.2844,-1.315],[123.3146,-1.3022],[123.374,-1.2223],[123.4123,-1.2257],[123.4038,-1.2489],[123.4272,-1.2691],[123.4391,-1.2696],[123.4442,-1.237],[123.4868,-1.2696],[123.5573,-1.2808],[123.5565,-1.3331],[123.5347,-1.3621],[123.5257,-1.4301],[123.5089,-1.4598],[123.4715,-1.467],[123.4578,-1.5164],[123.443,-1.5087],[123.4103,-1.5289],[123.3733,-1.5027],[123.3543,-1.524],[123.3524,-1.474],[123.3244,-1.4539],[123.3237,-1.4224],[123.2839,-1.4201],[123.2822,-1.4423],[123.2617,-1.4485],[123.2391,-1.5475],[123.2588,-1.6223],[123.2428,-1.6489],[123.2312,-1.6044],[123.1623,-1.6406],[123.1517,-1.6115],[123.1107,-1.6001],[123.1201,-1.5603],[123.175,-1.5111],[123.1695,-1.4265],[123.1503,-1.4093],[123.1687,-1.3903],[123.1436,-1.3777],[123.1611,-1.3026],[123.1349,-1.3017],[123.1234,-1.3179],[123.1197,-1.2962],[123.0379,-1.4201],[123.0094,-1.5035],[122.946,-1.548],[122.9074,-1.5998],[122.8757,-1.6],[122.8504,-1.5782],[122.8535,-1.5521],[122.8199,-1.4833],[122.7921,-1.4841],[122.7919,-1.4062],[122.8243,-1.2885],[122.8708,-1.2499],[122.9108,-1.181],[122.9445,-1.1843],[122.9675,-1.2159]]],[[[123.2999,-1.2834],[123.2749,-1.2157],[123.2784,-1.197],[123.317,-1.1754],[123.3249,-1.2066],[123.2999,-1.2834]]],[[[123.2789,-1.1781],[123.28,-1.156],[123.2991,-1.1459],[123.3034,-1.1553],[123.2789,-1.1781]]],[[[122.8962,-0.6221],[122.8989,-0.6162],[122.8974,-0.6225],[122.8962,-0.6221]]],[[[122.5254,-0.5022],[122.5994,-0.4796],[122.6162,-0.5015],[122.5643,-0.5187],[122.5254,-0.5022]]],[[[122.1108,-0.3178],[122.0989,-0.3272],[122.1437,-0.3621],[122.1523,-0.3972],[122.1294,-0.4235],[122.0927,-0.3938],[122.105,-0.4333],[122.0904,-0.4348],[122.0658,-0.4094],[122.0848,-0.3943],[122.0646,-0.3812],[122.0614,-0.3515],[122.0785,-0.3464],[122.0709,-0.3031],[122.0902,-0.2721],[122.1108,-0.3178]]],[[[122.271,-0.2666],[122.2335,-0.2364],[122.2394,-0.2059],[122.2683,-0.2285],[122.2822,-0.2218],[122.2874,-0.2433],[122.3109,-0.2361],[122.3773,-0.2725],[122.3694,-0.3321],[122.3967,-0.3899],[122.3061,-0.2606],[122.271,-0.2666]]],[[[122.1135,-0.2672],[122.125,-0.2581],[122.1253,-0.2687],[122.1135,-0.2672]]],[[[122.0949,-0.2478],[122.0357,-0.2771],[122.0307,-0.2766],[122.0397,-0.2574],[122.0949,-0.2478]]],[[[122.2076,-0.2195],[122.1861,-0.2502],[122.2308,-0.2576],[122.245,-0.2899],[122.1779,-0.2773],[122.1673,-0.2519],[122.1519,-0.263],[122.1472,-0.2451],[122.1747,-0.2225],[122.2076,-0.2195]]],[[[123.6622,-2.1564],[123.6679,-2.1663],[123.6675,-2.1515],[123.6804,-2.1561],[123.6728,-2.1785],[123.6622,-2.1564]]],[[[123.9279,-2.0981],[123.9268,-2.1104],[123.9171,-2.095],[123.9279,-2.0981]]],[[[123.5623,-2.1038],[123.5469,-2.1004],[123.5582,-2.0949],[123.5623,-2.1038]]],[[[123.8974,-2.0817],[123.8775,-2.0812],[123.8858,-2.0624],[123.8974,-2.0817]]],[[[123.8621,-2.071],[123.8448,-2.0635],[123.862,-2.0091],[123.8819,-2.0573],[123.8621,-2.071]]],[[[123.7573,-2.0271],[123.7832,-2.026],[123.7636,-2.0574],[123.7573,-2.0271]]],[[[123.7821,-1.9292],[123.7707,-1.9422],[123.7894,-1.8809],[123.8446,-1.9443],[123.8637,-1.9809],[123.8568,-2.0096],[123.8408,-1.9908],[123.8269,-2.024],[123.7848,-1.9827],[123.7821,-1.9292]]],[[[123.7397,-1.9554],[123.6971,-1.9534],[123.7219,-1.9069],[123.7377,-1.9126],[123.7397,-1.9554]]],[[[123.6638,-1.9609],[123.645,-1.9558],[123.6504,-1.899],[123.6638,-1.9609]]],[[[123.6885,-1.9145],[123.6764,-1.9265],[123.663,-1.8915],[123.6727,-1.8829],[123.6885,-1.9145]]],[[[123.6992,-1.8744],[123.7035,-1.8896],[123.6945,-1.9079],[123.6992,-1.8744]]],[[[123.7707,-1.8849],[123.7589,-1.8845],[123.7612,-1.8679],[123.7707,-1.8849]]],[[[123.699,-1.874],[123.6992,-1.8739],[123.6992,-1.8744],[123.699,-1.874]]],[[[123.699,-1.874],[123.6824,-1.8712],[123.6955,-1.8616],[123.699,-1.874]]],[[[123.9998,-1.8108],[124.0325,-1.8937],[124.0182,-1.8899],[123.9886,-1.8238],[123.9998,-1.8108]]],[[[123.493,-1.7153],[123.4729,-1.6535],[123.4998,-1.5911],[123.479,-1.5784],[123.4806,-1.5428],[123.516,-1.4814],[123.5266,-1.5092],[123.53,-1.4778],[123.5625,-1.544],[123.5596,-1.5979],[123.5759,-1.6104],[123.5982,-1.5935],[123.6226,-1.6243],[123.6047,-1.6303],[123.6178,-1.6532],[123.5968,-1.7151],[123.5362,-1.7273],[123.5186,-1.7011],[123.5133,-1.7228],[123.493,-1.7153]]],[[[123.5633,-1.5053],[123.553,-1.4862],[123.5666,-1.4756],[123.5633,-1.5053]]]]}},{"type":"Feature","properties":{"kode":"73","nama":"Sulawesi Selatan","prov_kode":"73"},"geometry":{"type":"MultiPolygon","coordinates":[[[[118.1548,-7.0908],[118.1735,-7.0737],[118.1633,-7.0915],[118.1548,-7.0908]]],[[[119.1048,-6.8412],[119.1077,-6.8542],[119.0953,-6.8591],[119.1048,-6.8412]]],[[[119.1855,-6.8248],[119.1695,-6.8469],[119.1735,-6.8272],[119.1855,-6.8248]]],[[[120.433,-6.5829],[120.4427,-6.6187],[120.4322,-6.6149],[120.4301,-6.633],[120.4381,-6.6422],[120.4272,-6.6411],[120.421,-6.6005],[120.433,-6.5829]]],[[[118.8398,-6.5731],[118.8386,-6.5837],[118.8277,-6.5701],[118.8398,-6.5731]]],[[[120.4314,-6.4779],[120.4209,-6.4873],[120.4289,-6.4689],[120.4314,-6.4779]]],[[[120.4157,-6.209],[120.3923,-6.1806],[120.4091,-6.123],[120.4323,-6.1061],[120.4157,-6.209]]],[[[119.2751,-5.5025],[119.2779,-5.4736],[119.294,-5.4697],[119.2998,-5.4941],[119.3183,-5.4928],[119.3123,-5.5172],[119.29,-5.5096],[119.306,-5.5187],[119.2971,-5.5287],[119.2737,-5.5319],[119.2722,-5.5153],[119.2595,-5.5244],[119.2517,-5.4907],[119.2751,-5.5025]]],[[[118.4353,-5.4066],[118.4271,-5.4183],[118.4298,-5.3954],[118.4353,-5.4066]]],[[[117.9479,-5.408],[117.9284,-5.3922],[117.9208,-5.3556],[117.9522,-5.3846],[117.9479,-5.408]]],[[[117.8906,-5.2922],[117.8874,-5.2349],[117.8982,-5.258],[117.8906,-5.2922]]],[[[117.6565,-5.2217],[117.6577,-5.1783],[117.6779,-5.2022],[117.6565,-5.2217]]],[[[117.883,-5.1794],[117.885,-5.1681],[117.8906,-5.1723],[117.883,-5.1794]]],[[[118.14,-5.1277],[118.1467,-5.1149],[118.1552,-5.1343],[118.14,-5.1277]]],[[[121.7816,-7.4215],[121.7562,-7.4233],[121.7446,-7.4036],[121.7536,-7.3531],[121.8279,-7.3332],[121.8396,-7.3714],[121.7816,-7.4215]]],[[[121.0826,-7.3036],[121.1659,-7.3477],[121.1571,-7.3721],[121.1005,-7.3975],[121.0631,-7.3744],[121.0825,-7.3601],[121.0826,-7.3036]]],[[[120.956,-7.3248],[120.9313,-7.3074],[120.8277,-7.2972],[120.7964,-7.274],[120.8402,-7.2601],[121.0632,-7.2989],[121.0515,-7.327],[120.956,-7.3248]]],[[[121.7711,-7.265],[121.7731,-7.2867],[121.7274,-7.2909],[121.746,-7.266],[121.7711,-7.265]]],[[[120.5978,-7.0987],[120.557,-7.0813],[120.6124,-7.0814],[120.5978,-7.0987]]],[[[120.617,-7.0795],[120.6043,-7.0749],[120.6278,-7.0493],[120.6246,-7.0011],[120.737,-7.0745],[120.7612,-7.0792],[120.7869,-7.0609],[120.7662,-7.135],[120.6462,-7.1261],[120.6689,-7.1292],[120.6683,-7.1468],[120.6355,-7.1299],[120.617,-7.0795]]],[[[120.5501,-7.0676],[120.5396,-7.0674],[120.5427,-7.0575],[120.5501,-7.0676]]],[[[120.8084,-6.7947],[120.8107,-6.8399],[120.794,-6.8654],[120.7798,-6.8011],[120.7875,-6.7795],[120.8084,-6.7947]]],[[[120.4359,-6.6601],[120.4289,-6.7167],[120.4305,-6.6601],[120.4359,-6.6601]]],[[[120.4426,-6.2568],[120.4462,-6.2061],[120.4311,-6.1703],[120.4468,-6.1601],[120.4659,-6.0919],[120.4484,-6.0373],[120.453,-5.8484],[120.4613,-5.7937],[120.491,-5.7677],[120.5059,-5.7831],[120.5025,-5.8124],[120.53,-5.8443],[120.5684,-6.056],[120.5519,-6.0766],[120.5246,-6.2216],[120.5386,-6.2485],[120.5383,-6.3266],[120.4958,-6.3912],[120.5082,-6.4463],[120.4816,-6.4957],[120.4698,-6.4021],[120.4542,-6.3831],[120.4715,-6.3818],[120.4797,-6.2798],[120.4426,-6.2568]]],[[[120.4776,-5.7402],[120.4883,-5.7536],[120.4737,-5.7494],[120.4776,-5.7402]]],[[[120.4299,-5.6609],[120.4259,-5.64],[120.4433,-5.6417],[120.4299,-5.6609]]],[[[119.449,-3.3246],[119.4407,-3.2685],[119.3931,-3.2166],[119.3972,-3.1918],[119.4263,-3.1748],[119.4861,-3.1837],[119.5473,-3.13],[119.6319,-3.117],[119.5347,-2.9356],[119.5129,-2.842],[119.5266,-2.7907],[119.4955,-2.74],[119.56,-2.7369],[119.6458,-2.7565],[119.7301,-2.7281],[119.7638,-2.6783],[119.7462,-2.6435],[119.7505,-2.6019],[119.7016,-2.5513],[119.7224,-2.5006],[119.6903,-2.4382],[119.7169,-2.3935],[119.6911,-2.3368],[119.5973,-2.2948],[119.6154,-2.1994],[119.6297,-2.1641],[119.7333,-2.0752],[119.7693,-2.0813],[119.8103,-2.0446],[119.8858,-2.0459],[119.9659,-2.0008],[119.9904,-1.9703],[120.0988,-1.9674],[120.1215,-2.0117],[120.1775,-2.0285],[120.2628,-2.0254],[120.3249,-2.0527],[120.3878,-1.8825],[120.5844,-2.1271],[120.6952,-2.2079],[120.7456,-2.2285],[120.8175,-2.2074],[120.9033,-2.2197],[121.1604,-2.3318],[121.3457,-2.3803],[121.4831,-2.4871],[121.5943,-2.5093],[121.7015,-2.5519],[121.7931,-2.7095],[121.738,-2.737],[121.7126,-2.7974],[121.6382,-2.8892],[121.5764,-2.9132],[121.4791,-2.9978],[121.3576,-3.019],[121.2949,-3.0794],[121.2532,-3.0644],[121.234,-3.0226],[121.1383,-2.9161],[121.1068,-2.8439],[121.1179,-2.8034],[121.095,-2.7733],[120.9968,-2.8295],[120.9785,-2.8232],[120.9763,-2.8073],[121.0036,-2.8146],[121.032,-2.7666],[121.058,-2.7666],[121.0955,-2.719],[121.0807,-2.7001],[121.0374,-2.6943],[121.0372,-2.6638],[121.0549,-2.6582],[121.0603,-2.6455],[121.032,-2.6597],[121.0444,-2.6418],[121.0397,-2.6396],[121.0184,-2.673],[120.9943,-2.6789],[120.9418,-2.657],[120.908,-2.6619],[120.8918,-2.6422],[120.8524,-2.6549],[120.8116,-2.6185],[120.6767,-2.6444],[120.6358,-2.6806],[120.5655,-2.6911],[120.573,-2.7058],[120.5354,-2.752],[120.4468,-2.8274],[120.3524,-2.8618],[120.2577,-2.9437],[120.1906,-2.9655],[120.2316,-3.0454],[120.2585,-3.0653],[120.2574,-3.1618],[120.3786,-3.2019],[120.3885,-3.2477],[120.4026,-3.2602],[120.4168,-3.2485],[120.4216,-3.265],[120.3995,-3.2882],[120.4043,-3.4314],[120.3796,-3.4986],[120.4175,-3.5734],[120.4127,-3.6565],[120.4382,-3.6908],[120.4407,-3.7438],[120.3607,-3.8485],[120.3456,-3.8907],[120.3357,-3.9404],[120.3527,-3.978],[120.3372,-3.9808],[120.3608,-4.0236],[120.3546,-4.0658],[120.3214,-4.0974],[120.335,-4.1309],[120.3391,-4.1098],[120.3418,-4.1402],[120.3728,-4.1446],[120.3801,-4.17],[120.3587,-4.3031],[120.3864,-4.3123],[120.3934,-4.3356],[120.3775,-4.3668],[120.3531,-4.3667],[120.3627,-4.3798],[120.342,-4.3995],[120.3487,-4.4294],[120.4018,-4.4822],[120.3785,-4.5105],[120.3975,-4.6011],[120.4583,-4.6576],[120.4004,-4.7089],[120.3799,-4.8408],[120.3388,-4.8398],[120.3057,-4.8677],[120.3102,-4.9125],[120.2934,-4.9207],[120.3078,-4.9411],[120.295,-4.9476],[120.3058,-5.0019],[120.2875,-5.0417],[120.299,-5.0544],[120.2701,-5.1422],[120.3124,-5.2229],[120.2937,-5.2236],[120.3144,-5.2279],[120.3331,-5.2895],[120.3621,-5.3263],[120.4035,-5.3393],[120.403,-5.3787],[120.4326,-5.4435],[120.4229,-5.4597],[120.4515,-5.479],[120.4453,-5.5576],[120.4735,-5.6195],[120.4012,-5.5914],[120.3512,-5.5187],[120.312,-5.5072],[120.2831,-5.5348],[120.2237,-5.5394],[120.114,-5.5892],[119.9349,-5.545],[119.8474,-5.6267],[119.8434,-5.6693],[119.791,-5.7008],[119.7033,-5.7025],[119.6477,-5.6815],[119.6394,-5.6622],[119.6584,-5.6422],[119.614,-5.6151],[119.5877,-5.6143],[119.5794,-5.6567],[119.555,-5.6468],[119.553,-5.5964],[119.5694,-5.6055],[119.5128,-5.5693],[119.5136,-5.5374],[119.4598,-5.5772],[119.4831,-5.5876],[119.4839,-5.6055],[119.46,-5.6065],[119.4248,-5.5756],[119.4199,-5.5484],[119.439,-5.5349],[119.421,-5.4834],[119.3628,-5.4188],[119.3542,-5.3275],[119.3764,-5.2682],[119.3838,-5.1679],[119.4063,-5.149],[119.4089,-5.1152],[119.4508,-5.1038],[119.4771,-5.0608],[119.467,-5.0294],[119.4781,-4.9932],[119.5232,-4.9268],[119.4993,-4.819],[119.4853,-4.8176],[119.499,-4.8142],[119.4839,-4.7492],[119.517,-4.7159],[119.5259,-4.6743],[119.5952,-4.5626],[119.582,-4.5314],[119.5969,-4.4169],[119.6358,-4.3162],[119.5956,-4.2388],[119.6254,-4.2362],[119.61,-4.2148],[119.6376,-4.1746],[119.6067,-4.102],[119.6351,-3.968],[119.6132,-3.9816],[119.5893,-3.9726],[119.5908,-4.002],[119.6104,-4.0045],[119.5986,-4.0421],[119.5849,-4.0369],[119.5716,-3.9502],[119.4529,-3.7131],[119.461,-3.6444],[119.5111,-3.5946],[119.5089,-3.5438],[119.4744,-3.5025],[119.4921,-3.4745],[119.4785,-3.4649],[119.4619,-3.3717],[119.4371,-3.3463],[119.449,-3.3246]]]]}},{"type":"Feature","properties":{"kode":"74","nama":"Sulawesi Tenggara","prov_kode":"74"},"geometry":{"type":"MultiPolygon","coordinates":[[[[122.4822,-5.5154],[122.524,-5.5005],[122.5063,-5.5611],[122.4855,-5.5606],[122.4699,-5.5384],[122.4822,-5.5154]]],[[[121.9929,-5.5235],[122.0631,-5.4909],[122.0299,-5.5178],[121.9929,-5.5235]]],[[[122.0709,-5.4874],[122.084,-5.4731],[122.0916,-5.4832],[122.0827,-5.494],[122.0709,-5.4874]]],[[[122.0639,-5.308],[122.0574,-5.297],[122.0761,-5.2857],[122.0639,-5.308]]],[[[121.8418,-5.1469],[121.8798,-5.1547],[121.8836,-5.139],[121.8402,-5.1121],[121.882,-5.0611],[121.8972,-5.0575],[121.893,-5.0915],[121.938,-5.113],[121.9417,-5.0718],[121.9681,-5.0631],[121.984,-5.0948],[121.9857,-5.1641],[122.0137,-5.1692],[122.0104,-5.1557],[122.0346,-5.1485],[122.06,-5.1877],[122.0733,-5.23],[122.0174,-5.241],[122.0493,-5.2666],[122.0503,-5.3177],[122.033,-5.3483],[122.0475,-5.4576],[122.03,-5.4754],[122.0104,-5.4639],[121.9499,-5.4928],[121.9226,-5.4057],[121.8745,-5.3863],[121.8241,-5.2912],[121.7948,-5.275],[121.8111,-5.2057],[121.8363,-5.1935],[121.8234,-5.1689],[121.8418,-5.1469]],[[121.8574,-5.1062],[121.8581,-5.1063],[121.8561,-5.1039],[121.8574,-5.1062]],[[121.869,-5.1193],[121.8726,-5.1088],[121.8581,-5.1063],[121.869,-5.1193]]],[[[121.7842,-5.2539],[121.7729,-5.2599],[121.7685,-5.2795],[121.7658,-5.2576],[121.7842,-5.2539]]],[[[121.8274,-5.1531],[121.8362,-5.1202],[121.8424,-5.1381],[121.8274,-5.1531]]],[[[122.1204,-4.8213],[122.1402,-4.816],[122.1221,-4.833],[122.1204,-4.8213]]],[[[122.3494,-4.7293],[122.3569,-4.7368],[122.3521,-4.7404],[122.3494,-4.7293]]],[[[122.3075,-4.6857],[122.3183,-4.6916],[122.3017,-4.7157],[122.292,-4.7075],[122.3075,-4.6857]]],[[[122.3233,-4.723],[122.3629,-4.6691],[122.3784,-4.6646],[122.3634,-4.6969],[122.3233,-4.723]]],[[[122.3478,-4.6654],[122.3479,-4.6367],[122.3625,-4.6383],[122.3478,-4.6654]]],[[[122.3136,-4.6572],[122.3174,-4.6461],[122.3303,-4.6369],[122.329,-4.6547],[122.3136,-4.6572]]],[[[122.3203,-4.6258],[122.315,-4.6147],[122.3291,-4.6103],[122.3203,-4.6258]]],[[[121.4827,-4.1946],[121.4841,-4.2034],[121.4729,-4.2254],[121.4827,-4.1946]]],[[[121.4933,-4.2035],[121.4916,-4.2021],[121.5029,-4.2001],[121.4933,-4.2035]]],[[[121.4572,-4.1375],[121.4291,-4.1303],[121.4426,-4.1659],[121.3946,-4.1643],[121.4024,-4.1325],[121.3846,-4.1078],[121.4071,-4.1122],[121.4122,-4.0846],[121.4258,-4.0849],[121.4153,-4.1122],[121.4706,-4.1108],[121.4572,-4.1375]]],[[[121.3655,-4.0845],[121.3769,-4.0992],[121.3581,-4.0916],[121.3655,-4.0845]]],[[[121.1383,-2.9161],[121.234,-3.0226],[121.2532,-3.0644],[121.2949,-3.0794],[121.3576,-3.019],[121.4791,-2.9978],[121.5764,-2.9132],[121.6382,-2.8892],[121.7126,-2.7974],[121.738,-2.737],[121.797,-2.7102],[121.8187,-2.764],[121.8934,-2.7931],[121.9495,-2.9431],[121.987,-2.9618],[122.1054,-2.9651],[122.1201,-3.0125],[122.1866,-3.0268],[122.1904,-3.0943],[122.2412,-3.1386],[122.2725,-3.1348],[122.2967,-3.2179],[122.323,-3.2417],[122.2843,-3.3072],[122.2938,-3.357],[122.3757,-3.3835],[122.3898,-3.4104],[122.3822,-3.4601],[122.369,-3.4641],[122.3472,-3.4088],[122.3164,-3.4262],[122.329,-3.3737],[122.2972,-3.3828],[122.2785,-3.3657],[122.2652,-3.396],[122.2383,-3.3916],[122.3007,-3.4666],[122.2912,-3.4875],[122.2619,-3.4828],[122.2849,-3.4923],[122.2789,-3.5532],[122.269,-3.5318],[122.2539,-3.5408],[122.2706,-3.5398],[122.2663,-3.5598],[122.2023,-3.5639],[122.1953,-3.6057],[122.3592,-3.7511],[122.3931,-3.7261],[122.4016,-3.749],[122.44,-3.7483],[122.5243,-3.8952],[122.6658,-3.8973],[122.6618,-3.9263],[122.6233,-3.9407],[122.6259,-3.9571],[122.6001,-3.9779],[122.5359,-3.9672],[122.5161,-3.9945],[122.5301,-3.9801],[122.5506,-3.9915],[122.6116,-3.9778],[122.6184,-3.9905],[122.6028,-3.9848],[122.6206,-4.0034],[122.6507,-4.0035],[122.6728,-4.0353],[122.642,-4.0794],[122.6607,-4.0811],[122.6669,-4.1155],[122.6432,-4.1268],[122.6653,-4.1369],[122.6591,-4.1508],[122.7092,-4.165],[122.7015,-4.134],[122.768,-4.1573],[122.8144,-4.1391],[122.8561,-4.1919],[122.8547,-4.1612],[122.8256,-4.1352],[122.8353,-4.121],[122.7784,-4.093],[122.7639,-4.0609],[122.8307,-4.0566],[122.854,-4.07],[122.8883,-4.1272],[122.8942,-4.2188],[122.9065,-4.2303],[122.8796,-4.2944],[122.9071,-4.3231],[122.883,-4.415],[122.8494,-4.4214],[122.8301,-4.4484],[122.7167,-4.3515],[122.6668,-4.3316],[122.6656,-4.3566],[122.7307,-4.4215],[122.7575,-4.4263],[122.7648,-4.4766],[122.7475,-4.5095],[122.7105,-4.4988],[122.6947,-4.4725],[122.6787,-4.4857],[122.6999,-4.5026],[122.6728,-4.5113],[122.6541,-4.4737],[122.6592,-4.4504],[122.5751,-4.3974],[122.5059,-4.4539],[122.4166,-4.4342],[122.3405,-4.4765],[122.2557,-4.493],[122.2218,-4.4804],[122.1648,-4.5127],[122.1622,-4.531],[122.1052,-4.5301],[122.0437,-4.6438],[122.0226,-4.6477],[122.0416,-4.7607],[122.1163,-4.8158],[122.0021,-4.8984],[122.0067,-4.8842],[121.9802,-4.8977],[121.8808,-4.8749],[121.8192,-4.8362],[121.7367,-4.8361],[121.6976,-4.8543],[121.6778,-4.845],[121.6656,-4.8112],[121.6322,-4.8034],[121.6387,-4.7799],[121.6243,-4.7761],[121.6181,-4.7933],[121.5439,-4.7679],[121.5093,-4.7343],[121.5088,-4.7085],[121.4671,-4.685],[121.4661,-4.6133],[121.525,-4.4024],[121.5273,-4.2461],[121.558,-4.2435],[121.5404,-4.2557],[121.5459,-4.2671],[121.5791,-4.2447],[121.5843,-4.1991],[121.6014,-4.1878],[121.5894,-4.1767],[121.6045,-4.1811],[121.6175,-4.1518],[121.6091,-4.0695],[121.5309,-4.0302],[121.5374,-4.0191],[121.4547,-4.0069],[121.4452,-4.0223],[121.4091,-3.9972],[121.3747,-4.003],[121.3444,-3.9876],[121.2942,-3.8871],[121.2816,-3.8816],[121.2663,-3.9116],[121.245,-3.9128],[121.2624,-3.8816],[121.2387,-3.8707],[121.2599,-3.8505],[121.2444,-3.8277],[121.1709,-3.8262],[121.0834,-3.7144],[121.0098,-3.6786],[120.9477,-3.6224],[120.8805,-3.529],[120.8657,-3.4296],[120.8943,-3.4054],[120.9114,-3.3589],[120.9576,-3.3298],[120.9713,-3.2643],[121.0184,-3.2445],[121.0408,-3.2031],[121.0694,-3.2052],[121.0468,-3.109],[121.0586,-3.0631],[121.0441,-3.0375],[121.0558,-3.0237],[121.0698,-3.033],[121.0879,-3.008],[121.0606,-2.9839],[121.0607,-2.9583],[121.0769,-2.9613],[121.0889,-2.9235],[121.0712,-2.8964],[121.0772,-2.867],[121.0656,-2.8796],[121.0448,-2.8698],[121.0413,-2.8386],[121.0212,-2.8515],[120.9984,-2.836],[121.0109,-2.8675],[121.0006,-2.8687],[120.9885,-2.8329],[121.0926,-2.7703],[121.1179,-2.8034],[121.1068,-2.8439],[121.1383,-2.9161]],[[122.5313,-3.9838],[122.5294,-3.9927],[122.5333,-3.9846],[122.5313,-3.9838]]],[[[122.2948,-3.5364],[122.3457,-3.5429],[122.336,-3.5669],[122.3585,-3.5783],[122.282,-3.5907],[122.2948,-3.5364]]],[[[122.7222,-6.2049],[122.6887,-6.2076],[122.6673,-6.1856],[122.6919,-6.1788],[122.6954,-6.1968],[122.7222,-6.2049]]],[[[122.5318,-5.6943],[122.4575,-5.6841],[122.5037,-5.6482],[122.5074,-5.6249],[122.5439,-5.6281],[122.5504,-5.6775],[122.5318,-5.6943]]],[[[122.6312,-5.4177],[122.6253,-5.4364],[122.6226,-5.4268],[122.6312,-5.4177]]],[[[122.6799,-5.294],[122.7101,-5.2412],[122.6997,-5.2827],[122.6799,-5.294]]],[[[122.7283,-5.1979],[122.7388,-5.1933],[122.7216,-5.213],[122.7283,-5.1979]]],[[[123.1089,-5.2049],[123.147,-5.2585],[123.1794,-5.2461],[123.1974,-5.2616],[123.1722,-5.2938],[123.1972,-5.2737],[123.2233,-5.2812],[123.1756,-5.3529],[123.1658,-5.3346],[123.1319,-5.3967],[123.0153,-5.4442],[123.0069,-5.4127],[122.9746,-5.3945],[122.8691,-5.4581],[122.8476,-5.489],[122.8459,-5.5256],[122.8759,-5.5064],[122.8936,-5.5151],[122.8931,-5.5671],[122.804,-5.694],[122.7537,-5.6945],[122.7654,-5.6677],[122.7521,-5.6392],[122.7248,-5.6918],[122.71,-5.6733],[122.7159,-5.6198],[122.6643,-5.6919],[122.6238,-5.6842],[122.5576,-5.5032],[122.5939,-5.4566],[122.6279,-5.4596],[122.6483,-5.4395],[122.6381,-5.4082],[122.6186,-5.4061],[122.655,-5.3242],[122.687,-5.3187],[122.7335,-5.2416],[122.7523,-5.2387],[122.7653,-5.2557],[122.8222,-5.2139],[122.7831,-5.1858],[122.7546,-5.2288],[122.7568,-5.1855],[122.7372,-5.1757],[122.7717,-5.1104],[122.7919,-5.1065],[122.7898,-5.08],[122.7592,-5.1126],[122.8079,-5.0089],[122.7388,-5.0499],[122.766,-5.0097],[122.8134,-4.979],[122.8151,-4.9416],[122.8338,-4.9248],[122.8197,-4.8495],[122.8578,-4.8153],[122.8598,-4.7818],[122.8275,-4.679],[122.8667,-4.5268],[122.9077,-4.46],[122.9496,-4.4257],[123.0395,-4.3708],[123.0731,-4.3666],[123.0842,-4.3891],[123.0468,-4.425],[123.0711,-4.4335],[123.0762,-4.4567],[123.0983,-4.4551],[123.115,-4.4835],[123.1386,-4.4822],[123.1925,-4.5897],[123.1921,-4.6261],[123.1762,-4.624],[123.1863,-4.6583],[123.1758,-4.6524],[123.1677,-4.6684],[123.2006,-4.6915],[123.1952,-4.6598],[123.205,-4.6676],[123.2131,-4.8584],[123.2048,-4.867],[123.1721,-4.8336],[123.1767,-4.7706],[123.1562,-4.7471],[123.169,-4.7403],[123.113,-4.6911],[123.1203,-4.6784],[123.1019,-4.6519],[123.0955,-4.6908],[123.1099,-4.7212],[123.0965,-4.7944],[123.0798,-4.7362],[123.0468,-4.7442],[123.0535,-4.713],[123.0787,-4.7081],[123.0684,-4.6911],[123.0582,-4.7055],[123.0218,-4.6936],[123.0148,-4.7313],[123.0144,-4.721],[123.0012,-4.729],[123.0085,-4.7442],[122.9868,-4.7431],[123.0084,-4.7563],[123.0024,-4.7773],[123.0169,-4.7723],[123.0255,-4.789],[122.9941,-4.8289],[123.0068,-4.9125],[122.9989,-4.9391],[122.9695,-4.9521],[122.9525,-5.0238],[122.9695,-5.0283],[122.9798,-5.0581],[122.9732,-5.1145],[122.9205,-5.1815],[122.9541,-5.2171],[123.0027,-5.1499],[123.0312,-5.1363],[123.068,-5.1632],[123.0594,-5.1925],[123.0855,-5.1745],[123.1051,-5.1936],[123.1028,-5.2132],[123.1089,-5.2049]]],[[[122.3682,-4.7557],[122.4348,-4.7653],[122.4322,-4.7543],[122.4797,-4.7494],[122.4881,-4.7607],[122.4934,-4.7381],[122.5181,-4.7342],[122.5116,-4.7254],[122.5787,-4.6811],[122.6029,-4.6423],[122.6224,-4.6672],[122.6528,-4.6363],[122.6808,-4.6484],[122.6726,-4.6281],[122.6947,-4.6188],[122.7183,-4.6312],[122.719,-4.6606],[122.6905,-4.6675],[122.699,-4.6851],[122.7165,-4.6643],[122.727,-4.674],[122.7147,-4.7098],[122.7434,-4.7539],[122.7254,-4.8467],[122.7367,-4.8788],[122.7667,-4.8945],[122.7625,-4.9679],[122.7233,-4.9649],[122.6814,-5.0322],[122.6371,-5.0589],[122.5886,-5.1597],[122.5897,-5.1976],[122.6274,-5.1978],[122.5794,-5.2525],[122.627,-5.253],[122.646,-5.2974],[122.6404,-5.3548],[122.6204,-5.3713],[122.6251,-5.3457],[122.6131,-5.3489],[122.5937,-5.3677],[122.5941,-5.4347],[122.566,-5.4113],[122.5442,-5.4413],[122.5193,-5.4341],[122.5128,-5.4068],[122.539,-5.3275],[122.5211,-5.3098],[122.5454,-5.2604],[122.4787,-5.3004],[122.497,-5.3389],[122.4838,-5.3737],[122.4669,-5.3656],[122.4738,-5.386],[122.4598,-5.4032],[122.4076,-5.3995],[122.3839,-5.3404],[122.4358,-5.3137],[122.3775,-5.3244],[122.381,-5.3696],[122.364,-5.3896],[122.2966,-5.3962],[122.2682,-5.3826],[122.2697,-5.3103],[122.3145,-5.2419],[122.3083,-5.1473],[122.328,-5.1037],[122.388,-5.0912],[122.3962,-5.0391],[122.3735,-5.0368],[122.38,-5.0049],[122.4189,-4.9971],[122.3888,-4.9936],[122.4017,-4.9803],[122.3619,-4.9456],[122.37,-4.9256],[122.348,-4.9006],[122.3605,-4.8922],[122.3433,-4.8955],[122.3179,-4.8356],[122.3394,-4.8032],[122.354,-4.8109],[122.3439,-4.7941],[122.3641,-4.7795],[122.3746,-4.788],[122.3682,-4.7557]],[[122.3795,-5.0338],[122.383,-5.0302],[122.3795,-5.0326],[122.3795,-5.0338]]],[[[122.7935,-4.9781],[122.7858,-4.969],[122.7909,-4.966],[122.7935,-4.9781]]],[[[123.0982,-4.8486],[123.0756,-4.8475],[123.0322,-4.8329],[123.0906,-4.7956],[123.1176,-4.8266],[123.0982,-4.8486]]],[[[122.7434,-4.5711],[122.7025,-4.5371],[122.7209,-4.5193],[122.7404,-4.5312],[122.7265,-4.5417],[122.7434,-4.5711]]],[[[122.9554,-4.138],[122.941,-4.0991],[122.9568,-4.0864],[122.9371,-4.0715],[122.9504,-4.0724],[122.9487,-4.056],[122.9729,-4.0596],[123.0125,-3.9782],[123.0849,-4.0209],[123.2135,-4.0225],[123.2577,-4.0879],[123.2464,-4.1256],[123.1391,-4.2522],[123.1096,-4.2596],[122.9899,-4.2001],[122.9819,-4.1677],[122.9894,-4.1829],[122.9975,-4.1633],[122.9554,-4.138]]],[[[123.102,-3.5032],[123.078,-3.5278],[123.0595,-3.5274],[123.0584,-3.5124],[123.102,-3.5032]]],[[[123.0481,-3.5054],[123.101,-3.4688],[123.1061,-3.4724],[123.0481,-3.5054]]],[[[123.1138,-3.4779],[123.11,-3.499],[123.1061,-3.4725],[123.1138,-3.4779]]],[[[123.1061,-3.4724],[123.1061,-3.4724],[123.1061,-3.4725],[123.1061,-3.4724]]],[[[122.9986,-3.4868],[122.9931,-3.4558],[122.9984,-3.4606],[122.9986,-3.4868]]],[[[122.9931,-3.4558],[122.9926,-3.4553],[122.9931,-3.4555],[122.9931,-3.4558]]],[[[122.9757,-3.4488],[122.9847,-3.4481],[122.9926,-3.4553],[122.9757,-3.4488]]],[[[122.9757,-3.4488],[122.969,-3.4493],[122.9756,-3.4488],[122.9757,-3.4488]]],[[[124.0784,-6.0204],[124.0429,-6.0331],[124.047,-5.9838],[123.9816,-5.9628],[123.9693,-5.9316],[123.9865,-5.8783],[124.0403,-5.9081],[124.0784,-6.0204]]],[[[123.9462,-5.809],[123.9417,-5.8226],[123.9028,-5.8023],[123.9462,-5.809]]],[[[123.8993,-5.7764],[123.9013,-5.7601],[123.9243,-5.7841],[123.8993,-5.7764]]],[[[123.9038,-5.7209],[123.9507,-5.7265],[124.0057,-5.7635],[123.9413,-5.7795],[123.9158,-5.7704],[123.8947,-5.7431],[123.9038,-5.7209]]],[[[123.8185,-5.6017],[123.784,-5.5924],[123.7657,-5.5473],[123.6906,-5.4724],[123.7705,-5.5097],[123.8028,-5.5465],[123.8164,-5.5944],[123.8269,-5.5832],[123.8185,-5.6017]]],[[[123.8326,-5.5655],[123.8372,-5.5524],[123.882,-5.582],[123.8674,-5.5937],[123.8282,-5.5827],[123.8475,-5.5677],[123.8326,-5.5655]]],[[[123.8655,-5.5322],[123.8586,-5.5594],[123.8447,-5.5498],[123.8655,-5.5322]]],[[[123.7625,-5.477],[123.7715,-5.4597],[123.7869,-5.4756],[123.7625,-5.477]]],[[[123.6428,-5.4272],[123.6261,-5.4344],[123.5859,-5.413],[123.6124,-5.4026],[123.6428,-5.4272]]],[[[123.634,-5.3943],[123.6325,-5.3858],[123.6394,-5.3839],[123.634,-5.3943]]],[[[123.4646,-5.328],[123.5322,-5.3809],[123.4771,-5.3568],[123.4646,-5.328]]],[[[124.3258,-5.3226],[124.3487,-5.3362],[124.3502,-5.3501],[124.3329,-5.3417],[124.3258,-5.3226]]],[[[123.6381,-5.3711],[123.5854,-5.3836],[123.5383,-5.3436],[123.5247,-5.2536],[123.5899,-5.2487],[123.6418,-5.2866],[123.6381,-5.3711]]],[[[123.157,-4.7725],[123.1353,-4.7712],[123.1398,-4.7623],[123.157,-4.7725]]],[[[123.2523,-4.0705],[123.2495,-4.0611],[123.2533,-4.0658],[123.2523,-4.0705]]],[[[123.1857,-4.0136],[123.1844,-4.0132],[123.1917,-4.0132],[123.1857,-4.0136]]],[[[123.182,-3.6119],[123.168,-3.6224],[123.1225,-3.6114],[123.106,-3.6394],[123.0453,-3.5953],[123.1582,-3.5581],[123.182,-3.6119]]]]}},{"type":"Feature","properties":{"kode":"75","nama":"Gorontalo","prov_kode":"75"},"geometry":{"type":"MultiPolygon","coordinates":[[[[121.6837,0.507],[121.6992,0.5072],[121.7071,0.4851],[121.687,0.491],[121.6837,0.507]]],[[[121.174,0.687],[121.182,0.7459],[121.2089,0.765],[121.2136,0.7882],[121.2415,0.8013],[121.321,0.787],[121.3641,0.8004],[121.3532,0.8485],[121.4947,0.8366],[121.5299,0.8493],[121.5359,0.8741],[121.602,0.872],[121.858,0.9804],[121.9205,0.9272],[121.9814,0.9048],[121.9881,0.934],[122.0333,0.9731],[122.0667,0.9923],[122.103,0.9872],[122.1119,1.0038],[122.1321,0.9987],[122.1917,1.0338],[122.2585,1.0071],[122.3098,1.0054],[122.3348,1.0395],[122.3679,1.0004],[122.4399,0.9974],[122.457,1.0295],[122.478,1.0014],[122.5621,0.9596],[122.6117,0.9441],[122.6244,0.964],[122.6642,0.9352],[122.6879,0.8939],[122.7224,0.8868],[122.7127,0.8673],[122.7397,0.8805],[122.7663,0.8617],[122.7718,0.8792],[122.8019,0.8506],[122.7851,0.8493],[122.7957,0.8341],[122.8232,0.8397],[122.8244,0.8245],[122.8575,0.8062],[122.8596,0.8251],[122.8712,0.8192],[122.9215,0.8605],[122.9511,0.8947],[122.9507,0.9204],[122.9754,0.9359],[122.9434,0.9408],[122.9466,0.9642],[122.9865,0.9668],[123.0033,0.9555],[122.9977,0.9432],[123.047,0.9395],[123.0667,0.9162],[123.0838,0.9304],[123.0868,0.9066],[123.0947,0.9303],[123.1151,0.9266],[123.1218,0.8887],[123.2069,0.8572],[123.2714,0.8005],[123.2476,0.7171],[123.278,0.6967],[123.3248,0.6952],[123.3794,0.6427],[123.4882,0.6263],[123.488,0.6018],[123.5301,0.5789],[123.5247,0.5433],[123.5519,0.5104],[123.5213,0.4756],[123.5478,0.4322],[123.48,0.3498],[123.4781,0.3157],[123.4583,0.3375],[123.4339,0.3164],[123.3454,0.3062],[123.2676,0.3223],[123.2283,0.3484],[123.1945,0.3937],[123.1525,0.4061],[123.0618,0.5206],[123.0468,0.4902],[122.8365,0.4929],[122.6929,0.4718],[122.6766,0.51],[122.6521,0.5167],[122.6424,0.4742],[122.5887,0.5033],[122.4213,0.5023],[122.4015,0.526],[122.27,0.4749],[122.253,0.4891],[122.1518,0.4711],[122.1291,0.4929],[121.9372,0.4437],[121.8633,0.4421],[121.8578,0.427],[121.804,0.4096],[121.7151,0.51],[121.7209,0.5213],[121.6868,0.5127],[121.6657,0.5354],[121.5666,0.5329],[121.5324,0.5553],[121.5069,0.5326],[121.522,0.4957],[121.4444,0.4692],[121.3868,0.4966],[121.3609,0.471],[121.3375,0.4731],[121.3518,0.4925],[121.3278,0.5215],[121.3448,0.5358],[121.3352,0.5751],[121.3073,0.5674],[121.2374,0.6062],[121.2275,0.6387],[121.1984,0.6421],[121.156,0.6798],[121.174,0.687]]],[[[122.853,0.8971],[122.8831,0.8961],[122.8912,0.889],[122.8933,0.853],[122.8788,0.8669],[122.8842,0.8895],[122.853,0.8971]]],[[[122.8064,0.8744],[122.7819,0.8873],[122.7563,0.9092],[122.8133,0.8924],[122.8064,0.8744]]],[[[122.6649,0.9867],[122.6535,0.9987],[122.6632,1.0032],[122.6649,0.9867]]]]}},{"type":"Feature","properties":{"kode":"76","nama":"Sulawesi Barat","prov_kode":"76"},"geometry":{"type":"MultiPolygon","coordinates":[[[[119.3744,-3.4827],[119.364,-3.4843],[119.3709,-3.4677],[119.3744,-3.4827]]],[[[119.5516,-0.8612],[119.5496,-1.0065],[119.5699,-1.0279],[119.5853,-1.1161],[119.6097,-1.1204],[119.5811,-1.2561],[119.5709,-1.2727],[119.4746,-1.2858],[119.4671,-1.3046],[119.5045,-1.2947],[119.5074,-1.3065],[119.4345,-1.3342],[119.4227,-1.3578],[119.4486,-1.3945],[119.495,-1.3893],[119.5237,-1.4255],[119.568,-1.4184],[119.5915,-1.3924],[119.624,-1.3958],[119.6942,-1.4503],[119.6576,-1.5058],[119.6691,-1.5457],[119.7354,-1.6126],[119.7267,-1.6423],[119.7538,-1.6536],[119.7759,-1.6933],[119.7549,-1.7564],[119.8658,-1.7708],[119.9068,-1.8136],[119.9009,-1.8516],[119.861,-1.8745],[119.8724,-1.9499],[119.8185,-2.0108],[119.8164,-2.0444],[119.7644,-2.0841],[119.7333,-2.0752],[119.6297,-2.1641],[119.5972,-2.2904],[119.6874,-2.3358],[119.7169,-2.3935],[119.6903,-2.4382],[119.7201,-2.4795],[119.7016,-2.5513],[119.7505,-2.6019],[119.7455,-2.6391],[119.7631,-2.6843],[119.7301,-2.7281],[119.6458,-2.7565],[119.56,-2.7369],[119.4955,-2.74],[119.5266,-2.7907],[119.5132,-2.8391],[119.5365,-2.941],[119.6319,-3.117],[119.5473,-3.13],[119.4861,-3.1837],[119.4176,-3.1771],[119.3916,-3.2074],[119.4397,-3.2653],[119.449,-3.3246],[119.4371,-3.3463],[119.4619,-3.3717],[119.4785,-3.4649],[119.4921,-3.4745],[119.4778,-3.5011],[119.4306,-3.4768],[119.4297,-3.459],[119.3698,-3.4604],[119.3465,-3.4359],[119.305,-3.4256],[119.2354,-3.4832],[119.1419,-3.4924],[119.1117,-3.5156],[119.0657,-3.5025],[119.0214,-3.5158],[118.9963,-3.5466],[119.0006,-3.5627],[118.9642,-3.5456],[118.9357,-3.5695],[118.8791,-3.4754],[118.8773,-3.4383],[118.8473,-3.381],[118.8422,-3.3279],[118.8583,-3.2993],[118.8314,-3.2315],[118.8293,-3.1708],[118.7759,-3.1036],[118.796,-3.0713],[118.8252,-3.0886],[118.8391,-3.0798],[118.8596,-3.0319],[118.8488,-2.9932],[118.8863,-2.8899],[118.8432,-2.8509],[118.772,-2.8659],[118.7615,-2.7633],[118.7824,-2.7485],[118.7817,-2.6844],[118.8171,-2.6172],[118.8719,-2.6808],[118.9172,-2.6654],[119.0293,-2.5837],[119.0407,-2.5102],[119.1452,-2.4667],[119.1297,-2.4657],[119.1424,-2.3929],[119.1215,-2.3128],[119.1354,-2.3072],[119.1301,-2.277],[119.1531,-2.2363],[119.1456,-2.1968],[119.1884,-2.1486],[119.2082,-2.0277],[119.2229,-2.0133],[119.2132,-1.9959],[119.2889,-1.9523],[119.332,-1.9614],[119.363,-1.8566],[119.352,-1.8202],[119.3127,-1.7964],[119.2975,-1.7006],[119.2801,-1.6875],[119.3263,-1.5822],[119.2863,-1.4524],[119.2888,-1.3888],[119.3369,-1.3504],[119.3035,-1.2761],[119.3404,-1.1696],[119.3671,-1.1717],[119.3933,-1.1317],[119.4398,-1.1055],[119.5214,-0.9415],[119.5271,-0.8982],[119.5516,-0.8612]]]]}},{"type":"Feature","properties":{"kode":"81","nama":"Maluku","prov_kode":"81"},"geometry":{"type":"MultiPolygon","coordinates":[[[[128.4966,-8.3198],[128.51,-8.343],[128.5006,-8.3401],[128.4966,-8.3198]]],[[[128.1339,-8.2159],[128.219,-8.2092],[128.2334,-8.2723],[128.1506,-8.2783],[128.0796,-8.2587],[128.092,-8.2069],[128.1339,-8.2159]]],[[[129.0289,-8.2463],[129.009,-8.2609],[128.9512,-8.2244],[128.9243,-8.2457],[128.8716,-8.2317],[128.8268,-8.1963],[128.9614,-8.1852],[129.0273,-8.216],[129.0289,-8.2463]]],[[[127.6337,-8.2386],[127.6009,-8.2171],[127.6486,-8.1739],[127.6901,-8.1544],[127.7474,-8.1777],[127.7435,-8.213],[127.6337,-8.2386]]],[[[127.9461,-8.1459],[128.0877,-8.1374],[128.1249,-8.1531],[128.1187,-8.1725],[128.0736,-8.196],[128.0391,-8.2598],[127.9596,-8.2461],[127.946,-8.2209],[127.8576,-8.2118],[127.795,-8.1863],[127.7843,-8.1367],[127.7622,-8.1114],[127.8115,-8.1042],[127.9461,-8.1459]]],[[[128.8002,-8.1959],[128.7855,-8.201],[128.7792,-8.1707],[128.7565,-8.1619],[128.7879,-8.163],[128.8002,-8.1959]]],[[[128.7139,-8.1913],[128.6938,-8.1857],[128.6853,-8.1636],[128.7175,-8.1783],[128.7139,-8.1913]]],[[[127.2035,-8.0163],[127.2292,-8.1051],[127.1433,-8.0977],[127.1372,-8.0354],[127.16,-8.0166],[127.2035,-8.0163]]],[[[125.7639,-8.0151],[125.7385,-8.058],[125.7227,-7.9819],[125.7359,-7.9671],[125.7639,-8.0151]]],[[[126.3327,-7.9152],[126.173,-7.9252],[126.1288,-7.8906],[126.0712,-7.8877],[125.9848,-7.9191],[125.9448,-7.917],[125.8072,-8.0143],[125.7889,-8.0062],[125.8217,-7.9452],[125.8161,-7.8579],[125.8743,-7.8063],[125.8627,-7.7677],[125.9148,-7.745],[125.9364,-7.6769],[125.9719,-7.6534],[125.9996,-7.6806],[126.0166,-7.6763],[126.0262,-7.6976],[126.1849,-7.7278],[126.2339,-7.6893],[126.3261,-7.6929],[126.4063,-7.6241],[126.4374,-7.6328],[126.4694,-7.5899],[126.6276,-7.5575],[126.6372,-7.6034],[126.6871,-7.623],[126.7197,-7.6657],[126.813,-7.659],[126.81,-7.6816],[126.8424,-7.7333],[126.8271,-7.752],[126.7196,-7.7446],[126.5626,-7.8148],[126.5197,-7.8626],[126.4666,-7.975],[126.4214,-7.9312],[126.3708,-7.935],[126.3327,-7.9152]]],[[[125.9319,-7.6705],[125.9082,-7.6691],[125.9291,-7.6622],[125.9319,-7.6705]]],[[[127.5861,-7.5506],[127.6176,-7.595],[127.6019,-7.6196],[127.5861,-7.5506]]],[[[127.3878,-7.4947],[127.3856,-7.51],[127.4097,-7.4979],[127.4602,-7.5277],[127.4775,-7.5154],[127.4818,-7.5757],[127.4397,-7.602],[127.411,-7.5996],[127.398,-7.6398],[127.3675,-7.6555],[127.3232,-7.6269],[127.3336,-7.6017],[127.3696,-7.5874],[127.3552,-7.5289],[127.365,-7.5011],[127.3878,-7.4947]]],[[[127.5368,-7.5348],[127.5456,-7.5267],[127.542,-7.5437],[127.5368,-7.5348]]],[[[127.2892,-7.5306],[127.2753,-7.5208],[127.2942,-7.5109],[127.3001,-7.5163],[127.2892,-7.5306]]],[[[128.5576,-7.355],[128.5684,-7.3644],[128.5591,-7.3834],[128.5489,-7.3691],[128.5576,-7.355]]],[[[128.5635,-7.3153],[128.5568,-7.2933],[128.5672,-7.2825],[128.5726,-7.2925],[128.5635,-7.3153]]],[[[128.6866,-7.1382],[128.6556,-7.1384],[128.6705,-7.1632],[128.6881,-7.1627],[128.6462,-7.2178],[128.5243,-7.1435],[128.54,-7.1084],[128.6095,-7.0634],[128.6577,-7.0979],[128.6923,-7.1018],[128.7012,-7.1166],[128.6866,-7.1382]]],[[[129.1587,-6.9596],[129.1483,-6.9889],[129.1241,-6.9777],[129.1248,-6.9632],[129.1587,-6.9596]]],[[[127.197,-3.8158],[127.2363,-3.8388],[127.2425,-3.8733],[127.2239,-3.9046],[127.1644,-3.8889],[127.1419,-3.8519],[127.1661,-3.8234],[127.197,-3.8158]]],[[[128.7693,-3.6483],[128.8023,-3.6453],[128.8086,-3.6824],[128.7853,-3.6959],[128.762,-3.6892],[128.7693,-3.6483]]],[[[128.0273,-3.5915],[128.1685,-3.5875],[128.2132,-3.5253],[128.2573,-3.4951],[128.3441,-3.5061],[128.3521,-3.5297],[128.3218,-3.5651],[128.3556,-3.6018],[128.3549,-3.6312],[128.2567,-3.628],[128.2903,-3.6574],[128.2989,-3.6946],[128.224,-3.7481],[128.1596,-3.7495],[128.1497,-3.7718],[128.0919,-3.7938],[128.1541,-3.708],[128.2436,-3.6391],[128.2341,-3.6282],[128.1957,-3.6409],[128.2012,-3.6583],[128.1174,-3.6861],[128.0873,-3.7215],[128.0381,-3.734],[127.9975,-3.7814],[127.9413,-3.7713],[127.9178,-3.7199],[127.9204,-3.6838],[128.0273,-3.5915]]],[[[128.4131,-3.5368],[128.4461,-3.5104],[128.4993,-3.512],[128.5564,-3.5446],[128.5765,-3.5877],[128.5422,-3.6137],[128.3995,-3.6309],[128.4169,-3.61],[128.4131,-3.5368]]],[[[128.6442,-3.6306],[128.6091,-3.5978],[128.5977,-3.5531],[128.5543,-3.5293],[128.5656,-3.4998],[128.6027,-3.4973],[128.6376,-3.5302],[128.684,-3.5434],[128.6938,-3.4944],[128.7297,-3.5125],[128.7297,-3.6219],[128.6994,-3.5895],[128.654,-3.5732],[128.6633,-3.6102],[128.6442,-3.6306]]],[[[126.5266,-3.7823],[126.2808,-3.664],[126.2304,-3.618],[126.1827,-3.6138],[126.1521,-3.5272],[126.0747,-3.4785],[126.0455,-3.4409],[126.0405,-3.4004],[126.0086,-3.3604],[126.0133,-3.1907],[126.0889,-3.1137],[126.1088,-3.1194],[126.1361,-3.1622],[126.2037,-3.186],[126.2285,-3.1777],[126.2213,-3.1545],[126.2343,-3.1323],[126.2623,-3.1319],[126.2993,-3.0942],[126.3466,-3.1011],[126.4056,-3.081],[126.7897,-3.0593],[126.8615,-3.092],[126.8935,-3.128],[126.9886,-3.141],[127.108,-3.2276],[127.1169,-3.2801],[127.0961,-3.2817],[127.0798,-3.2601],[127.0295,-3.2754],[127.0418,-3.3286],[127.0738,-3.3262],[127.0788,-3.3728],[127.1268,-3.3823],[127.1667,-3.336],[127.2672,-3.3856],[127.2486,-3.4547],[127.2512,-3.5931],[127.2326,-3.6443],[127.205,-3.6714],[127.1368,-3.6615],[127.0527,-3.6887],[126.9505,-3.7718],[126.8474,-3.7902],[126.7368,-3.8575],[126.7195,-3.8463],[126.6957,-3.8619],[126.5625,-3.7926],[126.5142,-3.7936],[126.5266,-3.7823]]],[[[127.9217,-3.5683],[127.8955,-3.4915],[127.9431,-3.3544],[127.9239,-3.3033],[127.8884,-3.2682],[127.8705,-3.187],[127.8384,-3.1594],[127.8713,-3.1581],[127.8657,-3.1715],[127.8783,-3.1519],[127.9137,-3.1504],[127.9445,-3.1291],[127.9437,-3.1118],[127.9878,-3.1093],[127.9791,-3.0935],[128.0004,-3.0709],[128.0063,-3.0827],[128.114,-3.0669],[128.1105,-3.0158],[128.094,-3.0205],[128.1282,-2.9975],[128.1205,-2.9735],[128.0785,-2.9873],[128.0717,-2.9743],[128.1339,-2.9369],[128.1294,-2.905],[128.1662,-2.8807],[128.1624,-2.864],[128.2377,-2.8539],[128.2663,-2.8688],[128.3502,-2.8605],[128.3826,-2.8717],[128.5089,-2.8337],[128.5609,-2.8533],[128.6651,-2.8398],[128.7046,-2.8614],[128.7568,-2.8509],[128.8377,-2.8664],[128.9609,-2.8407],[129.0471,-2.7945],[129.0777,-2.8542],[129.0647,-2.8965],[129.055,-2.8894],[129.0831,-2.9384],[129.1338,-2.9675],[129.1553,-2.9504],[129.1948,-2.9612],[129.1799,-2.9367],[129.1889,-2.9231],[129.2107,-2.9535],[129.2224,-2.9542],[129.2094,-2.9439],[129.2215,-2.924],[129.3476,-2.8578],[129.3792,-2.7891],[129.4707,-2.7843],[129.5187,-2.7987],[129.5338,-2.7797],[129.5897,-2.8261],[129.6142,-2.8113],[129.6225,-2.8296],[129.671,-2.8252],[129.751,-2.8648],[129.7831,-2.8639],[129.8067,-2.9099],[129.828,-2.913],[129.8222,-2.9243],[129.8603,-2.9044],[129.8821,-2.957],[129.8972,-2.9637],[129.9003,-2.9384],[129.9167,-2.9633],[130.0101,-2.9795],[130.0351,-3.0038],[130.1515,-2.9873],[130.1718,-2.9895],[130.1829,-3.0107],[130.2286,-3.0148],[130.2711,-2.9783],[130.275,-2.9887],[130.307,-2.9803],[130.2837,-2.976],[130.3216,-2.9731],[130.348,-2.9957],[130.3829,-2.9872],[130.4409,-3.0327],[130.4487,-3.0628],[130.4801,-3.0728],[130.4956,-3.1035],[130.5511,-3.1074],[130.602,-3.1504],[130.6313,-3.2358],[130.6452,-3.3739],[130.6702,-3.4033],[130.8059,-3.407],[130.8399,-3.4613],[130.8084,-3.4736],[130.8064,-3.4883],[130.8828,-3.5894],[130.8788,-3.6201],[130.8373,-3.6519],[130.8267,-3.6841],[130.8219,-3.8333],[130.8502,-3.8644],[130.8201,-3.8707],[130.7699,-3.8299],[130.7544,-3.8375],[130.617,-3.7908],[130.57,-3.723],[130.4863,-3.7084],[130.4673,-3.6739],[130.4105,-3.6296],[130.3257,-3.6134],[130.2983,-3.5872],[130.1328,-3.5329],[130.0976,-3.5006],[130.0183,-3.4837],[129.972,-3.4275],[129.9582,-3.3567],[129.9255,-3.3376],[129.5202,-3.2996],[129.5048,-3.3138],[129.5654,-3.4133],[129.564,-3.4502],[129.531,-3.4698],[129.4125,-3.4192],[129.2544,-3.4086],[129.0828,-3.3413],[128.9347,-3.3566],[128.911,-3.3315],[128.9283,-3.3426],[128.9278,-3.3227],[128.9671,-3.2886],[128.9665,-3.2279],[128.8845,-3.2037],[128.8578,-3.2124],[128.8327,-3.2473],[128.778,-3.2662],[128.6802,-3.3595],[128.6708,-3.3907],[128.6977,-3.4096],[128.6744,-3.433],[128.595,-3.4264],[128.5239,-3.4578],[128.4683,-3.4601],[128.4045,-3.428],[128.2709,-3.207],[128.2491,-3.2078],[128.2559,-3.1964],[128.2181,-3.2166],[128.1907,-3.1961],[128.2027,-3.2185],[128.1819,-3.2316],[128.1601,-3.1986],[128.1727,-3.1881],[128.1614,-3.1878],[128.1591,-3.1594],[128.174,-3.1654],[128.1705,-3.144],[128.1948,-3.1442],[128.2044,-3.1203],[128.1949,-3.0692],[128.1628,-3.0638],[128.0906,-3.1308],[128.0557,-3.338],[128.0155,-3.3813],[127.9904,-3.3762],[127.9478,-3.464],[127.9595,-3.5275],[127.9217,-3.5683]]],[[[127.5069,-3.3311],[127.4872,-3.2986],[127.526,-3.2814],[127.5235,-3.2647],[127.5763,-3.2657],[127.6262,-3.3097],[127.6585,-3.3643],[127.6173,-3.3694],[127.601,-3.3491],[127.5069,-3.3311]]],[[[125.9968,-3.3003],[126.0067,-3.2852],[126.0069,-3.3032],[125.9968,-3.3003]]],[[[126.0056,-3.2425],[125.9956,-3.251],[126.0053,-3.218],[126.0056,-3.2425]]],[[[128.1727,-3.228],[128.1588,-3.2321],[128.1677,-3.2186],[128.1727,-3.228]]],[[[127.7994,-3.1815],[127.7904,-3.2561],[127.7089,-3.2599],[127.6411,-3.2286],[127.7203,-3.1621],[127.759,-3.1516],[127.7994,-3.1815]]],[[[127.7757,-3.1557],[127.8334,-3.154],[127.8047,-3.1569],[127.8064,-3.1713],[127.7757,-3.1557]]],[[[128.0554,-3.0163],[128.0485,-3.0113],[128.0585,-2.9951],[128.0554,-3.0163]]],[[[127.8653,-3.0091],[127.8782,-2.9609],[127.9403,-2.9413],[127.9387,-2.9295],[127.9118,-2.9174],[127.9903,-2.924],[128.0033,-2.9429],[127.9569,-3.0066],[127.9066,-3.0388],[127.8294,-3.0352],[127.8653,-3.0091]]],[[[127.8744,-2.9591],[127.9244,-2.9254],[127.9077,-2.9488],[127.8744,-2.9591]]],[[[128.993,-2.7266],[128.9789,-2.7489],[128.9784,-2.7343],[128.993,-2.7266]]],[[[130.6971,-8.2623],[130.7117,-8.2494],[130.7079,-8.2609],[130.6971,-8.2623]]],[[[130.9218,-8.2134],[130.9161,-8.1423],[130.9367,-8.1256],[130.9445,-8.1409],[130.997,-8.1454],[130.9864,-8.1164],[131.0153,-8.0806],[131.0341,-8.0783],[131.0826,-8.1138],[131.0698,-8.1621],[131.1252,-8.1167],[131.1668,-8.1209],[131.1395,-8.1609],[130.9879,-8.2362],[130.9283,-8.2304],[130.8887,-8.2464],[130.8958,-8.2901],[130.8281,-8.3205],[130.8179,-8.3397],[130.7556,-8.3366],[130.8184,-8.255],[130.8715,-8.2208],[130.9218,-8.2134]]],[[[129.8485,-8.141],[129.9248,-8.0932],[129.9159,-8.1301],[129.8784,-8.1502],[129.8278,-8.2136],[129.8133,-8.2074],[129.8485,-8.141]]],[[[131.2014,-8.0563],[131.216,-8.0516],[131.1918,-8.0798],[131.2014,-8.0563]]],[[[131.2704,-8.0586],[131.2902,-8.0352],[131.2802,-8.0619],[131.2704,-8.0586]]],[[[131.0848,-8.044],[131.0816,-8.0139],[131.1042,-8.0352],[131.1008,-8.0513],[131.0848,-8.044]]],[[[129.7928,-8.0432],[129.7531,-8.055],[129.7078,-8.0412],[129.5819,-7.8955],[129.5892,-7.8391],[129.6211,-7.8016],[129.665,-7.7878],[129.7314,-7.7957],[129.8183,-7.8164],[129.8556,-7.8428],[129.8423,-7.8737],[129.8661,-7.9002],[129.8621,-7.9247],[129.8272,-7.9631],[129.7928,-8.0432]]],[[[129.5651,-7.8938],[129.5448,-7.9496],[129.5225,-7.9409],[129.5249,-7.8629],[129.512,-7.8513],[129.5429,-7.8592],[129.5651,-7.8938]]],[[[130.0392,-7.754],[130.0888,-7.761],[130.0806,-7.7893],[130.0601,-7.7678],[130.0303,-7.7679],[130.0392,-7.754]]],[[[130.9543,-7.7378],[130.9535,-7.7564],[130.9459,-7.7761],[130.9451,-7.7458],[130.9543,-7.7378]]],[[[131.0647,-7.7534],[131.0908,-7.7279],[131.079,-7.7671],[131.0647,-7.7534]]],[[[129.9991,-7.7419],[129.991,-7.7054],[130.0034,-7.6963],[130.0262,-7.745],[129.9991,-7.7419]]],[[[130.9673,-7.742],[130.9704,-7.6819],[131.0838,-7.6404],[131.1223,-7.6432],[131.089,-7.7025],[131.0383,-7.7054],[131.0402,-7.7219],[130.9673,-7.742]]],[[[131.2406,-7.4718],[131.323,-7.4197],[131.3429,-7.4472],[131.3564,-7.3984],[131.3829,-7.3947],[131.3662,-7.3735],[131.3911,-7.3599],[131.3864,-7.3445],[131.4532,-7.345],[131.4358,-7.3179],[131.4478,-7.2815],[131.4564,-7.2875],[131.492,-7.2334],[131.543,-7.228],[131.5207,-7.198],[131.5191,-7.1652],[131.5368,-7.1426],[131.5659,-7.1479],[131.5846,-7.1253],[131.6005,-7.1372],[131.6562,-7.1187],[131.6599,-7.146],[131.6383,-7.1721],[131.6597,-7.1826],[131.6891,-7.1685],[131.6813,-7.1527],[131.7088,-7.1438],[131.6906,-7.1629],[131.7177,-7.164],[131.7425,-7.2217],[131.6567,-7.2288],[131.6312,-7.2594],[131.6522,-7.3529],[131.6797,-7.3858],[131.6499,-7.3938],[131.6569,-7.43],[131.706,-7.4271],[131.6685,-7.4511],[131.6713,-7.4961],[131.6492,-7.5071],[131.665,-7.5159],[131.6583,-7.5507],[131.6205,-7.647],[131.5841,-7.6621],[131.5529,-7.7235],[131.4849,-7.7299],[131.4796,-7.7825],[131.4526,-7.7758],[131.4599,-7.811],[131.4297,-7.8161],[131.3616,-7.8746],[131.3763,-7.9001],[131.3453,-7.9074],[131.3266,-7.9333],[131.3527,-7.9332],[131.3279,-7.9573],[131.3414,-7.9898],[131.2941,-8.0281],[131.2866,-8.0006],[131.3072,-7.9619],[131.2951,-7.9258],[131.2287,-8.007],[131.1028,-7.9962],[131.1199,-7.9121],[131.0837,-7.8828],[131.082,-7.8481],[131.11,-7.8254],[131.1386,-7.8364],[131.1456,-7.8069],[131.1149,-7.7948],[131.1349,-7.7824],[131.1122,-7.7866],[131.1552,-7.7728],[131.1316,-7.7672],[131.1431,-7.736],[131.116,-7.7587],[131.1253,-7.7358],[131.1145,-7.7236],[131.1077,-7.7427],[131.1089,-7.7013],[131.1266,-7.6816],[131.1709,-7.7226],[131.2298,-7.7195],[131.2518,-7.735],[131.2645,-7.7017],[131.2396,-7.7246],[131.1589,-7.6733],[131.1933,-7.6507],[131.1727,-7.643],[131.1816,-7.6056],[131.2406,-7.4718]]],[[[129.6775,-7.5336],[129.6979,-7.5543],[129.724,-7.5506],[129.7171,-7.5707],[129.6913,-7.5737],[129.6606,-7.5523],[129.6775,-7.5336]]],[[[130.8938,-7.578],[130.8335,-7.5549],[130.8377,-7.5023],[130.8514,-7.4954],[130.9361,-7.5306],[130.9723,-7.5079],[130.9975,-7.5286],[130.9893,-7.5463],[130.9606,-7.5441],[130.9824,-7.5606],[130.9728,-7.5657],[130.9458,-7.5505],[130.8938,-7.578]]],[[[131.1571,-7.5373],[131.1384,-7.5422],[131.1298,-7.5228],[131.1437,-7.5176],[131.1571,-7.5373]]],[[[130.8218,-7.4804],[130.8345,-7.4953],[130.8119,-7.4839],[130.8218,-7.4804]]],[[[131.1322,-7.4673],[131.0873,-7.4828],[131.0569,-7.5232],[131.0329,-7.5137],[131.0594,-7.4994],[131.0571,-7.4847],[131.0105,-7.5023],[131.0066,-7.5169],[130.97,-7.4898],[130.9719,-7.4575],[130.9971,-7.4275],[131.156,-7.4055],[131.1693,-7.4217],[131.1322,-7.4673]]],[[[131.1765,-7.403],[131.1825,-7.3991],[131.1811,-7.4114],[131.1765,-7.403]]],[[[131.3226,-7.3892],[131.3297,-7.3989],[131.3202,-7.409],[131.3226,-7.3892]]],[[[131.2381,-7.3142],[131.2543,-7.304],[131.3024,-7.3393],[131.2716,-7.3467],[131.266,-7.3789],[131.2093,-7.3593],[131.226,-7.3325],[131.2406,-7.339],[131.2381,-7.3142]]],[[[131.3798,-7.2411],[131.3666,-7.2334],[131.3891,-7.2007],[131.4056,-7.2352],[131.3969,-7.2249],[131.3798,-7.2411]]],[[[129.5298,-6.7118],[129.5281,-6.745],[129.5117,-6.759],[129.4862,-6.7526],[129.4996,-6.7156],[129.5298,-6.7118]]],[[[129.9985,-6.3041],[130.0198,-6.3007],[130.0271,-6.3221],[130.0139,-6.3206],[129.9985,-6.3041]]],[[[130.048,-4.5838],[130.0453,-4.6038],[130.0357,-4.6039],[130.0352,-4.581],[130.048,-4.5838]]],[[[129.6926,-4.5559],[129.6666,-4.5626],[129.6905,-4.5432],[129.6926,-4.5559]]],[[[129.8652,-4.5629],[129.8759,-4.5432],[129.9092,-4.5487],[129.9468,-4.5078],[129.9544,-4.5449],[129.9351,-4.5706],[129.8824,-4.5522],[129.8652,-4.5629]]],[[[129.7642,-4.5173],[129.783,-4.5283],[129.7718,-4.5374],[129.7642,-4.5173]]],[[[129.877,-4.5055],[129.8895,-4.5129],[129.8896,-4.5354],[129.8677,-4.5265],[129.877,-4.5055]]],[[[129.9079,-4.5252],[129.895,-4.5279],[129.9009,-4.5033],[129.9079,-4.5252]]],[[[131.2983,-4.1209],[131.2748,-4.087],[131.2816,-4.0704],[131.3776,-4.1289],[131.4,-4.1728],[131.2983,-4.1209]]],[[[131.213,-3.9814],[131.2415,-3.9998],[131.2478,-4.0585],[131.2198,-4.0352],[131.213,-3.9814]]],[[[131.4256,-4.0786],[131.3674,-3.9723],[131.4233,-3.9521],[131.4498,-4.0695],[131.4256,-4.0786]]],[[[130.9207,-3.8757],[130.9556,-3.8783],[130.924,-3.9064],[130.9105,-3.8984],[130.9207,-3.8757]]],[[[130.8027,-3.3309],[130.7683,-3.3245],[130.7672,-3.3075],[130.7808,-3.2979],[130.8027,-3.3309]]],[[[131.455,-7.2412],[131.4718,-7.2363],[131.4635,-7.2473],[131.455,-7.2412]]],[[[131.4851,-7.2104],[131.4525,-7.201],[131.4839,-7.164],[131.4914,-7.1733],[131.4851,-7.2104]]],[[[131.902,-7.1844],[131.822,-7.1616],[131.7714,-7.1666],[131.7587,-7.1819],[131.714,-7.1559],[131.7211,-7.1341],[131.755,-7.1157],[131.9153,-7.1028],[131.9736,-7.1759],[131.9866,-7.2135],[131.9724,-7.2458],[131.9492,-7.2543],[131.91,-7.2299],[131.902,-7.1844]]],[[[131.4537,-7.1076],[131.4472,-7.1394],[131.4332,-7.1368],[131.4416,-7.0992],[131.4537,-7.1076]]],[[[131.4313,-7.0687],[131.4467,-7.0933],[131.4347,-7.0921],[131.4313,-7.0687]]],[[[131.9076,-7.0601],[131.9712,-7.0015],[132.0069,-6.9865],[131.9589,-7.0559],[131.9125,-7.0819],[131.9076,-7.0601]]],[[[131.4601,-6.9181],[131.4735,-6.8726],[131.513,-6.8768],[131.4885,-6.9191],[131.4601,-6.9181]]],[[[131.534,-6.8115],[131.521,-6.8323],[131.5087,-6.8297],[131.534,-6.8115]]],[[[131.5965,-6.7527],[131.5315,-6.8042],[131.514,-6.7648],[131.581,-6.6692],[131.6207,-6.677],[131.6227,-6.709],[131.5966,-6.7293],[131.572,-6.7145],[131.5563,-6.745],[131.5637,-6.7642],[131.5965,-6.7527]]],[[[132.4704,-5.9942],[132.4705,-6.0162],[132.4406,-6.0376],[132.4281,-6.0129],[132.4613,-6.0152],[132.4704,-5.9942]]],[[[132.5254,-5.8765],[132.5385,-5.9122],[132.5288,-5.9204],[132.5173,-5.9071],[132.5254,-5.8765]]],[[[132.5583,-5.8601],[132.5409,-5.868],[132.525,-5.8392],[132.5418,-5.8411],[132.5583,-5.8601]]],[[[132.6107,-5.8559],[132.589,-5.847],[132.5993,-5.8332],[132.6107,-5.8559]]],[[[132.5889,-5.8385],[132.5662,-5.8195],[132.5829,-5.8192],[132.5889,-5.8385]]],[[[132.6921,-5.6541],[132.7178,-5.6591],[132.7423,-5.643],[132.7398,-5.6885],[132.7661,-5.7474],[132.76,-5.7199],[132.7776,-5.7245],[132.772,-5.812],[132.7861,-5.7779],[132.8049,-5.7899],[132.8152,-5.8473],[132.78,-5.9434],[132.7228,-5.9506],[132.7316,-5.9004],[132.7211,-5.8931],[132.6941,-5.9518],[132.6954,-5.9137],[132.665,-5.9071],[132.6698,-5.855],[132.6902,-5.8338],[132.6701,-5.7845],[132.6734,-5.7501],[132.6892,-5.756],[132.7081,-5.8205],[132.6991,-5.7559],[132.6509,-5.715],[132.6584,-5.6765],[132.6355,-5.6759],[132.6405,-5.6406],[132.6109,-5.5933],[132.6761,-5.6303],[132.7098,-5.5914],[132.7123,-5.6249],[132.6921,-5.6541]]],[[[132.6515,-5.7444],[132.6599,-5.7409],[132.6571,-5.7532],[132.6515,-5.7444]]],[[[132.1931,-5.7166],[132.1987,-5.7476],[132.1876,-5.7676],[132.1704,-5.7411],[132.1931,-5.7166]]],[[[132.5783,-5.7146],[132.5673,-5.716],[132.5581,-5.7077],[132.5783,-5.7146]]],[[[132.2654,-5.7036],[132.2716,-5.693],[132.2701,-5.7132],[132.2654,-5.7036]]],[[[132.6273,-5.7031],[132.6175,-5.707],[132.6188,-5.696],[132.6273,-5.7031]]],[[[132.7077,-5.6328],[132.7122,-5.6524],[132.7012,-5.6516],[132.7077,-5.6328]]],[[[132.7364,-5.6464],[132.7187,-5.6249],[132.7254,-5.6222],[132.7364,-5.6464]]],[[[132.2931,-5.6553],[132.2854,-5.6032],[132.2567,-5.585],[132.307,-5.5904],[132.3173,-5.635],[132.2931,-5.6553]]],[[[132.3344,-5.6072],[132.3216,-5.6181],[132.3171,-5.6029],[132.3344,-5.6072]]],[[[131.9966,-5.5933],[132.0049,-5.5762],[132.0068,-5.5964],[131.9966,-5.5933]]],[[[132.732,-5.5747],[132.7338,-5.596],[132.7179,-5.5941],[132.7147,-5.5834],[132.732,-5.5747]]],[[[132.3423,-5.5293],[132.3455,-5.5501],[132.3787,-5.5436],[132.3769,-5.5553],[132.3261,-5.5811],[132.3028,-5.5331],[132.3127,-5.5216],[132.3423,-5.5293]]],[[[132.7498,-5.5357],[132.7412,-5.5516],[132.702,-5.5527],[132.6874,-5.5366],[132.7498,-5.5357]]],[[[132.7367,-5.505],[132.731,-5.4956],[132.7367,-5.4902],[132.7432,-5.493],[132.7367,-5.505]]],[[[132.6977,-5.4503],[132.7102,-5.4441],[132.7063,-5.4519],[132.6977,-5.4503]]],[[[132.7116,-5.4348],[132.725,-5.4447],[132.7187,-5.4481],[132.7116,-5.4348]]],[[[131.9616,-5.372],[131.9875,-5.3141],[132.0128,-5.3046],[132.0211,-5.3429],[132.0055,-5.3697],[131.9727,-5.386],[131.9616,-5.372]]],[[[132.0196,-5.1544],[132.0242,-5.1848],[132.0107,-5.1723],[132.0196,-5.1544]]],[[[131.7233,-4.7114],[131.7375,-4.7039],[131.7585,-4.7281],[131.7415,-4.7871],[131.7233,-4.7114]]],[[[131.6128,-4.4247],[131.6807,-4.5047],[131.6815,-4.5376],[131.6559,-4.5366],[131.6128,-4.4247]]],[[[131.6066,-4.4077],[131.5859,-4.396],[131.5841,-4.3789],[131.6066,-4.4077]]],[[[134.4909,-7.0629],[134.5295,-7.0698],[134.5226,-7.1027],[134.4722,-7.0893],[134.4909,-7.0629]]],[[[134.5284,-6.9477],[134.4932,-6.9545],[134.4924,-6.9375],[134.51,-6.9304],[134.5284,-6.9477]]],[[[134.5412,-6.9035],[134.5308,-6.9191],[134.5207,-6.9155],[134.5412,-6.9035]]],[[[134.5281,-6.7506],[134.5545,-6.7511],[134.5356,-6.7783],[134.5104,-6.7812],[134.5281,-6.7506]]],[[[134.4786,-6.7579],[134.5072,-6.7178],[134.5309,-6.7462],[134.4786,-6.7579]]],[[[134.4966,-6.6847],[134.4865,-6.7067],[134.4819,-6.7104],[134.4756,-6.6909],[134.4966,-6.6847]]],[[[134.5153,-6.7179],[134.497,-6.7127],[134.5083,-6.6633],[134.5295,-6.6855],[134.5153,-6.7179]]],[[[134.5915,-6.6308],[134.5828,-6.6122],[134.6061,-6.6022],[134.6033,-6.6197],[134.5915,-6.6308]]],[[[134.1709,-6.9197],[134.1504,-6.85],[134.1885,-6.8475],[134.1481,-6.849],[134.1491,-6.8658],[134.1245,-6.8468],[134.0951,-6.8499],[134.0698,-6.8263],[134.052,-6.7697],[134.0781,-6.7136],[134.0999,-6.4885],[134.1158,-6.4481],[134.1508,-6.4894],[134.1795,-6.4816],[134.1791,-6.5006],[134.2022,-6.4856],[134.2089,-6.5361],[134.2351,-6.6146],[134.282,-6.661],[134.2956,-6.661],[134.2384,-6.6132],[134.236,-6.5716],[134.213,-6.537],[134.2341,-6.5119],[134.2001,-6.471],[134.2171,-6.4488],[134.1841,-6.4568],[134.2108,-6.4258],[134.1412,-6.4635],[134.1201,-6.4242],[134.1338,-6.3023],[134.1002,-6.1656],[134.1354,-6.168],[134.1664,-6.2085],[134.2253,-6.2242],[134.2517,-6.2604],[134.2905,-6.2926],[134.3034,-6.2914],[134.3392,-6.3983],[134.3595,-6.3825],[134.3682,-6.4063],[134.4027,-6.3976],[134.4152,-6.408],[134.4068,-6.3971],[134.3735,-6.3992],[134.3608,-6.3621],[134.3483,-6.3668],[134.3676,-6.3394],[134.3404,-6.3397],[134.32,-6.2736],[134.2923,-6.2857],[134.2266,-6.2161],[134.1753,-6.2004],[134.1635,-6.1562],[134.1136,-6.0983],[134.1246,-6.0386],[134.1502,-6.006],[134.1643,-6.0363],[134.2286,-6.0169],[134.2301,-6.0567],[134.2459,-6.0731],[134.2779,-6.0587],[134.2444,-6.0963],[134.2343,-6.1401],[134.2968,-6.1651],[134.3203,-6.1986],[134.3115,-6.1713],[134.2653,-6.125],[134.2861,-6.1364],[134.2705,-6.1049],[134.2907,-6.0668],[134.2795,-6.0504],[134.2968,-6.037],[134.3272,-6.0239],[134.36,-6.0405],[134.3813,-6.0202],[134.4183,-6.0257],[134.4343,-6.0187],[134.4668,-5.9754],[134.4696,-5.9598],[134.4827,-5.9617],[134.5058,-5.9501],[134.5357,-5.919],[134.5951,-5.9429],[134.6598,-5.9452],[134.6631,-5.9751],[134.7168,-6.0125],[134.7159,-6.0297],[134.7429,-6.0364],[134.7836,-6.0908],[134.7628,-6.1384],[134.7353,-6.1598],[134.7077,-6.155],[134.7089,-6.1804],[134.7682,-6.162],[134.7302,-6.3108],[134.6202,-6.3734],[134.5288,-6.3367],[134.5445,-6.3613],[134.5968,-6.3858],[134.6123,-6.4307],[134.5694,-6.4776],[134.5798,-6.4758],[134.5508,-6.5344],[134.5161,-6.5319],[134.5029,-6.4947],[134.4833,-6.4904],[134.4931,-6.4601],[134.4682,-6.4468],[134.4792,-6.4882],[134.5051,-6.5228],[134.4852,-6.5252],[134.4744,-6.5481],[134.4959,-6.5491],[134.4753,-6.5656],[134.4914,-6.5852],[134.5299,-6.581],[134.5263,-6.6081],[134.4979,-6.619],[134.4967,-6.6536],[134.465,-6.6795],[134.4293,-6.6489],[134.4205,-6.6649],[134.4296,-6.6574],[134.4473,-6.6951],[134.3917,-6.7293],[134.4032,-6.758],[134.3668,-6.7835],[134.3788,-6.8156],[134.3326,-6.8611],[134.2162,-6.9074],[134.201,-6.9434],[134.1709,-6.9197]],[[134.1642,-6.8867],[134.1578,-6.869],[134.1576,-6.8691],[134.1642,-6.8867]],[[134.1888,-6.8475],[134.1887,-6.8472],[134.1885,-6.8475],[134.1888,-6.8475]],[[134.1887,-6.8472],[134.1895,-6.8313],[134.1825,-6.8303],[134.1887,-6.8472]],[[134.1556,-6.5285],[134.179,-6.5041],[134.1791,-6.5006],[134.1556,-6.5285]],[[134.4706,-6.43],[134.4375,-6.4369],[134.4258,-6.4217],[134.425,-6.4302],[134.4358,-6.4427],[134.4605,-6.4333],[134.4681,-6.4466],[134.4706,-6.43]]],[[[134.5921,-6.5206],[134.5781,-6.5455],[134.5607,-6.5425],[134.575,-6.5104],[134.5921,-6.5206]]],[[[134.5803,-6.4992],[134.5541,-6.5343],[134.5808,-6.4756],[134.5803,-6.4992]]],[[[134.3364,-6.3656],[134.3351,-6.3522],[134.3415,-6.3564],[134.3364,-6.3656]]],[[[134.3026,-5.8326],[134.3134,-5.8426],[134.3043,-5.8449],[134.3026,-5.8326]]],[[[134.2485,-5.8251],[134.1947,-5.828],[134.1997,-5.7518],[134.2516,-5.7765],[134.2485,-5.8251]]],[[[134.4655,-5.5622],[134.505,-5.532],[134.5031,-5.5496],[134.5108,-5.5638],[134.5299,-5.5657],[134.5059,-5.5535],[134.5252,-5.5129],[134.4863,-5.4935],[134.529,-5.4899],[134.5331,-5.4803],[134.4908,-5.483],[134.5022,-5.4186],[134.5598,-5.4485],[134.574,-5.4174],[134.5902,-5.4356],[134.5952,-5.4229],[134.6091,-5.4295],[134.6054,-5.4496],[134.6166,-5.4309],[134.6209,-5.4436],[134.623,-5.4335],[134.6121,-5.4202],[134.6266,-5.4266],[134.6516,-5.4517],[134.6477,-5.4993],[134.6611,-5.5052],[134.665,-5.4813],[134.7049,-5.5155],[134.7013,-5.5353],[134.6718,-5.5359],[134.6888,-5.5559],[134.68,-5.5716],[134.6665,-5.5572],[134.655,-5.5708],[134.6504,-5.5556],[134.6354,-5.5796],[134.6111,-5.5665],[134.5759,-5.5691],[134.6404,-5.5908],[134.6509,-5.5765],[134.6631,-5.5968],[134.6828,-5.5826],[134.7345,-5.6249],[134.746,-5.6163],[134.7673,-5.6692],[134.7341,-5.6743],[134.7268,-5.7263],[134.7048,-5.7392],[134.7391,-5.7394],[134.7475,-5.7864],[134.7065,-5.8332],[134.7678,-5.8504],[134.7589,-5.8643],[134.7717,-5.8887],[134.7565,-5.901],[134.7407,-5.9027],[134.7321,-5.8801],[134.7142,-5.8914],[134.7172,-5.918],[134.7506,-5.9408],[134.734,-5.9442],[134.7408,-5.9664],[134.7134,-5.9771],[134.66,-5.9307],[134.5956,-5.9407],[134.5352,-5.9166],[134.5043,-5.9484],[134.4682,-5.9576],[134.4226,-6.0218],[134.3805,-6.0151],[134.3578,-6.0323],[134.3225,-6.0172],[134.3015,-6.019],[134.3319,-5.9454],[134.2968,-5.9243],[134.2986,-5.9005],[134.3173,-5.9048],[134.3482,-5.8469],[134.3708,-5.8486],[134.3585,-5.8271],[134.3775,-5.8222],[134.3703,-5.8008],[134.4154,-5.786],[134.386,-5.7903],[134.3679,-5.77],[134.3261,-5.7954],[134.3254,-5.7597],[134.2616,-5.759],[134.2126,-5.7148],[134.249,-5.6635],[134.3467,-5.7255],[134.361,-5.7144],[134.3534,-5.6909],[134.422,-5.6249],[134.4499,-5.5369],[134.4588,-5.5296],[134.4655,-5.5622]],[[134.5692,-5.4387],[134.58,-5.4388],[134.568,-5.4364],[134.5692,-5.4387]],[[134.541,-5.5664],[134.5315,-5.567],[134.535,-5.5697],[134.541,-5.5664]],[[134.5496,-5.5616],[134.5688,-5.5603],[134.5529,-5.5573],[134.5496,-5.5616]]],[[[132.7803,-5.7346],[132.7887,-5.7421],[132.7844,-5.7768],[132.776,-5.7607],[132.7803,-5.7346]]],[[[132.7925,-5.7305],[132.7973,-5.7243],[132.8045,-5.7686],[132.7925,-5.7305]]],[[[132.7537,-5.7043],[132.766,-5.7113],[132.7623,-5.7156],[132.7537,-5.7043]]],[[[134.3451,-5.6941],[134.3336,-5.702],[134.3341,-5.6932],[134.3451,-5.6941]]],[[[133.1324,-5.2929],[133.1565,-5.2757],[133.1918,-5.3254],[133.1645,-5.3679],[133.1205,-5.563],[133.0849,-5.6251],[133.0427,-5.6438],[132.9625,-5.7456],[132.9429,-5.8252],[132.9584,-5.8402],[132.9537,-5.873],[132.8454,-6.0071],[132.8696,-5.9021],[132.8886,-5.8944],[132.8723,-5.8794],[132.8917,-5.858],[132.8816,-5.8444],[132.9371,-5.7733],[132.9541,-5.6703],[132.9767,-5.6409],[132.9793,-5.6579],[133.0045,-5.6495],[133.074,-5.3874],[133.1216,-5.2785],[133.1324,-5.2929]]],[[[132.8117,-5.5427],[132.8006,-5.6048],[132.8167,-5.6762],[132.7941,-5.697],[132.799,-5.6535],[132.7805,-5.6887],[132.7674,-5.6845],[132.7494,-5.6675],[132.771,-5.649],[132.7587,-5.6417],[132.7512,-5.6612],[132.7428,-5.6251],[132.7531,-5.5757],[132.7831,-5.5334],[132.8018,-5.5226],[132.7937,-5.5641],[132.8117,-5.5427]]],[[[134.3437,-5.568],[134.2792,-5.6459],[134.2441,-5.6251],[134.2804,-5.6083],[134.2998,-5.5729],[134.3158,-5.5722],[134.3044,-5.5655],[134.3437,-5.568]]],[[[134.4826,-5.5168],[134.4858,-5.5273],[134.4742,-5.5286],[134.4826,-5.5168]]],[[[134.4956,-5.5128],[134.5145,-5.516],[134.4978,-5.5232],[134.4956,-5.5128]]],[[[134.2789,-5.5286],[134.2539,-5.5488],[134.2552,-5.4871],[134.2789,-5.4917],[134.2789,-5.5286]]],[[[132.757,-5.5016],[132.7479,-5.4925],[132.7643,-5.4758],[132.757,-5.5016]]],[[[134.4658,-5.4438],[134.4905,-5.4233],[134.4614,-5.4592],[134.4658,-5.4438]]],[[[134.5945,-5.4026],[134.5787,-5.4018],[134.5907,-5.3935],[134.5945,-5.4026]]],[[[134.6019,-5.3588],[134.5759,-5.3945],[134.5621,-5.3906],[134.5784,-5.3615],[134.6019,-5.3588]]],[[[134.5914,-5.3307],[134.6032,-5.348],[134.5809,-5.3527],[134.5562,-5.3989],[134.5385,-5.4112],[134.5077,-5.3902],[134.5158,-5.3648],[134.5479,-5.3557],[134.5587,-5.3308],[134.5914,-5.3307]]],[[[134.5306,-5.3306],[134.5222,-5.3379],[134.5129,-5.3443],[134.5155,-5.3341],[134.5306,-5.3306]]],[[[134.68,-7.0045],[134.6823,-7.0244],[134.6697,-7.0159],[134.68,-7.0045]]],[[[134.6175,-6.8796],[134.6662,-6.8433],[134.684,-6.8552],[134.6075,-6.9027],[134.5856,-6.8838],[134.6175,-6.8796]]],[[[134.7562,-6.8596],[134.7559,-6.8456],[134.7598,-6.8617],[134.7456,-6.8758],[134.7038,-6.8743],[134.6869,-6.8596],[134.7068,-6.871],[134.7562,-6.8596]]],[[[134.7557,-6.606],[134.7705,-6.5997],[134.7978,-6.6323],[134.7832,-6.6416],[134.7608,-6.6253],[134.7402,-6.65],[134.7341,-6.7035],[134.7075,-6.7159],[134.7131,-6.7311],[134.6868,-6.7752],[134.672,-6.7833],[134.6239,-6.7578],[134.6354,-6.7299],[134.6254,-6.7105],[134.6721,-6.6654],[134.6867,-6.595],[134.7237,-6.5834],[134.7595,-6.6203],[134.7557,-6.606]],[[134.7078,-6.7083],[134.7063,-6.7102],[134.7075,-6.7159],[134.7078,-6.7083]],[[134.713,-6.7017],[134.708,-6.7044],[134.7078,-6.7083],[134.713,-6.7017]]],[[[134.7228,-6.5412],[134.6816,-6.5637],[134.6674,-6.5514],[134.6641,-6.5106],[134.6399,-6.4961],[134.641,-6.4757],[134.6923,-6.4423],[134.7301,-6.475],[134.7257,-6.4916],[134.7363,-6.4694],[134.7494,-6.5052],[134.7398,-6.5163],[134.7519,-6.5102],[134.7632,-6.5271],[134.7449,-6.5527],[134.7303,-6.5504],[134.7305,-6.5692],[134.7134,-6.5673],[134.7228,-6.5412]],[[134.7245,-6.4908],[134.7248,-6.491],[134.7248,-6.491],[134.7245,-6.4908]],[[134.717,-6.4837],[134.7072,-6.4899],[134.7245,-6.4908],[134.717,-6.4837]]],[[[134.7746,-6.5146],[134.8204,-6.4823],[134.8491,-6.4904],[134.8129,-6.5624],[134.8074,-6.5374],[134.8004,-6.55],[134.7764,-6.5437],[134.7746,-6.5146]]],[[[134.7559,-6.4987],[134.7656,-6.4865],[134.7722,-6.4914],[134.7559,-6.4987]]],[[[134.58,-6.5027],[134.5862,-6.4776],[134.6314,-6.4594],[134.6265,-6.4503],[134.6431,-6.4565],[134.6284,-6.4994],[134.5941,-6.5186],[134.58,-6.5027]]],[[[134.7647,-6.4316],[134.7643,-6.4201],[134.7746,-6.4227],[134.7647,-6.4316]]],[[[134.7282,-6.4248],[134.7314,-6.3835],[134.7533,-6.3577],[134.7554,-6.4159],[134.7429,-6.4349],[134.7282,-6.4248]]],[[[134.7757,-6.4178],[134.7667,-6.4037],[134.7775,-6.3662],[134.7876,-6.3985],[134.7757,-6.4178]]],[[[134.8791,-6.3025],[134.8678,-6.3223],[134.883,-6.3084],[134.8845,-6.2854],[134.9079,-6.3146],[134.9009,-6.3528],[134.8694,-6.3969],[134.845,-6.4772],[134.8076,-6.4601],[134.8025,-6.4376],[134.8241,-6.431],[134.8096,-6.4301],[134.8179,-6.4045],[134.8046,-6.4088],[134.7964,-6.3896],[134.8419,-6.328],[134.8395,-6.3459],[134.8475,-6.3583],[134.8516,-6.2835],[134.8791,-6.3025]]],[[[134.8237,-6.295],[134.83,-6.3213],[134.7948,-6.3614],[134.787,-6.3346],[134.8237,-6.295]]],[[[134.8757,-6.1954],[134.8586,-6.2224],[134.8641,-6.1847],[134.8757,-6.1954]]],[[[134.8861,-6.1405],[134.8874,-6.1594],[134.8752,-6.1625],[134.8735,-6.1504],[134.8861,-6.1405]]],[[[134.8543,-5.9531],[134.8645,-5.9603],[134.8554,-5.9627],[134.8543,-5.9531]]],[[[134.7773,-5.9077],[134.784,-5.8953],[134.7898,-5.8996],[134.7773,-5.9077]]],[[[134.7931,-5.892],[134.7831,-5.8849],[134.8061,-5.8668],[134.7931,-5.892]]],[[[134.7958,-5.8206],[134.7702,-5.8232],[134.7821,-5.8052],[134.7958,-5.8206]]],[[[134.8045,-5.8072],[134.8137,-5.8177],[134.8075,-5.8184],[134.8045,-5.8072]]],[[[134.7489,-5.7867],[134.7617,-5.799],[134.7484,-5.8081],[134.7428,-5.7996],[134.7489,-5.7867]]],[[[134.7691,-5.7934],[134.7784,-5.7871],[134.7862,-5.7947],[134.7691,-5.7934]]],[[[134.7819,-5.7742],[134.794,-5.7788],[134.7962,-5.7898],[134.7799,-5.787],[134.7819,-5.7742]]],[[[134.8142,-5.7406],[134.782,-5.7537],[134.7922,-5.7283],[134.8142,-5.7406]]],[[[134.769,-5.6737],[134.7662,-5.6863],[134.7591,-5.6788],[134.769,-5.6737]]],[[[134.6985,-5.5695],[134.6891,-5.5711],[134.6896,-5.5622],[134.6985,-5.5695]]],[[[134.7131,-5.5482],[134.7101,-5.5702],[134.7,-5.5697],[134.7131,-5.5482]]],[[[134.6989,-5.5477],[134.6906,-5.5359],[134.7014,-5.538],[134.6989,-5.5477]]],[[[134.6559,-5.4579],[134.6653,-5.4617],[134.6583,-5.4441],[134.674,-5.4643],[134.665,-5.4749],[134.6559,-5.4579]]],[[[134.6245,-5.3973],[134.6248,-5.4139],[134.6181,-5.4059],[134.6245,-5.3973]]],[[[134.6532,-5.3985],[134.662,-5.3884],[134.677,-5.4035],[134.6532,-5.3985]]],[[[134.612,-5.3823],[134.6184,-5.3992],[134.6108,-5.4081],[134.5941,-5.3943],[134.612,-5.3823]]],[[[134.6021,-5.3815],[134.5993,-5.3881],[134.5891,-5.388],[134.6021,-5.3815]]]]}},{"type":"Feature","properties":{"kode":"82","nama":"Maluku Utara","prov_kode":"82"},"geometry":{"type":"MultiPolygon","coordinates":[[[[126.072,-2.4471],[126.0497,-2.4765],[125.997,-2.4457],[125.9736,-2.4124],[125.9586,-2.3256],[125.8808,-2.213],[125.8894,-2.1813],[125.8563,-2.0938],[125.8688,-2.032],[125.9069,-1.9776],[125.9419,-1.9791],[125.9927,-2.0277],[125.957,-2.1513],[126.072,-2.4471]]],[[[124.4027,-2.055],[124.3889,-2.0716],[124.3739,-2.0471],[124.3929,-2.033],[124.4027,-2.055]]],[[[124.316,-1.9723],[124.3661,-1.9704],[124.3755,-1.9905],[124.3663,-2.0403],[124.3161,-2.013],[124.3194,-2.0005],[124.3092,-2.0102],[124.316,-1.9723]]],[[[125.3835,-1.88],[125.3863,-1.8903],[125.3744,-1.8845],[125.3835,-1.88]]],[[[125.4878,-1.8194],[125.5193,-1.8028],[125.5256,-1.8136],[125.5418,-1.7861],[125.5431,-1.8105],[125.5884,-1.8053],[125.6396,-1.8301],[125.7308,-1.8254],[125.7477,-1.8041],[125.7535,-1.8153],[125.7847,-1.7988],[125.8145,-1.8112],[125.9132,-1.7933],[126.127,-1.8123],[126.1972,-1.805],[126.3074,-1.8278],[126.3497,-1.8157],[126.2471,-1.8787],[126.205,-1.8679],[126.1384,-1.8918],[126.0578,-1.8857],[125.9193,-1.9396],[125.843,-1.8961],[125.7839,-1.929],[125.5794,-1.9297],[125.5177,-1.9491],[125.4911,-1.9334],[125.4209,-1.95],[125.4381,-1.9299],[125.4343,-1.8866],[125.3683,-1.8465],[125.3594,-1.8844],[125.3326,-1.8762],[125.3298,-1.8284],[125.3478,-1.8069],[125.3735,-1.8068],[125.3593,-1.7909],[125.3711,-1.7792],[125.4048,-1.7751],[125.4275,-1.8094],[125.4571,-1.7787],[125.4845,-1.7826],[125.4725,-1.8035],[125.4878,-1.8194]]],[[[124.643,-1.6394],[124.8698,-1.6814],[124.8967,-1.7079],[124.9571,-1.6963],[125.0025,-1.7274],[125.0253,-1.7232],[125.0147,-1.7527],[125.0363,-1.7532],[125.0484,-1.7714],[125.0578,-1.7479],[125.0685,-1.7714],[125.103,-1.7613],[125.117,-1.734],[125.1082,-1.6912],[125.1282,-1.6836],[125.1505,-1.717],[125.1694,-1.6984],[125.2044,-1.727],[125.1823,-1.7849],[125.1972,-1.7925],[125.2123,-1.7934],[125.2274,-1.7632],[125.2217,-1.7377],[125.2524,-1.7238],[125.2893,-1.7312],[125.2948,-1.7688],[125.2653,-1.7835],[125.2676,-1.7967],[125.3196,-1.783],[125.3267,-1.885],[125.3053,-1.8935],[125.2324,-1.8723],[125.1895,-1.8848],[125.1307,-1.877],[125.0999,-1.8986],[125.0451,-1.8867],[125.0124,-1.9019],[125.0121,-1.9413],[124.8889,-1.9235],[124.8612,-1.8914],[124.7745,-1.9156],[124.6842,-1.9742],[124.5241,-2.0183],[124.3992,-2.029],[124.3928,-1.9702],[124.3372,-1.8906],[124.3491,-1.787],[124.3721,-1.7428],[124.3753,-1.7001],[124.3615,-1.7063],[124.3971,-1.6618],[124.4971,-1.6573],[124.5294,-1.6298],[124.5274,-1.6651],[124.5532,-1.6388],[124.643,-1.6394]]],[[[126.4859,-1.82],[126.4532,-1.8391],[126.3496,-1.8253],[126.4427,-1.801],[126.4859,-1.82]]],[[[125.551,-1.7748],[125.5344,-1.7749],[125.5069,-1.7763],[125.542,-1.7567],[125.551,-1.7748]]],[[[124.3422,-1.7703],[124.3456,-1.7574],[124.3491,-1.7755],[124.3422,-1.7703]]],[[[124.2896,-1.7714],[124.2922,-1.7435],[124.3135,-1.7831],[124.2896,-1.7714]]],[[[124.169,-1.7394],[124.1813,-1.7658],[124.1634,-1.7883],[124.1692,-1.7544],[124.1518,-1.7689],[124.1471,-1.7365],[124.169,-1.7394]]],[[[125.6921,-1.7523],[125.6992,-1.7544],[125.6948,-1.7627],[125.6921,-1.7523]]],[[[124.3434,-1.7072],[124.345,-1.6947],[124.3502,-1.7035],[124.3434,-1.7072]]],[[[124.9501,-1.6674],[124.9706,-1.6655],[124.9547,-1.6726],[124.9501,-1.6674]]],[[[125.0219,-1.6643],[125.0004,-1.6703],[124.9914,-1.6624],[124.9936,-1.6568],[125.0219,-1.6643]]],[[[124.4818,-1.6007],[124.4725,-1.5802],[124.4826,-1.5897],[124.4818,-1.6007]]],[[[127.2359,-0.5357],[127.2388,-0.5477],[127.2505,-0.5506],[127.2245,-0.5447],[127.2359,-0.5357]]],[[[127.2316,-0.5058],[127.1635,-0.5308],[127.1293,-0.5168],[127.1374,-0.5022],[127.1154,-0.4866],[127.1526,-0.4716],[127.103,-0.4197],[127.1226,-0.4104],[127.1127,-0.39],[127.1346,-0.3612],[127.1396,-0.3117],[127.1152,-0.3031],[127.1094,-0.2826],[127.1505,-0.2566],[127.1784,-0.2638],[127.2404,-0.2455],[127.2629,-0.2808],[127.301,-0.2684],[127.3031,-0.2875],[127.2588,-0.2919],[127.2483,-0.3138],[127.2881,-0.3741],[127.2858,-0.397],[127.2646,-0.3992],[127.2782,-0.4545],[127.2544,-0.481],[127.2641,-0.4921],[127.217,-0.4907],[127.2316,-0.5058]]],[[[127.0617,-0.2893],[127.0673,-0.2802],[127.0688,-0.2912],[127.0568,-0.2955],[127.0627,-0.2755],[127.0617,-0.2893]]],[[[127.0417,-0.2738],[127.0558,-0.2303],[127.0868,-0.2377],[127.0911,-0.2587],[127.0353,-0.2875],[127.0238,-0.2634],[127.0417,-0.2738]]],[[[127.1281,-0.18],[127.1524,-0.1844],[127.1311,-0.2046],[127.1307,-0.2277],[127.0944,-0.2568],[127.0903,-0.2189],[127.1281,-0.18]]],[[[127.2045,-0.121],[127.2655,-0.0728],[127.2745,-0.0843],[127.2603,-0.1233],[127.2294,-0.1359],[127.2045,-0.121]]],[[[127.192,-0.0134],[127.2021,-0.0243],[127.1637,-0.0156],[127.192,-0.0134]]],[[[127.2271,0.0354],[127.2263,0.0212],[127.2173,0.0294],[127.2271,0.0354]]],[[[127.2136,0.1439],[127.2158,0.1328],[127.2095,0.1363],[127.2136,0.1439]]],[[[127.1185,0.1487],[127.1348,0.1284],[127.1179,0.132],[127.1185,0.1487]]],[[[126.1273,0.9773],[126.1513,0.9774],[126.1535,0.9691],[126.1273,0.9773]]],[[[126.4156,1.3349],[126.3946,1.2849],[126.3573,1.321],[126.3846,1.3517],[126.4156,1.3349]]],[[[127.3962,-1.5216],[127.3789,-1.5217],[127.393,-1.483],[127.4075,-1.4965],[127.3962,-1.5216]]],[[[127.35,-1.3705],[127.3478,-1.3816],[127.3812,-1.368],[127.3733,-1.3801],[127.3995,-1.4038],[127.3269,-1.4552],[127.2813,-1.4146],[127.3182,-1.386],[127.3203,-1.3674],[127.3356,-1.3883],[127.35,-1.3705]]],[[[127.4308,-1.3167],[127.3891,-1.3273],[127.3762,-1.3173],[127.4308,-1.3167]]],[[[127.5629,-1.2463],[127.4927,-1.2713],[127.4659,-1.2397],[127.506,-1.2062],[127.5096,-1.1789],[127.5519,-1.1735],[127.5985,-1.2098],[127.694,-1.2377],[127.6912,-1.2736],[127.6707,-1.2839],[127.5629,-1.2463]]],[[[127.4108,-1.2066],[127.396,-1.1438],[127.4134,-1.1367],[127.4427,-1.2072],[127.4323,-1.2197],[127.4108,-1.2066]]],[[[127.1942,-0.6176],[127.2541,-0.6045],[127.2693,-0.6223],[127.2396,-0.6295],[127.3043,-0.6858],[127.2927,-0.6914],[127.294,-0.7308],[127.3346,-0.7862],[127.2958,-0.799],[127.2461,-0.7654],[127.2273,-0.7795],[127.1864,-0.7702],[127.165,-0.7452],[127.1707,-0.7155],[127.1878,-0.7143],[127.168,-0.7075],[127.1874,-0.6791],[127.2062,-0.6769],[127.2147,-0.641],[127.1942,-0.6176]]],[[[127.3241,-0.6576],[127.3031,-0.6424],[127.3058,-0.6309],[127.3241,-0.6576]]],[[[127.3289,-0.6228],[127.3219,-0.6393],[127.3343,-0.6563],[127.3096,-0.626],[127.3289,-0.6228]]],[[[127.3246,-0.6075],[127.3862,-0.6118],[127.4146,-0.6363],[127.4118,-0.66],[127.3655,-0.6482],[127.3747,-0.6571],[127.347,-0.6579],[127.3246,-0.6075]]],[[[127.3883,-0.5923],[127.3888,-0.6063],[127.3824,-0.5953],[127.3883,-0.5923]]],[[[127.8681,-0.7209],[127.8771,-0.7599],[127.9057,-0.7816],[127.8805,-0.7747],[127.8976,-0.798],[127.882,-0.7944],[127.8714,-0.823],[127.8268,-0.8542],[127.7687,-0.868],[127.7639,-0.858],[127.6819,-0.8382],[127.6833,-0.823],[127.6582,-0.8124],[127.6541,-0.7521],[127.6304,-0.7408],[127.6084,-0.764],[127.4998,-0.8011],[127.4778,-0.822],[127.464,-0.8142],[127.4433,-0.7306],[127.4805,-0.6306],[127.453,-0.6306],[127.4116,-0.6036],[127.42,-0.6207],[127.409,-0.6216],[127.3816,-0.5772],[127.3755,-0.5918],[127.3616,-0.5806],[127.3424,-0.5469],[127.3529,-0.5422],[127.3067,-0.5122],[127.2951,-0.4401],[127.3279,-0.4334],[127.3422,-0.3851],[127.3205,-0.3303],[127.3456,-0.3361],[127.3704,-0.3168],[127.4116,-0.3584],[127.4203,-0.3984],[127.4503,-0.4185],[127.4789,-0.387],[127.4848,-0.3399],[127.5151,-0.3241],[127.5202,-0.3027],[127.5606,-0.3017],[127.5443,-0.3107],[127.5809,-0.3327],[127.6157,-0.4118],[127.651,-0.4167],[127.6548,-0.4363],[127.6916,-0.4603],[127.6633,-0.5172],[127.6008,-0.5752],[127.5905,-0.6208],[127.6433,-0.6268],[127.6566,-0.6946],[127.6812,-0.7125],[127.7162,-0.69],[127.7997,-0.679],[127.8681,-0.7209]]],[[[127.2534,-0.5107],[127.268,-0.5017],[127.2662,-0.5309],[127.2534,-0.5107]]],[[[127.2786,-0.4927],[127.2984,-0.4965],[127.2872,-0.4978],[127.2907,-0.5277],[127.2742,-0.5112],[127.2786,-0.4927]]],[[[127.3024,-0.345],[127.2887,-0.3496],[127.2823,-0.3427],[127.2902,-0.3335],[127.3024,-0.345]]],[[[127.4062,-0.341],[127.3992,-0.3254],[127.4093,-0.3205],[127.4062,-0.341]]],[[[127.3115,-0.2275],[127.3051,-0.2424],[127.2977,-0.2282],[127.3115,-0.2275]]],[[[127.4363,-0.0731],[127.4198,-0.0666],[127.4196,-0.0594],[127.4334,-0.0625],[127.4363,-0.0731]]],[[[127.4211,-0.0164],[127.4275,-0.0474],[127.4178,-0.0504],[127.4104,-0.1022],[127.4036,-0.0692],[127.4211,-0.0164]]],[[[127.4293,0.006],[127.4231,-0.008],[127.4192,0.0],[127.4293,0.006]]],[[[127.4256,0.1387],[127.4576,0.1333],[127.4408,0.1042],[127.4488,0.0729],[127.4657,0.0737],[127.4654,-0.0388],[127.4338,-0.0095],[127.4313,0.0218],[127.4044,0.0179],[127.4256,0.1387]]],[[[127.4299,0.2918],[127.3849,0.2776],[127.356,0.3026],[127.3459,0.3268],[127.366,0.3572],[127.4145,0.3751],[127.4428,0.337],[127.4299,0.2918]]],[[[127.3884,0.472],[127.4146,0.4804],[127.44,0.4482],[127.3972,0.4341],[127.3825,0.4509],[127.3884,0.472]]],[[[127.3825,0.5613],[127.3936,0.5867],[127.4095,0.5832],[127.4096,0.573],[127.3825,0.5613]]],[[[127.4292,0.6292],[127.3888,0.625],[127.3692,0.6425],[127.3629,0.6765],[127.4046,0.7583],[127.4499,0.7427],[127.4593,0.7176],[127.4568,0.6743],[127.4292,0.6292]]],[[[127.371,0.7243],[127.3684,0.7416],[127.3783,0.7365],[127.371,0.7243]]],[[[127.2942,0.7911],[127.3021,0.8391],[127.3304,0.8672],[127.3912,0.8294],[127.3884,0.78],[127.371,0.7606],[127.314,0.7573],[127.2942,0.7911]]],[[[127.5448,0.8647],[127.5246,0.8603],[127.5452,0.8802],[127.5448,0.8647]]],[[[127.33,0.8899],[127.3174,0.8814],[127.3042,0.8968],[127.3125,0.9102],[127.33,0.8899]]],[[[127.5735,-1.8656],[127.5825,-1.8282],[127.6447,-1.8281],[127.6298,-1.8483],[127.5935,-1.847],[127.5735,-1.8656]]],[[[128.3209,-1.6651],[128.2986,-1.6319],[128.3189,-1.6099],[128.361,-1.6073],[128.3542,-1.6537],[128.3209,-1.6651]]],[[[128.0951,-1.5772],[128.0876,-1.5671],[128.104,-1.5624],[128.0951,-1.5772]]],[[[127.674,-1.3328],[127.7006,-1.3543],[127.7097,-1.3368],[127.7577,-1.3533],[127.7749,-1.3797],[127.7902,-1.3723],[127.8008,-1.4128],[127.8398,-1.4261],[127.8349,-1.4359],[127.8919,-1.4259],[127.9362,-1.4492],[127.9961,-1.5217],[128.0812,-1.5682],[128.0776,-1.5814],[128.1009,-1.5785],[128.114,-1.5616],[128.1241,-1.5686],[128.1663,-1.6208],[128.1566,-1.683],[128.0908,-1.7206],[128.0241,-1.7259],[127.977,-1.698],[127.8917,-1.6829],[127.8202,-1.6998],[127.7186,-1.6864],[127.674,-1.706],[127.6643,-1.7266],[127.612,-1.7201],[127.5969,-1.7381],[127.5003,-1.7253],[127.4079,-1.6603],[127.3931,-1.618],[127.4117,-1.5693],[127.4062,-1.525],[127.4322,-1.495],[127.4157,-1.4799],[127.4434,-1.435],[127.4155,-1.4232],[127.4402,-1.4103],[127.4398,-1.4276],[127.5051,-1.4531],[127.5131,-1.417],[127.5788,-1.3678],[127.6409,-1.3313],[127.6685,-1.3491],[127.674,-1.3328]]],[[[128.3296,-1.1162],[128.3475,-1.1155],[128.3462,-1.1215],[128.3296,-1.1162]]],[[[127.7308,-0.8678],[127.7598,-0.8647],[127.7421,-0.869],[127.7308,-0.8678]]],[[[128.0919,-0.8389],[128.1096,-0.8504],[128.0991,-0.8606],[128.0797,-0.8496],[128.0919,-0.8389]]],[[[127.7466,-0.4268],[127.725,-0.4232],[127.7256,-0.4128],[127.7378,-0.4183],[127.7466,-0.4268]]],[[[127.7476,-0.327],[127.7527,-0.3773],[127.7299,-0.3969],[127.7476,-0.327]]],[[[127.8951,0.3544],[127.9008,0.3452],[127.8942,0.3363],[127.8951,0.3544]]],[[[127.8642,-0.3661],[127.6873,-0.27],[127.6894,-0.2473],[127.6628,-0.2185],[127.7001,-0.0978],[127.6977,0.008],[127.7217,0.0715],[127.7106,0.1039],[127.6852,0.0981],[127.7017,0.1243],[127.6975,0.1883],[127.7344,0.3111],[127.7098,0.3516],[127.6606,0.3422],[127.6212,0.3633],[127.6208,0.3967],[127.5813,0.4137],[127.5606,0.5179],[127.5273,0.553],[127.5473,0.728],[127.6021,0.7571],[127.5993,0.7723],[127.6377,0.8151],[127.6403,0.85],[127.5674,0.8662],[127.5508,0.8833],[127.4941,0.8901],[127.5112,0.9751],[127.4763,1.0041],[127.4943,1.0147],[127.5005,1.0458],[127.4806,1.0632],[127.4276,1.0506],[127.4239,1.0322],[127.4005,1.0425],[127.401,1.0849],[127.4313,1.1441],[127.3992,1.1952],[127.4066,1.2318],[127.4815,1.3481],[127.4885,1.3958],[127.5211,1.4324],[127.5361,1.5041],[127.5293,1.5499],[127.514,1.5609],[127.5513,1.5932],[127.541,1.65],[127.5549,1.6629],[127.5536,1.6397],[127.583,1.6728],[127.5802,1.6914],[127.5506,1.7107],[127.6445,1.8211],[127.694,1.9299],[127.753,1.9724],[127.8363,2.0902],[127.9272,2.1617],[127.9587,2.1988],[127.955,2.2221],[127.9775,2.2067],[127.9829,2.181],[128.0553,2.2009],[128.069,2.1941],[128.0648,2.1719],[127.956,2.0411],[127.9507,1.9903],[127.8536,1.9273],[127.8419,1.8439],[127.847,1.8204],[127.8845,1.7978],[127.9408,1.8039],[127.9606,1.7696],[128.0102,1.739],[128.022,1.704],[127.9933,1.6661],[127.9991,1.6266],[127.9877,1.6183],[128.0374,1.5829],[128.0099,1.4269],[128.0242,1.4051],[127.9894,1.3782],[127.9932,1.3355],[128.0111,1.3142],[127.9769,1.305],[127.9714,1.2752],[127.92,1.2286],[127.9034,1.1534],[127.8234,1.1452],[127.7586,1.0688],[127.6553,1.0268],[127.6298,0.9837],[127.6344,0.9165],[127.6469,0.9196],[127.6605,0.8694],[127.703,0.8768],[127.7089,0.8514],[127.758,0.8066],[127.7981,0.7953],[127.8518,0.8096],[127.9304,0.8756],[127.9256,0.9646],[127.9444,0.9934],[127.9345,1.0026],[127.9815,1.0879],[128.0333,1.1162],[128.1686,1.1263],[128.1954,1.1642],[128.1994,1.2094],[128.1798,1.2422],[128.1469,1.2537],[128.1,1.2391],[128.0867,1.2577],[128.1848,1.3826],[128.3453,1.4597],[128.3664,1.4975],[128.4658,1.5498],[128.5163,1.5342],[128.5557,1.5678],[128.6706,1.5897],[128.7221,1.5729],[128.7312,1.5368],[128.6963,1.5319],[128.6839,1.4643],[128.7229,1.4077],[128.7584,1.395],[128.7377,1.3069],[128.7103,1.2874],[128.7197,1.2521],[128.6921,1.1998],[128.6985,1.0634],[128.6109,1.0432],[128.5362,0.9736],[128.5081,0.973],[128.4417,0.9293],[128.3335,0.9105],[128.2806,0.8672],[128.3129,0.8166],[128.2509,0.8403],[128.2001,0.7915],[128.3247,0.6532],[128.4361,0.6315],[128.4747,0.6034],[128.4709,0.5899],[128.5234,0.592],[128.5701,0.5631],[128.6773,0.5503],[128.6887,0.5245],[128.669,0.4902],[128.6886,0.4428],[128.6726,0.3424],[128.8354,0.293],[128.9004,0.2115],[128.8647,0.2251],[128.8462,0.2587],[128.5622,0.3185],[128.5018,0.3539],[128.4839,0.391],[128.4508,0.4033],[128.2859,0.3965],[128.2419,0.4233],[128.223,0.4126],[128.1783,0.429],[128.1693,0.4563],[128.1105,0.4552],[128.0799,0.4769],[127.9713,0.4798],[127.9199,0.4571],[127.9012,0.4314],[127.9043,0.3662],[127.8807,0.3534],[127.8748,0.298],[127.8633,0.2957],[127.8741,0.2922],[127.8796,0.3018],[127.9186,0.2744],[127.9297,0.1089],[127.8892,0.0858],[127.888,0.013],[127.9652,-0.1634],[127.984,-0.2684],[128.0493,-0.4172],[128.1841,-0.6269],[128.2133,-0.6975],[128.4541,-0.9135],[128.3931,-0.8821],[128.3483,-0.8847],[128.3114,-0.8631],[128.2963,-0.88],[128.244,-0.8553],[128.2312,-0.8311],[128.2499,-0.8209],[128.2857,-0.8316],[128.2348,-0.7813],[128.2492,-0.7581],[128.2246,-0.7666],[128.2398,-0.7535],[128.2264,-0.7483],[128.2143,-0.7709],[128.065,-0.7176],[128.0033,-0.668],[127.9889,-0.6122],[127.8642,-0.3661]]],[[[128.3045,0.769],[128.2919,0.7876],[128.2961,0.7844],[128.3045,0.769]]],[[[128.3256,0.7951],[128.3424,0.8031],[128.3545,0.8001],[128.3252,0.7738],[128.3256,0.7951]]],[[[128.2668,0.7924],[128.2474,0.7987],[128.2415,0.8148],[128.2668,0.7924]]],[[[128.3225,0.8431],[128.3317,0.8329],[128.3252,0.8247],[128.3225,0.8431]]],[[[128.0085,1.2874],[128.0278,1.2982],[128.0121,1.2822],[128.0085,1.2874]]],[[[128.0491,1.5819],[128.0671,1.566],[128.0557,1.5553],[128.0491,1.5819]]],[[[128.0513,1.678],[128.0568,1.6685],[128.0486,1.6565],[128.0513,1.678]]],[[[128.0623,1.7365],[128.0699,1.7435],[128.0707,1.7142],[128.0623,1.7365]]],[[[128.0386,1.7549],[128.0565,1.743],[128.0371,1.7432],[128.0386,1.7549]]],[[[127.9942,1.7984],[128.0067,1.79],[128.0172,1.7674],[127.9942,1.7984]]],[[[127.7845,2.1041],[127.7698,2.1137],[127.7726,2.1266],[127.7825,2.1234],[127.7845,2.1041]]],[[[128.2223,2.139],[128.232,2.1328],[128.2269,2.1274],[128.2223,2.139]]],[[[127.7202,2.1938],[127.7589,2.1891],[127.7771,2.1586],[127.7202,2.1938]]],[[[128.2084,2.2081],[128.2143,2.2002],[128.2076,2.1933],[128.2084,2.2081]]],[[[127.755,2.2041],[127.7736,2.208],[127.77,2.1994],[127.755,2.2041]]],[[[127.8242,2.2699],[127.8079,2.2223],[127.774,2.219],[127.7718,2.262],[127.7582,2.2658],[127.7754,2.2942],[127.7803,2.275],[127.8242,2.2699]]],[[[128.1662,2.4126],[128.1867,2.3076],[128.1622,2.288],[128.139,2.3003],[128.1254,2.3352],[128.1662,2.4126]]],[[[128.7377,-1.5147],[128.7237,-1.5085],[128.7314,-1.5052],[128.7377,-1.5147]]],[[[128.7048,-1.5121],[128.7099,-1.5074],[128.713,-1.5187],[128.7048,-1.5121]]],[[[128.633,-1.5018],[128.6466,-1.5015],[128.6338,-1.5129],[128.633,-1.5018]]],[[[128.9176,-1.3982],[128.9127,-1.3837],[128.9254,-1.3788],[128.9297,-1.3883],[128.9176,-1.3982]]],[[[128.4261,-1.1458],[128.4261,-1.1553],[128.4112,-1.1586],[128.4261,-1.1458]]],[[[128.3665,-1.1307],[128.3852,-1.143],[128.3655,-1.1365],[128.3665,-1.1307]]],[[[128.3845,-1.1262],[128.4015,-1.122],[128.3977,-1.1372],[128.3845,-1.1262]]],[[[128.4532,-1.1238],[128.4293,-1.1172],[128.4269,-1.1085],[128.4532,-1.1238]]],[[[128.4256,-1.1039],[128.4269,-1.1085],[128.4214,-1.1034],[128.4256,-1.1039]]],[[[128.3719,-1.1227],[128.3449,-1.088],[128.3677,-1.073],[128.4214,-1.1034],[128.4001,-1.1006],[128.3719,-1.1227]]],[[[128.335,-1.0433],[128.3569,-1.0441],[128.3452,-1.054],[128.335,-1.0433]]],[[[128.3084,-0.9518],[128.3288,-0.9435],[128.3562,-0.9822],[128.4147,-1.0082],[128.3868,-0.9942],[128.4056,-0.9902],[128.4182,-1.0061],[128.416,-1.0266],[128.358,-1.0374],[128.3336,-1.0196],[128.3383,-0.9745],[128.3084,-0.9518]]],[[[128.5988,-0.6318],[128.607,-0.6471],[128.5957,-0.6541],[128.5955,-0.6355],[128.5786,-0.6369],[128.5988,-0.6318]]],[[[128.5153,-0.6169],[128.493,-0.5926],[128.513,-0.597],[128.5153,-0.6169]]],[[[128.4374,-0.5694],[128.4277,-0.5912],[128.4067,-0.5627],[128.4374,-0.5694]]],[[[128.3441,-0.5693],[128.3588,-0.5781],[128.3314,-0.579],[128.3441,-0.5693]]],[[[128.3814,-0.5542],[128.3388,-0.548],[128.367,-0.5273],[128.4108,-0.5529],[128.3563,-0.5429],[128.3814,-0.5542]]],[[[129.434,-0.1169],[129.4148,-0.0988],[129.4202,-0.0785],[129.4212,-0.1012],[129.4338,-0.0953],[129.434,-0.1169]]],[[[129.4694,-0.0829],[129.5462,-0.1298],[129.5752,-0.1994],[129.5367,-0.2134],[129.5075,-0.1757],[129.5161,-0.1626],[129.4701,-0.1404],[129.4801,-0.1288],[129.4627,-0.0919],[129.4228,-0.0743],[129.3838,-0.073],[129.3855,-0.0391],[129.3575,0.0001],[129.289,0.0295],[129.2796,0.0473],[129.4005,-0.0125],[129.4694,-0.0829]]],[[[129.6525,-0.0473],[129.6425,-0.0701],[129.6453,-0.0491],[129.6161,-0.0367],[129.6353,-0.0556],[129.6202,-0.0581],[129.6241,-0.0713],[129.5872,-0.0429],[129.5872,-0.0058],[129.6038,-0.0045],[129.6525,-0.0473]]],[[[129.6253,0.0229],[129.6388,0.0131],[129.6253,0.0064],[129.6253,0.0229]]],[[[128.9798,0.1673],[128.9636,0.1753],[128.9396,0.193],[128.9798,0.1673]]],[[[128.8738,0.4667],[128.8619,0.4749],[128.8664,0.4794],[128.8738,0.4667]]],[[[128.8126,0.5654],[128.8626,0.4933],[128.829,0.5116],[128.8072,0.5524],[128.8126,0.5654]]],[[[128.6469,0.5771],[128.6702,0.5684],[128.6357,0.5676],[128.6469,0.5771]]],[[[128.6467,0.6248],[128.6368,0.6259],[128.637,0.6341],[128.6467,0.6248]]],[[[128.5404,0.6343],[128.5201,0.6279],[128.5287,0.6359],[128.5404,0.6343]]],[[[128.2915,2.0576],[128.2495,2.1104],[128.2494,2.2474],[128.199,2.2835],[128.2839,2.37],[128.298,2.4423],[128.3238,2.4709],[128.4129,2.5281],[128.4298,2.568],[128.4651,2.5962],[128.5264,2.577],[128.5692,2.6454],[128.6067,2.5728],[128.6304,2.5643],[128.6348,2.5331],[128.6886,2.4977],[128.6936,2.4223],[128.651,2.3709],[128.6489,2.2931],[128.6251,2.2178],[128.5755,2.1377],[128.5755,2.1093],[128.5513,2.1052],[128.5041,2.0596],[128.4011,2.0579],[128.2961,2.0326],[128.2891,2.0061],[128.2599,1.9808],[128.2915,2.0576]]]]}},{"type":"Feature","properties":{"kode":"91","nama":"Papua","prov_kode":"91"},"geometry":{"type":"MultiPolygon","coordinates":[[[[136.2619,-2.2321],[136.2651,-2.2178],[136.2728,-2.2242],[136.2619,-2.2321]]],[[[136.3438,-1.9202],[136.3557,-1.9056],[136.3772,-1.9048],[136.359,-1.9125],[136.3644,-1.9636],[136.3328,-1.9336],[136.3446,-1.935],[136.3331,-1.9048],[136.3438,-1.9202]]],[[[136.392,-1.9072],[136.4099,-1.9092],[136.4066,-1.9185],[136.3872,-1.924],[136.392,-1.9072]]],[[[136.2839,-1.888],[136.3067,-1.9283],[136.2969,-1.9406],[136.2839,-1.888]]],[[[136.3642,-1.9017],[136.3558,-1.9],[136.3642,-1.8993],[136.3642,-1.9017]]],[[[136.3642,-1.8993],[136.3642,-1.889],[136.3764,-1.8983],[136.3642,-1.8993]]],[[[135.8288,-1.8073],[135.8056,-1.8197],[135.8001,-1.7888],[135.8156,-1.7859],[135.8288,-1.8073]]],[[[135.6769,-1.7078],[135.6454,-1.685],[135.6132,-1.6991],[135.6305,-1.6874],[135.5631,-1.6802],[135.5526,-1.6665],[135.526,-1.6881],[135.526,-1.6647],[135.5184,-1.6872],[135.4805,-1.6829],[135.469,-1.6372],[135.447,-1.6379],[135.4435,-1.6149],[135.4128,-1.6038],[135.6925,-1.621],[135.6965,-1.6349],[135.7977,-1.6308],[135.8511,-1.6402],[135.8444,-1.6546],[135.8691,-1.6584],[135.8707,-1.6412],[135.9028,-1.6364],[136.054,-1.6603],[136.2097,-1.6505],[136.3721,-1.7181],[136.4141,-1.7207],[136.4569,-1.7003],[136.5862,-1.7294],[136.7963,-1.7414],[136.9066,-1.791],[136.8553,-1.8257],[136.7238,-1.8175],[136.7015,-1.8245],[136.7139,-1.8413],[136.6928,-1.8348],[136.6382,-1.8729],[136.5422,-1.8712],[136.5068,-1.8528],[136.5487,-1.8919],[136.5364,-1.8995],[136.4883,-1.8801],[136.4722,-1.8967],[136.4174,-1.8749],[136.4038,-1.8895],[136.3894,-1.8727],[136.3791,-1.8837],[136.3172,-1.8652],[136.2803,-1.8839],[136.2662,-1.9135],[136.2503,-1.8866],[136.2291,-1.9055],[136.2273,-1.8819],[136.2097,-1.8792],[136.2005,-1.8557],[136.1928,-1.8759],[136.1915,-1.8631],[136.1812,-1.8734],[136.1519,-1.8549],[136.0724,-1.8504],[136.0325,-1.8217],[135.9822,-1.8185],[135.9525,-1.7881],[135.9354,-1.8025],[135.941,-1.7842],[135.9156,-1.7562],[135.9041,-1.7898],[135.8957,-1.7586],[135.8645,-1.7389],[135.8592,-1.7519],[135.8763,-1.7586],[135.8616,-1.7682],[135.8502,-1.7483],[135.835,-1.7636],[135.8247,-1.737],[135.7658,-1.7085],[135.7505,-1.7188],[135.7318,-1.6917],[135.6769,-1.7078]]],[[[135.8034,-1.742],[135.7908,-1.7373],[135.768,-1.749],[135.7814,-1.7243],[135.8034,-1.742]]],[[[135.2377,-1.4853],[135.2636,-1.5198],[135.2636,-1.4834],[135.2974,-1.4769],[135.3146,-1.497],[135.3394,-1.4819],[135.3286,-1.5102],[135.252,-1.5305],[135.0943,-1.502],[135.1204,-1.4628],[135.1588,-1.4913],[135.2187,-1.4762],[135.2108,-1.5009],[135.2337,-1.5028],[135.2377,-1.4853]]],[[[136.2042,-1.2592],[136.1915,-1.2464],[136.2305,-1.2309],[136.2289,-1.2412],[136.2042,-1.2592]]],[[[136.503,-1.2315],[136.5407,-1.2394],[136.5054,-1.2411],[136.503,-1.2315]]],[[[136.3449,-1.2342],[136.3045,-1.2454],[136.2972,-1.2386],[136.3193,-1.2197],[136.3445,-1.2273],[136.3449,-1.2342]]],[[[136.4518,-1.2412],[136.4357,-1.2173],[136.4467,-1.2],[136.4518,-1.2412]]],[[[136.6106,-1.1969],[136.6151,-1.2251],[136.5962,-1.2295],[136.5837,-1.1966],[136.6106,-1.1969]]],[[[134.8427,-1.0854],[134.7955,-1.0369],[134.8085,-0.959],[134.8476,-0.9318],[134.8938,-0.9384],[134.9486,-0.9722],[134.9503,-0.9993],[134.956,-0.9725],[134.9848,-1.014],[134.9824,-1.103],[134.9649,-1.1261],[134.8906,-1.1424],[134.8571,-1.1334],[134.8427,-1.0854]]],[[[135.5156,-0.9674],[135.4976,-0.9661],[135.4938,-0.9305],[135.5156,-0.9674]]],[[[135.5999,-0.6667],[135.5982,-0.7006],[135.6224,-0.6703],[135.6485,-0.6643],[135.6848,-0.6926],[135.6871,-0.7193],[135.7272,-0.7114],[135.7506,-0.7415],[135.8095,-0.6864],[135.862,-0.7053],[135.9281,-0.7905],[135.9466,-0.789],[136.0532,-0.8576],[136.0444,-0.8956],[136.064,-0.8879],[136.095,-0.918],[136.0995,-0.953],[136.1549,-0.9963],[136.178,-1.0458],[136.2591,-1.018],[136.2891,-1.0259],[136.3275,-1.0747],[136.3746,-1.0675],[136.3884,-1.0845],[136.3176,-1.1417],[136.1451,-1.2012],[136.07,-1.1834],[136.0429,-1.1504],[136.0013,-1.1431],[135.8769,-1.1742],[135.807,-1.1012],[135.8217,-1.0895],[135.8285,-1.0328],[135.7968,-0.9833],[135.7587,-0.8381],[135.7414,-0.8086],[135.7119,-0.8027],[135.732,-0.7776],[135.7024,-0.8049],[135.6473,-0.8866],[135.471,-0.7448],[135.5037,-0.8133],[135.506,-0.7895],[135.5182,-0.791],[135.5303,-0.8324],[135.546,-0.8392],[135.5413,-0.8724],[135.3994,-0.7287],[135.3635,-0.6375],[135.3953,-0.6214],[135.414,-0.6461],[135.4483,-0.6424],[135.4454,-0.6622],[135.4624,-0.6478],[135.5377,-0.6745],[135.5587,-0.659],[135.5999,-0.6667]]],[[[135.2758,-0.3949],[135.2687,-0.4112],[135.2684,-0.4014],[135.2758,-0.3949]]],[[[137.7174,-5.2908],[137.7165,-5.2942],[137.7097,-5.2916],[137.7174,-5.2908]]],[[[140.7321,-3.9437],[140.7129,-3.9602],[140.6978,-3.8136],[140.6772,-3.7916],[140.6552,-3.8067],[140.5907,-3.7533],[140.5811,-3.7642],[140.5481,-3.7533],[140.5316,-3.7834],[140.5014,-3.7615],[140.4643,-3.7697],[140.4533,-3.7464],[140.3064,-3.7368],[140.2803,-3.7026],[140.2789,-3.6738],[140.2089,-3.6752],[140.1952,-3.7026],[140.1663,-3.7122],[140.0468,-3.6779],[140.0221,-3.6464],[139.9768,-3.656],[139.9631,-3.6162],[139.8944,-3.6286],[139.8656,-3.5847],[139.7928,-3.5847],[139.8051,-3.571],[139.7653,-3.5655],[139.79,-3.5436],[139.7653,-3.5107],[139.7351,-3.5491],[139.72,-3.5203],[139.7063,-3.5491],[139.687,-3.5285],[139.6774,-3.56],[139.6596,-3.5299],[139.6335,-3.5587],[139.5937,-3.5587],[139.5786,-3.5449],[139.6143,-3.5093],[139.6033,-3.4942],[139.558,-3.5436],[139.5346,-3.5408],[139.4742,-3.523],[139.4673,-3.4929],[139.4934,-3.4778],[139.4824,-3.4641],[139.3753,-3.4394],[139.3863,-3.4613],[139.3547,-3.4874],[139.3341,-3.4819],[139.3314,-3.449],[139.3039,-3.4737],[139.2778,-3.4641],[139.2751,-3.438],[139.2531,-3.4613],[139.2421,-3.4531],[139.2545,-3.4243],[139.2009,-3.4463],[139.1762,-3.4284],[139.1473,-3.4312],[139.1418,-3.375],[139.113,-3.3832],[139.0965,-3.3681],[139.0993,-3.3338],[139.0773,-3.3352],[139.0746,-3.2913],[139.0031,-3.3064],[138.9922,-3.2749],[138.9619,-3.2845],[138.918,-3.2502],[138.8919,-3.2571],[138.8741,-3.2269],[138.8548,-3.2406],[138.8274,-3.2132],[138.8177,-3.2255],[138.7807,-3.2091],[138.756,-3.1748],[138.7202,-3.2173],[138.6914,-3.194],[138.7065,-3.253],[138.6777,-3.242],[138.5994,-3.3434],[138.5252,-3.3284],[138.4195,-3.242],[138.3632,-3.2461],[138.2945,-3.1803],[138.2574,-3.194],[138.2231,-3.1748],[138.2259,-3.1501],[138.1819,-3.1145],[138.0473,-3.1391],[138.0144,-3.1652],[137.9869,-3.1487],[138.0185,-3.0528],[137.9704,-3.0322],[137.8853,-3.0884],[137.6353,-3.0665],[137.4403,-3.1165],[137.3662,-3.0843],[137.2755,-3.1227],[137.1437,-3.1254],[137.1121,-3.1611],[137.0119,-3.1529],[136.9652,-3.1309],[136.9171,-3.1638],[136.8828,-3.1364],[136.8169,-3.1721],[136.7619,-3.1693],[136.6466,-3.2488],[136.571,-3.2584],[136.5202,-3.1967],[136.5752,-3.0528],[136.4928,-3.0651],[136.4433,-3.0569],[136.3966,-3.0102],[136.3609,-3.0267],[136.3142,-3.0178],[136.2834,-2.8878],[136.2044,-2.81],[136.0761,-2.7972],[135.996,-2.7454],[136.0207,-2.6952],[136.1175,-2.6677],[136.2258,-2.6142],[136.283,-2.5153],[136.3022,-2.41],[136.3472,-2.3741],[136.3366,-2.2789],[136.3968,-2.2199],[136.5218,-2.192],[136.5484,-2.2247],[136.5875,-2.1981],[136.5793,-2.2172],[136.6043,-2.2551],[136.6416,-2.2475],[136.6766,-2.2625],[136.7091,-2.2287],[136.754,-2.253],[136.7971,-2.212],[136.8086,-2.2314],[136.821,-2.2093],[136.8122,-2.1772],[136.8409,-2.1736],[136.8445,-2.1966],[136.9109,-2.1793],[136.943,-2.1474],[136.946,-2.122],[137.0045,-2.1311],[137.0356,-2.1522],[137.0103,-2.1259],[137.0558,-2.1029],[137.1754,-2.1125],[137.1643,-2.1012],[137.1791,-2.0791],[137.2306,-2.0583],[137.2227,-2.0765],[137.2352,-2.0503],[137.2625,-2.0504],[137.2187,-2.0391],[137.2234,-2.0204],[137.1937,-2.0021],[137.2357,-1.9765],[137.223,-1.9643],[137.2177,-1.9808],[137.2009,-1.9638],[137.2213,-1.9627],[137.1988,-1.9617],[137.1679,-1.9266],[137.1662,-1.9005],[137.1648,-1.9334],[137.0927,-1.8538],[137.1001,-1.8041],[137.1382,-1.7747],[137.1669,-1.7998],[137.1509,-1.8173],[137.1427,-1.8478],[137.1449,-1.8578],[137.1679,-1.8782],[137.147,-1.8456],[137.1559,-1.8164],[137.1871,-1.8075],[137.1622,-1.768],[137.2262,-1.7475],[137.2513,-1.7557],[137.2723,-1.7941],[137.3171,-1.8022],[137.2774,-1.7878],[137.246,-1.7411],[137.3116,-1.7004],[137.3475,-1.6982],[137.3361,-1.6895],[137.4072,-1.6577],[137.4889,-1.5954],[137.6894,-1.504],[137.7367,-1.5051],[137.754,-1.4784],[137.7815,-1.4862],[137.769,-1.4972],[137.756,-1.4852],[137.7625,-1.4957],[137.788,-1.5062],[137.8278,-1.5014],[137.8278,-1.4774],[137.812,-1.4952],[137.809,-1.4807],[137.793,-1.4912],[137.81,-1.4689],[137.8945,-1.4647],[137.9015,-1.4774],[137.9313,-1.4597],[137.9725,-1.5319],[137.9488,-1.5289],[137.963,-1.5782],[137.9488,-1.6349],[137.9695,-1.6244],[137.9865,-1.6414],[138.011,-1.6442],[138.0073,-1.6264],[138.0385,-1.6202],[138.1388,-1.6489],[138.0403,-1.6099],[137.981,-1.5682],[137.9763,-1.5424],[137.99,-1.5312],[138.0713,-1.6024],[138.1791,-1.6325],[138.1865,-1.6492],[138.1913,-1.6379],[138.3473,-1.7126],[138.336,-1.7157],[138.6585,-1.7894],[138.7422,-1.855],[138.7536,-1.8479],[138.7516,-1.8674],[138.794,-1.9222],[138.8688,-1.9677],[138.915,-1.9574],[139.0003,-1.9752],[139.1275,-2.0322],[139.2543,-2.1124],[139.436,-2.1827],[139.619,-2.2862],[139.618,-2.3047],[139.6343,-2.3004],[139.6218,-2.2882],[139.6453,-2.2897],[139.7548,-2.3609],[139.8129,-2.3787],[139.944,-2.3684],[139.9453,-2.3784],[139.9478,-2.3674],[140.0043,-2.3692],[140.0803,-2.3539],[140.0888,-2.33],[140.1145,-2.3202],[140.1474,-2.3502],[140.1448,-2.3239],[140.1554,-2.325],[140.1556,-2.3703],[140.2335,-2.4197],[140.2358,-2.4037],[140.254,-2.4009],[140.3419,-2.4652],[140.3572,-2.4508],[140.374,-2.4594],[140.3776,-2.4326],[140.3503,-2.3981],[140.4988,-2.4439],[140.5273,-2.4297],[140.5455,-2.4488],[140.5623,-2.4404],[140.6018,-2.4559],[140.6165,-2.4407],[140.6378,-2.4697],[140.7075,-2.4849],[140.7313,-2.5007],[140.7498,-2.5385],[140.7358,-2.5207],[140.7098,-2.5431],[140.7233,-2.5577],[140.7205,-2.5923],[140.697,-2.5751],[140.6904,-2.6155],[140.705,-2.6269],[140.741,-2.6284],[140.7144,-2.5967],[140.7663,-2.6299],[140.7901,-2.6222],[140.7913,-2.5972],[140.922,-2.6238],[141.0035,-2.6054],[141.0027,-3.9259],[140.9354,-3.9287],[140.9285,-3.9478],[140.8228,-3.9136],[140.7747,-3.9602],[140.7321,-3.9437]],[[137.2277,-1.9925],[137.228,-1.9916],[137.2272,-1.9908],[137.2277,-1.9925]],[[137.2239,-2.0036],[137.2304,-2.0022],[137.2277,-1.9925],[137.2239,-2.0036]],[[137.8533,-1.5102],[137.8373,-1.4857],[137.8353,-1.4868],[137.8533,-1.5102]],[[137.8383,-1.4824],[137.8335,-1.4844],[137.8337,-1.4847],[137.8383,-1.4824]],[[138.192,-1.6534],[138.193,-1.6477],[138.1879,-1.6489],[138.192,-1.6534]],[[138.1908,-1.6604],[138.1973,-1.6593],[138.192,-1.6534],[138.1908,-1.6604]],[[138.1974,-1.6593],[138.1978,-1.6592],[138.1973,-1.6593],[138.1974,-1.6593]],[[138.1974,-1.6593],[138.1879,-1.6724],[138.1993,-1.6614],[138.1974,-1.6593]],[[138.1794,-1.6805],[138.1823,-1.6802],[138.1879,-1.6724],[138.1794,-1.6805]],[[138.1703,-1.6814],[138.1743,-1.6854],[138.1794,-1.6805],[138.1703,-1.6814]],[[138.9055,-1.9732],[138.9068,-1.9734],[138.9115,-1.9633],[138.9055,-1.9732]],[[138.9065,-1.9739],[138.9288,-1.9772],[138.9068,-1.9734],[138.9065,-1.9739]],[[139.9993,-2.3804],[140.0055,-2.3697],[140.0043,-2.3692],[139.9993,-2.3804]],[[137.168,-1.8784],[137.1669,-1.9005],[137.1734,-1.9053],[137.1755,-1.8995],[137.168,-1.8784]]],[[[139.9908,-2.3632],[140.0018,-2.3624],[139.9913,-2.3634],[139.9908,-2.3632]]],[[[137.2177,-1.9828],[137.1997,-1.9851],[137.1993,-1.975],[137.2177,-1.9828]]],[[[139.028,-1.9354],[139.0213,-1.9499],[139.0043,-1.9397],[139.0173,-1.9369],[139.028,-1.9354]]],[[[137.0992,-1.8969],[137.0912,-1.8847],[137.091,-1.8576],[137.1149,-1.8797],[137.0992,-1.8969]]],[[[136.9571,-1.8425],[137.0354,-1.835],[137.0591,-1.871],[136.9571,-1.8425]]],[[[138.8008,-1.6657],[138.8015,-1.7082],[138.7935,-1.6762],[138.8008,-1.6657]]],[[[138.0028,-1.6382],[137.9813,-1.6319],[137.9743,-1.6077],[137.984,-1.6142],[138.0028,-1.6382]]],[[[138.7169,-1.5897],[138.741,-1.5969],[138.7502,-1.6251],[138.7248,-1.6199],[138.7169,-1.5897]]],[[[136.6017,-1.3208],[136.6041,-1.3026],[136.611,-1.3014],[136.6147,-1.3119],[136.6017,-1.3208]]],[[[136.5904,-1.2741],[136.6122,-1.2887],[136.6041,-1.2965],[136.5904,-1.2741]]],[[[136.675,-1.2735],[136.675,-1.2628],[136.6801,-1.2656],[136.675,-1.2735]]],[[[136.6182,-1.252],[136.6015,-1.2527],[136.6034,-1.2321],[136.6192,-1.2352],[136.6182,-1.252]]],[[[136.7023,-1.2256],[136.699,-1.2149],[136.7099,-1.2153],[136.7023,-1.2256]]],[[[136.6053,-1.1363],[136.629,-1.153],[136.6032,-1.1737],[136.5964,-1.1638],[136.6053,-1.1363]]]]}},{"type":"Feature","properties":{"kode":"92","nama":"Papua Barat","prov_kode":"92"},"geometry":{"type":"GeometryCollection","geometries":[]}},{"type":"Feature","properties":{"kode":"93","nama":"Papua Selatan","prov_kode":"93"},"geometry":{"type":"MultiPolygon","coordinates":[[[[138.2634,-8.3909],[138.2989,-8.3958],[138.3202,-8.3747],[138.3432,-8.3829],[138.4678,-8.3532],[138.4992,-8.3228],[138.4424,-8.3831],[138.3681,-8.4119],[138.2642,-8.418],[138.2634,-8.3909]]],[[[138.5799,-8.2912],[138.5838,-8.2924],[138.5693,-8.3072],[138.5663,-8.3196],[138.5536,-8.3249],[138.5799,-8.2912]]],[[[138.8576,-8.2659],[138.8748,-8.2722],[138.8916,-8.2686],[138.9002,-8.2797],[138.8806,-8.2863],[138.847,-8.2568],[138.8576,-8.2659]]],[[[138.5713,-8.3062],[138.6614,-8.236],[138.6781,-8.1708],[138.7524,-8.1631],[138.8137,-8.1376],[138.8422,-8.1864],[138.8429,-8.2588],[138.8724,-8.2855],[138.9153,-8.3004],[138.911,-8.3679],[138.8896,-8.3875],[138.8544,-8.3904],[138.6135,-8.3666],[138.5663,-8.3545],[138.5512,-8.3354],[138.5658,-8.3226],[138.5713,-8.3062]]],[[[138.8479,-8.2073],[138.8901,-8.2652],[138.8762,-8.2709],[138.8477,-8.2547],[138.8479,-8.2073]]],[[[138.6499,-8.2336],[138.6427,-8.2285],[138.6561,-8.2199],[138.6499,-8.2336]]],[[[138.7086,-8.1541],[138.7014,-8.1629],[138.6939,-8.1553],[138.7086,-8.1541]]],[[[137.7267,-8.1324],[137.8095,-8.0321],[137.8004,-7.993],[137.8677,-7.8517],[137.9141,-7.7764],[137.9703,-7.7262],[138.0336,-7.6155],[138.1469,-7.5136],[138.2851,-7.4399],[138.6258,-7.3691],[138.7437,-7.3698],[138.8456,-7.4175],[138.9346,-7.5439],[139.0873,-7.5731],[139.0391,-7.6302],[139.0317,-7.6881],[138.9965,-7.7391],[138.9936,-7.8488],[138.9246,-7.8786],[138.8904,-7.9143],[138.9019,-7.9724],[138.8877,-8.0341],[138.9126,-8.0746],[138.8302,-8.0768],[138.7955,-8.138],[138.6779,-8.1494],[138.6139,-8.2491],[138.4888,-8.3189],[138.4699,-8.3496],[138.3397,-8.3792],[138.3178,-8.3717],[138.3015,-8.3907],[137.8692,-8.372],[137.69,-8.4191],[137.6549,-8.4471],[137.6389,-8.42],[137.6788,-8.247],[137.7267,-8.1324]]],[[[138.9201,-8.3276],[138.9618,-8.3685],[138.9245,-8.3579],[138.9201,-8.3276]]],[[[138.9676,-8.332],[138.9486,-8.3398],[138.9292,-8.3177],[138.946,-8.3289],[138.9676,-8.332]]],[[[138.9905,-8.2875],[138.9664,-8.327],[138.9345,-8.3116],[138.9519,-8.2963],[138.9905,-8.2875]]],[[[138.992,-8.2642],[138.9902,-8.2863],[138.9794,-8.2863],[138.992,-8.2642]]],[[[138.9601,-8.2584],[138.9933,-8.2287],[138.9766,-8.2892],[138.9567,-8.2936],[138.9333,-8.3026],[138.9224,-8.2785],[138.9349,-8.2749],[138.9601,-8.2584]]],[[[138.9397,-7.8821],[138.9294,-7.8906],[138.9141,-7.8969],[138.9251,-7.8862],[138.9397,-7.8821]]],[[[138.6076,-7.015],[138.5651,-6.9401],[138.5843,-6.9046],[138.6777,-6.8623],[138.6282,-6.8037],[138.6159,-6.7424],[138.6708,-6.7164],[138.6639,-6.6632],[138.6832,-6.61],[138.425,-6.359],[138.3824,-6.1924],[138.3907,-6.1733],[138.3028,-5.9903],[138.2478,-5.9234],[138.2458,-5.866],[138.278,-5.8414],[138.1627,-5.8128],[138.1572,-5.7595],[138.1764,-5.7267],[138.1201,-5.7239],[138.0789,-5.7581],[138.035,-5.5805],[138.1091,-5.5476],[138.0075,-5.5039],[137.8702,-5.3481],[137.818,-5.3918],[137.7328,-5.3672],[137.7411,-5.3098],[137.6724,-5.2222],[137.5516,-5.1682],[137.5735,-5.1347],[137.6697,-5.1156],[137.6422,-5.0745],[137.6642,-5.039],[137.7521,-5.0034],[137.8173,-5.0321],[137.9052,-4.7639],[137.7864,-4.6832],[137.7459,-4.6243],[137.7377,-4.5723],[137.7919,-4.5703],[137.8297,-4.5401],[137.875,-4.5785],[137.9745,-4.599],[137.9938,-4.5853],[138.0267,-4.6106],[138.0391,-4.5901],[138.0748,-4.5846],[138.0769,-4.5641],[138.1318,-4.586],[138.1544,-4.6859],[138.195,-4.716],[138.2314,-4.6791],[138.3168,-4.6688],[138.3865,-4.6777],[138.4209,-4.7147],[138.4552,-4.6873],[138.5074,-4.7229],[138.5925,-4.7065],[138.6365,-4.742],[138.7807,-4.7434],[138.8109,-4.768],[138.8535,-4.7065],[138.9705,-4.7674],[138.954,-4.8331],[139.0306,-4.8351],[139.0608,-4.8652],[138.999,-4.8803],[138.9825,-4.9117],[138.8837,-4.924],[138.9046,-4.9589],[139.2177,-5.0027],[139.5198,-5.0027],[139.5758,-5.0581],[140.2377,-5.0431],[140.3273,-5.1778],[140.43,-5.2263],[140.511,-5.225],[140.5495,-5.24],[140.5632,-5.2646],[140.592,-5.2523],[140.6514,-5.2653],[140.7129,-5.2332],[140.8461,-5.2318],[140.9065,-5.1922],[140.9546,-5.1949],[140.9975,-5.1737],[140.9996,-6.3221],[140.9611,-6.3221],[140.9783,-6.3395],[140.9694,-6.3535],[140.9882,-6.3627],[140.9515,-6.3822],[140.9924,-6.3893],[140.9505,-6.4139],[140.9673,-6.4166],[140.956,-6.4381],[140.9189,-6.417],[140.9488,-6.4443],[140.924,-6.4671],[140.9611,-6.4832],[140.9206,-6.4985],[140.9206,-6.5527],[140.936,-6.5609],[140.8907,-6.5585],[140.8894,-6.5729],[140.9113,-6.5746],[140.8907,-6.6042],[140.8839,-6.5903],[140.8399,-6.6094],[140.876,-6.6212],[140.8548,-6.6435],[140.8735,-6.6511],[140.8598,-6.6607],[140.8676,-6.6798],[140.8446,-6.6812],[140.8452,-6.7191],[140.8984,-6.7504],[140.869,-6.7914],[140.9181,-6.8178],[140.8959,-6.8421],[140.9133,-6.8718],[140.9392,-6.8726],[140.953,-6.8565],[140.9393,-6.8912],[140.9546,-6.9098],[140.9658,-6.8887],[140.9905,-6.9036],[141.0184,-6.8913],[141.0184,-9.1264],[140.8934,-9.0859],[140.8224,-9.018],[140.7542,-8.9326],[140.5995,-8.7949],[140.5282,-8.6878],[140.4977,-8.6123],[140.3849,-8.5195],[140.3544,-8.4738],[140.268,-8.4164],[140.2258,-8.3555],[140.1717,-8.3378],[140.0034,-8.2087],[139.9608,-8.151],[139.9506,-8.1013],[139.711,-8.0967],[139.5838,-8.1288],[139.5786,-8.1432],[139.4552,-8.1927],[139.3395,-8.2049],[139.2504,-8.1484],[139.2273,-8.1035],[139.2411,-8.0675],[139.2233,-8.094],[139.064,-8.133],[139.0679,-8.1515],[138.9689,-8.2026],[138.991,-8.2294],[138.9658,-8.241],[138.9352,-8.2734],[138.9134,-8.27],[138.8535,-8.1818],[138.834,-8.1186],[138.8592,-8.0904],[138.9235,-8.0767],[138.9023,-8.0302],[138.9205,-7.9821],[138.9117,-7.9221],[139.0197,-7.8492],[139.0152,-7.7587],[139.0533,-7.6983],[139.065,-7.6347],[139.1059,-7.6005],[139.1089,-7.5651],[139.098,-7.5383],[139.0498,-7.5155],[138.9626,-7.5174],[138.9171,-7.3911],[138.8695,-7.321],[138.671,-7.2209],[138.6942,-7.0668],[138.6076,-7.015]]]]}},{"type":"Feature","properties":{"kode":"94","nama":"Papua Tengah","prov_kode":"94"},"geometry":{"type":"MultiPolygon","coordinates":[[[[134.7274,-3.3146],[134.6931,-3.2872],[134.6845,-3.2598],[134.6704,-3.1683],[134.6481,-3.1645],[134.6436,-3.1391],[134.609,-3.123],[134.6155,-3.109],[134.634,-3.1124],[134.6179,-3.0788],[134.6323,-3.0421],[134.5842,-2.7911],[134.6206,-2.7857],[134.6368,-2.7534],[134.6616,-2.7527],[134.6621,-2.8512],[134.6911,-2.8924],[134.6815,-2.8851],[134.6712,-2.9215],[134.6909,-2.93],[134.6741,-2.9573],[134.6859,-2.9753],[134.7681,-2.9877],[134.7788,-2.9374],[134.7976,-2.9472],[134.8201,-2.935],[134.8046,-2.9279],[134.8053,-2.9075],[134.8338,-2.9078],[134.8303,-2.8757],[134.8412,-2.8895],[134.8529,-2.8818],[134.8499,-2.9501],[134.8319,-2.9637],[134.8531,-2.9983],[134.8197,-3.0079],[134.8112,-3.0333],[134.8108,-3.0594],[134.8379,-3.0917],[134.8137,-3.0774],[134.8183,-3.1017],[134.8005,-3.1277],[134.8316,-3.1204],[134.8625,-3.1554],[134.8514,-3.2023],[134.8592,-3.2222],[134.8669,-3.2001],[134.8754,-3.2119],[134.8607,-3.245],[134.9337,-3.2682],[134.9177,-3.241],[134.954,-3.2467],[134.9463,-3.2809],[134.9854,-3.3237],[135.0694,-3.3302],[135.1142,-3.3776],[135.2396,-3.3718],[135.3387,-3.3953],[135.4137,-3.3637],[135.4549,-3.373],[135.5055,-3.3508],[135.557,-3.2983],[135.5672,-3.2651],[135.5551,-3.2585],[135.6125,-3.1759],[135.7,-3.1477],[135.7609,-3.0953],[135.7645,-3.1078],[135.7787,-3.1029],[135.7311,-3.0634],[135.7542,-3.0472],[135.7792,-3.0568],[135.8157,-3.0364],[135.8278,-3.0092],[135.9105,-2.9702],[135.9309,-2.9358],[135.9453,-2.9512],[135.9302,-2.8794],[135.9138,-2.8931],[135.9062,-2.866],[135.9309,-2.8525],[135.9635,-2.7914],[135.9491,-2.7751],[136.0137,-2.7153],[136.0182,-2.7424],[136.044,-2.7384],[136.0563,-2.7625],[136.1354,-2.7479],[136.1297,-2.7642],[136.1463,-2.7712],[136.1387,-2.784],[136.1445,-2.7945],[136.1443,-2.7797],[136.1832,-2.791],[136.1832,-2.8065],[136.2053,-2.7975],[136.2292,-2.8177],[136.2293,-2.8374],[136.2541,-2.8403],[136.2446,-2.8425],[136.2417,-2.8563],[136.2667,-2.8466],[136.2657,-2.8818],[136.2806,-2.8673],[136.28,-2.8809],[136.2952,-2.8756],[136.2887,-2.905],[136.3203,-2.9345],[136.2974,-2.9701],[136.3119,-3.0147],[136.3385,-3.0245],[136.4016,-3.009],[136.4374,-3.0509],[136.4528,-3.0442],[136.4637,-3.0582],[136.5751,-3.0452],[136.5432,-3.1487],[136.5209,-3.1542],[136.5178,-3.1817],[136.5322,-3.2218],[136.568,-3.2499],[136.6816,-3.22],[136.7513,-3.1566],[136.8306,-3.1577],[136.878,-3.1247],[136.8852,-3.1457],[136.9164,-3.1559],[136.9532,-3.1172],[136.9902,-3.1196],[137.0187,-3.1405],[137.0565,-3.1347],[137.0871,-3.1539],[137.109,-3.1487],[137.1259,-3.1162],[137.1341,-3.1289],[137.165,-3.1254],[137.1883,-3.1008],[137.1986,-3.1165],[137.2137,-3.1035],[137.222,-3.1189],[137.2522,-3.1172],[137.2597,-3.1035],[137.347,-3.084],[137.3617,-3.0624],[137.383,-3.0891],[137.4122,-3.0795],[137.4482,-3.1008],[137.5533,-3.0641],[137.5571,-3.0435],[137.5804,-3.063],[137.6261,-3.0349],[137.6347,-3.0606],[137.7081,-3.0322],[137.7308,-3.06],[137.7727,-3.0428],[137.7919,-3.0788],[137.863,-3.0473],[137.8853,-3.0788],[137.8894,-3.0322],[137.91,-3.0476],[137.9024,-3.0061],[137.9285,-3.0188],[137.9653,-2.9938],[137.9653,-3.0264],[137.98,-3.024],[138.012,-3.0154],[138.0024,-2.9862],[138.0298,-3.0109],[138.06,-2.9739],[138.0631,-3.0137],[138.0405,-3.0353],[138.0566,-3.0435],[138.0401,-3.0404],[138.0439,-3.0545],[138.0178,-3.0438],[138.0298,-3.0716],[137.9886,-3.1391],[138.0144,-3.1539],[138.0724,-3.1196],[138.0813,-3.1333],[138.0669,-3.2019],[138.0906,-3.217],[138.0858,-3.2663],[138.0707,-3.2732],[138.0848,-3.302],[138.048,-3.2958],[138.0185,-3.3393],[138.0528,-3.3619],[138.0412,-3.3661],[138.0556,-3.3914],[138.0357,-3.4038],[138.0315,-3.4305],[138.0542,-3.4463],[138.0439,-3.5806],[138.0824,-3.6059],[138.1263,-3.5895],[138.2677,-3.6258],[138.3021,-3.7375],[138.2966,-3.7697],[138.2691,-3.7868],[138.2691,-3.8129],[138.2506,-3.8122],[138.2375,-3.8485],[138.1744,-3.8437],[138.0789,-3.8711],[138.0734,-3.9047],[137.9828,-3.9437],[137.9745,-3.9759],[138.0096,-4.0129],[138.013,-4.0718],[138.0041,-4.1191],[137.9718,-4.156],[137.923,-4.1602],[137.9258,-4.1985],[137.9485,-4.2225],[137.9382,-4.3088],[137.9258,-4.317],[137.9368,-4.3389],[137.9272,-4.3923],[137.9107,-4.4019],[137.9086,-4.4313],[137.8619,-4.4279],[137.818,-4.5586],[137.7431,-4.573],[137.737,-4.5956],[137.7871,-4.6722],[137.899,-4.7578],[137.886,-4.8207],[137.8331,-4.8939],[137.8496,-4.9295],[137.8207,-4.9767],[137.8194,-5.0232],[137.8001,-5.0287],[137.7569,-5.0061],[137.6992,-5.0328],[137.6656,-5.0239],[137.6353,-5.0663],[137.6621,-5.1156],[137.6141,-5.1388],[137.5025,-5.148],[137.4469,-5.0974],[137.4194,-5.1255],[137.3013,-5.0106],[137.2882,-5.0263],[137.2409,-4.9955],[137.1832,-5.0106],[137.118,-4.9641],[137.0891,-4.9757],[137.0555,-4.9244],[137.0314,-4.9141],[136.9744,-4.9401],[136.9051,-4.884],[136.8371,-4.91],[136.8364,-4.9244],[136.7863,-4.884],[136.6964,-4.8601],[136.568,-4.7971],[136.5728,-4.7834],[136.5364,-4.7889],[136.5343,-4.7718],[136.4952,-4.7472],[136.443,-4.7396],[136.4128,-4.7006],[136.3661,-4.6801],[136.3214,-4.6644],[136.2947,-4.6753],[136.2342,-4.6644],[136.1319,-4.6213],[136.1518,-4.5829],[136.1175,-4.6199],[135.9582,-4.5254],[135.9246,-4.4878],[135.7193,-4.4933],[135.4535,-4.4351],[135.2091,-4.4672],[134.9289,-4.305],[134.9399,-4.2954],[134.8863,-4.2533],[134.9372,-4.2242],[134.9626,-4.1502],[134.9928,-4.1324],[135.0093,-4.0783],[135.0436,-4.0598],[135.0387,-4.0465],[135.1171,-4.0585],[135.1397,-4.0478],[135.2729,-4.0804],[135.3381,-4.0602],[135.2496,-4.0016],[135.2434,-3.9608],[135.24,-3.9071],[135.2674,-3.892],[135.2716,-3.831],[135.3021,-3.8187],[135.2908,-3.8036],[135.2716,-3.8221],[135.2283,-3.8146],[135.149,-3.7423],[135.139,-3.6656],[135.1586,-3.6289],[135.1892,-3.6131],[135.195,-3.5754],[135.1758,-3.5713],[135.139,-3.6087],[135.1336,-3.5799],[135.1191,-3.5765],[135.0735,-3.5802],[135.0498,-3.6083],[135.0144,-3.597],[135.011,-3.5802],[134.988,-3.5823],[135.0076,-3.5484],[134.9859,-3.5391],[134.9591,-3.4891],[134.9238,-3.473],[134.9183,-3.4349],[134.8695,-3.4223],[134.8568,-3.3849],[134.8084,-3.3678],[134.7624,-3.3853],[134.7284,-3.3582],[134.7274,-3.3146]]],[[[135.6262,-3.0728],[135.6211,-3.0937],[135.613,-3.0932],[135.6041,-3.0661],[135.6262,-3.0728]]],[[[135.5876,-3.0703],[135.5848,-3.0866],[135.5726,-3.086],[135.5764,-3.0798],[135.5876,-3.0703]]],[[[135.7989,-3.0285],[135.7975,-3.0406],[135.7741,-3.054],[135.7739,-3.0388],[135.7989,-3.0285]]],[[[134.8282,-3.0222],[134.8452,-3.0428],[134.8361,-3.0465],[134.8282,-3.0222]]],[[[135.7079,-2.968],[135.7407,-2.9301],[135.8065,-2.9385],[135.7455,-2.9565],[135.7574,-2.9608],[135.7314,-2.9781],[135.7079,-2.968]]],[[[135.6932,-2.9201],[135.7371,-2.9097],[135.6727,-2.9373],[135.6932,-2.9201]]],[[[134.6901,-2.9032],[134.689,-2.9032],[134.6903,-2.9007],[134.6901,-2.9032]]],[[[134.6904,-2.8993],[134.6905,-2.9003],[134.6903,-2.9007],[134.6904,-2.8993]]],[[[134.8084,-2.6817],[134.8639,-2.7025],[134.8401,-2.7197],[134.8051,-2.7078],[134.8084,-2.6817]]]]}},{"type":"Feature","properties":{"kode":"95","nama":"Papua Pegunungan","prov_kode":"95"},"geometry":{"type":"Polygon","coordinates":[[[138.9276,-4.9131],[139.0759,-4.8529],[138.9578,-4.8283],[138.9468,-4.7872],[138.999,-4.7626],[138.8699,-4.716],[138.815,-4.768],[138.7848,-4.7407],[138.6475,-4.7407],[138.6063,-4.7133],[138.5129,-4.727],[138.4607,-4.6914],[138.4222,-4.7106],[138.3728,-4.675],[138.2739,-4.6722],[138.208,-4.7133],[138.1586,-4.6777],[138.1311,-4.5737],[138.0872,-4.5655],[138.035,-4.6148],[137.9718,-4.5901],[137.9059,-4.5983],[137.8262,-4.5408],[137.8729,-4.4395],[137.9196,-4.4258],[137.9663,-4.2341],[137.9361,-4.2067],[137.9388,-4.1629],[138.0157,-4.1218],[138.0157,-4.0314],[137.991,-3.9492],[138.1558,-3.8259],[138.2217,-3.8451],[138.3096,-3.7327],[138.2849,-3.6395],[138.2162,-3.6011],[138.1696,-3.6094],[138.1284,-3.582],[138.0679,-3.5957],[138.0432,-3.5271],[138.0624,-3.4641],[138.035,-3.4449],[138.035,-3.3352],[138.0899,-3.3051],[138.0981,-3.2475],[138.0679,-3.2036],[138.0817,-3.135],[138.1805,-3.1131],[138.2465,-3.146],[138.2382,-3.1844],[138.3096,-3.1762],[138.3508,-3.2447],[138.4387,-3.2365],[138.5046,-3.316],[138.5953,-3.3434],[138.6722,-3.2475],[138.6722,-3.1981],[138.8177,-3.1652],[139.1446,-3.3599],[139.1473,-3.4312],[139.2133,-3.4558],[139.2709,-3.4038],[139.2847,-3.4504],[139.3396,-3.4394],[139.3616,-3.4915],[139.3945,-3.4449],[139.4934,-3.4723],[139.5374,-3.5381],[139.5703,-3.4997],[139.6088,-3.5134],[139.5758,-3.5655],[139.6335,-3.5655],[139.6664,-3.5354],[139.823,-3.571],[139.8944,-3.6258],[139.9823,-3.6258],[140.1712,-3.7037],[140.3167,-3.7321],[140.3243,-3.748],[140.4062,-3.7292],[140.4029,-3.7658],[140.4232,-3.795],[140.4052,-3.8077],[140.4278,-3.8146],[140.4201,-3.8368],[140.4373,-3.8503],[140.4227,-3.8938],[140.4089,-3.891],[140.4171,-3.9133],[140.4608,-3.8872],[140.494,-3.9237],[140.5135,-3.9226],[140.5029,-3.8993],[140.5224,-3.8993],[140.5323,-3.9127],[140.5993,-3.9201],[140.5926,-3.9316],[140.6164,-3.9416],[140.6838,-3.9013],[140.7947,-3.9344],[140.8916,-3.9249],[140.9223,-3.9408],[140.923,-3.9166],[140.9444,-3.9093],[141.0033,-3.9199],[141.004,-5.1949],[140.9161,-5.1922],[140.8337,-5.2305],[140.6195,-5.2633],[140.5096,-5.2305],[140.3915,-5.2305],[140.2844,-5.132],[140.2542,-5.0609],[140.2048,-5.0472],[140.1582,-5.06],[140.1387,-5.0448],[140.0921,-5.054],[139.985,-5.0308],[139.8875,-5.0526],[139.5978,-5.0526],[139.4962,-4.9897],[139.194,-4.9938],[138.8947,-4.9405],[138.9276,-4.9131]]]}},{"type":"Feature","properties":{"kode":"96","nama":"Papua Barat Daya","prov_kode":"96"},"geometry":{"type":"GeometryCollection","geometries":[]}},{"type":"Feature","properties":{"kode":"12","nama":"Sumatera Utara","prov_kode":"12"},"geometry":{"type":"MultiPolygon","coordinates":[[[[98.1903,-0.1412],[98.1824,-0.12],[98.2059,-0.1124],[98.204,-0.1327],[98.1903,-0.1412]]],[[[98.3026,-0.0964],[98.3201,-0.115],[98.3053,-0.1122],[98.3026,-0.0964]]],[[[97.8891,-0.0606],[97.8914,-0.1136],[97.8357,-0.0662],[97.8891,-0.0606]]],[[[98.2855,-0.0935],[98.263,-0.0542],[98.2715,-0.0321],[98.2849,-0.049],[98.2855,-0.0935]]],[[[98.3325,-0.0523],[98.3164,-0.0624],[98.3118,-0.0475],[98.3325,-0.0523]]],[[[98.2213,-0.0087],[98.2164,-0.0001],[98.2347,0.0076],[98.2213,-0.0087]]],[[[98.2662,0.0106],[98.2457,0.0001],[98.2513,0.0099],[98.2662,0.0106]]],[[[98.2279,0.064],[98.238,0.0611],[98.237,0.0511],[98.2279,0.064]]],[[[97.3404,0.8425],[97.3572,0.831],[97.3551,0.8128],[97.332,0.8279],[97.3404,0.8425]]],[[[97.3095,0.8564],[97.3338,0.8495],[97.3235,0.8437],[97.3095,0.8564]]],[[[97.3721,0.8628],[97.3793,0.8483],[97.3641,0.8531],[97.3721,0.8628]]],[[[97.3556,0.8673],[97.3314,0.8578],[97.3369,0.8705],[97.3556,0.8673]]],[[[97.2837,0.8957],[97.2676,0.9144],[97.2786,0.9116],[97.2837,0.8957]]],[[[97.7117,0.56],[97.6858,0.5837],[97.6957,0.619],[97.6624,0.6761],[97.6669,0.7016],[97.6327,0.8004],[97.4864,0.9398],[97.4169,0.9505],[97.4058,0.9398],[97.4076,0.9803],[97.378,1.0629],[97.3213,1.1589],[97.2581,1.2193],[97.2543,1.2586],[97.2094,1.2671],[97.155,1.3643],[97.1108,1.4001],[97.0846,1.4088],[97.0759,1.3909],[97.059,1.411],[97.1358,1.4317],[97.1809,1.3958],[97.1948,1.4195],[97.2084,1.4013],[97.2707,1.4171],[97.3457,1.4807],[97.3399,1.5366],[97.3615,1.5362],[97.3992,1.499],[97.4147,1.5219],[97.4404,1.4733],[97.4813,1.4794],[97.5206,1.4233],[97.54,1.4204],[97.5471,1.3833],[97.6778,1.217],[97.6872,1.182],[97.8017,1.1487],[97.8532,1.0684],[97.8967,1.0546],[97.9207,1.0238],[97.9474,0.9545],[97.9067,0.9008],[97.8944,0.8555],[97.9119,0.8009],[97.8872,0.7467],[97.8992,0.6235],[97.8383,0.5596],[97.8218,0.5687],[97.8217,0.5428],[97.7908,0.5617],[97.7442,0.5535],[97.74,0.5814],[97.7117,0.56]]],[[[97.0997,1.213],[97.0995,1.1918],[97.0941,1.1999],[97.0997,1.213]]],[[[97.0883,1.234],[97.0856,1.2097],[97.0808,1.2188],[97.0883,1.234]]],[[[97.2339,1.4594],[97.2554,1.4648],[97.237,1.4538],[97.2339,1.4594]]],[[[98.2732,4.1407],[98.2366,4.1434],[98.2438,4.1751],[98.2732,4.1695],[98.2732,4.1407]]],[[[98.5214,-0.6354],[98.4909,-0.6192],[98.5006,-0.5955],[98.5118,-0.6006],[98.5214,-0.6354]]],[[[98.4826,-0.2919],[98.5153,-0.3962],[98.5,-0.3924],[98.5127,-0.4113],[98.5048,-0.4954],[98.48,-0.5062],[98.5074,-0.5515],[98.4926,-0.5724],[98.4885,-0.5504],[98.4693,-0.5663],[98.4745,-0.5328],[98.4527,-0.545],[98.4325,-0.532],[98.4165,-0.5565],[98.4212,-0.5956],[98.393,-0.5622],[98.2893,-0.5203],[98.3244,-0.5073],[98.3316,-0.5236],[98.3481,-0.517],[98.3551,-0.4708],[98.3724,-0.4676],[98.3845,-0.3427],[98.4443,-0.3011],[98.414,-0.2432],[98.4376,-0.2467],[98.4826,-0.2919]]],[[[98.3953,-0.0122],[98.4149,0.0023],[98.4175,-0.0331],[98.471,-0.0939],[98.493,-0.2104],[98.5741,-0.2833],[98.57,-0.327],[98.5385,-0.3458],[98.5566,-0.3905],[98.501,-0.2891],[98.4347,-0.2088],[98.4345,-0.1882],[98.3832,-0.1318],[98.3676,-0.1045],[98.3859,-0.1054],[98.3537,-0.0487],[98.2943,-0.0193],[98.3812,0.0076],[98.3953,-0.0122]]],[[[98.3246,-0.1331],[98.3231,-0.1138],[98.3267,-0.092],[98.3469,-0.143],[98.3246,-0.1331]]],[[[98.4841,-0.1222],[98.4746,-0.1119],[98.4759,-0.0992],[98.4841,-0.1222]]],[[[98.3481,-0.0978],[98.2964,-0.0693],[98.2977,-0.0584],[98.3471,-0.0744],[98.3481,-0.0978]]],[[[98.5463,-0.071],[98.5288,-0.0569],[98.5252,-0.0323],[98.5463,-0.071]]],[[[98.5037,-0.067],[98.4869,-0.0418],[98.4956,-0.0291],[98.5062,-0.0477],[98.5037,-0.067]]],[[[98.7878,0.0962],[98.7332,0.0703],[98.6733,0.0789],[98.6306,0.0659],[98.6458,0.0814],[98.6325,0.0922],[98.5374,0.1012],[98.5258,0.1435],[98.6103,0.181],[98.7097,0.1755],[98.715,0.1605],[98.7471,0.1548],[98.7738,0.1686],[98.8414,0.1337],[98.8539,0.0806],[98.7878,0.0962]],[[98.7136,0.1603],[98.7193,0.1482],[98.715,0.1605],[98.7136,0.1603]]],[[[99.1064,0.3668],[99.0905,0.3607],[99.1023,0.3729],[99.1064,0.3668]]],[[[98.8181,1.2757],[98.8253,1.2749],[98.8187,1.2655],[98.8181,1.2757]]],[[[98.5787,1.5653],[98.577,1.5768],[98.5924,1.5789],[98.5787,1.5653]]],[[[98.518,1.581],[98.5297,1.5763],[98.5383,1.5695],[98.518,1.581]]],[[[98.5884,1.5933],[98.5697,1.5974],[98.5656,1.6133],[98.5727,1.6062],[98.5884,1.5933]]],[[[98.4949,1.6541],[98.5461,1.6493],[98.5477,1.682],[98.5719,1.6685],[98.5705,1.6507],[98.588,1.6651],[98.6106,1.6133],[98.5636,1.6167],[98.5406,1.6356],[98.5011,1.6239],[98.461,1.6376],[98.4434,1.6702],[98.4592,1.7011],[98.4857,1.6997],[98.5063,1.6785],[98.4949,1.6541]]],[[[98.1544,2.4149],[98.1093,2.43],[98.1093,2.4709],[98.0798,2.5274],[98.0839,2.63],[98.1285,2.6592],[98.0868,2.7349],[98.1102,2.7926],[98.0882,2.8219],[98.0433,2.8264],[98.01,2.887],[97.9546,2.9015],[97.9569,2.9732],[97.9412,2.991],[97.9322,3.0662],[97.9748,3.0699],[97.9806,3.1231],[97.9439,3.1619],[97.9268,3.225],[97.8723,3.249],[97.9849,3.2756],[98.0189,3.2993],[98.0274,3.3311],[98.0031,3.3698],[97.9497,3.3915],[97.932,3.4432],[97.9556,3.4814],[97.9206,3.4975],[97.9069,3.5536],[97.8699,3.5713],[97.869,3.6117],[97.7996,3.7231],[97.9105,3.8229],[97.9204,3.8513],[97.9043,3.9115],[97.9522,3.8928],[97.9582,3.9289],[98.0303,3.9863],[98.0303,4.026],[98.0459,4.04],[98.0422,4.1014],[98.0537,4.1429],[98.0736,4.1499],[98.0593,4.1907],[98.0881,4.1948],[98.0948,4.2168],[98.0688,4.2556],[98.1216,4.2557],[98.1435,4.2642],[98.1499,4.2918],[98.1989,4.2996],[98.2366,4.2831],[98.2497,4.2927],[98.2404,4.2701],[98.2545,4.2033],[98.2452,4.1868],[98.1859,4.176],[98.162,4.1546],[98.2737,4.1209],[98.3108,4.0724],[98.3957,4.0742],[98.4358,4.0407],[98.491,4.0298],[98.4886,4.0098],[98.5371,4.0129],[98.5517,3.9469],[98.6038,3.915],[98.6611,3.9112],[98.6883,3.8935],[98.7084,3.801],[98.6921,3.7879],[98.7181,3.7962],[98.706,3.7721],[98.7518,3.7645],[98.7791,3.7284],[98.8709,3.6885],[98.9556,3.6763],[99.2098,3.5276],[99.277,3.4725],[99.2879,3.4795],[99.3298,3.4269],[99.3235,3.4144],[99.3391,3.4242],[99.486,3.346],[99.4872,3.3199],[99.5378,3.2525],[99.6895,3.2054],[99.7586,3.1677],[99.7676,3.1387],[99.8585,3.0383],[99.8874,3.0398],[99.9191,2.9874],[99.9786,2.9435],[99.9874,2.9603],[99.9934,2.7823],[99.949,2.6968],[99.965,2.6781],[100.0147,2.671],[99.9905,2.6429],[100.0263,2.6119],[100.0062,2.6007],[100.0032,2.5806],[99.9716,2.5908],[99.9965,2.5712],[100.0362,2.6084],[100.0338,2.6306],[99.9969,2.6472],[100.0305,2.6685],[100.0005,2.7005],[99.9694,2.7048],[100.035,2.7408],[100.0857,2.7118],[100.0922,2.6148],[100.1341,2.5102],[100.0939,2.492],[100.0819,2.4772],[100.143,2.5098],[100.165,2.5006],[100.1482,2.4858],[100.1492,2.4673],[100.1839,2.4652],[100.2048,2.4316],[100.2177,2.4416],[100.2048,2.4371],[100.1883,2.4676],[100.1488,2.4786],[100.1736,2.505],[100.143,2.5242],[100.1217,2.6463],[100.1638,2.7063],[100.22,2.7045],[100.2385,2.6388],[100.3149,2.5556],[100.2774,2.38],[100.2758,2.3175],[100.3071,2.2158],[100.3212,2.0876],[100.2962,1.9045],[100.3791,1.8122],[100.4339,1.6667],[100.4402,1.6073],[100.4058,1.5619],[100.0723,1.3913],[100.0849,1.3428],[100.1209,1.3068],[100.1444,1.227],[100.2132,1.18],[100.2211,1.1534],[100.2148,0.8733],[100.1741,0.8201],[100.1813,0.7544],[100.1349,0.7499],[99.858,0.8651],[99.7637,0.8636],[99.7128,0.895],[99.6994,0.8831],[99.7039,0.8561],[99.7907,0.7798],[99.8176,0.7125],[99.864,0.6661],[99.9149,0.5688],[99.9104,0.5],[99.8299,0.462],[99.7736,0.4835],[99.7166,0.4541],[99.6755,0.4754],[99.64,0.5472],[99.5875,0.5166],[99.5329,0.5196],[99.503,0.5402],[99.4073,0.4935],[99.3175,0.3475],[99.2395,0.3304],[99.1927,0.2891],[99.1676,0.2395],[99.138,0.2528],[99.1595,0.2711],[99.1567,0.3096],[99.1468,0.3318],[99.1102,0.3459],[99.1405,0.3982],[99.1367,0.4488],[99.1159,0.5057],[99.0936,0.5087],[99.0892,0.5286],[99.1088,0.5392],[99.1001,0.5987],[99.0764,0.6283],[99.0493,0.6246],[99.0652,0.663],[99.0484,0.6706],[99.0618,0.69],[99.0582,0.7411],[99.0199,0.814],[98.971,0.8473],[98.986,0.8567],[98.9738,0.9222],[98.912,1.1198],[98.8423,1.278],[98.8512,1.3161],[98.7843,1.4235],[98.7678,1.4883],[98.7139,1.562],[98.7389,1.5609],[98.7658,1.5278],[98.7826,1.5783],[98.8075,1.5673],[98.7991,1.5931],[98.8267,1.6036],[98.8418,1.6369],[98.8201,1.6611],[98.825,1.678],[98.7938,1.6846],[98.7816,1.7174],[98.7954,1.7258],[98.7382,1.7819],[98.6703,1.7712],[98.7167,1.7541],[98.7289,1.7662],[98.7338,1.7178],[98.6738,1.7434],[98.6028,1.8442],[98.5636,1.868],[98.5453,1.906],[98.5119,1.9397],[98.5002,1.935],[98.4638,1.987],[98.3759,2.0158],[98.3585,2.002],[98.3674,2.0164],[98.3404,2.0465],[98.2638,2.0281],[98.2644,2.0601],[98.1454,2.1533],[98.1877,2.3206],[98.1544,2.4149]]],[[[100.1228,2.5757],[100.1202,2.5476],[100.1101,2.6316],[100.1228,2.5757]]]]}}]}